{"bodyId": "h0", "timestamp": 1642436002542000000, "continuousState": [[[-0.11788903616102431, -1.2098593841024832, 0.6490133255563157]], [[-0.04040060714775928, -1.2879109881531194, 0.7166838958732837], [-0.022490451968059766, -1.2478706442386798, 0.7483438553589509]], [], [[0.06445203542624572, -1.41169489328403, 0.5747892533591705], [0.09668486166702939, -1.4042374052669042, 0.6275074649109055]], [[0.14956170541227787, -1.183455613998188, 0.5781243503392991], [-0.04051877967705941, -1.2219300743640875, 0.6102033041875436]], [[0.130258923909582, -1.5664722002565605, 0.31993771273378246], [0.13862155122924913, -1.5711776183083819, 0.4347056910149456]], [[0.19703108251259716, -1.4200402797742275, 0.5032384620504744], [0.007424671686376061, -1.0599690805398136, 0.4116304381845999]], [[-0.08851154341691359, -1.534116110430925, 0.297379610399785], [-0.0906839841319732, -1.5148409432908907, 0.3793027811162165]], [[0.08689668179862586, -0.793617609587485, 0.0801152030120893]], [[0.1198754908744965, -1.560520387937666, 0.1376187702700653], [0.013645035653567339, -1.5394403814034352, 0.2277473135272865]], [[0.2076353394732287, -1.490582075250305, 0.15101660515404247], [-0.1702087627144414, -1.5093217821609473, 0.3652570278490076]], [[0.1318086491616165, -1.5028397967735148, -0.36354908551414045], [0.10898631608830067, -1.503507346228731, -0.3117308810295434]], [[0.08114866459894532, -1.548401024572562, -0.17344191643332652], [-0.0351746001232921, -1.3512638146498015, -0.24848954987908622]], [[0.1622995902423029, -1.5264925187792657, -0.7239717132665511], [0.10225900618603823, -1.5407942930402816, -0.594017536709892]], [[0.10403121074560251, -1.5129588860773608, -0.660233172801692], [0.14343941278407168, -1.5514505636202223, -0.5940150145008298]], [[0.11356018885969815, -1.3156850041392651, 0.5859829318508221], [0.029100762070963015, -1.313178122181533, 0.6158834867428642]], [[0.1070068704192618, -1.2975752536411091, 0.5764568018492349], [0.028083040994984987, -1.3130837398154958, 0.6188553845492246]], [[0.1637554151738626, -1.5255512315939854, 0.1443176877120539], [-0.07828186353043703, -1.5243810817821912, 0.29650217068814705]]]}