{"bodyId": "h0", "timestamp": 1642436027600000000, "continuousState": [[[-0.36706566763156645, -0.8274192944429566, 0.5826762495589539]], [[-0.4529191304189727, -0.9180981960772368, 0.6968308020045425], [-0.3905877760525782, -0.8986743402583726, 0.6714255569755028]], [[-0.3185373804414989, -0.8798122218451983, 0.6544520437912535], [-0.3314318624481689, -0.9230262746198445, 0.7080435605438039]], [[-0.6094917742756787, -1.0265213101133253, 0.5076263338653639], [-0.5569278040469636, -1.1022888783264557, 0.5993874190774221], [-0.4450713529376882, -1.1318237314870983, 0.5448664998408338]], [[-0.26134095681505826, -0.9184549985984409, 0.44988430363813436], [-0.22475529807239486, -0.9970961221563805, 0.5212175863469228], [-0.19686238639625686, -0.8745708342321747, 0.49340645787594806]], [[-0.7197687089963551, -1.1754810559897915, 0.26162604956073676], [-0.6574765296204974, -1.190193735670446, 0.3208187371413699], [-0.5666187323418299, -1.2230003442029498, 0.33427954754914113]], [[-0.05494198783085252, -0.854498766031137, 0.22898297498935594], [0.08649227730729336, -0.7944517913501592, 0.08065098152758376], [-0.0457312063648978, -0.8156280721252686, 0.27058508175578155]], [[-0.5880657346400402, -1.1867864682662201, 0.2161112537506935], [-0.6515679106477124, -1.1482086992431664, 0.46591616884044107], [-0.5631765336547749, -1.0041317699174304, 0.2848248278995389]], [[0.10276680175397751, -0.7685483870852048, 0.054768700701920636], [0.037668681048774966, -0.8318585728020493, 0.1813835254260161], [0.095207320854102, -0.7487056752167958, 0.06200420772979165]], [[-0.5638626973294893, -1.208817297874333, 0.010365411128196111], [-0.5643687912044651, -1.23140662278585, 0.15365561092350877], [-0.5728528466895397, -0.8723955607909698, 0.22957030891476604]], [[-0.3450129819586115, -1.165028083397796, 0.015480836805627396], [-0.37857803018186353, -1.2199816038938045, 0.13236692464110478], [-0.3787734256475537, -0.9267725242661655, 0.10870181610809215]], [[-0.6115575104523988, -1.1523277723118157, -0.4696500664005938], [-0.5773436587198477, -1.2241352531695036, -0.29539383751201], [-0.5507877794061653, -1.111778564144648, -0.24161344727674705]], [[-0.4521934069760696, -1.1073764804562363, -0.4912215769387118], [-0.4118753518889875, -1.1879772885762538, -0.3249810718238676], [-0.3617347854442037, -1.1348090854033435, -0.35388891284904067]], [[-0.5806892118606412, -1.2550665455551835, -0.8753979053042601], [-0.5566419886817962, -1.3206173237360235, -0.6610410112432682], [-0.6793223203795486, -0.7001159932364258, -0.16537317476627872]], [[-0.4591879701992373, -1.2443763540383226, -0.8327092834269398], [-0.4490981746818623, -1.3210495624019944, -0.6875377472867819]], [[-0.4354848728754242, -0.9764359590847604, 0.484464786848551], [-0.4090315047176865, -1.0731661474931333, 0.5830673083028556], [-0.38707404729478323, -0.8421737100340307, 0.5869249090152144]], [[-0.43541636554536844, -0.9724881543558831, 0.47875531875174915], [-0.3908415510596792, -1.0496925002414181, 0.5603025027121724], [-0.3209668696669725, -1.0031972828596365, 0.519136478858391]], [[-0.45443783964405043, -1.1869226906360644, 0.012923123966911754], [-0.47147341069316434, -1.2256941133398271, 0.14301126778230677], [-0.4758131361685467, -0.8995840425285677, 0.1691360625114291]]]}