{"bodyId": "h0", "timestamp": 1642436119122000000, "continuousState": [[[-0.08764695484854856, -1.1271729260984784, 0.6348281348123319]], [[-0.12808191718959294, -1.2330855160472511, 0.7124647819972622], [-0.10521243371405375, -1.2097605964514604, 0.7398082359617251]], [[-0.008165814077582989, -1.1913380179103856, 0.7340660823985051], [0.03577512292923202, -1.0856315824028018, 0.67795493740038]], [[-0.019452594322858008, -1.3955871962488873, 0.5666020563939869], [0.05773871532849362, -1.355321631491563, 0.5865429411449941], [-0.05663940653418775, -1.093143906267625, 0.6259062089926165]], [[0.07330200895076966, -1.187654099049729, 0.5632573984650777], [-0.07721160554998285, -1.1358309789886847, 0.5617527268696463], [0.04415433312394357, -1.0275980151292026, 0.5056851470159666]], [[0.056644395223124255, -1.564074767868834, 0.35341029071728836], [0.11063074561641517, -1.5400030502865434, 0.3624606833301347]], [[0.08320284378596537, -1.446746676843469, 0.5329057713600501], [-0.10317596769394144, -1.0791424490738835, 0.43731077843788824], [0.026203880428422144, -0.9316494512232701, 0.24724121148996991]], [[0.01997332436794863, -1.619998824952381, 0.10855000846754648], [0.032119125681197014, -1.626046346118559, 0.17017982532195375]], [[-0.04566322453159166, -0.7791930610644655, 0.061113869982490465], [-0.048013781812432654, -0.7405999120888684, 0.06714417004501239]], [[0.09142127370405229, -1.587107184932085, 0.23300450379239146], [-0.029150703181789916, -1.5152776374230923, 0.1993364711104466], [-0.037152133991262604, -1.295222355918341, 0.0968882048322447]], [[0.1335588473696182, -1.542470976338611, 0.2540347890601814], [-0.10679971157904367, -1.3485980047415216, 0.1291064021012316], [-0.006652056740458878, -1.1777301961551303, 0.07557427781790194]], [[0.0397650289161986, -1.5122511334044324, -0.30780237150371914], [0.02591113261839495, -1.508957223801864, -0.3130534724952636], [-0.2152044042107384, -0.8941301033795113, 0.01625652925660015]], [[0.006670829843998027, -1.6621280953320126, 0.020729575647584264], [-0.13209186691867325, -1.3850414843988221, -0.28081334508115385], [-0.22355265513986688, -1.0527175788745924, -0.07395942625449936]], [[0.07503260608633988, -1.4958183783144987, -0.7651736286803652], [-0.005083304568997082, -1.5433631936868157, -0.6217613486969831], [-0.2972176140857141, -0.5808881277822107, 0.002410888482079432]], [[0.007856175087696204, -1.498656354169309, -0.66178771410619], [0.05754468337326357, -1.5514345486859011, -0.5890434059277349], [-0.3281435158014463, -0.6753593041692165, -0.0461358555671999]], [[0.03406171120450663, -1.315020663044014, 0.5782691730982725], [-0.027847196639746663, -1.2687102335527345, 0.5912721676408591], [0.013203297729829755, -1.09481792562169, 0.5570504667711927]], [[0.026924707313955826, -1.2916206476493082, 0.5649297274295323], [-0.009736445110744618, -1.2455763052401239, 0.5741478340073202], [-0.006242536705122093, -1.0603709606984137, 0.5657956780042915]], [[0.11249006053683525, -1.564789080635348, 0.24351964642628643], [-0.06797520738041679, -1.431937821082307, 0.1642214366058391], [-0.02190209536586074, -1.2364762760367356, 0.08623124132507332]]]}