{"bodyId": "h0", "timestamp": 1642436139356000000, "continuousState": [[[0.024989212434963548, -1.1147354271300882, 0.7527207706758374]], [[0.15668748893631487, -1.1478256216809217, 0.7629251358215533], [0.1621696276875796, -1.1147478015208883, 0.7892717002710619]], [[0.1381221983464982, -0.9698635567782445, 0.7048238807208681]], [[0.35024691546998404, -1.1940871453062265, 0.5830686854240702], [0.3433577487184487, -1.148539393539159, 0.6021452252758781], [0.37732691714079847, -1.0405929165856653, 0.5933651594530172]], [[0.052835802475911464, -1.1057594751072057, 0.5646137974870677], [0.03631851920080864, -0.9915259184648504, 0.5281679915595345], [0.12214570382641288, -1.0394356960721751, 0.46808523198098495]], [[0.5231179411660054, -1.2484855390463665, 0.3620754574082129], [0.5720933034941167, -1.1419986305656211, 0.3467404795014448], [0.47922972203982916, -1.0443904571050258, 0.38235123260297865]], [[0.11023060986018357, -1.2559722068067003, 0.37224126180947303], [-0.0427552292773874, -0.9637024783524952, 0.3435110751368391], [0.03182490272623362, -0.9131295841560482, 0.24712408765580252]], [[0.7008410519822552, -1.2587565997590986, 0.12611649142025372], [0.6911046073131722, -1.2255726554473032, 0.1836186839201397], [0.6736117432320976, -1.1504232900148728, 0.16914259826598554]], [[-0.0427264558554028, -0.7770622765397306, 0.0665824049105268], [0.0042658750434527715, -0.7942391951952052, 0.02214743240512529]], [[0.3240724749537404, -1.2978238438024574, 0.0832893831514816], [0.28304772874472794, -1.3374560302806588, 0.16552769851023097], [0.29880589915462985, -1.029286140333216, 0.07989904360852407]], [[0.12259861821884965, -1.287527463014394, 0.0683591164978059], [0.1330426288392973, -1.2001830869704875, 0.09359211607704454], [0.07819049622320762, -0.974537793995293, 0.10504017984051495]], [[0.29181392285237345, -1.3287242820543526, -0.37715163964793064], [0.28779804782125906, -1.3377323955443334, -0.28676272490214894], [0.01688793821845458, -0.7752438320557999, 0.02168047236502746]], [[0.13434769489703524, -1.3763807650371667, -0.32030398049813935], [0.13503526385554343, -1.3488943703661949, -0.2102283560453364], [-0.1417052235281835, -0.7187017714900799, -0.0038305367755244735]], [[0.25350997394268954, -1.3948386469630523, -0.6964701824366109], [0.2285205553441596, -1.3625473057187025, -0.5962618160774227]], [[0.3240766942183087, -1.3677049639403576, -0.7295523912577005], [0.30450476659687653, -1.4270981580226, -0.6160279440607176]], [[0.2119554035492694, -1.1740324777009392, 0.5876817071368511], [0.14323017345303835, -1.125212985965709, 0.6111192995458774], [0.2047410573915418, -0.9871405482890981, 0.5510632696657521]], [[0.20154135897294775, -1.1499233102067161, 0.5738412414555689], [0.18983813395962867, -1.0700326560020046, 0.5651566084177063], [0.24973631048360567, -1.0400143063289202, 0.530725195717001]], [[0.22333554658629504, -1.2926756534084256, 0.07582424982464375], [0.20804517879201262, -1.268819558625573, 0.12955990729363775], [0.18849819768891873, -1.0019119671642545, 0.09246961172451951]]]}