{"bodyId": "h0", "timestamp": 1642435858224000000, "continuousState": [[[0.08570646201452825, -0.8507425073902596, 0.66389570443971]], [[-0.05897421248866497, -0.9132434454986931, 0.7333352035564031], [-0.014037733921312245, -0.9120487394294967, 0.7335474520737063]], [[0.10826365893135748, -1.0139387735267085, 0.7780275630328468], [0.04412420094821945, -0.9909865778921776, 0.8075556930390426]], [[-0.1946043624827417, -1.06478424935605, 0.5621839435530878], [-0.1580845745820013, -1.027953062617432, 0.5892565932065275], [-0.11342512961762985, -1.026834997080556, 0.5710928555122188]], [[0.19071665076708688, -1.0729262583657144, 0.5462772933789186], [0.1932505163790582, -1.04108367892352, 0.5762611929620092], [0.20802009029975643, -0.9396079826082824, 0.5354991667590743]], [[-0.2984050180893145, -1.0632003007721538, 0.22630867377299713], [-0.23111715199824623, -1.1254959215559985, 0.3838311459944974], [-0.1513098646063944, -1.173859409236539, 0.2559306550769591]], [[0.28899357060864195, -0.7928506722624757, 0.06035466440418924], [0.14330794852190953, -1.1230280437936409, 0.48170728410556474], [0.20797526206359107, -0.7944651327798435, 0.3180459349258201]], [[-0.2707062006199141, -1.088037828263435, -0.01519620511725095], [-0.2484233364577353, -1.1064085040056688, 0.0891497363548075], [-0.20257517472297937, -1.0880744955938533, 0.08034423108762534]], [[0.2997222945390613, -0.6745039953643468, 0.03346806430329807], [0.26071659980500295, -0.7382360553940124, 0.05614076997790973]], [[-0.0818082091554051, -1.111938850553928, -0.00015300357069691906], [-0.12352661506492402, -1.186449994728463, 0.22398961009988172], [-0.07555900939351501, -0.9541442400144078, 0.07922471943568254]], [[0.124093888536904, -1.0679413788035272, 0.019251990326977886], [0.04966707854399921, -1.2262385407790641, 0.24043963115950606], [0.14079436687863756, -0.928419016950623, 0.04065961117793937]], [[-0.036541966104992274, -1.0350154757086438, -0.4077981261789849], [-0.03188897794530221, -1.105076077960345, -0.20686559921476988], [-0.22933400588736375, -0.5814830436092364, 0.013650417638696788]], [[0.11740287816680478, -1.0690450259418292, -0.3449977648344331], [0.1433305161365912, -1.0746667727645614, -0.2805567015772945], [-0.1027955707894519, -0.5764017898443767, 0.003980244948919909]], [[0.049881660327331434, -1.1146335679722212, -0.7109192620071861], [0.022658029003727487, -1.0907665623100278, -0.6659906934070152]], [[0.12442442034667323, -1.0674963132792568, -0.7807636707594353], [0.09755459875547312, -1.137032702120966, -0.6490592030487254]], [[-0.03506998775449027, -0.9628392581043002, 0.5056602501016194], [-0.001057744542529715, -1.0572830163924143, 0.6019665942116763], [0.042402990667884, -0.9746934532812734, 0.5531002412508572]], [[-0.0019438558578274145, -1.0688552538608822, 0.5542306184660032], [0.01758297089852845, -1.034518370770476, 0.5827588930842683], [0.04729748034106329, -0.9832214898444191, 0.5532960111356465]], [[0.021142839690749454, -1.0899401146787278, 0.009549493378140483], [-0.0369297682604624, -1.2063442677537637, 0.2322146206296939], [0.032617678742561274, -0.9412816284825154, 0.05994216530681096]]]}