{"bodyId": "h0", "timestamp": 1642435825461000000, "continuousState": [[[0.08599950277777735, -0.8329843032366344, 0.710269081722841]], [[-0.057373719674835344, -0.9000738276495122, 0.7698556659699392], [-0.018192612859256663, -0.884647099546891, 0.7745680760711068]], [[0.08257852033690233, -0.935640974359861, 0.7618344518008136], [0.04996833819803681, -1.0143242883288908, 0.8364704660641993]], [[-0.22230870838153138, -1.0012929593597943, 0.5395291499097046], [-0.16312879425970517, -0.997253930610061, 0.57844033438575], [-0.09307096830393502, -1.0620705202114684, 0.5355841346543276]], [[0.16915266199975768, -0.9553359714643652, 0.532207341068111], [0.1800774829985955, -1.021318120884423, 0.6162071108765499], [0.22993148102376781, -0.9466516028253203, 0.5453531409122969]], [[-0.2567565907943567, -1.088122410823312, 0.2617202580807374], [-0.24028680916730027, -1.0920821901789393, 0.34936527607607526], [-0.15881273322307354, -1.1232899026341618, 0.26258811353717904]], [[0.276216826681002, -0.8126934810454254, 0.080534505902079], [0.15599236809389572, -1.062271685398603, 0.44226977521070565], [0.28855307209359005, -0.8829720943722135, 0.2645274356976982]], [[-0.2788592206841364, -1.0671602891264589, 0.020193536509982124], [-0.25516497422015794, -1.0367131268197303, 0.024312307604728245], [-0.21117093496437556, -1.068585736004005, 0.04443207268374816]], [[0.3060751680632609, -0.7567076325162982, 0.04776794355071701], [0.27524150227731714, -0.7557019087782899, 0.0506477758427597]], [[-0.08328396717524023, -1.089644715738117, 0.016838193909993304], [-0.09169545857716888, -1.08788324224582, 0.11820560554539306], [-0.054046625332142995, -0.977341349495706, 0.06189624335263577]], [[0.12406601263439154, -1.0449657163120467, 0.02680615071370407], [0.05866338378492242, -1.176203163712752, 0.18847081998892024], [0.161380985309441, -0.9201158715230975, 0.04786988326159536]], [[-0.014937876573773212, -1.1019032002991704, -0.2842949736355658], [-0.055506240494088144, -1.1306825454520344, -0.21542654668717565], [-0.20134112963307094, -0.6047813978361449, 0.009526658155301515]], [[0.12656465382246962, -1.0514380084189705, -0.32752145284287715], [0.11423271010853964, -1.1113656168675052, -0.22739103491117252], [-0.09539681771739117, -0.5769917912743092, 0.00819366640468433]], [[0.05117938093674457, -1.1198114973511468, -0.690009061364955], [0.021627903919062108, -1.0905978819402766, -0.678617617938928]], [[0.12027866473167015, -1.0561594541283728, -0.770104284505609], [0.09545311261923817, -1.1408847938028068, -0.6298155025381076]], [[-0.006483831548015517, -1.0351239053147516, 0.5677416797917458], [-0.00862044517660232, -1.0106798695906571, 0.6040412950815872], [0.008623698161787097, -0.9079655242084479, 0.571674368708638]], [[-0.026578023190886854, -0.9783144654120798, 0.5358682454889078], [0.008474344369445164, -1.009286025747242, 0.59732372263115], [0.0684302563599164, -1.0043610615183944, 0.5404686377833123]], [[0.02039102272957566, -1.067305216025082, 0.021822172311848687], [-0.01651603739612323, -1.132043202979286, 0.15333821276715665], [0.053667179988649005, -0.9487286105094017, 0.054883063307115565]]]}