{"bodyId": "h0", "timestamp": 1642436292250000000, "continuousState": [[[-0.22372643923635682, -0.7709363473821925, 0.6834259494812727]], [[-0.3046388339420256, -0.8903095822897473, 0.7349477521838798]], [[-0.16951976263908297, -0.8537969355073065, 0.7696316526846014], [-0.19920503478240803, -0.9442798727160975, 0.7857124230430507]], [[-0.3739066022839359, -1.0186897696309698, 0.5440390944405473], [-0.34209188170331317, -0.9722190097527719, 0.5670934447928829], [-0.2814281669018843, -1.0368866240139147, 0.5538079797745201]], [[-0.02465039322961754, -0.8812109263037473, 0.5441193660520014], [-0.04268340921969482, -0.9038985403963147, 0.5836897326536881], [-0.008374445990951829, -0.8138909154464018, 0.534990230793792]], [[-0.4189785210712111, -1.1019279690404429, 0.27582444670481654], [-0.40006345279903754, -1.0906740741609646, 0.3730477007322921], [-0.31549167473881967, -1.1629001813912523, 0.259584124497926]], [[-0.008818639027534103, -0.935669959959867, 0.28240228214164254], [-0.056959506001972526, -0.6909167926764325, 0.3040389436141859]], [[-0.45003432279785277, -1.044515917851006, 0.043650154109796224], [-0.4490795248940322, -1.0951251279756191, 0.1258960376762308], [-0.39324285818101323, -1.03636624775983, 0.07527521293802153]], [[-0.059950953404619756, -1.0238327123911501, 0.21459651598598062], [-0.10472605004587843, -0.6367688564261356, 0.05096397932213009]], [[-0.2700145484465069, -1.0855823341527118, 0.02858341153057231], [-0.3193178664435756, -1.1821822597362646, 0.23854358052019076], [-0.26302553936628703, -0.9579226127416256, 0.08475375444577415]], [[-0.06760204914759177, -0.9944259219626344, 0.02644073887297882], [-0.10928963045607709, -1.1555949630272415, 0.20059085724419146], [-0.14013028302893527, -0.7983497368137684, 0.11841101650837438]], [[-0.2611425729371739, -1.0935156742690344, -0.3640237618975457], [-0.254210420217871, -1.11704667202522, -0.2721798859800608], [-0.30986590858993734, -0.8555014489250199, -0.2162595667347369]], [[-0.1065871323087999, -1.0260318459764757, -0.39832410855222133], [-0.09343991864031631, -1.114674658735845, -0.2668880318497533], [-0.2895335684128525, -0.5450819223958971, -0.008868119086340498]], [[-0.22107231378272973, -1.1230670737086679, -0.785704503833963], [-0.2337825356705422, -1.156898705558048, -0.6759560627597928], [-0.3140656865720697, -0.8333701489657026, -0.4869579846193154]], [[-0.09303733140832693, -1.1044209306683017, -0.7646221048059691], [-0.0986124825004766, -1.1517231990928962, -0.70418292730992], [-0.07125682853890414, -0.9795555398002691, -0.7127801735308928]], [[-0.20564812601368038, -0.931883410751112, 0.5377135987521797], [-0.20515232399385952, -0.9474285184856608, 0.5773868596083869], [-0.18127334445160426, -0.8539528656310242, 0.5599687997662173]], [[-0.19927849775677672, -0.9499503479673586, 0.5440792302462744], [-0.192387645461504, -0.9380587750745433, 0.5753915887232854], [-0.14490130644641808, -0.9253887697301583, 0.5443991052841561]], [[-0.16880829879704934, -1.040004128057673, 0.027512075201775565], [-0.21430374844982636, -1.1688886113817532, 0.2195672188821911], [-0.20157791119761115, -0.878136174777697, 0.10158238547707427]]]}