{"bodyId": "h0", "timestamp": 1642436379417000000, "continuousState": [[[-0.0433070668084366, -1.0789393761660655, 0.7195307865266205], [0.04185114209233309, -1.0688646995903666, 0.6891313190253602]], [[0.10730952134192484, -1.0623037117381318, 0.7520344856541222]], [[0.09034035583184652, -0.9470632853835902, 0.7007526534671803]], [[0.2849122683906625, -1.1031009861816292, 0.6202305681223275], [0.2993888221877128, -0.9274958154307961, 0.6109887193109795]], [[0.014717259439679553, -0.9855859895531509, 0.5542523880075163], [0.07847527591189829, -0.9317124329036776, 0.4806920431439413]], [[0.4760829742385488, -1.0288095389693392, 0.3484917041853799], [0.4769830821644221, -0.9536233663406737, 0.36572123663312084]], [[0.04175802787189781, -1.0781335694845944, 0.34750893689778395], [-0.04914955447461522, -0.7715096278345265, 0.27056486930091983]], [[0.5364171842145632, -1.119026267082069, 0.1223970724940433], [0.5740953395246575, -1.087288726300416, 0.1035876874399918]], [[0.010408012701222824, -1.0804174116934602, 0.34828127997303726], [-0.10036333708734624, -0.6662204931864235, 0.03852334109469119]], [[0.3093585390296499, -1.1478258960397083, 0.07163991586017948], [0.24208079066426236, -0.8622568909370822, 0.10737867428585535]], [[0.1035976539810956, -1.1643267568947742, 0.05231058624972107], [-0.006616330416914673, -0.7427343279748557, 0.17349074490937388]], [[0.31780776312329395, -1.1769867320506349, -0.3834748657046039]], [[0.13521107179647823, -1.2526492096252488, -0.3028536135985678]], [[0.33738275967708947, -1.1604103001881592, -0.778274316580053]], [[0.2529309470036252, -1.157736092180127, -0.660723159442756]], [[0.16622514995862564, -1.094418700480502, 0.6205758319202488], [0.15736220323447814, -0.882012287891727, 0.5529695830173529]], [[0.14981476391517104, -1.04434348786739, 0.5872414780649219], [0.18893204904980554, -0.9296041241672368, 0.5458403812274604]], [[0.20647809650537274, -1.1560763264672413, 0.061975251054950276], [0.11773223012367384, -0.802495609455969, 0.14043470959761462]]]}