{"bodyId": "h0", "timestamp": 1642435885292000000, "continuousState": [[[0.02776396162859296, -1.1478092416342063, 0.7524656151859661]], [[0.15957703895927478, -1.1967847611157794, 0.8089698434390621]], [[0.21048021359400404, -1.063288546942311, 0.6900647470545738]], [[0.22583115258292352, -1.363606449206771, 0.6329640720943626], [0.14116972246446924, -1.1313930262979026, 0.655982412264979]], [[0.08106716512614909, -1.187437429791271, 0.6719753296376894], [0.2944525757013401, -1.0299249598011784, 0.48745564162264154]], [[0.26096264396452196, -1.5140005370732847, 0.3979166032945347]], [[0.12177237033487576, -1.0806016858611371, 0.4738013757626174], [0.33157314325279796, -0.9487968512794465, 0.23598491221108275]], [[0.20735123142457568, -1.591235407007954, 0.19367386624495442], [0.7209249666765707, -2.431321948529649, 0.3690498980281768]], [[0.24980026698486069, -0.7909353653096243, 0.09481686993518745], [0.26566365857071195, -0.7437209112608871, 0.051930796534297]], [[0.1293890397002121, -1.485731784649645, 0.2426097163858807], [0.2034835529436836, -1.3200685440275595, 0.055666340438910056]], [[0.09514575650202872, -1.3186500903036285, 0.1571633768440106], [0.2784025380206925, -1.18267013189698, 0.047696520620963634]], [[0.24274921118946036, -1.4559142131450686, -0.242176922572801], [0.22079331601864838, -1.2817119519348326, -0.30931792872089936]], [[0.1706921777143634, -1.3872176038820858, -0.1907870373706435], [0.21572522207780587, -1.1623197695425311, -0.24898925700225272]], [[0.3104319211735398, -1.4822135017963989, -0.6466821097570548], [-0.1795453808982117, -0.5355509759749593, 0.008148941915232188]], [[0.29315470129546894, -1.4156868828800522, -0.601742898006346], [-0.14179104375645668, -0.516204534687493, 0.0019033804931324338]], [[0.17189076142783388, -1.2441692018160162, 0.6268890333062473], [0.255064910213755, -1.1568905206513829, 0.5581631174238235]], [[0.1534491588545363, -1.2755219394990212, 0.652469700866026], [0.21781114908290466, -1.0806589930495405, 0.5717190269438103]], [[0.11226739810112041, -1.4021909374766368, 0.19988654661494565], [0.24094304548218803, -1.2513693379622697, 0.051681430529936845]]]}