{"bodyId": "h0", "timestamp": 1609488732267000000, "continuousState": [[[1.42604589871181, -2.80473854757645, 1.69753131829218], [-1.13867949267045, -2.33001540420462, 1.88733596350958], [0.32176015724834417, -0.7595032646559046, 0.779228795479938]], [[1.42604589871181, -2.80473854757645, 1.69753131829218], [0.02374666764920974, -0.7533076937573049, 0.8541532909682836], [0.19269278370819753, -0.8086818490907106, 0.8632074314794564]], [[0.2367209969316182, -0.9341157926640355, 0.8467007336229571], [-1.13867949267045, -2.33001540420462, 1.88733596350958], [1.66027482299516, 1.38843386113612, 1.58287607042858]], [[-0.05748594132114193, -1.0015280024718778, 0.6403593429581544], [-0.09744841369896184, -0.9178537858066433, 0.6759760155047156], [0.07361350385588006, -0.8677403356924218, 0.696866154081043]], [[0.3502607082254814, -1.0799694544865313, 0.6743205851458427], [0.22136628130104974, -0.9671483941474466, 0.7221129641543078], [0.37142085870758224, -0.9649518048703012, 0.634097983743581]], [[-0.10775266073252499, -1.0152069406611826, 0.35017971654780156], [-0.1423641828582809, -0.9422270073678762, 0.3852255020990798], [0.37416606171585665, -0.3097368978760189, 0.7024196756454655]], [[0.4134249152330456, -1.093540928944707, 0.3373944003217173], [0.31245981759021024, -1.066121193422446, 0.46104356687615855], [0.39596500920045563, -1.0089933470726593, 0.3691995828122985]], [[0.08807210493665663, -1.1084239885483593, 0.3211862305320672], [-0.13083140933488835, -0.8767033610546746, 0.23181074038929728], [-0.020955907343965796, -0.761554633621935, 0.20478337582479655]], [[0.40839869821294505, -0.9679100932733191, 0.07491462462579257], [0.3299571657245648, -1.006667237085385, 0.1892259199222237], [0.3948844963833136, -0.9068145836303803, 0.11547701790249687]], [[0.0033150056777937476, -1.0348707287937313, 0.03478035652762368], [-0.020000452469765895, -1.0299988813027774, 0.20991385315998112], [0.3099910895499318, -0.47255050088888084, 0.3318577060166015]], [[0.28459762451902226, -1.0786286168735257, 0.1313056767928933], [0.18168808722375585, -1.0742522009519386, 0.20859155700055543], [0.3083809168585301, -0.8213571128596937, 0.1277526096693562]], [[0.01792573983430268, -1.0044467887772184, -0.27559857712028646], [-0.004266956951938905, -1.047402564945458, -0.2207342874808731]], [[0.3121992507000564, -1.0783489123982475, -0.21835115571156227], [0.24133749450261877, -1.0836418257164218, -0.19959714103708914]], [[-0.05054540806989616, -0.9832454486795683, -0.7636383575388797], [0.008828791043367978, -1.081183837249943, -0.6328772718447222]], [[0.2740215964287449, -1.0375345955399897, -0.7071801467749812], [0.25800068239061913, -1.1332644226022481, -0.6115353738715454]], [[0.17111786236962834, -1.066674053552017, 0.6876096678877472], [0.045215097744679245, -0.9757850011377815, 0.7218389135312613], [0.26896181096505734, -0.8468039496150652, 0.6927924244378016]], [[0.14638738345216973, -1.0407487284792045, 0.6573399640519986], [0.06195893380104395, -0.942501089977045, 0.6990444898295117], [0.22251718128173115, -0.9163460702813615, 0.665482068912312]], [[0.143956315098408, -1.0567496728336285, 0.08304301666025848], [0.08084381737699498, -1.052125541127358, 0.20925270508026828], [0.30918600320423095, -0.6469538068742873, 0.22980515784297884]]]}