{"bodyId": "h0", "timestamp": 1609488737493000000, "continuousState": [[[0.4006067717906454, -0.47804322153218215, 0.7417422098106727], [0.5390522513518767, -0.625880693104057, 0.7542822132975531]], [[0.3274332191446756, -0.6440413718429661, 0.8527591174299327], [1.66027482299516, 1.38843386113612, 1.58287607042858]], [[-1.13867949267045, -2.33001540420462, 1.88733596350958], [0.6652847057763185, -0.6548562814645471, 0.7868427068967228]], [[0.3067542176122484, -0.797605708362719, 0.6726932506443051], [0.46904708708893805, -0.7426526578588397, 0.6721202650485312]], [[0.47500932840575394, -0.7659359341356384, 0.6848987248143876], [0.6610668107899244, -0.7174316911754604, 0.5441960617637924]], [[0.15128428131599558, -0.9878633591244841, 0.4773481864833269], [0.6140948261584442, -0.33958726187340127, 0.6880366900710049]], [[0.5373582615933289, -0.40006160738268326, 0.47997339356103397], [0.6576129526416419, -0.4102746986660968, 0.3395701982634374]], [[0.10255617881540258, -0.9015606883543386, 0.16071145673158704], [0.4812480618862689, -0.3451946409554605, 0.47215516713867034]], [[0.4863616843887897, -0.22526799530016217, 0.5947610146326394], [0.6267479298532519, -0.2686171689874728, 0.6189626497041556]], [[0.18678063746572326, -0.9912134195385003, 0.23802963698329593], [0.2247321624457479, -0.768239273980641, 0.07017984957985002]], [[0.33436570366819884, -0.9975065091855944, 0.21291734295799913], [0.38951516347228443, -0.7320253852229854, 0.017894128845946877]], [[0.11731041783306062, -1.0026595494564992, -0.2177739986400058]], [[0.3593118701475142, -1.0459523951128795, -0.20475631572629927]], [[0.03942365992877872, -1.0412200756166585, -0.6260839113308525]], [[0.4101092805318254, -1.0896798536424028, -0.6706219355104641]], [[0.3576329289049893, -0.8131409088122719, 0.7073300471763768], [0.5417045313989344, -0.7514891488489699, 0.5878369983251117]], [[0.3908817730090012, -0.7817708212491787, 0.6787959877293464], [0.5650569489394313, -0.73004217451715, 0.6081581634061618]], [[0.26057317056696105, -0.9943599643620473, 0.22547348997064753], [0.30712366295901616, -0.7501323296018132, 0.04403698921289845]]]}