{"bodyId": "h0", "timestamp": 1609488761144000000, "continuousState": [[[1.42604589871181, -2.80473854757645, 1.69753131829218], [0.299754611906053, -0.7787010522795437, 0.7109429315606317]], [[1.42604589871181, -2.80473854757645, 1.69753131829218], [1.66027482299516, 1.38843386113612, 1.58287607042858]], [[0.2637600172536927, -0.9241297545737057, 0.8097692092204363], [0.3688906057057104, -0.8332694533700755, 0.804759657739549]], [[-0.03196548660229537, -0.9841342300975668, 0.5863749110222962], [0.09463281239331223, -0.8537351781863096, 0.6467524735885057]], [[0.30908881652710773, -1.086240189852953, 0.6479339716045012], [0.405669236271345, -1.0026298147414807, 0.6758547690476031]], [[0.08945836879530433, -1.1644572127964448, 0.46599816833979824], [0.43934157459877143, -0.3084647668776068, 0.6389772063656548]], [[0.45033420160886983, -1.1557078729749535, 0.33262241191910724], [0.4168984494971242, -1.113209118490101, 0.3643847899038901]], [[1.42604589871181, -2.80473854757645, 1.69753131829218], [0.1334830658744539, -0.7888692249199585, 0.10627600002427995]], [[0.41009338308709686, -0.9154877964117136, 0.12274600657036916], [0.3968682288384804, -0.9194827536118404, 0.18144518163318568]], [[0.09756919316120283, -1.116352049970245, 0.07481188025853092], [0.41660516680979165, -0.46930261153146824, 0.4046482672471161]], [[0.31987728248929637, -1.176740124537108, 0.1530882966731295], [0.35413541003464366, -0.8853480247398873, 0.18304987257767236]], [[0.11204583312250072, -1.098591359710635, -0.21610338994087663]], [[0.28260595264642663, -1.1179283541589273, -0.2779579844731799]], [[-0.016442073169824267, -1.0062884969749541, -0.7123596876238794]], [[0.28398377279978515, -1.2255752490789944, -0.65191370767242]], [[0.1935773888618495, -1.1022975672767672, 0.661896930111725], [0.33288113102784456, -0.7764506795767538, 0.7301387407465587]], [[0.13856166496240618, -1.03518720997526, 0.6171544413133987], [0.2501510243323286, -0.9281824964638952, 0.6613036213180544]], [[0.2087232378252496, -1.1465460872536766, 0.11395008846583021], [0.38537028842221766, -0.6773253181356778, 0.29384906991239423]]]}