{"bodyId": "h0", "timestamp": 1609488774276000000, "continuousState": [[[1.42604589871181, -2.80473854757645, 1.69753131829218], [-1.13867949267045, -2.33001540420462, 1.88733596350958], [0.14248135471296353, -1.0913389076372098, 0.8271952185226894]], [[1.42604589871181, -2.80473854757645, 1.69753131829218], [-1.13867949267045, -2.33001540420462, 1.88733596350958], [0.058933821278362775, -1.1140282994663462, 0.9149496062572433]], [[0.08940705884837818, -1.3046756321449395, 0.8177916322830452], [-0.02254716125794265, -1.2024839321026675, 0.9323614921123247], [0.21352178185751947, -1.1357665121577387, 0.9131209146284831]], [[-0.13041499484774022, -1.4121517322602726, 0.6541118849847742], [-0.2721220879356707, -1.2378495584814189, 0.7024588846730866], [-0.09161074996510021, -1.1537820414066546, 0.7096433771012516]], [[0.16502622960997204, -1.4577783373972677, 0.619931567889181], [0.046612569461804476, -1.3616016319721784, 0.7562853535612859], [0.1962530477543758, -1.3125783440646153, 0.6982674770957185]], [[-0.008444846030051245, -1.5162144951540821, 0.5070983419082662], [-0.3100219606686955, -1.265734338716522, 0.40595369849163054], [-0.23843550379799883, -1.1975875367090207, 0.40924488430019923]], [[0.23372277165311117, -1.4761613348840663, 0.29704874161018213], [0.11337483803743909, -1.4512489784018108, 0.4747475097919027], [0.20296277592734935, -1.4026379274949488, 0.3952474451026553]], [[0.19486872826563584, -1.5036379358323873, 0.5480307675384197], [-0.2861389872290827, -1.2140115973708616, 0.0623878406149152], [-0.31789373004300736, -1.2127954855217042, 0.12389575612218251]], [[0.25318202969294346, -1.3899500879593882, 0.0011695249199741298], [0.23480131234876644, -1.3786808846723708, 0.11479161733339693], [0.15659234439585323, -1.4233001921683701, 0.07555033974206937]], [[-0.017826090811899453, -1.4792085076628232, 0.09623299953223041], [-0.19441026768303682, -1.3639063275782903, 0.21303798265068097], [-0.1121262779367791, -1.2028485988473359, 0.163051758744865]], [[0.14441201327547493, -1.4843441403960567, 0.1344624382713877], [-0.03603741070746791, -1.477248520542298, 0.2830705340027646], [0.06293347665097948, -1.2960068290597089, 0.13773435256492061]], [[-0.04813262241681526, -1.3937222092350863, -0.30264199852873785], [-0.08972198090296013, -1.3566379699879247, -0.1891965314984212]], [[0.20049419299621563, -1.335817174998195, -0.31172815769757745], [0.130703971360981, -1.4071151289637196, -0.18719917002566877]], [[-0.0420516225085521, -1.385255017119393, -0.7608437962368719], [-0.03164315745581181, -1.4507375620227871, -0.6043770214781741]], [[0.18292388589273223, -1.4255257607334086, -0.8280502826590708], [0.1887373618561332, -1.5400240748916367, -0.5685076835360185]], [[0.0408256923490391, -1.4620171729474436, 0.65974688139476], [-0.16089860751097906, -1.327645935862057, 0.7720296008505918], [0.10381836644648113, -1.1499400989299804, 0.7225197861511781]], [[0.017305617381115912, -1.4349650348287701, 0.6370217264369776], [-0.11275475923693312, -1.2997255952267985, 0.7293721191171862], [0.05232114889463779, -1.233180192735635, 0.703955427098485]], [[0.06329296123178774, -1.48177632402944, 0.11534771890180906], [-0.11522383919525236, -1.4205774240602942, 0.2480542583267228], [-0.024596400642899807, -1.2494277139535224, 0.1503930556548928]]]}