{"bodyId": "h0", "timestamp": 1609488864659000000, "continuousState": [[[-0.8398367653098222, -0.703421589322718, -0.08811209159687872], [-1.13867949267045, -2.33001540420462, 1.88733596350958], [0.18950765174888584, -1.5711515770856743, 0.871348958757014]], [[1.42604589871181, -2.80473854757645, 1.69753131829218], [-1.13867949267045, -2.33001540420462, 1.88733596350958], [-0.2579678661847524, -2.277574589359476, 0.8052353254729858]], [[0.23189674936106486, -1.8434587971704517, 0.7964355954426214], [0.02250589885300469, -1.7323135555458153, 1.0141636034674741], [0.23487785059869126, -1.6641018370166274, 0.8854637074030911]], [[-0.0011312210008396217, -1.8898536955015643, 0.6691603914835687], [-0.19535240296167056, -1.7144045712538554, 0.7779721205677406], [-0.0472919974348609, -1.626634893966806, 0.760651781549057]], [[0.2609463431758794, -1.940891478115901, 0.5710991368823519], [0.10331936626792326, -1.8488908660232948, 0.8090128075702321], [0.25023822628911385, -1.7592317801133377, 0.682476701876749]], [[0.12661068887891225, -1.8966676146909265, 0.6762745792026834], [-0.2500697274240533, -1.7440606022086218, 0.45602688052156215], [-0.2209803439885214, -1.683439570657659, 0.4701746647656242]], [[0.29853670387144216, -1.9630712524252545, 0.21824447810072622], [0.07605027586949209, -1.9464877932633224, 0.5918436927283539], [0.18810357363716323, -1.8708554500062042, 0.3767558431249167]], [[1.42604589871181, -2.80473854757645, 1.69753131829218], [-0.255982704066152, -1.717402880383539, 0.1707222126002057], [-0.25403574245227944, -1.626301552920155, 0.23213526427494657]], [[0.31174275532113205, -1.872121054719324, -0.07955573654964931], [0.02113443770095036, -1.9405509765993134, 0.49488009039519465], [0.18074285101836485, -1.8921316104321828, 0.12454516862513598]], [[0.14322715395216123, -2.019130432968939, 0.2966046476701316], [-0.1789051290281778, -1.8282990185157235, 0.34543810689520704], [-0.11845949943486667, -1.644828806032066, 0.23294099327135132]], [[0.24562617965377953, -1.9993483393702955, 0.17562065705444052], [0.0005001253997460875, -1.931155640055296, 0.2918215811306999], [0.06580629790658099, -1.794618461884635, 0.15789736405460175]], [[0.21710751322990252, -1.987092225707252, 0.08562416578294862], [-0.13393429643457733, -1.7304650368969041, -0.05103478501987557]], [[0.16886114135843266, -1.9153131086688826, -0.21438469031094787], [0.05364238588752501, -1.9310434666139307, -0.16521380073978076]], [[1.42604589871181, -2.80473854757645, 1.69753131829218], [-0.10604835720480721, -1.7146963512750686, -0.5127672277720903]], [[0.06319008671465531, -1.9128741478744216, -0.7837884396655448], [0.038618314628775297, -1.9769162917970695, -0.6106932322638783]], [[0.13661518791972926, -1.930417562865352, 0.6371049817151031], [-0.05824132414095251, -1.7793784435088513, 0.7873950671577454], [0.12063525567751476, -1.6567123626056646, 0.7263126861144018]], [[0.12990756108751988, -1.9153725868087328, 0.6201297641829603], [-0.04601651834687365, -1.781647718638575, 0.7934924640689863], [0.10147311442712648, -1.6929333370400719, 0.721564241712903]], [[0.19442666680297038, -2.009239386169617, 0.23611265236228607], [-0.08920250181421585, -1.87972732928551, 0.31862984401295347], [-0.026326600764142838, -1.7197236339583504, 0.19541917866297653]]]}