{"bodyId": "h0", "timestamp": 1609488884960000000, "continuousState": [[[1.42604589871181, -2.80473854757645, 1.69753131829218], [-1.13867949267045, -2.33001540420462, 1.88733596350958], [0.3456780812576332, -1.036915475657429, 0.7885486313038839]], [[1.42604589871181, -2.80473854757645, 1.69753131829218], [-1.13867949267045, -2.33001540420462, 1.88733596350958], [0.30599339659210645, -0.9921692330156451, 0.8912276840123099]], [[0.3340453337345587, -1.235498448332052, 0.8055387431031935], [-1.13867949267045, -2.33001540420462, 1.88733596350958], [0.41209251513951295, -1.0852355024911262, 0.8260674840214921]], [[-0.0061620617058422145, -1.2567948135445945, 0.6107282965498917], [-0.037531101067592054, -1.16290668238928, 0.6936816821351128], [0.11619116289366027, -1.1238816828870914, 0.7114254484644238]], [[0.39015740728033976, -1.3817766277908263, 0.6286882787331638], [0.23957178072433516, -1.3144242467585172, 0.740644878343083], [0.37681419415639184, -1.2863492028781671, 0.6300551314291405]], [[0.10112190171517788, -1.3923044870670735, 0.4857856202988604], [-0.11195055883848148, -1.2001082791825504, 0.47189423535958386], [0.056335243670391444, -1.011728405307739, 0.482440163096967]], [[0.41491764448666335, -1.348200849690902, 0.19573522214971906], [0.29811059533275475, -1.3472376033650177, 0.445069574337567], [0.4057520055132924, -1.2711007294347836, 0.3457019465300726]], [[1.42604589871181, -2.80473854757645, 1.69753131829218], [-0.05344854719141545, -1.0929680969291382, 0.12152763285522483], [0.43202773075370615, -0.40305597704221885, 0.5848479893306733]], [[0.37557583336930156, -1.2229599743623096, 0.035107679335465214], [0.1272450884881755, -1.3703756921586518, 0.3924313409121236], [0.32483840939241104, -1.2106019534551231, 0.10791194368252643]], [[0.12713007900918605, -1.3863948292388764, 0.1037412161130784], [-0.02570293040626992, -1.2754298509418296, 0.24352595299324586], [0.15883321661709116, -0.9385124005578991, 0.2549685360556302]], [[0.253143595755422, -1.3528981625148233, 0.05412470397113234], [0.168730299054056, -1.3664073027638057, 0.17971463300878554], [0.2719171368254014, -1.1469038877972384, 0.13302023761442916]], [[0.3044517915942875, -1.3362570604337614, 0.00901823846643146], [0.032844827787333664, -1.1902036406923242, -0.14367523190131215]], [[0.22372202203905966, -1.338544271567616, -0.30114058978798885], [0.2042244942577811, -1.3660738153682197, -0.25147748396766945]], [[0.2343338094755043, -1.3639122349166235, -0.3614951788041816], [0.10883970230190365, -1.1851511880851506, -0.6808963296056607]], [[0.14367970680221243, -1.3281435530061816, -0.7640630821708732], [0.18462759275271945, -1.4218871207720896, -0.6055012661055688]], [[0.22847485067698892, -1.35993444819495, 0.6469786342829849], [0.09289440033734597, -1.2446606727150527, 0.7388007261635348], [0.28256570920552604, -1.1403910075924717, 0.6981009591534484]], [[0.19199767278724877, -1.3192857206677104, 0.6197082876415277], [0.10102033982837155, -1.2386654645738986, 0.7171632802390979], [0.24650267852502605, -1.2051154428826294, 0.6707402899467821]], [[0.19013683738230402, -1.3696464958768497, 0.07893296004210537], [0.07151368432389305, -1.3209185768528178, 0.2116202930010157], [0.2153751767212463, -1.0427081441775687, 0.19399438683502968]]]}