{"bodyId": "h0", "timestamp": 1609488917321000000, "continuousState": [[[-0.825314397909608, -0.41855579587586433, 0.18082901705941623], [-1.13867949267045, -2.33001540420462, 1.88733596350958], [0.11302245707517655, -1.172459794300515, 0.8592338594057165]], [[1.42604589871181, -2.80473854757645, 1.69753131829218], [-0.2343566369863468, -1.252780400115177, 0.9228824019944932], [-0.019979276090494436, -1.2504438583401523, 0.926805012403922]], [[0.016978036800585183, -1.4610366996295947, 0.8225354308157036], [-1.13867949267045, -2.33001540420462, 1.88733596350958], [0.17041025938325483, -1.232947755916663, 0.9062346882162462]], [[-0.23464953431571045, -1.5018648075401988, 0.6428280229790515], [-0.3422243126381095, -1.3407707845764718, 0.7092778415378893], [-0.17461353527621815, -1.2911878532929233, 0.7267473987017639]], [[0.10054955610637983, -1.5828621319153577, 0.6210405607957998], [-0.03401942251863832, -1.4756147763069383, 0.7656702808082154], [0.11484816350862626, -1.432562651574746, 0.7003408372743334]], [[-0.11725183603326395, -1.6346232349347591, 0.4711946108527112], [-0.3912002069627062, -1.3845038612203142, 0.4529909849220326], [-0.2876075011376633, -1.2727617937691038, 0.46748245452084025]], [[0.13966246343140476, -1.5968743533597478, 0.3018328073662131], [0.03252571318808206, -1.5714500013247803, 0.48832689463265155], [0.08528155209177868, -1.5283316485836342, 0.3961515127475639]], [[0.08570715247092053, -1.6402373962734749, 0.582622022498783], [-0.31599392951914473, -1.3224855818612082, 0.10099404188134486], [0.39094875370692206, -0.30921787124503974, 0.6966392759913271]], [[0.1709669564556502, -1.5043274770186648, 0.0014239007964218509], [0.09216412302977628, -1.5167671383993357, 0.22071159569784027], [0.08926785601015697, -1.5206712885964384, 0.1071053683112162]], [[-0.04853560154886649, -1.6150870445033252, 0.1722513001827195], [-0.2825693026544729, -1.475702649167571, 0.2728542582217717], [0.45903442024332675, -0.3680986557503736, 0.6681572511058912]], [[0.07852833365849654, -1.6027528222545802, 0.15659953210871635], [-0.1118359326533338, -1.5684238845756222, 0.2775137657130913], [0.07375366468025635, -1.2576830919118307, 0.23659014587744953]], [[-0.15311281587143188, -1.4824106244789772, -0.3440120194796341], [-0.19605476326676907, -1.4887343896017629, -0.1398168635251804]], [[0.19796803118642603, -1.4825487866350862, -0.15159114378400873], [0.055164073247897294, -1.4762291540366668, -0.19121170721392078]], [[-0.1330953563802606, -1.495402262713025, -0.7786829301953244], [-0.12691852267384207, -1.5586916256848116, -0.5846898305803245]], [[0.0618911785980516, -1.444214395933882, -0.7866946478644592], [0.06879845624284742, -1.5657545574878842, -0.636386163012147]], [[-0.021936814389942105, -1.5810016437839896, 0.6623165614770636], [-0.22568748673671024, -1.4376266333443346, 0.7735554205215365], [-0.007626133181573014, -1.3287769003245689, 0.7240721318743999]], [[-0.06704998910466531, -1.5423634697277784, 0.6319342918874257], [-0.1881218675783739, -1.4081927804417051, 0.7374740611730524], [-0.029882685883795945, -1.3618752524338347, 0.7135441179880486]], [[0.014996366054815025, -1.6089199333789526, 0.16442541614571793], [-0.19720261765390334, -1.5220632668715965, 0.2751840119674315], [0.26639404246179155, -0.8128908738311021, 0.45237369849167036]]]}