{"bodyId": "h0", "timestamp": 1609488933468000000, "continuousState": [[[-0.8304289144348829, -0.5921153060834605, 0.08730747584694942]], [[1.42604589871181, -2.80473854757645, 1.69753131829218]], [[-0.8305066966068371, -0.592449260440381, 0.08697660417905073]], [[-0.8155152870255091, -0.43907537342777014, -0.008743802593523142]], [[-0.8154834703185974, -0.591282198021128, 0.0654479937251895]], [[-0.7274948639994336, -0.456517709410303, -0.12139174216116988]], [[-0.8941245612534903, -0.6160872284942469, -0.09134295062255093]], [[1.42604589871181, -2.80473854757645, 1.69753131829218]], [[1.42604589871181, -2.80473854757645, 1.69753131829218]], [[-0.7662515043216906, -0.5539995719373749, -0.20983220329677277]], [[-0.8006103454807747, -0.6113131211372498, -0.2045227620314325]], [[-0.7890102985583465, -0.5716059179137525, -0.35144718775474115]], [[-0.7565694437980857, -0.7083430948702993, -0.2741616130660496]], [[1.42604589871181, -2.80473854757645, 1.69753131829218]], [[1.42604589871181, -2.80473854757645, 1.69753131829218]], [[-0.8250293267275655, -0.5161702675752577, 0.021376572730855248]], [[-0.8154993786720532, -0.5151787857244491, 0.02835209556583318]], [[-0.7834309249012327, -0.5826563465373124, -0.20717748266410263]]]}