{"bodyId": "h0", "timestamp": 1609488934607000000, "continuousState": [[[-0.8185408682779076, -0.6044320615855989, 0.09580334900799503], [10.361260266107001, 0.44585074130042024, 0.5259531036817515]], [[1.42604589871181, -2.80473854757645, 1.69753131829218], [10.56285512739823, 0.6824730035915207, 0.4558454826174252]], [[-0.8652770006179467, -0.6212782901898111, 0.09733503164701052], [-1.13867949267045, -2.33001540420462, 1.88733596350958]], [[-0.6930147505762874, -0.5817626512467886, 0.05724769291445808], [4.690692340657955, -0.8127535720530115, 1.0626743341469074]], [[-0.8775194858339934, -0.5796897692935934, -0.011511160025309497], [-1.13867949267045, -2.33001540420462, 1.88733596350958]], [[-0.7453769566587871, -0.43171668837510424, -0.16552871871891295], [-1.13867949267045, -2.33001540420462, 1.88733596350958]], [[-0.8563009490197333, -0.6516995705514868, -0.06213044187060435], [8.567609681716384, -0.2167778138298213, 0.4336009119825288]], [[1.42604589871181, -2.80473854757645, 1.69753131829218], [-1.13867949267045, -2.33001540420462, 1.88733596350958]], [[1.42604589871181, -2.80473854757645, 1.69753131829218], [9.672996307369399, 0.1012485073724041, 0.4354953858807802]], [[-0.7497087386057886, -0.5618755825514352, -0.21455459804538624], [5.5316941002931745, -0.7398453402700595, 0.6671876109412791]], [[-0.8041252932253076, -0.5945586337088775, -0.21696059485560903], [-1.13867949267045, -2.33001540420462, 1.88733596350958]], [[-0.8307465596257779, -0.5490896204595472, -0.3903660827088833], [-1.13867949267045, -2.33001540420462, 1.88733596350958]], [[-0.8189324064562467, -0.6453303365659029, -0.36055846860248675], [6.91727925363611, -0.6410888034479785, 0.5752929617459612]], [[-0.6601530554773625, -0.6735813026779427, -0.44458810483600986], [-1.13867949267045, -2.33001540420462, 1.88733596350958]], [[-0.6888294442671179, -0.67758902126501, -0.46209968829303727], [6.5175472130211425, -0.7898065640648495, 0.41429688886019056]], [[-0.8590482970460718, -0.5095198952028084, -0.024954548488696382], [-1.13867949267045, -2.33001540420462, 1.88733596350958]], [[-0.7852671182051404, -0.580726210270191, 0.022868266444574292], [1.7760064239937523, -1.5713844881288157, 1.4750051488282439]], [[-0.7769170159155481, -0.5782171081301564, -0.21575759645049764], [2.1965073038113623, -1.5349303722373397, 1.2772617872254295]]]}