{"bodyId": "h0", "timestamp": 1609488936617000000, "continuousState": [[[1.412727931407119, -0.6730060895829082, -0.10510419388490888], [-1.13867949267045, -2.33001540420462, 1.88733596350958]], [[1.4195778409563407, -0.6671070133099817, -0.0965280938903168], [10.025170678939737, 0.5205448996938098, 0.5274076589534831]], [[1.3856043919349461, -0.6875713599515607, -0.08798520773656238], [10.317511072285901, 0.3849221512593082, 0.3608367459331454]], [[1.4297387388901008, -0.7302070027529166, -0.1116659818416641], [-1.13867949267045, -2.33001540420462, 1.88733596350958]], [[1.3785347434553514, -0.7190048717817623, -0.13416981507299242], [-1.13867949267045, -2.33001540420462, 1.88733596350958]], [[1.4414004388676782, -0.724980560802849, -0.1981055185290692], [-1.13867949267045, -2.33001540420462, 1.88733596350958]], [[1.3811287734484465, -0.7374933916012094, -0.20257498720519118], [9.767122368927797, 0.0652893869822182, 0.24838595692211118]], [[1.415993098548636, -0.7491193160679157, -0.18276119675980085], [-1.13867949267045, -2.33001540420462, 1.88733596350958]], [[1.3826654615924037, -0.7343283883961575, -0.21764833007045903], [8.150382321129841, -0.35902164550703164, 0.5512054679207301]], [[1.3970342532527686, -0.7738662419480535, -0.21501516365340922], [5.3730953404693595, -0.7766331307910199, 0.7259569687986636]], [[1.3874327030527236, -0.752660123124198, -0.23721384480931795], [6.958858038332471, -0.5357702260122887, 0.410275557287179]], [[1.398492182475046, -0.606275149202884, -0.5545512188190338], [-1.13867949267045, -2.33001540420462, 1.88733596350958]], [[1.388485126405813, -0.6034345639962178, -0.5602827727745721], [-1.13867949267045, -2.33001540420462, 1.88733596350958]], [[1.4246954467193516, -0.5077425329843961, -0.8708827769069185], [-1.13867949267045, -2.33001540420462, 1.88733596350958]], [[1.4111532696986813, -0.576583251515633, -0.7663451432401578], [-1.13867949267045, -2.33001540420462, 1.88733596350958]], [[1.4210023454894847, -0.7426510099040118, -0.10267358054290576], [-1.13867949267045, -2.33001540420462, 1.88733596350958]], [[1.4041367411727261, -0.7246059372673395, -0.12291789845732826], [-1.13867949267045, -2.33001540420462, 1.88733596350958]], [[1.3922334781527461, -0.7632631825361258, -0.2261145042313636], [6.165976689400916, -0.6562016784016543, 0.5681162630429213]]]}