{"bodyId": "h0", "timestamp": 1609488160099000000, "continuousState": [[[1.42604589871181, -2.80473854757645, 1.69753131829218], [-1.13867949267045, -2.33001540420462, 1.88733596350958], [0.3036126518132962, -1.4475081444385198, 0.8222727658291369]], [[0.22250425997652057, -1.720184912423051, 0.8320559583170968], [-1.13867949267045, -2.33001540420462, 1.88733596350958], [0.2205112563900269, -1.4672461286666754, 0.906762164740575]], [[0.3063928131670086, -1.6545652418136751, 0.7628573956242393], [-1.13867949267045, -2.33001540420462, 1.88733596350958], [0.3892513166860172, -1.4483854344086091, 0.8760747780090203]], [[0.011729707752946794, -1.7473119143045472, 0.6074635804060888], [-0.07882575497575073, -1.6066041076997486, 0.7606860425783948], [0.04288185360971153, -1.5582117459035745, 0.7255283335498126]], [[0.3638682912283093, -1.7526229436071126, 0.5591530783269922], [0.2557840452644464, -1.6863262796095888, 0.7558185528757728], [0.35749292337178584, -1.6470148437767735, 0.6309711703808101]], [[0.04804924696544144, -1.8244489864907896, 0.4866947001121149], [-0.15814999789236306, -1.6374026813583435, 0.47126428039014545], [-0.07669475890237276, -1.5754873312740425, 0.45325130365674604]], [[0.4298723348753939, -1.7706777307322261, 0.24945214015497674], [0.16317063487658645, -1.7706488190905858, 0.6405477901115693], [0.3313777245697853, -1.6816069886383322, 0.3475699132555272]], [[1.42604589871181, -2.80473854757645, 1.69753131829218], [-0.16287230605078573, -1.5639184501403407, 0.19752334068649402], [-0.21933553425667607, -1.5926466737586382, 0.1602289714731715]], [[0.41548856893290376, -1.6785904845152588, 0.006595871156620969], [-1.13867949267045, -2.33001540420462, 1.88733596350958], [0.2751456891725159, -1.7051611877601334, 0.05232389754733213]], [[0.16364405532943826, -1.8370247720333186, 0.21629260597070843], [-0.08071752673412247, -1.680092759124931, 0.29082440512055174], [-0.012696425968166336, -1.5054395620264305, 0.2012123270566979]], [[0.3141805827830113, -1.8221243391160196, 0.21080562399750757], [0.06077512145550634, -1.7646662989953807, 0.26716870695765427], [0.18552392296692344, -1.5744547518274594, 0.12745415918066483]], [[0.304862381955886, -1.8310707289792283, 0.13843627657601365], [-0.07203016888159963, -1.5508351797609494, -0.1553187424671545]], [[0.3418679648477738, -1.7340067044971557, -0.06473719386387433], [0.1647952004222457, -1.725881567096652, -0.1778422669284485]], [[1.42604589871181, -2.80473854757645, 1.69753131829218], [-0.08029126509111872, -1.5858921431319684, -0.6170420509290628]], [[0.16161700075737784, -1.6904832550571578, -0.748959218655153], [0.13432345934534196, -1.774965051122543, -0.5699774959523771]], [[0.21646595353975684, -1.7786303182641072, 0.6116424503620423], [0.05549318701794981, -1.6566509295783884, 0.7802641451985388], [0.21653875869648598, -1.5869654314473673, 0.6928597483125634]], [[0.18779899949062806, -1.7499674289558298, 0.5833083293665405], [0.08847914514434785, -1.6464651936546688, 0.7582522977270838], [0.20018738849074869, -1.602613294840174, 0.6782497519653113]], [[0.2389123190562248, -1.829574555574669, 0.213549114984108], [-0.009971202639308063, -1.7223795290601558, 0.278996556039103], [0.08641374849937855, -1.539947156926945, 0.16433324311868136]]]}