{"bodyId": "h0", "timestamp": 1609488170551000000, "continuousState": [[[1.42604589871181, -2.80473854757645, 1.69753131829218], [0.2824638927625971, -1.4471968519892673, 0.8132335570764815]], [[0.19045545325711855, -1.6723412970263039, 0.797566568927244], [0.21207664683808902, -1.4614530524788256, 0.8992875116734378]], [[0.3042651194275072, -1.640516321624177, 0.7665404809317578], [0.3823167094962354, -1.439959057941116, 0.8692858934651115]], [[0.012964567590622922, -1.7395745736728319, 0.6093272624386532], [0.045579241477284205, -1.55270205909294, 0.7269264354671514]], [[0.34687142552529227, -1.725992458303836, 0.5406182511696918], [0.3632571754151259, -1.6074685345600093, 0.6336097187095551]], [[0.0450028973786627, -1.8107192848080342, 0.47387577658076085], [-0.07472395449032909, -1.572254840445223, 0.45468862014839684]], [[0.4434315998719378, -1.7580277079917552, 0.24960444273997107], [0.3710792525750861, -1.590127869375771, 0.38416104015446395]], [[1.42604589871181, -2.80473854757645, 1.69753131829218], [-0.2139290408954051, -1.5850730045830876, 0.16399106377959005]], [[0.37547335816072547, -1.623821667418702, -0.07181710941586505], [0.33463156329962573, -1.596567374448226, 0.10709092634813322]], [[1.42604589871181, -2.80473854757645, 1.69753131829218], [-0.020935300305597204, -1.5224717901238143, 0.2055315555257866]], [[0.326165751047242, -1.8356706500449742, 0.22095237170685111], [0.18851771756561408, -1.5790077486090766, 0.17299958782279323]], [[0.306585085331162, -1.8293870034278077, 0.147157889807348]], [[0.33713286212061266, -1.7291536646489123, -0.07300785440415636]], [[0.04632005263256733, -1.6748143416717414, -0.5561438883494516]], [[0.15265082858119983, -1.682835011930064, -0.7663587794033591]], [[0.23531850674083632, -1.7796563309885183, 0.6239500384135992], [0.2709375973097785, -1.4722153577227743, 0.7172611333866497]], [[0.1799179965579576, -1.7327835159883338, 0.5749727568041725], [0.20441820844620506, -1.5800852968264745, 0.6802680770883532]], [[0.876105824879526, -2.320204598810712, 0.9592418449995156], [0.08379120863000844, -1.5507397693664453, 0.18926557167428992]]]}