{"bodyId": "h0", "timestamp": 1609488431314000000, "continuousState": [[[1.42604589871181, -2.80473854757645, 1.69753131829218], [-1.13867949267045, -2.33001540420462, 1.88733596350958], [0.28099298380545257, -1.7097873684249998, 0.7897998402497413]], [[0.29148847327160166, -1.8650836366547865, 0.8111275905817417], [0.07490751708329535, -1.6444410661272757, 0.9610443883800706], [0.237748278562395, -1.634679482042352, 0.8924667100357349]], [[0.38693001423698004, -1.8120978045568312, 0.7816116674595195], [0.1554191929707467, -1.726170542547619, 1.0114355368232406], [0.3805033494822543, -1.6861499021899873, 0.8527761624111141]], [[0.09109668013005101, -1.9130834697830181, 0.5893896974818411], [-0.011915306334665976, -1.7785499712693973, 0.7738755771488606], [0.0638292695203162, -1.7771419593821816, 0.7251474769163504]], [[0.4448403584563263, -1.8867366441348035, 0.5713032240839679], [0.29798331229703656, -1.8070320395042723, 0.8220546669888209], [0.4074372840682996, -1.7957649386791847, 0.6577125177714591]], [[0.19746771989588296, -2.0022686583305997, 0.47520065461077543], [-0.09324105751167089, -1.8021336113967286, 0.4643467800809895], [-0.057184036951132056, -1.786951150002756, 0.4718431155874794]], [[0.5481899300131434, -1.9031080002998768, 0.24543128651913393], [0.24971169888849176, -1.900449314241273, 0.722980268474809], [0.4358869939749186, -1.8723859721515925, 0.35898579501584615]], [[1.42604589871181, -2.80473854757645, 1.69753131829218], [-1.13867949267045, -2.33001540420462, 1.88733596350958], [-0.012995822098721188, -1.7344334742231464, 0.214766314121545]], [[0.5889177045660823, -1.9177512363834677, 0.3514084474357644], [-1.13867949267045, -2.33001540420462, 1.88733596350958], [0.33378891663011334, -1.7556835817322032, 0.17938176376022352]], [[0.24824440383607893, -1.9791360214318543, 0.06616003205154497], [0.016172535738972815, -1.8473070530906588, 0.31416148458782445], [0.031489929941604045, -1.7209485778191327, 0.2102708022545976]], [[0.41308260194035884, -1.9253868618872814, 0.10196606536206243], [0.18066765119513906, -1.918152547181702, 0.3060079245561931], [0.26626853563051434, -1.752178907214599, 0.17612301025587662]], [[0.1448910784760038, -1.902427550340671, -0.28422495813082893], [0.033046300943178286, -1.8802627171887334, -0.06309702329317246]], [[0.378591951186118, -1.8561921940432644, -0.371271289708091], [0.26567953012091095, -1.9103947954497402, -0.040652921587987834]], [[0.060754041715104234, -1.8902690158426516, -0.7753780588315438], [0.026095796629527213, -1.9430199890854272, -0.5262487587806124]], [[0.38931398386887617, -1.8475241669162705, -0.865157180213632], [0.3870315257539587, -1.9814544371658382, -0.5416931607378899]], [[0.31662456236573333, -1.9330850403011963, 0.6154131386969481], [0.10807617698957217, -1.807118090175575, 0.8242389267298722], [0.26495155604375964, -1.7269000768248943, 0.691805088827387]], [[0.26796851929318866, -1.8999100569589107, 0.5803464607829045], [0.1430340029811853, -1.7927910053868348, 0.7979651220688407], [0.2356332767943079, -1.7864534490306831, 0.6914299973439048]], [[0.3306635028882189, -1.9522614416595678, 0.0840630487068037], [0.09842009346705594, -1.8827298001361803, 0.31008470457200876], [0.1488792327860592, -1.7365637425168658, 0.1931969062552371]]]}