{"bodyId": "h0", "timestamp": 1609488461263000000, "continuousState": [[[1.42604589871181, -2.80473854757645, 1.69753131829218], [-1.13867949267045, -2.33001540420462, 1.88733596350958], [0.04075879452933684, -1.6890497615682496, 0.8574867673182087]], [[0.11449401401573978, -1.972802232932084, 0.8324254994634995], [-0.13903925908098702, -1.7281817161520532, 0.9445903674492766], [1.66027482299516, 1.38843386113612, 1.58287607042858]], [[0.1656102984972485, -1.8806011647183722, 0.7960782269890689], [-1.13867949267045, -2.33001540420462, 1.88733596350958], [0.1749326237358948, -1.7080655870492247, 0.9181667293798337]], [[-0.041013105698283425, -2.055093585875816, 0.594160632915989], [-0.19196662770402728, -1.9209742165393067, 0.7732578747030123], [-0.06289507826911733, -1.8204835296790522, 0.7510365886522186]], [[0.26746931541060914, -1.903006650094515, 0.582443411992305], [0.10402969079770341, -1.81193685143461, 0.8367055807690238], [0.23049493242672736, -1.782365211524387, 0.6869949984023362]], [[-0.08457788999228955, -2.1038333943193344, 0.34376494732822493], [-0.2575994836016038, -1.977499276647173, 0.48951766856307843], [-0.1846980442671311, -1.855504091758537, 0.5448102015090155]], [[0.3512349852315324, -1.8265437932775126, 0.22861891921542177], [-0.17601985937778464, -1.8591486295953639, 0.7885760336724352], [0.2557626061930489, -1.8209253464911863, 0.38434158865254164]], [[0.11319915254143109, -2.075164926002857, 0.4784219081894747], [-0.15927644426691212, -1.7479299591157746, 0.4590615946556267], [-0.0929443009171882, -1.6695148972126643, 0.41873337329958105]], [[0.31936250109067466, -1.8644731715561302, 0.4527594707035367], [-0.12180934967078372, -1.7297386641737316, 0.596600602046917], [0.053577351303992105, -1.6685285434352044, 0.3995302946335275]], [[0.11562991114328858, -2.0351593296073793, 0.05649094085156592], [-0.25677622495709884, -1.96724688905568, 0.5214771842096511], [-0.05279664151677799, -1.6453567477133695, 0.2486661274620312]], [[0.24088002310121004, -1.9032774212926142, 0.04761727290960138], [-0.19294219742740326, -2.0040845441667376, 0.6045429252357426], [0.10587991697237542, -1.6924045320721561, 0.21507504202754202]], [[0.02259229642647176, -1.9355369982404407, -0.39995346370323226], [-0.21811463081049953, -1.8698106086028918, 0.30224845297551695]], [[0.21129671764366176, -1.750120991033383, -0.4020644545682761], [-1.13867949267045, -2.33001540420462, 1.88733596350958]], [[0.06322964445453705, -1.9141116326754666, -0.816536782044362], [0.024020711318955446, -1.984476953409586, -0.4826102259561127]], [[0.2830398013620512, -1.7845734127099513, -0.7969043173347464], [-1.13867949267045, -2.33001540420462, 1.88733596350958]], [[0.14499589868178653, -2.0042069046239055, 0.6126448600944405], [-0.07160568651039534, -1.8707015955933737, 0.8164135263911964], [0.10952075327594124, -1.7379959130908185, 0.7564006832978485]], [[0.11322810485616286, -1.9790501179851656, 0.588302022454147], [-0.043968468453161935, -1.8664555339869584, 0.8049817277360181], [0.08379992707880501, -1.8014243706017197, 0.7190157935272774]], [[0.1782549671222493, -1.9692183754499968, 0.05205410688058365], [-0.22485921119225105, -1.9856657166112088, 0.5630100547226968], [0.026541637727798717, -1.668880639892763, 0.2318705847447866]]]}