{"bodyId": "h0", "timestamp": 1609488529536000000, "continuousState": [[[1.42604589871181, -2.80473854757645, 1.69753131829218], [-1.13867949267045, -2.33001540420462, 1.88733596350958], [0.31265588315673054, -1.7444685470835972, 0.820290964514071]], [[0.32248137450627845, -2.0050147770395768, 0.8016955341279327], [0.10029416314166006, -1.7653238250103447, 0.965881554809072], [0.30852901386511755, -1.6502676576212032, 0.9340384509008921]], [[0.40810357696415767, -1.9481642821792842, 0.7704710864839491], [0.20171616229370448, -1.8449403970121305, 0.987381455070721], [0.42025202432391695, -1.774416878605702, 0.8869106473443304]], [[0.15037146474613916, -2.0511487946183253, 0.6012978256686337], [0.008869055559153516, -1.8827244941199197, 0.7693865355629126], [0.09245688932193308, -1.8679281909970142, 0.7205456505600143]], [[0.4672717979146699, -2.0261892104568915, 0.5471749581827485], [0.31675762794556905, -1.9446582467701226, 0.8196009854702078], [0.38540707196862134, -1.9667020599924498, 0.6180807125080447]], [[0.19405799250256828, -2.131913052012055, 0.4743008919101437], [-0.05904413076718362, -1.9442841803768718, 0.48305962977328276], [-0.07381831170381647, -1.9671268650015181, 0.4228492191379385]], [[0.5395050417741726, -2.018538826359346, 0.20152602936162967], [0.17110062814160276, -2.0239701685744267, 0.7314970358776991], [0.4129436957099244, -1.93808445758515, 0.3573389075663105]], [[1.42604589871181, -2.80473854757645, 1.69753131829218], [-0.08645181456614615, -1.9035173152990554, 0.20984967256728382], [-0.11789298133495851, -1.8167223278133966, 0.21371316606747337]], [[0.5012264173501872, -1.8944767449125173, -0.14471317866550892], [-1.13867949267045, -2.33001540420462, 1.88733596350958], [0.38342387916393683, -1.910699794608821, 0.0811463328012414]], [[0.30018714314057204, -2.1250340639065586, 0.2127036669864788], [-0.032785723808751444, -1.9745005355762366, 0.4184813843313977], [0.0409674881120492, -1.826991620864304, 0.180881527994319]], [[0.42570697641279964, -2.080160082707418, 0.19182450652535543], [0.07740107684865505, -2.053298879106846, 0.42249419814565403], [0.24272617541595043, -1.8902324595048106, 0.14150408614317445]], [[0.39821425013995104, -2.0940454239098614, 0.17986531014866225], [-0.08305536560470328, -1.895627235811935, 0.02532502383103319]], [[0.4418624222138381, -2.001027405041599, -0.06565536274870531], [0.22243612043352612, -2.009375510406788, -0.04909665953668685]], [[-0.01916662413182202, -1.938734129697001, -0.8163389927523003], [-0.04322597386897442, -2.0014751149939563, -0.5455802884250409]], [[0.24549105368750568, -1.9584626849278335, -0.7816327585641051], [0.2067329571575296, -2.0470399476939627, -0.49356465389151283]], [[0.3358736492611136, -2.0556387356962613, 0.6028310412304518], [0.12130561790220828, -1.9287436246748784, 0.8141402187137163], [0.26820183885823146, -1.8780375150827584, 0.6799255664607993]], [[0.3088216313304045, -2.0386690025376084, 0.5742363919256911], [0.16281334175236128, -1.9136913704450211, 0.7944937605165602], [0.2389319806452772, -1.917315125494732, 0.6693131815340295]], [[0.36294705977668584, -2.1025970733069883, 0.20226408675591712], [0.022307676519951802, -2.0138997073415412, 0.42048779123852587], [0.14184683176399981, -1.8586120401845574, 0.16119280706874672]]]}