{"bodyId": "h0", "timestamp": 1609488600288000000, "continuousState": [[[1.42604589871181, -2.80473854757645, 1.69753131829218], [-1.13867949267045, -2.33001540420462, 1.88733596350958]], [[0.14024432806719478, -1.7177036680642257, 0.8221913143989661], [-0.006771095603837374, -1.5483880265633245, 0.9647674724060529]], [[0.23224022279834666, -1.5718262929561047, 0.7910238896277995], [-1.13867949267045, -2.33001540420462, 1.88733596350958]], [[0.10178868410783615, -1.8589229795222053, 0.6122499004515525], [-0.06439480232966188, -1.7231723067604932, 0.7656767739488644]], [[0.3799566566100965, -1.6140649667282907, 0.5744591635008345], [0.14888815557069401, -1.6035821839988826, 0.8361109303816583]], [[0.03366752254111827, -1.8870197132823827, 0.2944833594359355], [-0.09889357443780478, -1.7832590877648102, 0.4943694696812764]], [[0.4044249870143777, -1.5642962901584836, 0.24113603598794908], [-1.13867949267045, -2.33001540420462, 1.88733596350958]], [[-0.0994532546910587, -1.7816354014682565, 0.0036502290083260114], [-0.14188236506012908, -1.7482856867534318, 0.18783761087796358]], [[0.3711751479186167, -1.4852149273750863, -0.012517704238131921], [-1.13867949267045, -2.33001540420462, 1.88733596350958]], [[0.1534609109346372, -1.8063560123538256, 0.03381270566190153], [-0.1095352904283724, -1.7708171433887534, 0.4621246841632658]], [[0.3285998404931658, -1.6755672565630682, 0.04965944926525112], [-1.13867949267045, -2.33001540420462, 1.88733596350958]], [[0.1250925205847453, -1.8213306245789778, -0.335086961118207], [-0.01800241981069428, -1.7922223488051028, -0.09072173310469567]], [[0.2606235758743196, -1.6261586868532778, -0.3097450934578452], [-0.1351261417035341, -1.7386877451769767, 0.23604786833236524]], [[0.09707570369097596, -1.8844410104082785, -0.8361743809241384], [0.09644437881816792, -1.976720992467715, -0.5677496795092754]], [[0.2215030237497, -1.5855170192059223, -0.7550700010161022], [-1.13867949267045, -2.33001540420462, 1.88733596350958]], [[0.2374547414966215, -1.74331344691344, 0.5961612624113082], [0.04159932703955205, -1.6646074274714497, 0.8150579273227698]], [[0.2408726703589663, -1.736493973125248, 0.5933545319761935], [0.042246676620516066, -1.6633772453796878, 0.8008938521652613]], [[0.2410303757139015, -1.7409616344584469, 0.041736077463576327], [-0.6241073915494112, -2.050416273796687, 1.1747303238364228]]]}