{"bodyId": "h0", "timestamp": 1609488667076000000, "continuousState": [[[1.42604589871181, -2.80473854757645, 1.69753131829218], [-1.13867949267045, -2.33001540420462, 1.88733596350958], [0.3043368817218426, -1.4349739947309559, 0.7773187047943741]], [[0.26882395895634215, -1.6073703140943818, 0.8236990535679343], [0.09127561469475287, -1.3971003884864548, 0.9360641707933728], [0.2735204736044514, -1.3499567360102442, 0.8792959472473814]], [[0.3706535178562609, -1.5486059438464548, 0.8012829198781934], [0.20466781266589273, -1.4734021530245074, 0.9534399570519836], [0.4355307551365928, -1.339174960595512, 0.8674797198253708]], [[0.07318922514594095, -1.583302313436354, 0.6233645425368659], [0.008769057361597277, -1.4221678040308283, 0.7002321065745658], [0.10884130188395225, -1.440510665892583, 0.6881998396657627]], [[0.39999736973649, -1.6987860516649658, 0.5765003756253426], [0.2684923749676844, -1.6209776372185096, 0.7651338016986546], [0.3855130124672763, -1.604995835940023, 0.6337458397201525]], [[0.25525145078128864, -1.7178984498819567, 0.5651695556690703], [-0.07069765531513639, -1.4742873044598752, 0.43069846232375575], [-0.003193795639026442, -1.4306829012023212, 0.429953935967073]], [[0.45145664534533014, -1.7500074714984344, 0.24360703792034655], [0.30909920748600817, -1.705237030297247, 0.4617185289263215], [0.3579505367793627, -1.6466704066257678, 0.3622007611734701]], [[1.42604589871181, -2.80473854757645, 1.69753131829218], [-0.054734046981260054, -1.4092422404805436, 0.15578828698277114], [-0.1524204402677174, -1.4823084107206843, 0.114364899079332]], [[0.4523961761361268, -1.644699304205168, -0.031967726708514554], [0.4095057410846834, -1.6364752272797056, 0.16942501332733606], [0.35164563644258195, -1.6110109002340978, 0.10198141276818129]], [[0.2477789078319408, -1.728872391673782, 0.24319892970898116], [0.03153252099916348, -1.5512551956673033, 0.24537475328951697], [0.03577722636324765, -1.4641951561325801, 0.1281567642602932]], [[0.39466282104072636, -1.7696755281553467, 0.2274059648724338], [0.17589868188416347, -1.671394662163176, 0.238076551794143], [0.24407681356085642, -1.544034784114886, 0.11022863144267814]], [[0.3524026321801219, -1.6577359464210797, -0.10952757690038006], [0.09981654522474548, -1.4259450873047073, -0.18021154006219908]], [[0.3350212356922786, -1.6524158669086764, -0.17158977073213344], [0.22238434107333882, -1.6645635904735516, -0.18530728331970492]], [[0.25990626347471046, -1.6431567677663372, -0.5101447739754177], [0.10481948525081108, -1.3959774391201802, -0.6413150048275857]], [[0.21009358715195647, -1.639043393609762, -0.7590717644442491], [0.16073248295770193, -1.729204695874965, -0.5356166310296022]], [[0.27655153125038767, -1.6690056922794834, 0.6074390001920384], [0.08394426046053938, -1.5644028000770391, 0.7805916676919926], [0.2675081554990535, -1.4925107130225355, 0.6705863700314827]], [[0.2365932974412155, -1.6410441825506599, 0.5999324590811043], [0.13863071616464084, -1.521572720624669, 0.7326829541366102], [0.24717715717561428, -1.522753250916303, 0.6609728396929576]], [[0.3212208644363336, -1.7492739599145644, 0.23530244729070748], [0.10371560144166347, -1.6113249289152396, 0.24172565254182998], [0.13992701996205203, -1.504114970123733, 0.11919269785148567]]]}