{"bodyId": "h0", "timestamp": 1642435907670000000, "continuousState": [[[-0.23780255872121114, -0.7914908984901695, 0.6280000120487118]], [[-0.28021162246140785, -0.8999854792521782, 0.7181813837996116], [-0.2695127238253171, -0.8962670488563509, 0.717189839793268], [-0.24587742594939643, -0.8229746961292622, 0.7277166600025095]], [[-0.12872313947677888, -0.8761644738338794, 0.6857540051095492]], [[-0.4362760216297523, -1.0009386094143027, 0.557108261302544], [-0.3849128291118294, -0.960294944848535, 0.5562856321300237], [-0.3170651757503068, -1.0391005641473563, 0.5579064010208064]], [[-0.08995675736159336, -0.9159230674522134, 0.4563091445913978], [-0.05782882356640673, -0.9647639441380713, 0.5182455253335314], [-0.01495068083348805, -0.8984344433198839, 0.47027151457672833]], [[-0.5800404359429756, -1.0919545127766814, 0.3079264232304897], [-0.5305884152399714, -1.0954528641128891, 0.37702392906807825], [-0.4486621590552988, -1.1664827023151156, 0.31351364965031825]], [[0.10934438998799328, -0.8550602859692147, 0.25347615094126286], [0.23934490384759344, -0.7908234295789718, 0.08345661100661261], [0.13783040666580426, -0.8685491369874325, 0.2533217221037567]], [[-0.6215733705704816, -1.08113177366651, 0.08454576409154901], [-0.6229625095675118, -1.0962921591198407, 0.16006275646055768], [-0.5664874940894771, -1.0417464323623518, 0.15230005336080876]], [[0.2752416545349099, -0.8039949510520084, 0.07375815430563226], [-0.06715673850236037, -1.0373152456552468, 0.395091853277433], [0.2642487903459645, -0.7415521205167879, 0.04562351617322702]], [[-0.3961600892529866, -1.1791821100822253, 0.029073042913697167], [-0.4059744164832223, -1.2000010708914812, 0.20565832068066592], [-0.3623745538262845, -1.0217007085887166, 0.06778239710185752]], [[-0.1819861506338496, -1.148455938106276, 0.04387282384932467], [-0.21884127989322066, -1.2187601938555293, 0.18214617408503075], [-0.22388802862931934, -0.8964479090772797, 0.07833259238600732]], [[-0.39454311308721246, -1.1552212090132878, -0.40628351378620686], [-0.39070014402996445, -1.1775665284354702, -0.20614800831205682], [-0.3871240273315091, -1.0273792396381696, -0.2789182714778127]], [[-0.2556950821841011, -1.143818003425996, -0.376520948422882], [-0.24504126025349326, -1.1943830975241565, -0.23793783539599977], [-0.3182122182780145, -0.8090463822848095, -0.14234372353279823]], [[-0.3680850583086027, -1.1968906071160326, -0.7699933006668369], [-0.39439263616238973, -1.2302396289426643, -0.6465348236521481]], [[-0.2752443842360853, -1.1695154129567225, -0.8181939253966893], [-0.2878936513479753, -1.2610422401071952, -0.693717167641724], [-0.3160109628966543, -1.0201552752610301, -0.644366418579436]], [[-0.2624561448981383, -0.9584802729149384, 0.5113430106418635], [-0.2452628195962469, -0.9868707095743581, 0.562957017997459], [-0.22134979765483576, -0.8730585949140837, 0.552396441816687]], [[-0.26311638949567284, -0.958430838433258, 0.5067087029469709], [-0.22137082633911806, -0.9625294444933031, 0.5372655787317775], [-0.16600792829189742, -0.9687675037336201, 0.5140889577987673]], [[-0.2890731199434181, -1.1638190240942508, 0.03647293338151092], [-0.3124078481882215, -1.2093806323735052, 0.19390224738284834], [-0.2931312912278019, -0.9590743088329982, 0.07305749474393242]]]}