{"bodyId": "h0", "timestamp": 1642435915777000000, "continuousState": [[[-0.080723080668331, -0.7796765795279395, 0.6173866116359931]], [[-0.250220016650769, -0.9239721226726421, 0.7258149256133315], [-0.27049646075658823, -0.8680098461474359, 0.712295934631253], [-0.2121478256036856, -0.8065976724553441, 0.7031080068666209]], [[-0.1161588603843356, -0.8930040291272587, 0.6883730166318744]], [[-0.46210629941826886, -0.9220623249814983, 0.5727900524418621], [-0.40611961402204433, -0.9441439725183192, 0.6108510714130867], [-0.33665043903385683, -0.9439909703679168, 0.5918668577482548]], [[-0.0967726808035369, -0.8975550584495107, 0.46683569968536265], [-0.050991312299446756, -0.9532615061438752, 0.5100742826410245], [-0.05123217919973677, -0.8298367745899878, 0.514890771611789]], [[-0.7475526881996335, -0.8763429325253393, 0.5084499139342671], [-0.7035757370757544, -0.8769443876778185, 0.5173768299883483], [-0.6004069252185098, -0.9314280114399884, 0.5429730085619595]], [[0.11846500049821357, -0.8349425376311579, 0.25119856938421314], [0.2503829063786329, -0.7749177463097396, 0.06858484058315129], [0.11878508016194145, -0.8192629232910531, 0.2792748712522114]], [[-0.7574096804898612, -0.8371266739427097, 0.36663565738386794], [-0.6792478461932692, -0.811649044027446, 0.3637115740288572]], [[0.2739828598383687, -0.7937247671690735, 0.06577186423514103], [0.2492896861569036, -0.7241835898504365, 0.05896268483020961]], [[-0.4297001267597525, -1.132977225165441, 0.017728583167381462], [-0.41948260970595275, -1.1392605242216716, 0.1599035728231737], [-0.3427265732321467, -1.070120069463848, 0.044133781470684585]], [[-0.20123904104665924, -1.1533529427674492, 0.05053195659066323], [-0.2239764642299904, -1.1911308370575138, 0.14958019491244445], [-0.2283661041632118, -0.8874098647981399, 0.09178902104538211]], [[-0.40138842846404166, -1.1572171558420812, -0.4065636348063253], [-0.38714425296073474, -1.1608078168733296, -0.2726250273737436], [-0.3714163297756481, -1.0483732820537854, -0.2904720350547405]], [[-0.252929832653932, -1.16521042016474, -0.36333476356613703], [-0.23975982734251355, -1.18673973006223, -0.28453760838481323], [-0.31236716535013, -0.7476918771508951, -0.10144532781728888]], [[-0.37032875942250754, -1.2084955300098112, -0.7559958557626633], [-0.3941369244601731, -1.239979557789438, -0.6476863332886961]], [[-0.27565742911750646, -1.169909764057453, -0.8316500536000488], [-0.2876847239164737, -1.264674074802412, -0.6754174338659692], [-0.2902350108090017, -1.023171126399247, -0.6578457772518453]], [[-0.26360691172194206, -0.9237135112851962, 0.5225965526636926], [-0.2362959012139284, -0.967662661323395, 0.5727292696884461], [-0.20731108930832032, -0.8589995559903855, 0.5555021017822368]], [[-0.27943949011090286, -0.9098086917155045, 0.5198128760636124], [-0.22855546316074554, -0.9487027393310972, 0.5604626770270555], [-0.1939413091167968, -0.8869138724789523, 0.5533788146800218]], [[-0.3154695839032059, -1.1431650839664451, 0.034130269879022346], [-0.3217295369679716, -1.1651956806395927, 0.15474188386780907], [-0.28554633869767926, -0.9787649671309939, 0.06796140125803335]]]}