{"bodyId": "h0", "timestamp": 1642436040196000000, "continuousState": [[[-0.2916201577638883, -0.8028537102573943, 0.5741192743702794]], [[-0.44197749735850433, -0.9248071552199506, 0.6937623235651973], [-0.4501976235128773, -0.901457868091919, 0.6727982448753627], [-0.3799995457707792, -0.8465852874330879, 0.6667503897644538]], [[-0.30969993099049586, -0.8974043594864218, 0.6687963105880246], [-0.3108990961170323, -0.9136927260660652, 0.710820010106141]], [[-0.593684104460809, -1.0284065250502628, 0.5115839287701631], [-0.5507171088091537, -1.0962726062342305, 0.5970162668666188], [-0.43703802455920693, -1.1147583710031799, 0.5421411660136837]], [[-0.2572631048950367, -0.9113702950730649, 0.45417405077413564], [-0.19901368142770037, -0.9677860995979068, 0.5238514019487286], [-0.16483933201688383, -0.9209092325880015, 0.4785538636013531]], [[-0.6768343332262375, -1.1820900688903622, 0.2688502273051845], [-0.6440399443013058, -1.1813325929969913, 0.320475238297255], [-0.548641384628128, -1.2374716726366464, 0.3250210719479888]], [[-0.042836257243856035, -0.8465283856391392, 0.22686484506157623], [0.08244773392393445, -0.8014579315357748, 0.08701196316904691], [-0.0048441646072265865, -0.8670384447354975, 0.24528099755870103]], [[-0.5640027044583098, -1.1892592064907737, 0.17572596357511183], [-0.6321799792853189, -1.1312397368773885, 0.4735028742325754], [-0.5539780738094695, -0.9492016163429638, 0.3091395868739796]], [[0.10355783045722367, -0.76871887253694, 0.04611307708452861], [0.01289036665537524, -0.8659103069751681, 0.22215559373236826], [0.1087486310696073, -0.7563775522363703, 0.06167335576379995]], [[-0.5786955165277741, -1.1887025690649748, -0.0103247575424672], [-0.5516853248140976, -1.2371209881120635, 0.15367037175148024], [-0.5624568524836917, -0.8851518014096174, 0.22011252415618637]], [[-0.3405519413453283, -1.1715770906393708, 0.022184506619878475], [-0.340668901470882, -1.2056798630496228, 0.09185544133464596], [-0.34856870860879297, -0.9143122670042128, 0.10770656129857747]], [[-0.5901271025216704, -1.1662978985687804, -0.43520963281582015], [-0.5492889653823965, -1.2033669314926296, -0.3166749716825281], [-0.5321926726915324, -1.1026552691168805, -0.2496186061361637]], [[-0.4282982438557248, -1.1149641536887087, -0.4626700342697392], [-0.4091294861323256, -1.2026162446034405, -0.29948834439162586], [-0.3640998497253364, -1.1271873324571722, -0.3479504032172075]], [[-0.5692058266030149, -1.2667354166790663, -0.8397494080345951], [-0.5620180771364328, -1.3212194708749567, -0.6494562315614048], [-0.6901021734107782, -0.6618875425975854, -0.12985122610433275]], [[-0.4556347879622331, -1.2494901084890113, -0.8239099786407543], [-0.44887481975589694, -1.3201050324246801, -0.6896271488545634]], [[-0.4134591981660412, -0.9760689209140117, 0.49577566042744037], [-0.35796825200859494, -0.9438761397768696, 0.5025283482418199], [-0.35173890109881667, -0.9072279147988218, 0.5529620343664632]], [[-0.42547360467792283, -0.9698884100616638, 0.4828789897721494], [-0.37486539511842704, -1.0320293529160687, 0.5604338344076737], [-0.3009386782880454, -1.0178338017955908, 0.5103475148075184]], [[-0.4596237289365512, -1.1801398298521728, 0.005929874538705637], [-0.4461771131424898, -1.221400425580843, 0.1227629065430631], [-0.45551278054624234, -0.899732034206915, 0.16390954272738192]]]}