{"bodyId": "h0", "timestamp": 1642436099290000000, "continuousState": [[[-0.1038505021961793, -1.4450224892159866, 0.583194577835314]], [[-0.2749256513632191, -1.1589649326556126, 0.7320316266316691], [-0.24486957689364452, -1.1295630418528728, 0.7555418139488109]], [[-0.16072139010530456, -1.0896354376562116, 0.7311631508073784], [-0.15170596327133423, -0.9785289848078285, 0.7296304484037128]], [[-0.3824024183976884, -1.1052807358146, 0.47581155687543153], [-0.28442712942527787, -1.2194530797684429, 0.5919069807418774], [-0.2392457177849372, -1.1882720644662697, 0.5591465497599339]], [[-0.04390763811719545, -1.0334659187798632, 0.5590633453198497], [-0.08754643792291394, -1.1063693516132442, 0.6336312529190953], [0.0021438646262721406, -1.0014926706182345, 0.5347932415722276]], [[-0.6681889368148606, -1.1354304645936775, 0.3196699646080332], [-0.5861162725526722, -1.249103115932185, 0.4565041381423023], [-0.4336327278872061, -1.2753420909661672, 0.436304758629962]], [[-0.02849001861563971, -0.7982777073348977, 0.0584777999351036], [-0.020014396769234777, -0.8470792593512506, 0.2950147973385495]], [[-0.8557028958485617, -1.1933733084955063, 0.35373128507616447], [-0.8320481318635731, -1.2233301645494103, 0.4361941679827236], [-0.7245093178046198, -1.0134909727246293, 0.49990400638778887]], [[-0.005781749107963807, -0.79754024532812, 0.07330553037646736], [-0.010883425780567224, -0.7720286140828758, 0.03886015653682884]], [[-0.11744761178679253, -1.2997820807592595, 0.013113995187386207], [-0.15310177121255397, -1.340813903157124, 0.21070719837191487], [-0.12393195817285285, -1.255898469581068, 0.0029637006988645354]], [[0.017877843062536647, -1.1715092270643073, 0.03022566414044392], [-0.06308539303316851, -1.3138062955536702, 0.2263974477929085], [-0.04446456222409734, -1.0129089930206348, 0.0898318336132613]], [[-0.0677598694716447, -1.3413408085546248, -0.4038386348549958], [-0.10786264609912999, -1.4029229307035767, -0.12116748838533309], [-0.3092830851448054, -0.7895547123599862, -0.005553031241507078]], [[0.00858206479335688, -1.227323177265929, -0.3101487058265995], [-0.11080657979286135, -1.3909423987568834, -0.09964928896539127], [-0.24089384457369234, -0.7394160436962267, -0.0016296792440743113]], [[0.027304127104724185, -1.4133763290336174, -0.7690055774322975], [0.01688566180566564, -1.465559072943581, -0.6527926542271735], [-0.2900826681040385, -0.7561005158646537, -0.22817101449373178]], [[0.03969643212082996, -1.3824910535786836, -0.7015439966193853], [-0.03559265635758169, -1.3841587402781341, -0.5581273950946324], [-0.21697194514941676, -0.7804290902210125, -0.27300277285990826]], [[-0.1972861541129719, -1.0758913908226233, 0.5278398574957706], [-0.1714931157216899, -1.1461835565235245, 0.5983326702451295], [-0.10113537506012182, -1.1409474919238614, 0.5189174145858697]], [[-0.21315502825744193, -1.0693733272972317, 0.5174374510976406], [-0.1859867836740959, -1.1629112156908437, 0.6127691168304863], [-0.11855092657933253, -1.094882367542252, 0.5469698956660808]], [[-0.04978488436212794, -1.2356456539117833, 0.021669829663915063], [-0.10809358212286124, -1.327310099355397, 0.21855232308241168], [-0.0841982601984751, -1.1344037313008513, 0.04639776715606292]]]}