{"bodyId": "h0", "timestamp": 1642436119323000000, "continuousState": [[[-0.09078468545043528, -1.1058776034617048, 0.6409641896646348]], [[-0.1252663809739279, -1.2389778127307793, 0.7156161418634025], [-0.11030271549156045, -1.2206436863064947, 0.7558192137877291]], [[0.002839392220086112, -1.2077568748156886, 0.7377194389114907]], [[-0.022098269739703025, -1.3899708593157483, 0.5565015044285928], [0.05785964383261344, -1.3552999975408975, 0.5866570975924164], [-0.05630390318287404, -1.1228788240837786, 0.6023051745766832]], [[0.07322580537874995, -1.1876509400543547, 0.5632861198861459], [0.07466151389466846, -1.0636539778818024, 0.4973900793479098]], [[0.052980053299955976, -1.567533626979755, 0.34862436409648134], [0.11197706198005108, -1.5387584086586983, 0.3674657551236844], [-0.024795282145343656, -1.3178814804930612, 0.32709153053930573]], [[0.08712294577682922, -1.4578013765395124, 0.5357692666762143], [-0.1025616573242758, -1.0899088737087617, 0.4490879577735205], [0.026144406068689285, -0.931765230777876, 0.2475335064146642]], [[0.02101486006434894, -1.6223508509457931, 0.11180853782798372], [0.03624106483183165, -1.6228627409865235, 0.16398925392668295]], [[-0.06309989739383537, -0.8339066028376854, 0.12210397628629255], [-0.033324512593613465, -0.750869533841569, 0.05738707796784592]], [[0.08350728707574273, -1.5945286065464637, 0.22299086296301307], [-0.029091968241147015, -1.5153853399825503, 0.19930309622572806], [-0.03727194670593792, -1.2952441469930747, 0.0967279071616216]], [[0.13104133679609437, -1.518198558744474, 0.21327940505424114], [-0.10679773652052049, -1.3486330185248614, 0.12908169244367973], [-0.01037430402768802, -1.1714334728103437, 0.07933582882246348]], [[0.03998122362849921, -1.5124080813988936, -0.30806951988189735], [0.012632327146297362, -1.5211889996015553, -0.29574534899201566], [-0.22413258908556766, -0.8917041716198317, 0.027593195257369918]], [[0.00439455009269385, -1.6569670083108623, 0.021396472653146814], [-0.1336891544906692, -1.3787993466132362, -0.2744363386774591], [-0.20211197162335426, -1.0815787035208257, -0.09644955384972709]], [[0.07172519826270951, -1.5067744126847384, -0.7614751147026553], [-0.007589303586902574, -1.5455868327885836, -0.6150312106136805]], [[0.013169606374915155, -1.510463685103948, -0.6521364289302419], [0.05755188439835712, -1.5514870877370412, -0.589077052872616], [-0.31865791448201974, -0.793304548900871, -0.12373933922788982]], [[0.02882776858611613, -1.314941679706855, 0.5767948533415836], [-0.026040834198449603, -1.267229625057744, 0.5953370210306137], [0.007888117227770719, -1.099038810135499, 0.5489252047376825]], [[0.025563767819523464, -1.2888108996850516, 0.5598938121573693], [0.009178805355897213, -1.0932664009827904, 0.5498476269622965]], [[0.10727431193591855, -1.556363582645469, 0.2181351340086271], [-0.06794485238083375, -1.432009179253706, 0.1641923943347039], [-0.02382312536681297, -1.233338809901709, 0.08803186799204255]]]}