{"bodyId": "h0", "timestamp": 1642436154833000000, "continuousState": [[[0.021543958961302123, -1.1978940458407146, 0.7096405222529457], [0.03300146067039156, -1.1615010799858059, 0.744928060348183]], [[0.1587127762142133, -1.1722947221984918, 0.7577591894424813], [0.16216523961806062, -1.1367758499219094, 0.7905962838928065]], [[0.11895702032695255, -0.9914777626912262, 0.7015988281744892]], [[0.3491073874120789, -1.181198955497426, 0.5750543198797657], [0.35060732577165454, -1.1565905458930263, 0.601964861839388], [0.3931314082975015, -1.0724359834950818, 0.5828102942127581]], [[0.06539418941046199, -1.1282486432043115, 0.5666944698983163], [0.040968191545855626, -0.9827887371085615, 0.5161477650259827], [0.09978303958831347, -1.018297184186163, 0.478478401377874]], [[0.512065828847047, -1.2468869759551562, 0.36439790321165], [0.5590217413810072, -1.1607253147938148, 0.3608262072538133], [0.49213809429075006, -1.0598479816667814, 0.3749007408616011]], [[0.09765105514300132, -1.2303428688905016, 0.3430051661224647], [-0.016073425336143754, -0.9175622360176716, 0.3044233082431258], [0.13105731011266908, -1.0659572096100525, 0.16578908673312143]], [[0.6938054346132482, -1.2707205454711552, 0.13630953334210272], [0.6578570108503667, -1.2565335579792485, 0.22283651234577695], [0.6838248200410701, -1.1606454505510133, 0.15452541823394272]], [[-0.042682466877100644, -0.7770460444571121, 0.06663021390041401], [-0.015165384913665925, -0.7774499556806111, 0.03703603716497439]], [[0.3335073637230813, -1.3209402711720966, 0.10196736116996674], [0.28656871920695515, -1.3499709694466313, 0.17089445466711672], [0.30780385273693445, -1.041063455783307, 0.07256387828673827]], [[0.12968290912537545, -1.2884823253394575, 0.06322254676722316], [0.11685317605508228, -1.2369579760738567, 0.12884168538280072], [0.06104689601889057, -0.9362395472275505, 0.1360623247928433]], [[0.2971706365028892, -1.35234301159619, -0.36432666048714313], [0.2720927931696594, -1.3602500118788978, -0.24338846810394044], [-0.003136066062611409, -0.7588784450894002, 0.03689574588525646]], [[0.13184041507859368, -1.3661331525175775, -0.35737799294524264], [0.12226295224852635, -1.3622682268626716, -0.17697873382944418], [0.054470701753264184, -1.1055666724483946, -0.17181644723264966]], [[0.26045812398223134, -1.3933803557670967, -0.6952610716807861], [0.22883175942610845, -1.3622102411489316, -0.583836908581925], [-0.057234151149082146, -0.6697034019314554, -0.005799290988996397]], [[0.3279797808113797, -1.3795888329206067, -0.7342714329622227], [0.3284493570555447, -1.4183755719297633, -0.6511774060630364], [-0.25227099008360343, -0.49524499822938606, 0.01386284420634365]], [[0.2127001728225014, -1.1776252891970755, 0.5894799573995821], [0.1451326264128987, -1.1297947825606216, 0.6062368941378473], [0.27277313238103273, -1.0933976686444116, 0.5021135476258981]], [[0.20725078841127045, -1.1547237993508688, 0.570874394889041], [0.19578775865875508, -1.069689641500794, 0.5590563134326854], [0.24645722394290748, -1.0453665838406225, 0.530644347795316]], [[0.23159513642422838, -1.3047112982557771, 0.08259495396859495], [0.2017109476310187, -1.293464472760244, 0.14986807002495872], [0.1844253743779125, -0.9886515015054287, 0.10431310153979079]]]}