{"bodyId": "h0", "timestamp": 1642436199656000000, "continuousState": [[[-0.3443899408306581, -0.8526533915894527, 0.6668533861869561]], [[-0.47532050493799427, -0.9978638252866845, 0.7553522641976893], [-0.4806600978509218, -0.956284352850546, 0.7365677383041735], [-0.3984033641150493, -0.9452886381594507, 0.716554131646455]], [[-0.3399896916944573, -0.9340256374414206, 0.7620107592840604], [-0.3541342885282521, -0.978138830212234, 0.8151295392783172], [-0.2650150926995527, -0.8817760354908786, 0.7392251845155435]], [[-0.6148173870016358, -1.0228007689439627, 0.49110716392143416], [-0.5451176141298771, -1.0941896365301562, 0.586725011164151], [-0.43054198772430474, -1.1530674694976395, 0.5360426448892711]], [[-0.22950130882867242, -0.8917196005569337, 0.5074580335117584], [-0.20699372204017208, -1.013192669610445, 0.6009804230450329], [-0.17163401297205105, -0.9124767545532892, 0.5522791754429445]], [[-0.6205371660351953, -1.1642967489807234, 0.27943097333114064], [-0.5854247867708962, -1.1653443181596534, 0.3561026803514977], [-0.5025855744285735, -1.2250317625462444, 0.2760791710439461]], [[-0.2184422134645786, -0.8012211595110919, 0.07393876433288082], [-0.23062080459131318, -1.099548543348711, 0.4081991820306148], [-0.19188351505509604, -0.7876088825976036, 0.3080715144934034]], [[-0.643193919514043, -1.1124829591789598, 0.029319532813097737], [-0.6207110084650931, -1.157201241004179, 0.12505949133517613], [-0.5644814209395259, -1.0728333261650853, 0.12843828312432892]], [[-0.21024680423934433, -0.7154825099089064, 0.010238891021729923], [-0.19971982446196612, -0.7787020345066602, 0.03520629689184851]], [[-0.48762522074283515, -1.1170992742894534, -0.012283033749660888], [-0.47779513048013833, -1.20078148650128, 0.19609616965080012], [-0.4002615347657974, -1.0559641366334607, 0.042992776672709176]], [[-0.2420250693982966, -1.1239939425308618, 0.076062900694716], [-0.28845083107191205, -1.192060002238592, 0.18906263588577898], [-0.2666756747300879, -0.8412343508510465, 0.11984340657049042]], [[-0.41353474976299465, -1.111062337164229, -0.3692654419037187], [-0.41959037228351814, -1.1350796573728505, -0.2721113045484418], [-0.3941161895969323, -1.0273967120042082, -0.35961326676397076]], [[-0.27065786926324065, -1.105988024680762, -0.3323826337016167], [-0.2730005116074462, -1.1494333897864923, -0.24169840851989166], [-0.3052527996381088, -0.8320395119115087, -0.24006464493500956]], [[-0.3524989805966514, -1.1470631115341727, -0.7190910438301266], [-0.37240608632628414, -1.1908112416077847, -0.6482780782144996], [-0.38311424378580217, -0.9358779824217942, -0.544971811531952]], [[-0.2843605109832824, -1.1024374563215247, -0.7719993937426012], [-0.2747162172989812, -1.1811195803626124, -0.6885551352616825], [-0.33383697738588536, -0.7918096514187904, -0.443434975858793]], [[-0.41786007526749, -0.9788724897393493, 0.5100575685595468], [-0.38460535661891215, -1.0473659730392826, 0.583488884683509], [-0.33636392151171424, -0.9441227017490089, 0.5845394370300678]], [[-0.4221593479151541, -0.9572601847504482, 0.4992825987165963], [-0.3760556680850246, -1.0536911530703006, 0.593852717104592], [-0.3010880003481779, -1.0327721120254645, 0.5441609101661078]], [[-0.36482514507056585, -1.1205466084101576, 0.031889933472527554], [-0.3831229807760252, -1.1964207443699362, 0.19257940276828955], [-0.33346860474794265, -0.9485992437422536, 0.0814180916215998]]]}