{"bodyId": "h0", "timestamp": 1642436208902000000, "continuousState": [[[-0.4548186135802421, -1.1340402886625491, 0.7028943832296164], [-0.3530830542325636, -1.1694483870787677, 0.6932679099534693]], [[-0.3839145191555378, -1.22883270114813, 0.7288933821869918], [-0.3500690295414519, -1.2061356389290787, 0.7663056629845372]], [[-0.26660326386195876, -1.1437123243279128, 0.7108139807054583], [-0.2419040957430425, -1.09987474149647, 0.7006134683518646]], [[-0.3295630375945128, -1.358635856118292, 0.5352874991857979], [-0.23710002277998588, -1.3424720699374726, 0.6018564983166974], [-0.27945279963499814, -1.202613662861399, 0.5971522652298027]], [[-0.19588787792266416, -1.1722435160753548, 0.5701962262621239], [-0.3540491525669812, -1.1761840183154137, 0.6157327345729761], [-0.1989935359084124, -1.0350145431043527, 0.4931684055870056]], [[-0.2449617506754117, -1.5133567291203338, 0.28422223974202665], [-0.20909920882220268, -1.523418686540493, 0.4140677422624125], [-0.3777181990419999, -1.120124201361516, 0.48222999212344897]], [[-0.23550304698841334, -0.7374928028314731, -0.0009850071307726527], [-0.3699160690572968, -1.310216632071394, 0.48429836868287346], [-0.20502057835854293, -0.9145341664684984, 0.250887179610614]], [[-0.3094574088214097, -1.5369144648543094, 0.023531149700067866], [-0.25363227606797023, -1.5659513919794463, 0.13448185732082396]], [[-0.21539981956087634, -0.6787853534920931, -0.01570902645564165], [-0.41823859596926405, -1.2165206386152314, 0.4515102947838361], [-0.23149659859398275, -0.7486823790228354, 0.06237037872552209]], [[-0.1901224531487834, -1.5400239657692458, 0.16255969224979916], [-0.3089330146040875, -1.477312797637187, 0.1816420978608413], [-0.286057067090865, -1.3170221121930614, 0.07792553876579544]], [[-0.1609954939811361, -1.3475685678860008, 0.0606151827367174], [-0.36832936210831035, -1.3523025705670342, 0.11722891514240308], [-0.2393566986844582, -1.1326887554561242, 0.10696038326266888]], [[-0.22051581854619962, -1.4789025365419062, -0.3058070948120931], [-0.237926021908623, -1.5001683082398634, -0.25036341300361054], [-0.23801649768932065, -1.282455157880649, -0.2754317602209474]], [[-0.18486387350365197, -1.3300060115081767, -0.35811926052138254], [-0.3500708531355363, -1.5310332576407435, 0.008145861414952105], [-0.24184943363991707, -1.1535046583217397, -0.20470790261623306]], [[-0.178735240170804, -1.4657504925261768, -0.7988754206388996], [-0.15652730819990257, -1.52553072058666, -0.6594500529982953], [-0.19190003476329554, -1.320157588604326, -0.5981592017822337]], [[-0.12446545078035598, -1.4303782335575073, -0.7017404498636013], [-0.21374377066739103, -1.4625500405643956, -0.5318021108080608], [-0.18932862928857674, -1.2200538144302098, -0.5839634685737507]], [[-0.23422247068911617, -1.3001603023472483, 0.5793125917399368], [-0.30325378026217625, -1.2666467781321047, 0.6067633180285928], [-0.23375804055903293, -1.111715614410226, 0.5454784554461818]], [[-0.26272545775858847, -1.2654396860968236, 0.5527418627239609], [-0.29557458767348355, -1.2593280441264432, 0.6087946164448368], [-0.23922316777170527, -1.118814102982876, 0.5451603354084041]], [[-0.17555897356495975, -1.4437962668276234, 0.11158743749325828], [-0.33863118835619893, -1.4148076841021107, 0.14943550650162218], [-0.2627068828876616, -1.224855433824593, 0.09244296101423216]]]}