{"bodyId": "h0", "timestamp": 1642436230744000000, "continuousState": [[[-0.34434786639635995, -1.1722444371405671, 0.649411638343254]], [[-0.36953374956470114, -1.251191597022494, 0.6961695440624113], [-0.3263142749993884, -1.2393667355521083, 0.7367284584592237]], [[-0.24883610619653718, -1.183026266385047, 0.6900938899811173], [-0.20802552121710682, -1.1083679513981828, 0.68079064743483]], [[-0.29038633748348813, -1.370276055294836, 0.5145031232679063], [-0.18915559066051424, -1.3661476850466538, 0.5856328693712216], [-0.24599557618489087, -1.138589427868769, 0.633154283262844]], [[-0.18443542504364874, -1.1985912724133658, 0.5546996338087316], [-0.3304990981870594, -1.1720219058839483, 0.5321383451175992], [-0.17700889758313254, -1.0800692280780941, 0.4664121793106658]], [[-0.186646955805853, -1.5723283136140551, 0.30587620653355485], [-0.15894575070617611, -1.5842394809307485, 0.4179112222089677]], [[-0.22874006201956287, -0.7960568201445621, 0.02155973764383079], [-0.3438082205765851, -1.3408811604080428, 0.49133381975010515], [-0.18117770512514286, -0.9901486985206094, 0.20228992451912897]], [[-0.2220446443723494, -1.6658121198156868, 0.06913569213763271], [-0.1992530328550387, -1.6679844925886242, 0.17633873011239642]], [[-0.21397234888543293, -0.7804359245950117, 0.038183209910105154]], [[-0.12193548561578316, -1.6098387013655124, 0.19031960742889908], [-0.265967870219897, -1.5397319184515932, 0.21124429766113728], [-0.25421187563883285, -1.273655644433455, 0.10029851659982136]], [[-0.0805316807814298, -1.5071818288203542, 0.16979513273254554], [-0.34737692876650694, -1.38323071060525, 0.12436246673499873], [-0.20967057891404794, -1.2200628245714418, 0.07397879368625138]], [[-0.20026697222927037, -1.5117392777635064, -0.3503091142441278], [-0.21104874247526884, -1.5496124725722615, -0.3179041345009255], [-0.19451496675883861, -1.344888807150813, -0.29830990848359873]], [[-0.2365517783181088, -1.554469416497149, -0.22516136018968913], [-0.3814235774319006, -1.4229558210975997, -0.24892164348359236], [-0.2645490248547586, -1.4147023923778808, -0.3486766415159035]], [[-0.16180360273708683, -1.5329669532413772, -0.7855789845701753], [-0.2270412793750498, -1.5903595725303226, -0.576022470303651], [-0.30129473495934034, -0.9913236274699919, -0.3243233851600036]], [[-0.22271794217399565, -1.5297418861228829, -0.7159075666233725], [-0.1896599607397076, -1.589905250119985, -0.5677674173430317], [-0.2705350881641214, -1.0795825191495858, -0.3896715226365043]], [[-0.21224684693759843, -1.3255387976246187, 0.5501544960693493], [-0.2796048328416133, -1.302334119607932, 0.6005842459439114], [-0.19295936424069682, -1.132899332272762, 0.5257989986077172]], [[-0.23741088126356844, -1.284433663854101, 0.5346013785383189], [-0.25982734442378685, -1.269084795465301, 0.5588856072444104], [-0.2115022368840117, -1.1093293279734315, 0.5497832312867549]], [[-0.10123358319860648, -1.5585102650929334, 0.1800573700807223], [-0.30667239949320196, -1.4614813145284216, 0.167803382198068], [-0.2319412272764404, -1.2468592345024483, 0.08713865514303637]]]}