{"bodyId": "h0", "timestamp": 1642436233625000000, "continuousState": [[[-0.30509464728453817, -1.2754737208969082, 0.6246704281830602]], [[-0.37619118572312776, -1.231684252563931, 0.6867937249405924], [-0.3267784287563817, -1.230887981698993, 0.7471933348920659]], [[-0.24985765873340754, -1.1696529521914951, 0.6842867809037994], [-0.21379504314693654, -1.111111304170307, 0.6665301019360653]], [[-0.2918447906252146, -1.3680315402402878, 0.5128821103799523], [-0.18747934077465, -1.3635764331527327, 0.582962060477043], [-0.25752995129004463, -1.129959015750102, 0.6298864271193803]], [[-0.18321506351410888, -1.2017013363350881, 0.550401240219953], [-0.3320153756956544, -1.172476182619467, 0.5275895400047461], [-0.17092683166568956, -1.0614477261887718, 0.47939200252134606]], [[-0.19541877145930342, -1.5764994858699062, 0.30676683643579006], [-0.16282149258555623, -1.58222771334294, 0.4192650288545272], [-0.2704567406759679, -1.3204447310363396, 0.3801996109641701]], [[-0.22317006843567244, -0.8101211220723834, 0.023385219471825147], [-0.34568558867362514, -1.3412951243359692, 0.4626835735153977], [-0.1828890082230219, -0.9869604395281029, 0.20432633347088625]], [[-0.24014011125447343, -1.6492395728578753, 0.04997233586076466], [-0.18940887944885354, -1.6445566022313747, 0.14976288600793297]], [[-0.20276566015969005, -0.7792850413298325, 0.03579971548760641], [-0.22267530995222562, -0.7771435073762858, 0.04271546945042226]], [[-0.13699964860893576, -1.592993334135363, 0.18197230179870794], [-0.25766618464876145, -1.52569587856699, 0.17338293971136975], [-0.25421408331363704, -1.273631592319051, 0.10020892758931976]], [[-0.08836503357866932, -1.4791907308444256, 0.15507566908558834], [-0.3564237428145972, -1.3931382066672982, 0.11853384820493784], [-0.19661644472687856, -1.2492229341522014, 0.056828789330581]], [[-0.1993836557805444, -1.5089807244459374, -0.3209440635106797], [-0.2095376237006905, -1.547911529267643, -0.32285252417554355], [-0.18850001015769857, -1.3597478802044347, -0.3090020486460119]], [[-0.23117382627423444, -1.558814228372424, -0.1963468397617696], [-0.38263739407199193, -1.4137847188596147, -0.25940293718158136], [-0.2594540156645607, -1.4058556531756183, -0.34483337077240506]], [[-0.16060132672849525, -1.5301377585653169, -0.7480442043719189], [-0.22548657192079236, -1.5970470577906697, -0.5827685734262449], [-0.2253819330713165, -1.243248083320215, -0.4938171623717815]], [[-0.22309690108035363, -1.5368721469227462, -0.6772586750700832], [-0.1866868644579056, -1.596374786767958, -0.562771723436449], [-0.2310290092391929, -1.168813369733531, -0.47604884065955966]], [[-0.20771215583063635, -1.342491679495075, 0.5666987197849666], [-0.27526214009388944, -1.2982127544992779, 0.5848472676497475], [-0.1883005485571766, -1.1433844535772064, 0.5220086464348372]], [[-0.23752992706966175, -1.284866438287688, 0.5316416752999527], [-0.2597473582351522, -1.2680263078860998, 0.5552758002408946], [-0.2142283914778671, -1.0957033709694368, 0.5546392148203632]], [[-0.11268234109380254, -1.5360920324898943, 0.16852398544214814], [-0.30704496373167933, -1.4594170426171442, 0.1459583939581538], [-0.2254152640202578, -1.2614272632356263, 0.07851885845995038]]]}