{"bodyId": "h0", "timestamp": 1642435870820000000, "continuousState": [[[0.07677200495104985, -1.020352634300944, 0.6852748101319364], [0.16116394597208883, -0.9975618128995858, 0.6437582764890185]], [[0.06761336395058637, -1.1226834908364633, 0.7544370455130389], [0.15254582117924742, -1.1404395312180442, 0.7147641708369287]], [[0.23648065149314124, -1.193982672907061, 0.7871303030343728]], [[0.1622852219363906, -1.4053998200851474, 0.5901883258774381], [0.24489017201447738, -1.3199261292851507, 0.6126760515534628], [0.18096338221374042, -1.23644722211999, 0.6095106025371568]], [[0.29930759227453585, -1.1636023624695027, 0.6018521705672566], [0.13819098892413273, -1.1285575495744145, 0.5970768351889755], [0.30035816191783105, -1.0303438386337196, 0.5340943777249288]], [[0.21031630243836658, -1.5150515760923853, 0.3404337198909996], [0.23421646437693, -1.5019956354509818, 0.4076331330089151], [0.15229058309993704, -1.2471055728698475, 0.41064985298164336]], [[0.33552895966266527, -1.3439369909147392, 0.493153887837417], [0.11915008163468888, -1.0742813877038104, 0.4659976285485792], [0.3393851783164754, -0.9592574745780541, 0.2383582691513063]], [[0.19254364075178515, -1.5884131798358974, 0.08719955054761741], [0.20874100167756693, -1.5641260054499757, 0.17344948086203216], [0.28781008985473533, -1.5588504269470913, 0.07370271280238494]], [[0.24379203880251643, -0.7862695513782414, 0.08749868071573697], [0.2524162618076622, -0.7284662406648605, 0.06360897105144858]], [[0.2725157339502333, -1.5290250057314803, 0.2486750921228389], [0.13862814450370764, -1.4704398489332617, 0.23327025200806428], [0.18868353308087848, -1.2942648777200034, 0.05197962331472272]], [[0.3476503837232751, -1.4154367384529414, 0.2194476193256404], [0.0783401981371421, -1.3207766240235137, 0.17920918318084023], [0.27414132853657325, -1.16075263197336, 0.04103919606279127]], [[0.2607250491054559, -1.4514039470207791, -0.22140453243156988], [0.2278407065507162, -1.4666907722028295, -0.19827542451273072], [0.22754862378604734, -1.2919165339026435, -0.32667054699473985]], [[0.30745685629460573, -1.4488380384841981, -0.10241254860889781], [0.15496112077255064, -1.3848186538356768, -0.1480813962963652], [0.21120419558594605, -1.1544508165341658, -0.25238125450998083]], [[0.33229048863694616, -1.441548232032298, -0.7610243144226092], [0.3287517046037862, -1.4780139495946545, -0.6719042589881064], [-0.19155926300921888, -0.5282765557015752, 0.017096718387858756]], [[0.3417662544023039, -1.4232913378234069, -0.5824139567265718], [0.2968688647523321, -1.4129325527039724, -0.6085861441539526], [-0.1517131944882011, -0.5028430088110298, 0.01433705496290777]], [[0.22999047062572103, -1.2945506485748979, 0.6074095768542674], [0.18392661764271157, -1.230921765345175, 0.610827753111151], [0.16797152679841099, -1.0305652986808362, 0.6111182963876775]], [[0.23079640710546323, -1.284501091277325, 0.5960202482223473], [0.19154058046930506, -1.2242418394297827, 0.6048764433712192], [0.24066077206578573, -1.1333955303768548, 0.5718024901310428]], [[0.31008305883675424, -1.4722308720922108, 0.23406135572423964], [0.10848417132042487, -1.3956082364783877, 0.20623971759445225], [0.23141243080872587, -1.2275087548466819, 0.046509409688757]]]}