{"bodyId": "h0", "timestamp": 1642436322802000000, "continuousState": [[[-0.27880518039652535, -1.0524714049493316, 0.6593464972355112]], [[-0.201908027903676, -1.1446694175585204, 0.7000526979542341], [-0.17434990367431857, -1.1267299285354908, 0.7283439614488689]], [[-0.07636748702739848, -1.0007361864094333, 0.6607937989444759]], [[-0.14537604549959648, -1.2848857282057695, 0.554877927553508], [-0.09548692365927736, -1.3046604567643045, 0.6316771611904877], [-0.14590215712308674, -1.102486434093921, 0.574046134358221]], [[-0.014864150997207615, -1.14871663068431, 0.5785493323711763], [-0.18356661981803657, -1.0939247468525002, 0.5801455918866156], [-0.0690823070887443, -0.9031990000726806, 0.5052797543760146]], [[-0.10852591540324252, -1.4746862597798092, 0.3440673478218764], [-0.06074007905855294, -1.4603126567292604, 0.39981726779891225], [-0.12212013904015229, -1.2789604013249138, 0.37257056016908663]], [[0.038770659023045106, -1.188528643848388, 0.41132157102070255], [-0.19965991325055554, -1.0473769295367596, 0.45756549475055275], [-0.04639374177267963, -0.8586040875659208, 0.1832097889220058]], [[-0.15735985062070457, -1.5287437424907826, 0.12350693685462222], [-0.14001492103495428, -1.52402685719619, 0.18942699816487196], [-0.07878585999353871, -1.503809353531916, 0.11365110670964929]], [[0.0606455495783399, -1.2203680798784613, 0.4444789515523382], [-0.11888632388524178, -0.633662630530403, 0.032214505829718076], [-0.10878540488027078, -0.6530385629370057, 0.04202373464025133]], [[-0.026090508219669628, -1.5219172653582724, 0.18927649310471417], [-0.14132576297293065, -1.4586233920959581, 0.2375085613602459], [-0.11414817032216096, -1.2802336934523695, 0.05003901651098219]], [[0.04380074522725108, -1.4360937295112508, 0.18421188790461862], [-0.2034376333611465, -1.3067738514308194, 0.140404721616614], [-0.060642460215221794, -1.205613996414495, 0.004623549464011778]], [[-0.05011239797999201, -1.4475572864792783, -0.3333029256190986], [-0.08272045731285216, -1.4596487015707322, -0.2596525366113307], [-0.21576834140209877, -1.0860170347390974, -0.11197676883744812]], [[-0.16002850224291654, -1.4399128655214901, -0.3076443977384058], [-0.21928588749965816, -1.34538344027949, -0.2739267501664917], [-0.2933535418212905, -1.0015311460126606, -0.08845257375876425]], [[-0.005714879773962678, -1.4112942265157193, -0.7916784779511458], [-0.08827667927275162, -1.5479942361918317, -0.5495562071318763], [-0.3255821825258526, -0.7949309866657923, -0.11497867730865141]], [[-0.06866467813490318, -1.506595056618032, -0.7483771077461576], [-0.050012567948591435, -1.5665590007950696, -0.539977382315852], [-0.31481075678180037, -0.8154462999836793, -0.1630997070852267]], [[-0.07077777843419697, -1.2433631732579757, 0.5794619087843449], [-0.13394653966110093, -1.1859151889097275, 0.5914262528861914], [-0.09043840543674841, -1.0372132622920196, 0.527995927234638]], [[-0.08012009824840205, -1.2168011794450397, 0.5667136299623421], [-0.13952677173865696, -1.1992926018084025, 0.6059113765385516], [-0.10749223210591552, -1.002842717083301, 0.5396629443671178]], [[0.008855118503790727, -1.4790054974347617, 0.1867441905046664], [-0.17238169816703858, -1.3826986217633888, 0.18895664148842994], [-0.08739531526869138, -1.2429238449334323, 0.027331282987496985]]]}