{"bodyId": "h0", "timestamp": 1642436323740000000, "continuousState": [[[-0.29310326200626213, -1.0523585894110061, 0.661265503591179]], [[-0.20460233595409993, -1.1509558632572952, 0.7077735668360723], [-0.1893356027097161, -1.1195394452766623, 0.7320443735230502]], [[-0.08125064910496094, -1.0055494594658763, 0.6598046866936262]], [[-0.13917627319505843, -1.2968371570814918, 0.5689712975845854], [-0.10276804556907171, -1.3104283503762506, 0.6169787575413817], [-0.15688960899951154, -1.0802743769035734, 0.5822793441869368]], [[-0.017487182727125183, -1.1409071501233405, 0.5679190624294888], [-0.18906710092977264, -1.0924314923562495, 0.5768145192581033], [-0.04536839571606932, -0.9307869658280733, 0.49950930907919255]], [[-0.10584890913349432, -1.4681480557694222, 0.34648963442278446], [-0.0688982154816401, -1.4736445138400258, 0.38170537316572206], [-0.10081443681944235, -1.3070181808611716, 0.35950985488803733]], [[0.04384377650728388, -1.2042421497973916, 0.4226980068598847], [-0.1934147444511296, -1.023791498227358, 0.4416040245901234], [-0.03242582917723058, -0.8959588509473342, 0.18436037457851062]], [[-0.15897215197128, -1.525079174461881, 0.12699140759970207], [-0.14977810961034754, -1.520042379653019, 0.18749670584202938], [-0.1092093801263101, -1.4350256203794527, 0.15668009021862195]], [[0.04678831840633585, -1.176290919841116, 0.41915936023710176], [-0.12460843005168043, -0.6426701669680452, 0.03273363604182422], [-0.1033099435935787, -0.6610647342343907, 0.035321555201418]], [[-0.02251150859135398, -1.5283290632233366, 0.20462360756975484], [-0.14991332774791477, -1.4685956195855878, 0.24541276598109807], [-0.12373283404741775, -1.26047113496573, 0.06973110280930228]], [[0.033023592725604956, -1.3930721548328864, 0.14674557532109023], [-0.21355945006840427, -1.3216812109674003, 0.15378841116251474], [-0.04724728348363261, -1.1808197884415967, 0.014411982204779239]], [[-0.05077273729053766, -1.4454105139926503, -0.3254841930165886], [-0.07490378834000921, -1.451372943051461, -0.26647560833730366], [-0.21045943677632384, -1.063808886054306, -0.07560712913179479]], [[-0.132904845553242, -1.4489510413578028, -0.2835985304411388], [-0.2145742999176088, -1.3295305832280233, -0.2865101318562535], [-0.29152458985276175, -1.0045337627031472, -0.09091347323762033]], [[-0.00973566976926421, -1.42078951348001, -0.7777307969444858], [-0.08535947677113764, -1.5447789579669529, -0.5581882717527408], [-0.32501035293130365, -0.8262456445301583, -0.13669552150477993]], [[-0.08664040336336809, -1.4964479497695258, -0.6937934567102286], [-0.042599502782703746, -1.5593495920416767, -0.5598481360061607], [-0.3241403841525099, -0.7966868403711937, -0.13934825221861413]], [[-0.07786725366832192, -1.2264277594431712, 0.5686366434014343], [-0.150552487766192, -1.2012472237253915, 0.5962615101651437], [-0.09026186419390347, -1.0372065889690194, 0.5283222354109598]], [[-0.07833172796109181, -1.2188721536024163, 0.5684451800070371], [-0.14591757324942217, -1.20142992136625, 0.5968966383997425], [-0.10112900235779043, -1.0055306713658234, 0.5408943266330647]], [[0.005256042067125488, -1.4607006090281116, 0.17568459144542253], [-0.18173638890815952, -1.395138415276494, 0.1996005885718064], [-0.08549005876552518, -1.2206454617036635, 0.04207154250704076]]]}