{"bodyId": "h0", "timestamp": 1642436361260000000, "continuousState": [[[-0.059512312842253556, -1.0100427185942833, 0.6765562112940651], [-0.01803354307549343, -0.9933422618093628, 0.6707916340231118]], [[0.04128257758471782, -1.078573801215177, 0.7350673223019263], [0.052611305764082794, -1.045027938734569, 0.7604114644535895]], [[0.05974116575066257, -0.90073300990029, 0.7017323426678007]], [[0.2915435461647031, -1.07238370993533, 0.6058688502253612], [0.2900016068707817, -1.0395759134919351, 0.6274124381168302], [0.2978830311931573, -0.9396945999734183, 0.6303170162662945]], [[0.0026321034363739892, -1.0248541054351108, 0.5580211607542322], [-0.04249699577841892, -0.9561197316255237, 0.5565224403588627], [0.025978337250285755, -0.8769712908333689, 0.5004491692058693]], [[0.49125996981774206, -1.080875724378517, 0.39609835479766464], [0.5166864642097606, -1.0274105614387345, 0.3850034271013223], [0.47488672713492774, -0.9566885121484999, 0.4142354224643269]], [[0.06361974106579604, -1.0585341332984057, 0.30279180190099253], [-0.06462914866345615, -0.793534366599771, 0.2987070669120837], [-0.03800026026479508, -0.7768746472679604, 0.2656816649952919]], [[0.5407386292145566, -1.1191602621114787, 0.13228357039626348], [0.5472160328749017, -1.1140268896010386, 0.18223191136388928], [0.547765368257902, -1.0738951374399472, 0.15027980753956915]], [[0.022061907401514536, -1.115548310313813, 0.35934961830909984], [-0.12308599649019714, -0.6446014144449341, 0.041454842076070975], [-0.1018050413716316, -0.6647352334259833, 0.04712762109545815]], [[0.311272520132644, -1.1544025195217675, 0.06931478722586237], [0.26909616786480506, -1.2351352702708942, 0.17151598554747216], [0.2200010286991807, -0.8691488556697029, 0.10893316659183994]], [[0.11183582002496778, -1.1919384704072835, 0.062463667909696596], [0.09051383629372367, -1.140315591098061, 0.11159470254850667], [-0.0331507033851528, -0.727439915420076, 0.187957141698614]], [[0.33430317722184955, -1.2029565592961635, -0.4115943596431392], [0.2536299271353588, -1.2556552540205124, -0.2572233536753368]], [[0.11587655978248945, -1.2703735748898068, -0.4006563363393867], [0.12221943565438509, -1.2862681275861174, -0.2510257823325488]], [[0.3398148829547731, -1.1727585883457339, -0.7716394904923704], [0.17407436652173902, -1.3051476207527994, -0.4437452368159025]], [[0.17170816212755258, -1.2939969640213365, -0.7856446673362668], [0.1723259576154772, -1.373074808739545, -0.6407261398184867]], [[0.15718694688612495, -1.0975869349624383, 0.6080787862425618], [0.07585150025636134, -1.0319983392227825, 0.6221406003514081], [0.14916126925609396, -0.8948804507359249, 0.5572168265822811]], [[0.14708782480053856, -1.0486189076852204, 0.5819450054897968], [0.12375230554618138, -0.9978478225587294, 0.5919674392378464], [0.16193068422172152, -0.9083329454033936, 0.5653830927360819]], [[0.2115541700788059, -1.1731704949645256, 0.06588922756777948], [0.17980500207926436, -1.1877254306844776, 0.14155534404798942], [0.09342516265701395, -0.7982943855448894, 0.14844515414522697]]]}