{"bodyId": "h0", "timestamp": 1642435881004000000, "continuousState": [[[0.18508258562113222, -1.0205033028128039, 0.642837120432497]], [[0.08094112930109265, -1.1171459533018457, 0.7678977486143013], [0.14907791760735534, -1.1080579199428404, 0.7227791576837603]], [[0.2334584423418383, -1.1518353840619948, 0.773875651375537]], [[0.18000992368540286, -1.3827044163336277, 0.5916231559276701], [0.25283140875654164, -1.3195113517197687, 0.6089870259211196], [0.18465629006118545, -1.2276893869646872, 0.6192515927641336]], [[0.3054594929658495, -1.1691712481171765, 0.6059622632783773], [0.14222053711152738, -1.1348337410062084, 0.620952635712219], [0.2972924787030533, -1.0155181323179783, 0.5465699203477]], [[0.22015602424587416, -1.5199700333977468, 0.3752636672018641], [0.24511921830976957, -1.500607315328939, 0.39366352578677644], [0.1867938956179367, -1.3013573411094024, 0.3618529783793475]], [[0.3456327974847907, -1.347496050142829, 0.49850155786168926], [0.11864676342024982, -1.0847751664928085, 0.47707485987843645], [0.3355907631387929, -0.9550309408548152, 0.24931111790638905]], [[0.19759445718365826, -1.58747387941988, 0.08837396575666123], [0.20242423042098046, -1.5624171424792936, 0.16961956074681606], [0.1539361083107209, -1.3126350172854395, 0.1861579319247233]], [[0.24342144351730421, -0.787094947752335, 0.08806843160378319], [0.28300034694888865, -0.7647543554854308, 0.04374571118345261]], [[0.2771521990265505, -1.5269042313411174, 0.24819251988638402], [0.12582700138484715, -1.4743883229996864, 0.26016890514784174], [0.20995182569687865, -1.328919743179167, 0.0413119999171333]], [[0.34870129562605556, -1.4162940634777912, 0.21311974029029046], [0.08540790372421414, -1.2987353422937014, 0.1910626672650777], [0.27097249434144555, -1.1575650865614722, 0.061094118085479265]], [[0.2650015713840266, -1.4765860452640736, -0.17417720192182273], [0.22784285700289486, -1.4666932472033003, -0.19827554321577412], [0.20778242379241552, -1.2796759696251312, -0.2754254550469487]], [[0.30660305029275603, -1.4428380504027476, -0.11097699206905065], [0.15519714404122176, -1.3672508335891338, -0.15256977493885504], [0.22680690313311502, -1.1643991204661552, -0.2531039756685991]], [[0.3369601446149523, -1.4321258389899352, -0.7621786926146537], [0.3319185530250621, -1.4756209623403234, -0.6779721427679116], [-0.1581997594456297, -0.5808639185000162, -0.0022348638098230733]], [[0.34148715631007104, -1.430184307958583, -0.5582323182472743], [0.29464430068152425, -1.414552222050464, -0.6041542770997159], [-0.13111723055476454, -0.5426197852559602, -0.012965486759624723]], [[0.24136952262987518, -1.2768578059489675, 0.5997189926207989], [0.17522152563193116, -1.2481733553703291, 0.6325367622577833], [0.1726583848842509, -1.0116951656187398, 0.6162705554807244]], [[0.2427347083256262, -1.2759378322254022, 0.5987927096030237], [0.1975259729340345, -1.2271725463629886, 0.6149698308166693], [0.24097438438211938, -1.1216037596413329, 0.5829107565559168]], [[0.31292674732630305, -1.4715991474094543, 0.23065613008833724], [0.10561745255453064, -1.3865618326466937, 0.22561578620645972], [0.2404621600191621, -1.2432424148703196, 0.051203059001306284]]]}