{"bodyId": "h0", "timestamp": 1642438186046000000, "continuousState": [[[-0.2828202392226792, -1.0522823365501992, 0.6055930963115639]], [[-0.3903679208647778, -1.1634484851053433, 0.6902505256515075], [-0.3925729891427426, -1.1148503170764903, 0.7140674120199639], [-0.2568119496640049, -1.2417484820295457, 0.6510685931131455]], [[-0.25002050265535236, -1.1165435750066073, 0.7084104303353265], [-0.1301229120359476, -1.1377470836085046, 0.6215405979084515]], [[-0.3125081444845804, -1.3336228858309624, 0.5496692559793137], [-0.2133751336241393, -1.3547254421017438, 0.6103667754751063], [-0.2925201932838587, -1.1895642497802164, 0.5877328627453059]], [[-0.18105947658925436, -1.2050410813056132, 0.5651541912616906], [-0.34126508027232516, -1.1478784654086822, 0.5654027097645676], [-0.16031421224746178, -1.0673008419353731, 0.4835362932606646]], [[-0.2197521588675489, -1.5419255155065927, 0.35804933137968975], [-0.2010402824555355, -1.5549414355734719, 0.4371355325796523]], [[-0.23713967136534198, -0.79529272296587, 0.018699581476238514], [-0.3802009586694953, -1.297796453895134, 0.4897740894437702], [-0.18789680610377069, -0.964706835698119, 0.2535328484361611]], [[-0.2768782434834697, -1.588685449314731, 0.08386069812786756], [-0.23796192986982212, -1.5857155402183196, 0.15317734525844617]], [[-0.2055859587956415, -0.7277909949042776, 0.01947344691802999], [-0.40303690374283146, -1.2172390140279972, 0.4528477524113682], [-0.225572148128236, -0.7457604567745466, 0.055400198569557246]], [[-0.19555507495602065, -1.5348178861892732, 0.13975432370728558], [-0.29417746084630103, -1.504723514773685, 0.2311005802045366], [-0.27695100112071214, -1.2568554494598407, 0.11277229553641621]], [[-0.09142809075428937, -1.4679195124838726, 0.19803986166352017], [-0.3665658678138024, -1.3623397958630825, 0.13346427949942563], [-0.21951389338952831, -1.160957651721433, 0.12101505595947504]], [[-0.19681396900723136, -1.4791001390743976, -0.28429058005388996], [-0.2347028102044212, -1.5042821089224938, -0.1837966802142208], [-0.22942762361525992, -1.241567775748311, -0.24438443031645918]], [[-0.15966787727204357, -1.3466097280637594, -0.3052891184816269], [-0.3386712236595747, -1.4569974620978212, -0.03427359552082487], [-0.2645659517437895, -1.0834628186294517, -0.1466778684002965]], [[-0.14257602148380255, -1.4476226724745365, -0.7387716994156416], [-0.1437760428473167, -1.497468820625256, -0.6042023756312681], [-0.31192431800548126, -0.966690535800151, -0.3197770888931484]], [[-0.06573468141136596, -1.3450527655423552, -0.777466528893455], [-0.192349061468697, -1.5063198424644488, -0.30450523224152426], [-0.3122335205802669, -0.8172110862190558, -0.22699728416236598]], [[-0.21414484072733164, -1.3269597527638584, 0.5866381660113563], [-0.29367376142549845, -1.2847169163428434, 0.6158411998214951], [-0.2450009011482055, -1.103001957920187, 0.5424935353635454]], [[-0.2467838105369174, -1.269331983568288, 0.5574117236205022], [-0.2773201069482322, -1.251301953755213, 0.587884742619837], [-0.22641720276566024, -1.1284325458577946, 0.5356345780029852]], [[-0.143491582855155, -1.501368699336573, 0.16889709268540287], [-0.3303716643300517, -1.433531655318384, 0.18228242985198112], [-0.24823244725512023, -1.208906550590637, 0.11689367574794562]]]}