{"bodyId": "h0", "timestamp": 1642438196833000000, "continuousState": [[[-0.08728365572765306, -1.128356463869528, 0.7365203406658565]], [[0.050393041564899654, -1.088942425672241, 0.7747879422682773]], [[0.020325156658577814, -0.9920116203813747, 0.6961228907898624]], [[0.2185424495898508, -1.1225058127597025, 0.6249558704556997], [0.2801570849957393, -1.0220813348038356, 0.5860279526355219]], [[-0.0756347171007331, -0.9795959635152534, 0.5150352208690727], [-0.004959097977048632, -0.9839396773543192, 0.4752500039402021]], [[0.39536131039114786, -1.1393948410766928, 0.35759461708415086], [0.4024717972298233, -1.0434689089497184, 0.344001214838085]], [[-0.13296620749786758, -0.9020556100980819, 0.29891879669068366], [-0.06393277873733494, -0.9287659270323256, 0.22141150999737547]], [[0.49080329858148886, -1.2331021754011542, 0.1737374974797501], [0.5057827029218636, -1.136662750666966, 0.11383132387388084]], [[-0.2274705769388793, -0.7922092381243246, 0.06506236389656772], [-0.19534999553592824, -0.760204241551502, 0.045230301776185144]], [[0.21608000692862717, -1.3010502168607365, 0.1729357550952395], [0.24507185038192847, -1.0179625702555608, 0.0628787434592406]], [[0.0633438099721797, -1.16460896068577, 0.06985493461982051], [0.03346589269015254, -0.9193650032071752, 0.13449379631612612]], [[0.21080146859215487, -1.3413621625444758, -0.27732672694184424], [0.01986824726597458, -0.7764187594242606, -0.01842165652564831]], [[0.08911656948361413, -1.3395623825154719, -0.19569242122156894], [-0.04184195963855286, -0.8762075535737759, -0.012987552680455816]], [[0.23220302979120055, -1.3289419904787085, -0.6201789209210353]], [[0.33606486022518145, -1.4012102183401849, -0.6499939194155813]], [[0.03153185912396672, -1.0970241409784767, 0.6029596849942249], [0.12358836749928481, -0.9932882682659534, 0.5290469785795374]], [[0.07145386624455885, -1.0510508881374778, 0.5699955456623862], [0.13759899350934535, -1.0030105060790775, 0.530638978287862]], [[0.13971190845040343, -1.2328295887732532, 0.12139534485753001], [0.1392688715360405, -0.968663786731368, 0.09868626988768336]]]}