{"bodyId": "h0", "timestamp": 1642438230065000000, "continuousState": [[[-0.07326944387524947, -1.1082936129959327, 0.6382520761518098]], [[-0.03376586274106952, -1.1358211282438495, 0.7474190925523798]], [[0.011537635996916817, -1.0160682968631576, 0.6761309219966375]], [[0.20119331486073844, -1.1403647004023325, 0.6213309853480569], [0.27440913072789597, -1.0532714192427441, 0.59315268983292]], [[-0.10267444162336947, -1.0266215170054451, 0.5188988810446775], [0.024441466171927884, -1.0462527863487083, 0.4490792429082695]], [[0.3654653465145321, -1.1761491028449487, 0.39517284739668024], [0.4201096189529687, -1.0905145007692512, 0.3240440099046069]], [[-0.1461977857012129, -0.8748445596900079, 0.2550139547231174], [-0.07254553229775706, -0.9564530560129421, 0.21044705394996965]], [[0.4876509059023628, -1.2438661276924812, 0.18097712913815056], [0.5086432258465738, -1.1555543015932916, 0.12371581877792026]], [[-0.2330730466972294, -0.8061785402108137, 0.07833977001174541], [-0.18484935944980485, -0.7786794555560883, 0.031155130352950255]], [[0.24169026317336895, -1.3093170747483345, 0.14424881863681116], [0.2781404474742153, -1.0788859536844047, 0.043236439658446923]], [[0.04871519591194007, -1.2284444686280607, 0.10689481898485642], [-0.0016045228861849559, -0.9437623384530647, 0.13050579904880155]], [[0.22541640207946967, -1.337983621364555, -0.25103652192626535], [0.03226637483215544, -0.7965044824825811, -0.010486613267498446]], [[0.07462963902668873, -1.3548382365014617, -0.1682399640932004], [-0.14145966606638694, -0.8164567155524718, 0.03358964821060717]], [[0.22744007018671608, -1.333792451401607, -0.5978801965553489]], [[0.33519763941946135, -1.4027591694248636, -0.6607996273735105]], [[0.012239221110534881, -1.1278529712477932, 0.6014257003258252], [0.15096736222388074, -1.0476498114345036, 0.5083271487120351]], [[0.04925943661868448, -1.0834931087038888, 0.5701149331963672], [0.14942529844991193, -1.0497621027957262, 0.5211159663705948]], [[0.1452027295426545, -1.2688807716881976, 0.1255718188108338], [0.13826796229401517, -1.0113241460687346, 0.08687111935362424]]]}