{"bodyId": "h0", "timestamp": 1642438287752000000, "continuousState": [[[-0.3255845907976658, -0.8075783745545845, 0.6782300758745405]], [[-0.3258201781003621, -0.8991969060317042, 0.7290778660802153], [-0.30827686564637125, -0.9081936916484328, 0.7379342464954772]], [[-0.20120222344544547, -0.8713399396619927, 0.7399091470262282], [-0.19705243209021728, -0.7716009660604539, 0.7177502229190834]], [[-0.44005454238126507, -0.9176025786862387, 0.5335710198135193], [-0.3773814671414287, -0.9523198242764144, 0.565395276387829], [-0.31199144047502547, -1.0165002644869623, 0.5506101631240878]], [[-0.07015287694761213, -0.8422307841741032, 0.5243233424343887], [-0.05912302781417034, -0.8767279945394755, 0.5684465075618981], [-0.05530952941569267, -0.8008336141683221, 0.5462101063994881]], [[-0.7366560303585765, -0.9602612494712912, 0.3161409753778601], [-0.6289510044881483, -1.1299522683926053, 0.46963454801869786], [-0.5421028583476455, -1.0649308815208802, 0.4709222925500013]], [[-0.036320773656583094, -0.9116817481253439, 0.2526815927846118], [-0.08134714958284595, -0.6765301785300855, 0.3092527497608891]], [[-0.9184637943770357, -1.111188057872119, 0.3544611066521972], [-0.8804216814160145, -1.1624875396656131, 0.42933817969847843], [-0.7856330118780577, -1.0047604665833014, 0.48160335779471963]], [[-0.03972240606120703, -0.8965783176212951, 0.20070998923641037], [-0.12088439363970349, -0.6352489743215912, 0.06372169333905675]], [[-0.3376276754543972, -1.0415205089541728, 0.00106622609963547], [-0.3040558480523764, -1.11541901911266, 0.13567804871041078], [-0.29518040269333634, -0.9352221713691329, 0.08274568245542058]], [[-0.11371908241874801, -0.990265550786015, 0.018815454867316284], [-0.12422239427804749, -1.119529435495466, 0.1560019900418561], [-0.15308524079998564, -0.8014959870478469, 0.11223965945150205]], [[-0.2613854280622103, -1.090931662564737, -0.34433348183465906], [-0.26664073349988526, -1.11060022810684, -0.24313034336018013], [-0.3037857968576032, -0.8672237734814265, -0.2504786692159099]], [[-0.09690423297543882, -1.0719958239793108, -0.31344850596448826], [-0.10317249672766671, -1.1184586712670455, -0.25377114816896507], [-0.31326131628317055, -0.5033589961193545, 0.009512549805313852]], [[-0.20818942153996678, -1.1287716356183477, -0.7577603559692704], [-0.23280449530169456, -1.141001713797651, -0.6408701580410376], [-0.31408970370854916, -0.8019605273207879, -0.4603106369226514]], [[-0.09632095228059478, -1.0737594032455164, -0.7922019300427723], [-0.10856075261370957, -1.164678287065771, -0.6906818046887891], [-0.3724789811381981, -0.3282699889223206, -0.03413250177649091]], [[-0.25985959818668425, -0.8830618318054602, 0.5396419880378776], [-0.23814902387048564, -0.9413597498223669, 0.5850326273742879], [-0.2010126330564863, -0.8705396340267427, 0.5503374119195739]], [[-0.2551037096644386, -0.879916681430171, 0.528947181123954], [-0.2182522474777995, -0.9145239094079449, 0.5669208919748636], [-0.18365048494535907, -0.9086669393276422, 0.548410134761788]], [[-0.2256733789365726, -1.0158930298700939, 0.009940840483475877], [-0.21413912116521194, -1.117474227304063, 0.14584001937613345], [-0.224132821746661, -0.8683590792084899, 0.09749267095346131]]]}