{"bodyId": "h0", "timestamp": 1642438289226000000, "continuousState": [[[-0.2713934065785759, -0.851533284622865, 0.6779709739885658]], [[-0.30416726268240835, -0.9314031161578198, 0.7372930162885358], [-0.28271331791317644, -0.923911282706934, 0.7378803086225428]], [[-0.17764163733063643, -0.8495090095752496, 0.7547328173736501], [-0.16223531907927025, -0.8101002002520125, 0.7224736476787266]], [[-0.4084286980493959, -0.976027226933593, 0.5514867021445331], [-0.36544757971207903, -0.9727520678576644, 0.5746039637610654], [-0.30162802956261503, -1.008012988155355, 0.5661702974605307]], [[-0.07072623279489204, -0.8397541850915013, 0.5227059402498748], [-0.043627953278583376, -0.8926629559214039, 0.5734876825066473], [-0.04329751595071918, -0.8082463253420078, 0.5419296067030722]], [[-0.4872839721099995, -1.0704412278144364, 0.2704051790594606], [-0.43430340913752813, -1.114848545272833, 0.3614327054075239], [-0.343377905205426, -1.1894814698682175, 0.26921237561024713]], [[-0.03464017205929676, -0.8964605465103981, 0.2515888313431258], [-0.06820880614045843, -0.6856234736756148, 0.30897793338968865]], [[-0.5394293655329647, -1.0591229347986704, -0.03566396958234397], [-0.47925188938795704, -1.1255971158508888, 0.08900285621361537], [-0.428770766714205, -1.119851603433854, 0.07066791453459886]], [[-0.04872199057622134, -0.9355344559989405, 0.21532630827848487], [-0.11221199280412297, -0.6375420068249462, 0.059769232223526536]], [[-0.3376544029965247, -1.041514744162623, 0.0010821422747735454], [-0.3079795792212251, -1.1439251218077566, 0.20048034124302005], [-0.29286865307368004, -0.9420849471582058, 0.11582293572230107]], [[-0.12496633909551425, -0.9602445312929986, 0.0012041171978769416], [-0.11485086383012288, -1.1317228885988757, 0.18124640211351162], [-0.17388994607899222, -0.7674401335487926, 0.1510346671797962]], [[-0.265078333810026, -1.083340383818948, -0.3532529666942461], [-0.2626867055274772, -1.1139526498534473, -0.21264893562423315], [-0.3172104649559848, -0.8420654808386812, -0.1655318605211029]], [[-0.09616250726289388, -1.0740424044444328, -0.31134630231083715], [-0.09756296948012222, -1.1118285796861467, -0.2546778196224977], [-0.27391818940032886, -0.5858741522311106, -0.00899758081408264]], [[-0.19825673821378098, -1.131532329863552, -0.7497184991822166], [-0.2256198913210974, -1.1267148758621297, -0.6675277371153503], [-0.3114367719073383, -0.8224234664124972, -0.4787187684158384]], [[-0.09697881598735847, -1.0720775525887685, -0.7816934032035294], [-0.10787828077747719, -1.1639521554183876, -0.6925636148786879], [-0.08114951966636474, -0.9935603634782975, -0.7204025387024794]], [[-0.26650691309447405, -0.869559031540899, 0.5047231362251736], [-0.22083088904770182, -0.9494096804020606, 0.5855546601087915], [-0.1912054595460002, -0.8761969889215095, 0.5605536259754276]], [[-0.23957746542214398, -0.9078907060125472, 0.537096321197204], [-0.2045377664953312, -0.9327075118895342, 0.5740458231338563], [-0.1724627727566671, -0.9081296567486814, 0.5540499520818014]], [[-0.23131037104601948, -1.0008796377278109, 0.0011431297363252435], [-0.211415221525674, -1.1378240052033162, 0.19086337167826584], [-0.23337929957633613, -0.8547625403534992, 0.13342880145104863]]]}