{"bodyId": "h0", "timestamp": 1642437497085000000, "continuousState": [[[0.06935893124069592, -0.8445612976379325, 0.7224796291845448]], [[0.08593575661683184, -0.989629630290537, 0.7650348435258019], [0.09459026283405658, -0.9619160978429078, 0.7674474824046358]], [[0.20646353521837996, -0.9179303237098044, 0.7536264481453459], [0.18855586552471792, -0.8089896837803018, 0.7407515590619236]], [[-0.04042011888246677, -0.9530886692732379, 0.5540074941995186], [-0.0021161450120350533, -0.9733691394724424, 0.5926426640452018], [-0.008043670839982253, -0.9329688348952924, 0.572864569622983]], [[0.3444707820306393, -0.9511761410409851, 0.5999634513551575], [0.32432884733187295, -0.95515166168687, 0.6351997567728238], [0.41099947587547847, -0.9427264513967927, 0.5391636445922262]], [[-0.12541281263255444, -0.9824476222974807, 0.2746911304828443], [-0.07996811065183407, -1.0340584190688973, 0.3871671495444453], [-0.0994630114167181, -0.9187599270135383, 0.3454887707373413]], [[0.3331715705143017, -0.9042743375399274, 0.3023496389522258], [0.24954315188663234, -1.065755939383328, 0.4721795961886288], [0.34597551805555726, -0.840787725640147, 0.28743568284648635]], [[-0.10503577581502876, -1.0132345301008698, 0.05756596055432439], [-0.08939071375076857, -0.9514611616142301, 0.051230482590682636], [-0.07734610639875106, -0.9509987251927341, 0.08126232094621522]], [[0.2789172932203181, -0.7505845218176499, 0.060709251517563234]], [[0.07897590117581382, -1.0888582804154576, 0.05841343961671974], [0.046983937010482535, -1.0563849323211723, 0.13941755805057698], [0.03999069569319702, -0.9094748418327157, 0.07475903834835396]], [[0.28850858154517633, -1.0483277263380197, 0.05591980007427444], [0.26928169488168563, -1.0792036580816922, 0.09066491693220113], [0.24504236935608859, -0.8250756126772345, 0.0693237282166953]], [[0.11316537693291001, -1.0812988390709295, -0.3442622156604289], [0.11881095806251063, -1.0803616024799374, -0.2763769035248931], [-0.1598580812272421, -0.5448250591244488, 0.008953250208974028]], [[0.28205928323605234, -1.1137375176186741, -0.2630425066367732], [0.24653519455544848, -1.1126102555025146, -0.2851128222584187], [-0.00039646312326291344, -0.4984910226535815, 0.0020140985064928674]], [[0.18042764510624149, -1.1260720760151932, -0.7005689726926794], [0.16456020575408048, -1.0990130609409794, -0.6779929118966381]], [[0.25994878760735857, -1.067781482530629, -0.7433052703394009], [0.22655786689571555, -1.1507350953206907, -0.6666637739975385]], [[0.1682811357326023, -1.003239211721885, 0.5951617634595892], [0.13525912955301145, -0.9933259506060519, 0.6247952533332568], [0.1354184259585125, -0.8668292398270564, 0.5894733968284589]], [[0.15202533157408626, -0.9521324051571115, 0.576985472777338], [0.16110635115991895, -0.9642604005796562, 0.6139212104090128], [0.2014779025177481, -0.9378476431460425, 0.5560141071076046]], [[0.18374224136049508, -1.0685930033767388, 0.05716661984549709], [0.15813281594608408, -1.0677942952014323, 0.11504123749138906], [0.1425165325246428, -0.8672752272549751, 0.07204138328252463]]]}