{"bodyId": "h0", "timestamp": 1642438358303000000, "continuousState": [[[-0.15007223956526805, -0.9593479594772862, 0.6105600886330793]], [[-0.2265552577328448, -1.0943667469724832, 0.6745906584074504], [-0.21849104203720404, -1.064021099804812, 0.6980073823402395], [-0.17536948625551607, -1.0172912850646636, 0.6737155268912349]], [[-0.08729797113925897, -1.037514107397022, 0.7006743833262343]], [[-0.14126526676443713, -1.3056175529937126, 0.5553601708868485], [-0.08017552139239292, -1.2724352720273566, 0.5922981883100514], [-0.1454536721620815, -1.1047097513529218, 0.5953551231327434]], [[0.0004397069134907672, -1.0710728410077728, 0.5351230256157797], [-0.15015662698963517, -1.0497093178697743, 0.5420786344932407], [-0.035331741499947444, -0.9214507846480169, 0.5155952296283405]], [[-0.09713794702109668, -1.4843753349338749, 0.3625873558590834], [-0.08114780260839072, -1.4802983692621463, 0.3950980874544555], [-0.16068506263818072, -1.1807087773797311, 0.42885432460341466]], [[0.0013808269160354714, -1.2979430067806763, 0.44007034738506645], [-0.17147993478200996, -0.989368334143689, 0.4107286998839883], [-0.05303066576253146, -0.8485528934581571, 0.1971594653009653]], [[-0.15859524836225547, -1.5184178684682819, 0.10412429154936187], [-0.15451129135781994, -1.5241908878049297, 0.1879975327884571], [-0.12651462890457488, -1.375574182339504, 0.15843082615061999]], [[-0.13974329028932964, -0.6694556079703116, 0.06740306802624296], [-0.12510748711364927, -0.6281619029935863, 0.05532828293083675]], [[-0.03228315018003458, -1.495252125523213, 0.1756343086716492], [-0.1612069431011589, -1.4794443516773883, 0.23407803476914335], [-0.11307051078345443, -1.19745690063497, 0.1728329600957892]], [[0.040394327053615564, -1.379691877063009, 0.13658364824717562], [-0.21090528518970286, -1.332254775370411, 0.1435225245057954], [-0.06838530486906258, -0.9660061074752988, 0.23581450017482275]], [[-0.015380439983147753, -1.4617317588409258, -0.30835130561457624], [-0.047579540245352936, -1.4553954549641028, -0.3397545833478286], [-0.12183870343730252, -1.2170463288477968, -0.12635285419055098]], [[-0.09647127960598967, -1.4511965160126796, -0.2851572150194377], [-0.18638638609211955, -1.3723641819991554, -0.27352462600500416], [-0.09828439717163606, -1.0592694393143554, -0.04493314318249786]], [[0.02380875340928923, -1.3827004708057398, -0.8374222789300282], [-0.058117559643290795, -1.581971018412978, -0.6043081161986831], [-0.3409110401904325, -0.8866337328200362, -0.18840754904933488]], [[-0.0810850623241558, -1.5467580789834126, -0.7259788227016115], [-0.07296743667870298, -1.5241717253440126, -0.5624713464410062], [-0.31899783537427284, -0.7490612768357714, -0.09301332331977785]], [[-0.06205206901647753, -1.2373943806492922, 0.5661090486483598], [-0.1373554349929036, -1.2164235309146785, 0.6074621048406357], [-0.11416894029210267, -0.9523295011957162, 0.5732437261707595]], [[-0.07041277992547318, -1.1883451970007428, 0.5452415982513141], [-0.11516607419101405, -1.1610722949485655, 0.5671884114016461], [-0.09039270683101447, -1.0130802680004694, 0.5554751763805419]], [[0.0040555884367904915, -1.437472001293111, 0.1561089784594124], [-0.18605611414543088, -1.4058495635238997, 0.18880027963746937], [-0.0907279078262585, -1.0817315040551345, 0.20432373013530597]]]}