{"bodyId": "h0", "timestamp": 1642438398704000000, "continuousState": [[[-0.0750098693296149, -0.9892991915341234, 0.6835101913690886], [-0.010287474139030861, -0.951336022829774, 0.6669371050548301]], [[0.0330308132935766, -1.016328312269114, 0.737268423619525]], [[0.0930175331831784, -0.8521869917651776, 0.6835057296247282]], [[0.31687009054887105, -1.066641502211215, 0.6146662783536622], [0.36007040099776577, -0.9337734538601836, 0.594636630085528]], [[0.012730971056212348, -0.9569625877026786, 0.5335156987337191], [0.09129061189479182, -0.9378276693104333, 0.46922615240006615]], [[0.4637794755287271, -1.0596194761512157, 0.3072869285275215], [0.13402014319969524, -0.8494433835945314, 0.6588995294322489]], [[0.032940176284062095, -1.1327935437585983, 0.39474636165382715], [0.026118697755775466, -0.8836820933546731, 0.17747653754315518]], [[0.5196166338996249, -1.1983758779467548, 0.10687639867572574]], [[-0.12774182985667148, -0.6353051825189568, 0.05868968275839981]], [[0.3147374378528536, -1.1497915863446737, 0.08379563530913936], [0.3596114915347388, -0.9423924108266599, -0.011255258468723661]], [[0.10316914479062905, -1.1429452780494722, 0.059631784023758794], [0.05387294824727662, -0.7557180511853123, 0.12198152599909651]], [[0.3483181311225783, -1.142117573559619, -0.4020227401894315]], [[0.14170386157841186, -1.2269347258359118, -0.29889267890183846]], [[0.34245193035164256, -1.1197746964812805, -0.7665893525447837]], [[0.2436572742271923, -1.1204480248058737, -0.6780431527836787]], [[0.17379280053492308, -1.0240281888794274, 0.5934802166905397], [0.20267479241513198, -0.9073038869958302, 0.5317052186335571]], [[0.1648005308025417, -1.011802044956947, 0.5740909885436907], [0.2256805064462788, -0.9358005615853084, 0.5319313912427971]], [[0.2089532913217413, -1.146368432197073, 0.07171370966644908], [0.20674221989100772, -0.8490552310059861, 0.05536313376518642]]]}