{"bodyId": "h0", "timestamp": 1642438414985000000, "continuousState": [[[-0.0966618713079434, -0.9265217449419441, 0.6481717551187998], [-0.053392218663590896, -0.9458154711879667, 0.6835810797402102]], [[0.0637421752025002, -1.0436447328013128, 0.7421275084750922], [0.06828733080512217, -0.9990474874172168, 0.7510326140054522]], [[0.08363568750880424, -0.8387778081132362, 0.6884795090241053]], [[0.31679154501004636, -1.0572910061229475, 0.6035057398223747], [0.3214974763433074, -0.9612765651085027, 0.5955262397838208], [0.3501962206018232, -0.9216728416869745, 0.5990894967788534]], [[0.011645361876182758, -0.9525712527338157, 0.5311930716950195], [-0.013280421772694395, -0.8832951383016461, 0.5380468691124607], [0.10727745521986143, -0.9596057082207239, 0.4442791507451319]], [[0.4863114346408293, -1.0964602339490475, 0.34050392741566293], [0.5146086998968082, -1.029011952839911, 0.37168832375563765], [0.4304030486594368, -0.9116590577396884, 0.3881200056712799]], [[0.0020922437729843923, -1.0159425597559155, 0.33529374079198626], [-0.0624108693361326, -0.7541847632452627, 0.2853705309956569], [0.051319588347921385, -0.9235195377981937, 0.16787917271886088]], [[0.658912422609341, -1.1789023355609514, 0.1629880439167677], [0.6562404701286872, -1.1635522947867478, 0.2139139176850111], [0.702336604502007, -1.0879942072563558, 0.13451860245420222]], [[-0.12484447913335717, -0.653838873865455, 0.05692977847767566], [-0.12823300363928603, -0.6346003419151136, 0.059399948260891566]], [[0.312859081423611, -1.1329484085649792, 0.06788769360336122], [0.2679319179874007, -1.1927352774918294, 0.15624306196305926], [0.28875286457884375, -0.8739405631871318, 0.09077089570871621]], [[0.10600931473370684, -1.15357125616643, 0.0699318045464985], [0.09891763771576567, -1.1032966242195275, 0.10747449264133646], [0.043632314612664924, -0.7443264936217859, 0.15330628416934433]], [[0.3429796700713651, -1.1725400742008658, -0.354972301696737], [0.32087945944110596, -1.161950954146818, -0.2992479128232062]], [[0.14430790209226674, -1.2351147030009733, -0.2985427428157592], [0.1206764372496344, -1.2047500960316606, -0.21188349560558484]], [[0.3410808648088143, -1.1174441529993027, -0.7566722025378441], [0.31699720276727295, -1.1646883380214645, -0.6530989439495778]], [[0.24493156817841794, -1.1275891839767354, -0.6677731513840648], [0.2208942680097039, -1.1556025868300475, -0.6704363470512296]], [[0.16902009554983155, -0.9963533168698304, 0.5724587878359959], [0.08745898573027922, -1.007452458231921, 0.6142219347256022], [0.19245448946405252, -0.8933964656260623, 0.5374328184829209]], [[0.16421845344311456, -1.0049311294283816, 0.5673494057586971], [0.1541085272853065, -0.9222858517050744, 0.5667865544481407], [0.22873683791084232, -0.9406392749538492, 0.5216843237619926]], [[0.20943419807865893, -1.1432598323657046, 0.06890974907492986], [0.18342477785158318, -1.1480159508556784, 0.13185877730219786], [0.16619258959575434, -0.8091335284044588, 0.12203858993903027]]]}