{"bodyId": "h0", "timestamp": 1642437581974000000, "continuousState": [[[0.05420141611950685, -1.2481998775482477, 0.7226744397413999]], [[0.1814718607968384, -1.306930918858944, 0.7451441231286775], [0.19470310116784062, -1.2592154110865377, 0.7815583008307718]], [[0.26788772249803094, -1.122918768397048, 0.7015439201189606]], [[0.24670791441391818, -1.4659656495002287, 0.5964489909849784], [0.3204157239217178, -1.3491158451875336, 0.5788792319478524], [0.2327132469388391, -1.2708402082798844, 0.5705357909293823]], [[0.3029507692673883, -1.2350691102689062, 0.6075857352119224], [0.14822364194768634, -1.1316602386667094, 0.5879681375498813], [0.3261477151512526, -1.0860975472260124, 0.4733457001642072]], [[0.2620832846194964, -1.5941393632582577, 0.37498994227675675], [0.31001558080189895, -1.5816106549599176, 0.39129788167337987], [0.22618850707534133, -1.3698001699382587, 0.36884756896479676]], [[0.14848389856398392, -1.0515703121323363, 0.427842277715039], [0.3183831202405405, -0.9414690724397987, 0.21732600107696554]], [[0.2242021015988892, -1.6731061342751832, 0.14417389172038286], [0.22826818922206094, -1.6333296161330326, 0.15960957222608863], [0.1648993328109145, -1.3865287829854127, 0.21882148965213022]], [[0.23562660855605622, -0.8096556438909361, 0.10354528946243446], [0.26059818293382064, -0.7383386218137693, 0.05626941346106673]], [[0.2497134910353695, -1.6609378757441993, 0.27719660123850265], [0.20579570081915644, -1.4738302843742725, 0.15398347761786613], [0.18135928431230708, -1.3320344322474988, 0.045841447205478114]], [[0.3198635969580947, -1.598988948136637, 0.27810748503939364], [0.12903668489259967, -1.299491966349586, 0.11108797832453243], [0.262932816497492, -1.2047619894196657, 0.04094595408871515]], [[0.21841301299811594, -1.4865444952784266, -0.3204968605297184], [0.23575416502757984, -1.4734414013566308, -0.31762810048587453], [0.19276644876923044, -1.1890829496862638, -0.25821635721329983]], [[0.23747187946105075, -1.5279978590306518, -0.18553697756022625], [0.05141322420041117, -1.3381082794057795, -0.23257347923610672], [0.07152329188633844, -1.1842427360827181, -0.18539794668983245]], [[0.28150233097763133, -1.5660076635282698, -0.6534921985662139], [0.24946952510335962, -1.4352109096473833, -0.6651890965217678], [-0.1631481568132611, -0.5163808501433544, 0.0020030624503117878]], [[0.24557659087903788, -1.509035375585043, -0.5818009711678916], [0.2699926120587326, -1.5883667868880988, -0.5014187568785877], [-0.2751646155502475, -0.5263983426717331, 0.032861653998359164]], [[0.25866911748380383, -1.341726505473897, 0.5912872046529682], [0.20037749482223988, -1.2641962639922948, 0.6051041231788521], [0.29201559296545887, -1.194674466624932, 0.5185902599173627]], [[0.2748293418406532, -1.3505173798845673, 0.6020173630984504], [0.23431968293470207, -1.2403880419271216, 0.5834236847488669], [0.27943048104504586, -1.1784688777529484, 0.5219407455467948]], [[0.2847885439967321, -1.6299634119404183, 0.27765204313894815], [0.16741619285587805, -1.3866611253619294, 0.13253572797119928], [0.22214605040489954, -1.2683982108335823, 0.043393700647096634]]]}