{"bodyId": "h0", "timestamp": 1642437613799000000, "continuousState": [[[0.0859523370214601, -1.1551001488954613, 0.6556039824310691]], [[0.06975158199604292, -1.2665085145945798, 0.7503083182512879], [0.07732118230758123, -1.2198746145532562, 0.772706815853129]], [], [[0.15470611597738054, -1.4075137133752365, 0.560533602853447], [0.21584752865897472, -1.3524232553594182, 0.5990152219892753], [0.10402126376960141, -1.1677597781872349, 0.6192032867391097]], [[0.2546310069942339, -1.2091536037852946, 0.6165116056097698], [0.1161736496477761, -1.1004941135806992, 0.560109354721178], [0.2663017146953057, -1.0809499823901698, 0.47445260358009067]], [[0.20357369701794165, -1.5598261387924415, 0.35356471330496153], [0.2579127929155459, -1.5371831272953473, 0.38547840867901484]], [[0.055534461024416615, -1.139052824151352, 0.4239364100031844], [0.2859245399533141, -0.9380253711474952, 0.24112907506752057]], [[0.19102679403296668, -1.6666437402738594, 0.14505371965328973], [0.18994397411935282, -1.6080667347472055, 0.15650487574641425]], [[0.2994035395581739, -0.7595921416133422, 0.04795354320949219], [0.24045420132993722, -0.7884400862815046, 0.08167558140128928], [0.26718694482544425, -0.746822788963422, 0.057577730464187016]], [[0.2140275733608325, -1.6101760055431642, 0.2624448704877266], [0.16087951390226352, -1.4524036856489795, 0.15755918330334096], [0.16924796221276184, -1.3794980135323005, 0.026929100116267035]], [[0.2974699706373624, -1.5520535462898306, 0.27551675061758973], [0.08426333129914443, -1.2777847809473633, 0.11350018328306888], [0.23787090570782765, -1.2253537079593522, 0.018228493446288407]], [[0.18025851402814608, -1.6428912219463607, 0.006472983491234485], [0.20857210228175926, -1.4774512039831587, -0.2755986905920873], [0.16984631953763074, -1.2202705576905695, -0.22242454159767278]], [[0.22088961149571107, -1.4582695823083804, -0.2841906732505205], [0.03129226263216456, -1.3103275106946795, -0.2592783078169165], [0.05539788196037021, -1.1751087769370983, -0.14937795772679374]], [[0.2706356410074934, -1.5532018704549273, -0.658449637478226], [0.16033308007243474, -1.5244615061458406, -0.47811131020057396], [-0.1763201079899961, -0.5640383097466264, 0.015123458186227179]], [[0.30257112051605134, -1.4403902524847538, -0.6697054849932353], [0.26863738485024835, -1.5817986380666738, -0.519930188229151], [-0.2631116628634629, -0.6062661554997557, 0.0010486352622393613]], [[0.20120742156145005, -1.29017195168265, 0.5682353502874065], [0.14005770860063582, -1.2527932419482155, 0.5991076338688663], [0.2193097625242697, -1.1438940826331612, 0.5415877064290898]], [[0.20466856148580723, -1.3083336585802656, 0.5885226042316084], [0.1660105891533754, -1.2264586844700587, 0.5795622883552266], [0.18516148923245357, -1.1243548802887022, 0.5468279451596002]], [[0.25574877199909746, -1.5811147759164974, 0.26898081055265816], [0.12257142260070397, -1.3650942332981715, 0.13552968329320492], [0.20355943396029474, -1.3024258607458263, 0.02257879678127772]]]}