{"bodyId": "h0", "timestamp": 1642437624050000000, "continuousState": [[[-0.12504704371773312, -0.7872318857741323, 0.581378458682877]], [[-0.28321352960471025, -0.9091406283754979, 0.7027597440233964], [-0.3012189550737193, -0.8615561258570474, 0.6863129954678212], [-0.2393608752401637, -0.8186997031208113, 0.6711350414276487]], [[-0.15266712078960992, -0.897515777178262, 0.6896630477240073]], [[-0.4750584449353558, -0.930850414668769, 0.53978140640304], [-0.4021901601382925, -1.0158045950517718, 0.6212764465202497], [-0.33853277515847524, -0.9719200224117961, 0.5825578215297854]], [[-0.07759556410519708, -0.9517790568607951, 0.4842443896096642], [-0.049652670295573076, -0.9509451493125336, 0.5084285932657884], [-0.06449781671000432, -0.8217332661994529, 0.526781991811259]], [[-0.7019618249149855, -0.8924063299496567, 0.4947647554454895], [-0.6832959704135729, -0.8821379248998213, 0.5298925836215618], [-0.5935735247309386, -0.9350406868299175, 0.5275073407333263]], [[0.118001907787052, -0.8652389318260938, 0.2706321030912695], [0.2279597934567209, -0.8182673643519451, 0.10427739493053712], [0.15484403963996574, -0.8802137262227699, 0.24475219607229437]], [[-1.2343076343146877, 0.0014480632182065634, 0.13911437970453244], [-0.7685207363987757, -0.7985971164011223, 0.3880806469174579], [-0.69335725425449, -0.7794855088121262, 0.37649116687927936]], [[0.2599146566926262, -0.8042385833123715, 0.07843215016207683], [-0.05227471970119202, -1.0324700685446337, 0.3839612593242774], [0.26436860355581016, -0.7415122004466543, 0.04571958667172382]], [[-0.425197298933481, -1.1547943383681751, 0.018358788683173755], [-0.38533340023422047, -1.1691660002492417, 0.13677041250256083], [-0.3329561118274511, -1.0936808905516142, 0.013180406928699373]], [[-0.20469599660967241, -1.1312105974449704, 0.02214190689673745], [-0.20238605700950152, -1.2464245506147034, 0.17319159287082186], [-0.20775381705802676, -0.9128842374190489, 0.07238222397860095]], [[-0.3935675215325368, -1.1554576682967008, -0.40526019528647694], [-0.3897489059678033, -1.1625170585104054, -0.2789979125163906], [-0.3681917480303669, -1.0357325587632793, -0.3414072658000288]], [[-0.23161910666811314, -1.1792607329184603, -0.3846122166634418], [-0.21892489453776065, -1.204808860454174, -0.2678371923730605], [-0.30361704452957883, -0.5701677392090663, 0.01864152730770785]], [[-0.3413483119900982, -1.2504038575663885, -0.7672445537068386], [-0.35880693368229355, -1.27762382534086, -0.6637586238713589]], [[-0.23365597445571673, -1.2553101224559438, -0.7903822310371466], [-0.23290848898216354, -1.3027297964038116, -0.705854865923554], [-0.37426293998519944, -0.32544514317030626, -0.030952599994833185]], [[-0.267810993015108, -0.9301959725533204, 0.5174664473707624], [-0.2422165819857363, -0.9938662422794926, 0.5705966281629238], [-0.2222459833490975, -0.8445528622375201, 0.5625167129304244]], [[-0.2763270045202765, -0.9413147357647821, 0.5120128980063521], [-0.2259214152169328, -0.9833748721821527, 0.564852519893019], [-0.20151529593423978, -0.8968266443056245, 0.5546699066705222]], [[-0.3149466477715767, -1.1430024679065727, 0.020250347789955603], [-0.293859728621861, -1.2077952754319725, 0.15498100268669135], [-0.27035496444273893, -1.0032825639853316, 0.04278131545365016]]]}