{"bodyId": "h0", "timestamp": 1642437630616000000, "continuousState": [[[-0.13107392700184062, -0.7794654906889954, 0.6046320748932492]], [[-0.2698156911095963, -0.9374088911516794, 0.7267822267529813], [-0.3025870806405393, -0.8691702180390724, 0.6794843207508942], [-0.22867681451252864, -0.8395298953304019, 0.6699478176511091]], [[-0.15640353661599282, -0.8874986995730014, 0.6854380669032587]], [[-0.46551979346930616, -0.9357458245018386, 0.5370883244615186], [-0.40624135776721776, -1.0161991925691902, 0.6236600406109611], [-0.3299850005017525, -0.9759187251064985, 0.5802201994824403]], [[-0.0853235091724398, -0.9483907292607956, 0.48773228076340014], [-0.04179141323380153, -0.9471590360672186, 0.5027380812498468], [-0.052464986905444766, -0.8408273138355398, 0.5179364565491864]], [[-0.7139915213940393, -0.876772257648029, 0.47900103190759746], [-0.6915036948643073, -0.8696529027699245, 0.5102793305482749], [-0.5937119455226909, -0.934040059155208, 0.5278689278410935]], [[0.11914962041769622, -0.8702505412796222, 0.27379329911067507], [0.23081635230925424, -0.8145024148322071, 0.10047913349822091], [0.132422444524382, -0.8611205264743531, 0.25809372724193336]], [[-0.6552596737998836, -0.9217495827897104, 0.4362294756004568], [-0.7642350720066617, -0.8147819754617549, 0.4091885159934694], [-0.6961938788679578, -0.7692437256172593, 0.3763936080010424]], [[0.2572759496106999, -0.8388177911044801, 0.10302096241007952], [-0.09304374216975875, -1.0514822425247932, 0.4171281501007502], [0.25402536504131534, -0.7298369206209547, 0.05493058128243067]], [[-0.4259683238053274, -1.143486258179268, 5.75528730444308e-05], [-0.4042735194249085, -1.1986103459930473, 0.1633814172983712], [-0.3230845565156747, -1.118775346968872, 0.012947082650528685]], [[-0.19524358029639144, -1.1511039019357667, 0.04158404726111731], [-0.21128038390881987, -1.237329526501008, 0.15792512007714654], [-0.17981012797628915, -0.9670788098950076, 0.035466061839790286]], [[-0.3876181047308157, -1.165111540967424, -0.3931137967600724], [-0.3889565197371041, -1.1592263906095708, -0.3176028246218101], [-0.3508539741090255, -1.0607376072072974, -0.3146142448254935]], [[-0.22824930875745864, -1.185875317988174, -0.3759993362325078], [-0.21773539527954522, -1.214698201150319, -0.25940521733930866], [-0.2992612572004755, -0.5777056991942437, 0.012171245614747306]], [[-0.3328946103929079, -1.2652392204754115, -0.7558647277843455], [-0.35706895671168637, -1.2742163319775324, -0.6717109755240425]], [[-0.2304965602384571, -1.262414812535732, -0.7921375635055153], [-0.22820753764192503, -1.2942684860323788, -0.7240007117585844], [-0.3792256036596007, -0.3081573086337044, -0.014236143197814022]], [[-0.2593544519190949, -0.9343162343073086, 0.5210082809905519], [-0.24513567759292415, -1.000656009282618, 0.5750514017060437], [-0.20238823496131308, -0.8820729728512102, 0.5466610179380659]], [[-0.275421651320873, -0.9420682768813171, 0.5124103026124593], [-0.22401638550050965, -0.9816791143182044, 0.563199060930404], [-0.19122499370359863, -0.9083730194710191, 0.5490783280158134]], [[-0.3106059520508594, -1.1472950800575172, 0.02082080006708087], [-0.3077769516668642, -1.2179699362470275, 0.16065326868775887], [-0.2514473422459819, -1.0429270784319398, 0.024206572245159486]]]}