{"bodyId": "h0", "timestamp": 1642437644820000000, "continuousState": [[[-0.12969330916155286, -0.7808704610259973, 0.6039843293842295]], [[-0.26188829739540687, -0.9273841778461744, 0.7187773173642218], [-0.28649490367205455, -0.8698385488329543, 0.6830702609060252], [-0.22044102723336334, -0.8415053568169668, 0.6681858092979542]], [[-0.1403439075926035, -0.8958898220003706, 0.6909731280137665]], [[-0.4461574723060506, -0.9570623271917067, 0.5498882914910295], [-0.4110590123216294, -1.0444436737973315, 0.6402564085427406], [-0.3113971999162005, -1.0024648696272926, 0.5689595372834718]], [[-0.07308377336427896, -0.945759270449037, 0.48214626263982896], [-0.02312150305516847, -0.9270147784197618, 0.4912698672221325], [-0.03417500729935763, -0.8451702016897, 0.5068625467689353]], [[-0.6989016045839199, -0.8762760443573581, 0.48126873655735136], [-0.6708739743323247, -0.8729155015232937, 0.5215493410996955], [-0.5904974191066077, -0.9253638224178703, 0.5244076171668475]], [[0.1251355483965813, -0.8675437793396792, 0.27360747718413325], [0.2346060670779032, -0.8090579684441166, 0.0957183490336353], [0.1489126383804591, -0.8604057542148993, 0.254800953876416]], [[-0.680820296576149, -0.9266377181068819, 0.44822297610496187], [-0.766107223704736, -0.7823686301264121, 0.3813688450140956], [-0.6940633722813592, -0.7767545449367026, 0.37795920013510886]], [[0.2588167597218417, -0.7955257085116869, 0.07171366827535097], [-0.09819811134534795, -1.0580778544519491, 0.4169392526552611], [0.24626831990781062, -0.7208094847105138, 0.06192482237821173]], [[-0.4318014088765265, -1.1460076738549316, 0.0004262534983969779], [-0.3872331017600804, -1.1963189585579381, 0.17740871575908423], [-0.3273390632078612, -1.0895615941518109, 0.013901884308524015]], [[-0.19220731175745998, -1.1433469405822438, 0.02741226436707045], [-0.19769584751039793, -1.243035914654564, 0.18251476198338912], [-0.20284300475799222, -0.922432229499289, 0.06577129457787767]], [[-0.3747289414438354, -1.1711464236529066, -0.3704969471142079], [-0.384900134999945, -1.1534320785420002, -0.31741494949218096], [-0.37617117305121284, -1.0155314985352124, -0.33262983521057565]], [[-0.23519335436188338, -1.1732390129376702, -0.4037241612970801], [-0.21093647484652922, -1.2026086465418586, -0.2790862552543487], [-0.2967970184481643, -0.5928085705126485, -0.013057679499011654]], [[-0.3414892312084148, -1.2498604099084472, -0.7681539032680393], [-0.35866930039500755, -1.2777997578443943, -0.6637793908792939], [-0.37893540583742336, -0.9650499719275101, -0.5713107983568181]], [[-0.23791061676292236, -1.2488749056271835, -0.8153021280421947], [-0.23555865445268043, -1.2940408051145382, -0.7133913577036493], [-0.380061166253178, -0.30670970824861743, -0.012658987795707732]], [[-0.24801090492791444, -0.9584871519752185, 0.5279214997511346], [-0.24203513715545882, -1.0079243823472308, 0.5825299677594993], [-0.19331487680922654, -0.8856629668086926, 0.5439172490037323]], [[-0.25962062283516474, -0.9514107988203718, 0.5160172770654292], [-0.21709025768839893, -0.9857292261085466, 0.5657631378824366], [-0.17278610360777907, -0.9238175356584963, 0.5379110420262035]], [[-0.31200436031699325, -1.1446773072185876, 0.013919258932733714], [-0.29246447463523917, -1.219677436606251, 0.17996173887123668], [-0.2650910339829267, -1.0059969118255498, 0.03983658944320084]]]}