{"bodyId": "h0", "timestamp": 1642437656880000000, "continuousState": [[[-0.23813788611402975, -0.8473780370471863, 0.6622740786263845]], [[-0.25731767209887485, -0.9409732190159068, 0.723270665547278]], [[-0.1297808794106048, -0.9076495397238009, 0.6973416373681474]], [[-0.46580716752754003, -0.9476649556308956, 0.5418712311814242], [-0.37307142362946016, -0.9804675377120806, 0.5939238317421434], [-0.3204655983662196, -0.9816047155544034, 0.5774243123636]], [[-0.07678779754191628, -0.9348240528043616, 0.47578876967183525], [-0.048354364233187286, -0.9812598922151043, 0.5269307993660588], [-0.002635064014808286, -0.8950920474205332, 0.4912047712906782]], [[-0.7338260852674587, -0.8621919478027529, 0.461177118475089], [-0.6514978261650264, -0.8762349815041579, 0.5109022716702467], [-0.5791039073215076, -0.9223648943895598, 0.5238246827924723]], [[0.12281962079954711, -0.8874762688167612, 0.28536530397024995], [0.232347459570027, -0.8125485642284158, 0.09871688032769055], [0.1410005465709443, -0.8624690726690264, 0.2631512908912028]], [[-0.7550739889658814, -0.7882103956222068, 0.39038162502435225], [-0.6947657969663886, -0.7740351253759739, 0.37947545423083406]], [[0.26259063403809263, -0.8265808089858049, 0.09536654148288437], [-0.1115475447916392, -1.0715388244658666, 0.43177664397472104], [0.2570246137183603, -0.7333088422555194, 0.05227114926629561]], [[-0.42614146273622977, -1.1427037265002566, -0.0005413724388900754], [-0.3833473665090187, -1.2031375266972946, 0.1873508953651688], [-0.30865425552108783, -1.1362535424902747, 0.024034442815706103]], [[-0.18443835516500828, -1.1437680137237352, 0.0390924068160885], [-0.1849982189208853, -1.2310545074845414, 0.16305804576715266], [-0.17466285847131258, -0.9773767556430952, 0.0361618572094381]], [[-0.3692400432483772, -1.1802342118767095, -0.3591276617933452], [-0.3967028150769081, -1.1766627352286991, -0.26545716471511116], [-0.3582865032350766, -1.023399482364109, -0.28602689862629915]], [[-0.23563847710624874, -1.1713718888533342, -0.3946892538176521], [-0.21592208700748095, -1.2025115355430653, -0.2621900588342896], [-0.3052260189783901, -0.6154697279844072, -0.012196841215171339]], [[-0.3292512938355405, -1.254880874919802, -0.7555114022648143], [-0.35451442030877744, -1.2681415875177358, -0.6844479539293763]], [[-0.23687033438786165, -1.2480949396495007, -0.788470422170202], [-0.23532860372789433, -1.3062266209013556, -0.6970319175748811], [-0.3810698213872695, -0.3148819765622781, -0.019153660770259984]], [[-0.2473210522435773, -0.9611202530009935, 0.5293047044741961], [-0.22577693333915766, -1.0036001861210224, 0.5721220498673729], [-0.16308027288378835, -0.9422956377129498, 0.5201800722703763]], [[-0.2712974825347282, -0.9412445042176286, 0.5088300004266297], [-0.21071289393132372, -0.9808637149635925, 0.5604273155541011], [-0.16155033119051393, -0.9383483814874682, 0.5343145418271391]], [[-0.305289908950619, -1.143235870111996, 0.01927551718859921], [-0.284172792714952, -1.217096017090918, 0.17520447056616073], [-0.2416585569962002, -1.056815149066685, 0.0300981500125721]]]}