{"bodyId": "h0", "timestamp": 1642437756710000000, "continuousState": [[[-0.0732118723129469, -1.1631311670079496, 0.6875144371274348], [0.009162636419493664, -1.1573553068945055, 0.6618938481911358]], [[0.024072294301662245, -1.244109277636988, 0.7620469534512676]], [[0.10879896401858291, -1.0806970876296327, 0.6797939220009744]], [[0.15052733591330003, -1.3789078288217922, 0.5843419644855341], [0.06074611061273183, -1.228133277577559, 0.5758918285721176]], [[0.01968798261036031, -1.1504076185718575, 0.5666695701767506], [0.19874329725229467, -1.1039936825942136, 0.4681658264663898]], [[0.16344186781956394, -1.573725033607146, 0.37391760541013896], [0.11967711555464922, -1.4571398224417105, 0.3542567605644339]], [[0.05201635735404886, -1.0143775036143796, 0.3717302506890283], [0.18223431346655472, -0.9815011759538301, 0.2021590450142996]], [[0.08981386413823655, -1.6840163915241224, 0.17333078379900613], [0.16883690088907666, -1.6938698535383512, 0.061175951762493685]], [[0.09396330450664203, -0.7845087499773828, 0.079270734460819], [0.11822097236075813, -0.7572882252532389, 0.05859014279374419]], [[0.04734119262557901, -1.5503565684366887, 0.22298541281605333], [0.09714846683436251, -1.4097621027837555, 0.037221416938335694]], [[-0.018667980756299385, -1.3847399232875957, 0.15542015061886238], [0.13715404059798564, -1.2056596874255052, 0.06656756236827233]], [[0.15442815509273178, -1.533462682537143, -0.3436387821651081], [-0.029689991494505907, -1.073868094431309, -0.0704734047545813]], [[-0.043494343720405504, -1.3768651359008746, -0.25807174643921416], [-0.05723019932618212, -1.1041274738332159, -0.08057665990346163]], [[0.10802645994631033, -1.5176404989784344, -0.6151599655169376], [-0.24181897436264133, -0.6325836036466035, 0.011063682913170003]], [[0.15381819879283065, -1.6775872601573223, -0.4866939145868727], [-0.3130307309311985, -0.667232807546599, -0.0031588876085311135]], [[0.06745605054435666, -1.2842623865517575, 0.589693779330287], [0.1414718268087487, -1.176996318594109, 0.5171117384084792]], [[0.08510765926183017, -1.2646577236968248, 0.5755057673311423], [0.12974470393251325, -1.1660634800858865, 0.5220288275192537]], [[0.014336605934639812, -1.467548245862142, 0.18920278171745786], [0.11715125371617408, -1.3077108951046303, 0.05189448965330401]]]}