{"bodyId": "h0", "timestamp": 1642437793493000000, "continuousState": [[[-0.07729921565735753, -1.1865965697826764, 0.7038230614000331], [0.0028602163716673346, -1.146411492451198, 0.6733441862688854]], [[0.03435212463408255, -1.294702002252024, 0.7297115840406192], [0.04803752734665634, -1.2565070347783522, 0.7572336575503615]], [[0.1324065300362236, -1.1174203401402671, 0.6685481999063516]], [[0.06681165412280993, -1.4165130790633695, 0.5434235095587776], [0.16109148051058086, -1.3756198335498349, 0.5774854524391009], [0.06092886396375241, -1.2277957466310578, 0.5834203511214119]], [[0.1778539081115787, -1.1991048969875444, 0.5509356296556862], [0.040651318800581815, -1.1217019690607244, 0.5441214030590891], [0.22222981017002397, -1.1386595030250661, 0.45357202847048217]], [[0.09910201723031398, -1.5931205470893262, 0.3211814393718868], [0.17226752908688692, -1.5676866067175657, 0.35729053331528804], [0.12890036937745553, -1.456514095103521, 0.3535986451650457]], [[0.029822307616511834, -1.038256110894007, 0.39541903410912194], [0.17271191533629926, -0.967782526229143, 0.2099388618786895]], [[0.06527776723503231, -1.6987111464020768, 0.104753283184286], [0.09296648013819586, -1.676151526367327, 0.16391301962012084], [0.15090997876187684, -1.6598294677018488, 0.09736819790682039]], [[0.08897507044679343, -0.7928319380260835, 0.08685804700280908], [0.11474536644418576, -0.7530851377378216, 0.06189594427912437]], [[0.15920237256786485, -1.6273441777610949, 0.23743768947747945], [0.045346850144312945, -1.552165655424234, 0.23342118794804834], [0.06749675595579463, -1.3545678634648533, 0.06721017426185771]], [[0.21629926791354953, -1.524269708169695, 0.19105823504304642], [-0.017607820943553065, -1.3845409389870538, 0.16238779614615284], [0.1272811039605184, -1.188984556001254, 0.05899713697652775]], [[0.1333123930883922, -1.5285355189688525, -0.31279139780550624], [0.14679550649596185, -1.531543091036846, -0.33645597162298957], [0.019565945251039718, -1.1611122469713688, -0.13201940775586662]], [[0.05663023644078702, -1.5372853796996462, -0.2955815168820972], [-0.03726979398278929, -1.3696369285587704, -0.2714407596150912], [-0.1462496885284541, -0.9531021486786333, 0.010664114613530673]], [[0.204099374044436, -1.4913705267597979, -0.7638766585403692], [0.1333004078225526, -1.496965978818954, -0.7147509003280275], [-0.2501585661254744, -0.6166516177360903, -0.003377521772373604]], [[0.13830869682842561, -1.6612189858789288, -0.6560333745156927], [0.1493402161077797, -1.6740218865738683, -0.49806998485417464], [-0.32270780362120777, -0.6095235200453408, 0.01152296557628324]], [[0.10901871332010099, -1.2749903891978172, 0.5239279106249698], [0.07304709503233953, -1.2779112916317539, 0.5840926248745855], [0.18082052369814172, -1.225083050969908, 0.49788831534899713]], [[0.12233278111719431, -1.307808988025457, 0.5471795696072319], [0.10087139965558134, -1.2486609013052796, 0.560803427749095], [0.1415793370668882, -1.183227624828062, 0.518496189795947]], [[0.1877508202407072, -1.575806942965395, 0.21424796226026294], [0.01386951460037994, -1.468353297205644, 0.1979044920471006], [0.09738892995815651, -1.2717762097330536, 0.06310365561919273]]]}