{"bodyId": "h0", "timestamp": 1642437859086000000, "continuousState": [[[-0.40679946784142085, -0.7805409005266887, 0.592874134372219]], [[-0.47597313688900134, -0.8948600463304281, 0.6673181388399995], [-0.453473329820417, -0.7914261214785667, 0.6810742991269797]], [[-0.3378500387646265, -0.8479067079247498, 0.6909337930012449], [-0.35178198807907624, -0.884893485741324, 0.7023411591316475]], [[-0.5890420068912317, -0.9656763471441894, 0.5052931396951725], [-0.5536006285433667, -0.9495541922413433, 0.5246375091317106], [-0.4681318230279021, -1.0257254865667877, 0.507920915648972]], [[-0.2567298519772773, -0.8622002587927873, 0.46003365251780015], [-0.19844493285950876, -0.9535920288332804, 0.5349769760233989], [-0.22829667534144094, -0.7765063732977888, 0.5352208178498767]], [[-0.6685406153916758, -1.073560167924214, 0.2517188614090411], [-0.6407922770650224, -1.0423934326764006, 0.2695644287648359], [-0.5833873717813127, -1.0246822591133329, 0.27993946349979937]], [[-0.043902537523447305, -0.869599728996238, 0.2653806197805877], [0.076538565716741, -0.8108086638911902, 0.09606155671964989], [-0.015018497304421397, -0.8392923179434838, 0.2606059201482913]], [[-0.5569190535764272, -1.139534673794067, 0.12613382900070746], [-0.6775288055951312, -1.0357402362110961, 0.039207561994902385]], [[0.10478107073818393, -0.816738564665767, 0.09841914324239731], [0.002094262413615766, -0.7942679173496732, 0.10781989922977697], [0.10773468927277041, -0.7420606020821889, 0.05493219709607289]], [[-0.5373102637686128, -1.1660433446169194, -0.0068008260157972344], [-0.5327574601090139, -1.1803250292783858, 0.11929158729565281], [-0.5162082221380382, -0.9284304892705009, 0.14317893003523952]], [[-0.3141990548517979, -1.124836804088885, -0.007947120717008316], [-0.3386226259669547, -1.2335473052218697, 0.13068158813294484], [-0.3207789106794323, -0.9599534577547029, 0.052725187394679685]], [[-0.5264409049298068, -1.1427576881735164, -0.37889580641400955], [-0.5762556148878452, -1.1489234084849056, -0.16648217631588125], [-0.5005424042003502, -1.0646554303725553, -0.2504292834768346]], [[-0.3748914101490399, -1.1808469747738393, -0.42844902273307306], [-0.3532615821681204, -1.2047181936367055, -0.2766977106066324], [-0.3723845936625534, -1.065641366704361, -0.30229095211119794]], [[-0.42973642558007086, -1.2568048925513016, -0.6156028224364763], [-0.5849075172652131, -1.1165948850596865, -0.6960118363740062], [-0.6669643009613997, -0.6252363594293016, -0.10930931002972677]], [[-0.43270889870332785, -1.274930561048853, -0.8190786737713884], [-0.40284214011181985, -1.3594238434004098, -0.6774335114879372], [-0.431283392794209, -1.1382530719988075, -0.6049820057782018]], [[-0.4236371116287715, -0.9288753890511026, 0.4928138509605975], [-0.3876659450203674, -0.9613888913640469, 0.5353552494052788], [-0.394115400633665, -0.7940249795157004, 0.5612632543369979]], [[-0.4228859294342545, -0.9139383029684883, 0.48266339610648634], [-0.3760227807014377, -0.9515731105373119, 0.5298072425775547], [-0.34821424918467153, -0.9011159299322883, 0.5215708667494243]], [[-0.42575465931020534, -1.1454400743529023, -0.007373973366402775], [-0.4356900430379843, -1.2069361672501278, 0.12498658771429882], [-0.41849356640873525, -0.9441919735126019, 0.0979520587149596]]]}