{"bodyId": "h0", "timestamp": 1642437864982000000, "continuousState": [[[-0.29454459300891367, -0.7566840196784826, 0.5845350385394732]], [[-0.46478970496475647, -0.8692088167661327, 0.6658465542249218], [-0.39283832175240785, -0.8147586426928737, 0.6414318736014949]], [[-0.3124813409532086, -0.8569293108036256, 0.6896114737821193]], [[-0.5350441364530885, -0.975701840343631, 0.5334233189951102], [-0.4560359004303103, -1.0402380260066448, 0.4871499284652374]], [[-0.18410129223777683, -0.9530956859464368, 0.5216328621292055], [-0.19325460817163576, -0.8047862277929385, 0.5585380165073524]], [[-0.6244604392461113, -1.0769879495130965, 0.31937116819395606], [-0.5707845604159318, -1.046111812685254, 0.25959291593370215]], [[0.07888904467074986, -0.8165809580175003, 0.08915738624889258], [-0.014592743933334429, -0.8422244369817342, 0.28856205941892266]], [[-0.6618801263409572, -1.0478717607513794, 0.06958035233471627], [-0.5611507643877862, -0.932147780465862, 0.1174333430686143]], [[-0.041288618685794476, -0.8274675348820499, 0.16247965534356257], [0.09895845294099326, -0.7425550574770206, 0.06437341827914456]], [[-0.511061190870582, -1.1848415938541326, 0.1260129618950816], [-0.5080269449034789, -0.9133600554553936, 0.1352714633366039]], [[-0.3182345421212779, -1.2248877631671304, 0.13730435897604787], [-0.2982017693778509, -0.9937438474199554, 0.012322074824543505]], [[-0.5643284477964059, -1.1579573707024442, -0.15020446234710993], [-0.48983807084915654, -1.0993376467049214, -0.33629402102611494]], [[-0.3384775073160011, -1.18390847128524, -0.31763112325686516], [-0.3592391092965178, -1.0988327990119977, -0.3467879220264747]], [[-0.584015669265874, -1.1268174604435424, -0.6672117440039144], [-0.6565757096627449, -0.6998632268947931, -0.2298859752929459]], [[-0.4021327781009211, -1.3635869650585188, -0.7023367469680426], [-0.4436864925309989, -1.1027086879979, -0.5715306089181122]], [[-0.3750655784483664, -0.980294601193805, 0.543270584610214], [-0.3429475798788353, -0.8801364290512742, 0.5413044982138258]], [[-0.35957271434543264, -0.9643987631450339, 0.5275280905621578], [-0.324645254300973, -0.9225121268997917, 0.5228439724862949]], [[-0.41464786649592994, -1.2048646785106314, 0.13165866043556473], [-0.4031143571406649, -0.9535519514376745, 0.0737967690805737]]]}