{"bodyId": "h0", "timestamp": 1642437897142000000, "continuousState": [[[-0.06823822296080828, -0.7801042628132084, 0.6687362929220378]], [[-0.20637042777655007, -0.8737063863666994, 0.7599307489460346], [-0.1384245138031771, -0.8797253907908874, 0.7403953413766104]], [[0.04886123904426054, -0.7258672786498603, 0.7081333957853366]], [[-0.28400205742636736, -0.9698474310185217, 0.5637550005578189], [-0.20765171095147228, -1.0671074957114968, 0.5269903136943239]], [[0.05109747082148941, -0.9475293376132514, 0.5955402634650946], [0.09655226611038414, -0.8668803465453285, 0.5586030335950622]], [[-0.3670206950956284, -1.0705644927544846, 0.3493499839579506], [-0.2836532668322964, -1.1080959445880647, 0.25396456961447045]], [[-0.00501978515154089, -1.0613809611198115, 0.42582417512520654], [0.04385499262690962, -0.8295333319285888, 0.2674752767543649]], [[-0.4062025446030604, -1.0458269392889374, 0.10378231902939183], [-0.33954146821907527, -1.0399615528603885, 0.043945567433013144]], [[-0.023386137977411847, -0.7535001504196721, 0.05295907504235409]], [[-0.22816511569965703, -1.1148918152571063, 0.145365017205618], [-0.2123726268317444, -0.9193469662609057, 0.07776088689435967]], [[-0.04664758083597753, -1.1466507494287483, 0.1805469755741813], [-0.0684728483738084, -0.7647550113974422, 0.13307184873627975]], [[-0.15418873733347382, -1.1085388896461408, -0.25484012268453116], [-0.3365436146163693, -0.5678831398829864, -0.008730058665567975]], [[-0.004230944007058146, -1.0922270467476949, -0.27464723687967796], [-0.18929023469345263, -0.5300839025940516, -0.005450639241080135]], [[-0.10340589514097065, -1.1404392504490244, -0.6697857998585547]], [[-0.026235854547429494, -1.1879589091581932, -0.669835173623342]], [[-0.14337025958262295, -0.9874591449994412, 0.6047759463362365], [-0.1019588708207737, -0.8921756564633055, 0.5766594942088652]], [[-0.11645229330243898, -0.9586883843158865, 0.5796476320114567], [-0.05554972242054407, -0.9669939211284126, 0.5427966736446931]], [[-0.13740634826781728, -1.1307712823429275, 0.16295599638989966], [-0.1404227376027764, -0.842050988829174, 0.10541636781531971]]]}