{"bodyId": "h0", "timestamp": 1642437944846000000, "continuousState": [[[-0.16154286426409392, -1.2063538709097892, 0.6434415812246832]], [[-0.18815759618237243, -1.2602417025725179, 0.6962757839726658], [-0.15270928340603018, -1.2466694785603503, 0.7511012841839403]], [[-0.057766650002820885, -1.110287813415359, 0.6802288231244902]], [[-0.10085011104843561, -1.4676501594463902, 0.591032134475468], [-0.06519884957860067, -1.4138639424206434, 0.6248032576797605], [-0.09522511522594312, -1.2395631291386513, 0.5580726989462826]], [[-0.0034446518063870335, -1.1949992160876353, 0.5495117137505121], [-0.14350828652165026, -1.160966829095832, 0.5383625526708344], [0.010691365913426232, -1.1130326604926513, 0.4744477800332141]], [[-0.050112271410683196, -1.6327918779417467, 0.39355103840274896], [0.014223758390087271, -1.6308823218147384, 0.43664130302292625], [-0.05443470637795067, -1.4612122045412157, 0.25350670938390474]], [[-0.03938427012782353, -0.8389340642035787, 0.0748504739766751], [-0.17907601734767153, -1.0704435574932272, 0.330251186418163], [0.00038227944059032737, -0.9691952586899184, 0.22036792053102416]], [[-0.07110108355239941, -1.6908774580656396, 0.17034884601920308], [-0.04832540054051371, -1.6786569778779985, 0.21898925594383822]], [[-0.023814763898835523, -0.7320252888821746, 0.014034663052044039], [-0.07526858704210138, -0.7629119019620778, 0.05384920610664934], [-0.04845231411818163, -0.7519672933472699, 0.06055629242228544]], [[-0.00220333737800793, -1.6417535311547855, 0.25543000589173925], [-0.12352584570216718, -1.5342474141807179, 0.16678740370355905], [-0.10484831808785788, -1.440912661333392, 0.03566432689314858]], [[0.07028383661698878, -1.5474413413171755, 0.2356177242923606], [-0.197210194289955, -1.3745050364825089, 0.10796419364328846], [-0.03736194386717284, -1.2722535502703813, 0.01927851191649499]], [[-0.07004181052078162, -1.5113247536019356, -0.2987925683207241], [-0.07650264883506264, -1.5433668848470032, -0.3443421443073873], [-0.16362319618172405, -1.1629800211038717, -0.14568561380951328]], [[-0.10878676787109154, -1.5612376664242635, -0.1965895908443478], [-0.25219963381861565, -1.4069820280601175, -0.17700118321833647], [-0.2087983833189352, -1.2102757374557536, -0.22237179102102778]], [[0.0029314931394888166, -1.4723823568445202, -0.7941927025631154], [-0.08120326529849042, -1.5289020551381218, -0.6561310693174368], [-0.3045774794541678, -0.8364271363882785, -0.1813709452554746]], [[-0.06171572719692631, -1.6318995308293271, -0.6672114449833402], [-0.049101060472419356, -1.652873495337407, -0.5206564473482719], [-0.23484731397884107, -0.9972512859432827, -0.33466703588442104]], [[-0.039414074557821255, -1.3474527686860571, 0.5794579508610206], [-0.11706392611334715, -1.3186169248358806, 0.606702205350859], [-0.03570727111557681, -1.1720770761120933, 0.5163999095760569]], [[-0.05214738142741132, -1.3313246877670126, 0.5702719241129901], [-0.10435356805012547, -1.2874153857582376, 0.5815829051752974], [-0.042266874656258446, -1.1762978948156513, 0.5162602394897484]], [[0.034040249619490426, -1.5945974362359805, 0.24552386509204993], [-0.1603680199960611, -1.4543762253316133, 0.13737579867342375], [-0.07110513097751536, -1.3565831058018867, 0.027471419404821784]]]}