{"bodyId": "h0", "timestamp": 1642437973455000000, "continuousState": [[[-0.16394146523047415, -1.1502232454591623, 0.6363338271627668]], [[-0.1528436146657538, -1.2254635952588768, 0.7475566762091709]], [[-0.02414999797384554, -1.0965956517506013, 0.6732703934522382]], [[-0.07911267703781033, -1.4109578790835413, 0.6365819484113789], [-0.1280796238040165, -1.173050398969052, 0.5959665572753327]], [[-0.15164188626835762, -1.167554988029946, 0.5521569209410819], [0.0283446885913734, -1.1132540762669016, 0.46423428179534953]], [[-0.00737470300168086, -1.6516921870123893, 0.5197366257200039], [-0.0425665304991405, -1.4689473079112978, 0.2751694997710664]], [[-0.1916059894996356, -1.0945678118689077, 0.35263945283901754], [0.029006979050091974, -1.0170313862551688, 0.20826615754965794]], [[-0.05117800993592958, -1.648860626882969, 0.271847372674731]], [[-0.0420275291167429, -0.761660783389426, 0.053280889017598865]], [[-0.15681987329639346, -1.5723438758857626, 0.25424478294849284], [-0.08815842904043736, -1.4579670462195238, 0.024643055739392405]], [[-0.19557063831157429, -1.373670871833421, 0.11438820470839928], [-0.047930741242986796, -1.2345371008347983, 0.048670690428348484]], [[-0.0946580431088303, -1.5474305706624059, -0.23693688429697612], [-0.15764641109206945, -1.1760282159820177, -0.1461449210165099]], [[-0.22335727789664528, -1.3719748159339156, -0.25101422622000036], [-0.2230863379535719, -1.1595478901716898, -0.1879147331974942]], [[-0.11428440513593263, -1.5722588735492367, -0.5456345374001788], [-0.33636650562413795, -0.7710837421304992, -0.12467913724384394]], [[-0.05489937299442005, -1.657257781348538, -0.5062954611844885], [-0.3128002443143315, -0.819424314266382, -0.1742881421317477]], [[-0.12084526355201486, -1.3099754326981325, 0.6101339509091083], [-0.037690592586453686, -1.1677509208964856, 0.5180467597684817]], [[-0.11537728165308397, -1.2892564335567438, 0.5943694346762305], [-0.04986746760632155, -1.1431522376179768, 0.5301004195353411]], [[-0.17619525580398387, -1.4730073738595917, 0.18431649382844606], [-0.06804458514171208, -1.346252073527161, 0.036656873083870445]]]}