{"bodyId": "h0", "timestamp": 1642437990674000000, "continuousState": [[[-0.241581908613894, -1.144016190527016, 0.6758254472590266], [-0.14930195948527825, -1.1640970993053763, 0.6308852368414336]], [[-0.16833257962699955, -1.2528275673216767, 0.7187799156096835], [-0.14583530290620306, -1.2213760549490398, 0.7428920862619552]], [[-0.054205113729633825, -1.1990177182048851, 0.6951914575877153], [-0.023563117528263566, -1.0973281521834555, 0.672847837854836]], [[-0.09195132013513546, -1.4643811225518033, 0.5971531572162481], [-0.07908459142001967, -1.4110134105904675, 0.6365629607209143], [-0.1228936046104967, -1.1677944529470807, 0.6043497675154008]], [[0.003490823419390776, -1.1980747366349511, 0.5532215258373949], [-0.1409186289682023, -1.160088694986268, 0.5485687085422661], [0.023460088464465123, -1.0785233660308915, 0.5071099427140111]], [[-0.027257743955327207, -1.6422522957443442, 0.4413714210532439], [-0.0037026593047024825, -1.6490922530436707, 0.5097633452287332], [-0.04133825841893324, -1.4703154504829445, 0.2657272139672333]], [[-0.014339454328965773, -0.9234932509120612, 0.14887389341630253], [-0.17986800886182053, -1.086102528636419, 0.37446275925340866], [0.035850274766097145, -1.0289635952756737, 0.2097517773905203]], [[-0.062167506900918434, -1.6865208919025678, 0.23675304826092547], [-0.0615094079759968, -1.6516828546303033, 0.2762623543452496]], [[-0.017432894001777943, -0.7821628936742642, 0.0505489497293623], [-0.061377099849662775, -0.7446258104751029, 0.07582290505850442]], [[-0.038640463522613855, -1.5609626069646678, 0.16237379418617892], [-0.15010616328406345, -1.571241590879248, 0.23964881889322243], [-0.11618429711405698, -1.394983190862155, 0.06788662715880767]], [[0.07614977784352694, -1.548580694963432, 0.23883025646557188], [-0.1903951283841392, -1.3746699909900788, 0.11037765798816168], [-0.05513757591212487, -1.2042081603581525, 0.08163265863960112]], [[-0.05804017936423267, -1.5216330106627065, -0.2894334959242386], [-0.07884428443246749, -1.5385082553917173, -0.2889485603375984], [-0.13103809524428045, -1.2509408427272612, -0.18756604985033776]], [[-0.09978783317755657, -1.5851093542526318, -0.04612489189590674], [-0.2400815164868496, -1.3898091791732767, -0.2004761314545711], [-0.20074264268461894, -1.190905583660244, -0.19558887101068134]], [[-0.0027781201747204554, -1.458725729472429, -0.8079429165023392], [-0.1127820787133833, -1.5803691835809952, -0.5236928777538802], [-0.32235266444599076, -0.8154414570099737, -0.15298066004414534]], [[-0.06869614154374903, -1.6191862525032124, -0.6817323139128136], [-0.05752640385029428, -1.651483202932345, -0.5100432024155876], [-0.3234691091517268, -0.8124660118707283, -0.16573527401872057]], [[-0.03195213167669586, -1.3516828075779874, 0.5897329814845182], [-0.11071586313735315, -1.3028947109586395, 0.6013053668743791], [-0.010920480822077083, -1.218913036645595, 0.5224142456126516]], [[-0.04423024835787234, -1.331227929593377, 0.5751873415268215], [-0.11000161019411098, -1.2855510527883678, 0.5925658346315903], [-0.04971675807301579, -1.123158909488986, 0.555729855114706]], [[0.018754657160456545, -1.55477165096405, 0.2006020253258754], [-0.17025064583410132, -1.4729557909346633, 0.17501323844069205], [-0.08566093651309092, -1.2995956756101537, 0.07475964289920439]]]}