{"bodyId": "h0", "timestamp": 1642438015665000000, "continuousState": [[[-0.02134903604841648, -1.1699265672806414, 0.7111929512343117], [0.05081402239795829, -1.1121983839534562, 0.6848188431478326]], [[0.10269388539171276, -1.1935570828432993, 0.7558313227240561]], [[0.13477695086050856, -1.014644754361672, 0.693784915739517]], [[0.32100070978726847, -1.2070065261183098, 0.5468968562757822], [0.3222484784563806, -1.0684885268369853, 0.5997392289107265]], [[0.04543489080438523, -1.135820383361777, 0.553857910461717], [0.13424225332143247, -1.085532349941625, 0.45886807565361953]], [[0.4833262642434274, -1.2559319280866834, 0.2903617512323644], [0.4380741304743727, -1.1055651244986535, 0.36698489939725965]], [[0.09689269237338383, -1.284822808620458, 0.3616588411585884], [0.08881517552083507, -0.9749764615173431, 0.21545699176807698]], [[0.5376496317016645, -1.345809975533602, 0.08956216615457113], [0.45598131407789233, -1.121611412798463, 0.18338253028425155]], [[-0.03415203570692271, -0.7615065690426239, 0.05162165733039792]], [[0.3131539028013756, -1.3589126492239472, 0.1002264249385838], [0.24616735517625132, -1.0103068987373551, 0.10064306297286507]], [[0.13732905392003847, -1.3143053631153943, 0.0741751100443282], [0.06360649934088025, -0.9649759068017723, 0.10497022570393277]], [[0.32166411599134015, -1.3593097813100152, -0.3875727942853777], [-0.005170332329515359, -0.7421183933825763, 0.03201963203519076]], [[0.1335434439551117, -1.4003840639458502, -0.25685143668985555], [-0.1329205781057592, -0.720911889321675, -0.007854253424063207]], [[0.3985744481491871, -1.4150186721473141, -0.6707020546794641]], [[0.3439857187633897, -1.3889790561394946, -0.6268447998761284]], [[0.19680219171787716, -1.2169498491725281, 0.5780472199676714], [0.2480405031414028, -1.075104630889759, 0.5346140455404603]], [[0.18321780029582685, -1.1714134547400434, 0.5503773833687495], [0.22824536588890654, -1.077010438389305, 0.529303652282173]], [[0.22524147836070704, -1.3366090061696707, 0.087200767491456], [0.1548869272585658, -0.9876414027695637, 0.10280664433839892]]]}