{"bodyId": "h0", "timestamp": 1642438062498000000, "continuousState": [[[-0.2611272332327702, -0.7615833418351639, 0.6472292747139947]], [[-0.4081872786801749, -0.8654684583044174, 0.7249108416622456], [-0.3305197395523253, -0.8571261394212243, 0.7269181244012362]], [[-0.27189727160249416, -0.9300949968967633, 0.7941391244971169]], [[-0.498894567762866, -0.9515143244940982, 0.5495740224971434], [-0.3985563386138653, -1.065343004088048, 0.518609769934042]], [[-0.11216008923136278, -0.914669069755178, 0.5595791246637836], [-0.11602865428325182, -0.864458228191214, 0.5467349497653982]], [[-0.5672170978712072, -1.0607029962779932, 0.31984179737189533], [-0.45935972946107106, -1.179495382405348, 0.2338841856500199]], [[-0.1822900076612909, -1.0291169530226476, 0.3780706651232699], [-0.16766141538333756, -0.7916543749686678, 0.307702985936644]], [[-0.5736329071042703, -1.0627957093512168, 0.07617123570422502], [-0.5075268471787984, -1.0575868245856972, 0.06188999308568788]], [[-0.22760487692645925, -0.7549282871858392, 0.0504026635241957]], [[-0.437166716971533, -1.1508849875315517, 0.14579229181989684], [-0.3807702924606534, -0.9566417870114998, 0.08513441783148756]], [[-0.24404152034200055, -1.1693323509900586, 0.1661044644840357], [-0.25119670739114686, -0.7993896299415415, 0.1318897281599829]], [[-0.36274574285265615, -1.111680202814607, -0.3217463895056283], [-0.35658568010558933, -0.9882603723488066, -0.33607006523924554]], [[-0.21997302980269906, -1.1287708758209296, -0.29797021748345087], [-0.2803984742719472, -0.749551964794694, -0.1736403636472411]], [[-0.3248118586730451, -1.2061255110422282, -0.6555227603473164], [-0.3627835662616221, -0.9476122555461581, -0.5634433656321781]], [[-0.22104406909318652, -1.2055593724172817, -0.6902861758545787], [-0.33059384278365034, -0.7681238862836013, -0.42475726710446604]], [[-0.3303177948362142, -0.9771885977213737, 0.5803412638829977], [-0.2931885478473387, -0.9000660508637923, 0.5600299649159077]], [[-0.3055273284971144, -0.9330916971246381, 0.5545765735804635], [-0.25729249644855856, -0.964900616139631, 0.5326723598497201]], [[-0.34060411865676676, -1.1601086692608051, 0.15594837815196627], [-0.31598349992590014, -0.8780157084765207, 0.10851207299573523]]]}