{"bodyId": "h0", "timestamp": 1642438070404000000, "continuousState": [[[-0.2598615068213287, -0.7630108310256849, 0.6338904505916618]], [[-0.39232610638078413, -0.8951976424717725, 0.7475180502312373], [-0.33349549285086433, -0.8363086952835529, 0.7267062317078824]], [[-0.2653551458025516, -0.812443479770828, 0.7036882431219682], [-0.26972613545854957, -0.8872753974603298, 0.7595323047505319]], [[-0.5464199426446414, -0.958562690226362, 0.5314722753313699], [-0.5096978969732822, -0.9319097460362271, 0.5451286083424145], [-0.4156621188990943, -1.0201431520420137, 0.5294366297802614]], [[-0.15823359731749442, -0.9154065137361846, 0.5331592125089364], [-0.1287672431259349, -0.9129168103701084, 0.5608605988551236], [-0.14945005725027383, -0.83159575764222, 0.5563862682817449]], [[-0.5767751760597042, -1.0643697101270442, 0.29236523231840184], [-0.5724854321213526, -1.0470671743101643, 0.31390263661776396], [-0.5030441783308472, -1.066308202684962, 0.2647347582448515]], [[-0.15163484861422066, -0.9514175066671513, 0.24029378955887015], [-0.21922659247351595, -1.0518173373602901, 0.3936894220830054], [-0.1598781306034085, -0.8044841773531259, 0.29332674861555363]], [[-0.5828486778230215, -1.0499793756925773, 0.03738573056886185], [-0.5818148737093869, -1.0633138606918269, 0.08554754867160241], [-0.5138431786391975, -1.0382398991597226, 0.05190394287081246]], [[-0.16816684224416856, -0.965511040013312, 0.17068999908122517], [-0.21713210639341418, -0.774106446056285, 0.04294371563094124]], [[-0.44367337735991236, -1.0818741595803656, -0.008560247783815589], [-0.4467850104056972, -1.1368039831991652, 0.14262584714648896], [-0.3790721727816989, -0.9610546561579081, 0.0748673607277286]], [[-0.2181007552891836, -1.050064738259681, 0.025175513528100435], [-0.2496198481161489, -1.1546767889548026, 0.15174077585159096], [-0.2549036505970276, -0.7789397810210734, 0.1440738728616871]], [[-0.3642792740056373, -1.1127961549829346, -0.4054499439804169], [-0.35888087281127845, -1.1013126239396644, -0.33764681630838567], [-0.3606611673737623, -0.978747911296787, -0.3193153469672153]], [[-0.21792856020032947, -1.0996353802651382, -0.38574157956606925], [-0.2270550098026365, -1.1395438651064078, -0.29093876151861275], [-0.3391452617515627, -0.599419417481674, -0.04431447272506783]], [[-0.3113325943929288, -1.1957075983493712, -0.7312914898222089], [-0.32225506251605107, -1.2106633282113628, -0.6672921906860843], [-0.3673584440584621, -0.9367858575121382, -0.5523336395990334]], [[-0.2159391533774152, -1.1331028067534223, -0.770498100093024], [-0.21367366803520949, -1.202367842369674, -0.719170269368434], [-0.2825997310979954, -0.8656650678481708, -0.5275824838301647]], [[-0.3666400307282144, -0.9225345216845078, 0.5362703211319162], [-0.34860047400517635, -0.9578083506821038, 0.5696721688213261], [-0.30423793302973234, -0.8764425958992685, 0.5631400484803948]], [[-0.35232676998106793, -0.9369846019812733, 0.5323157439201531], [-0.31923257004960853, -0.9224132782031678, 0.5529946035987691], [-0.2825560880746841, -0.9258694548421169, 0.5429114490310032]], [[-0.330887066324548, -1.0659694489200233, 0.008307632872142423], [-0.34820242926092304, -1.145740386076984, 0.14718331149903996], [-0.31698791168936324, -0.8699972185894908, 0.10947061679470785]]]}