{"bodyId": "h0", "timestamp": 1642438147454000000, "continuousState": [[[-0.30197776279623667, -1.0428244669989986, 0.6177309307167735]], [[-0.4030322081187306, -1.1324351936246435, 0.7132464176588299], [-0.3342679918167256, -1.0880636674251738, 0.7056365223522225]], [[-0.270834441884089, -1.099397658374507, 0.7039452129698722], [-0.1649792771918568, -1.1149565254043976, 0.6389444056371948]], [[-0.31658592203901503, -1.3510155195554359, 0.5340840400626243], [-0.22348367555346715, -1.3617275659460937, 0.6148014153997796], [-0.2958433327979022, -1.1807644370538268, 0.5834175008062005]], [[-0.16579861495093046, -1.2121667035465091, 0.5725364716430976], [-0.3379110884545405, -1.1879766462065253, 0.5960976352529453], [-0.15784504727276283, -1.072767478596412, 0.5036172089608664]], [[-0.228320991889007, -1.5369967636672004, 0.30972382579211255], [-0.1967858895799368, -1.5564023572046586, 0.43501220534880347]], [[-0.2325810458784583, -0.7856078148078973, 0.05064955201159749], [-0.3488177219283427, -1.3145430072973152, 0.5189878700772724], [-0.18629203855207765, -0.9671374226718025, 0.24441990837036964]], [[-0.2553567545044366, -1.6191932203135562, 0.06805828194290253], [-0.2114076281502031, -1.6134639507459396, 0.15978542019478015]], [[-0.2082628664143189, -0.7198348928461857, -0.005687881956694341], [-0.38974445697637355, -1.219751346647143, 0.45129158358879495], [-0.22102142951033754, -0.7540527002241066, 0.05616966625310432]], [[-0.15682444502399195, -1.566820218379322, 0.1786896184522626], [-0.28119820778816806, -1.514872978608299, 0.21163277603817277], [-0.28048255821123425, -1.228577530386041, 0.12683775835343003]], [[-0.12271090045510669, -1.3955643440116838, 0.11891662907031475], [-0.36443003111203676, -1.3966511964628472, 0.15560137780502714], [-0.2225042878794643, -1.1366659043532723, 0.13355146486345693]], [[-0.17779970806391643, -1.475665981865046, -0.2910705343953064], [-0.21501103372248231, -1.4922335527462443, -0.25713912849917164], [-0.21512085304800033, -1.275037930971436, -0.2688678047941543]], [[-0.1562419124464971, -1.3528470047760714, -0.2962211130593173], [-0.3340549982570904, -1.4439595080113845, -0.07437860204972258], [-0.21780352839991657, -1.1897497342028025, -0.2251409025880603]], [[-0.1482457881368362, -1.4374734373182574, -0.758572200648986], [-0.15250490052624288, -1.4970302524621344, -0.60497969260407], [-0.32843776174407147, -0.9287336576692165, -0.2862963948769024]], [[-0.0663191678717352, -1.3435342034537885, -0.7802822737324113], [-0.18915588019391738, -1.508255377326783, -0.3421134458595476], [-0.3079325452556829, -0.8266095895541388, -0.23534668410234416]], [[-0.21538519458744754, -1.3260644337063128, 0.5799796922524841], [-0.29253314681111603, -1.2934018515729866, 0.6251385639114069], [-0.2452481674952911, -1.0862739422745475, 0.5621784102569602]], [[-0.24119226849497274, -1.2815911115509726, 0.553310255852861], [-0.28069738200400385, -1.2748521060763096, 0.6054495253263625], [-0.22684419003533252, -1.1267659578251195, 0.5435173548835335]], [[-0.13976767273954932, -1.481192281195503, 0.14880312376128868], [-0.3228141194501024, -1.455762087535573, 0.18361707692159995], [-0.2514934230453493, -1.1826217173696567, 0.13019461160844348]]]}