{"bodyId": "h0", "timestamp": 1645875888969000000, "continuousState": [[[0.11593527329509123, -0.2090898394745947, 0.7414163700059583]], [[0.47451664786337344, -0.6961176999921406, 0.6329375626332612], [0.44014098040787997, -0.6027165450047928, 0.6072794444612407]], [[0.5944647212661699, -0.719720249761217, 0.5582999777632947]], [[0.3286481918865152, -0.8268279380827405, 0.5250989313020189]], [[0.5805286405872644, -0.8281312685498945, 0.4269019835721046], [0.04271381347221448, -0.2038790664597413, 0.7343437629592585]], [[0.18027183760111987, -1.0737547473135045, 0.38388460205661645], [0.1518456759311877, -0.9584981318545628, 0.38947838789694456]], [[0.5680646851392388, -0.7857764910441913, 0.12137734347780094], [0.5008216902203635, -0.6389797279631356, 0.2542131724113553]], [[0.13245038584335345, -1.0773163008089306, 0.12526542221485015], [0.1330584875580232, -0.9964637810376393, 0.1320046020960559]], [], [[0.3211387291592779, -1.20554890808797, 0.19324016510107977], [0.2241116783408026, -0.9084059609112501, 0.07932619685917963]], [[0.5103489792370254, -1.1372939725945443, 0.13518031076605008], [0.4468702925014898, -0.8414074308533663, 0.02363570241673041]], [[0.2682952145796632, -1.0283778334898954, -0.2759690929419072], [0.012311056728160352, -0.5853573574263948, 0.00342316675923493]], [[0.5052422028293381, -1.152758609377671, 0.0629315456113122], [0.21170620047114874, -0.5191940453090746, 0.0046667390745988024]], [[0.2646612995995209, -1.0106180507364564, -0.7289615633042584]], [[0.42296679659098324, -0.9527792453655768, -0.6452706148308492]], [[0.4016000267694123, -0.7168635921263489, 0.4925493498775193]], [[0.18568100267936483, -0.5153535022712409, 0.6297213471306387]], [[0.41574385419815163, -1.1714214403412573, 0.16421023793356493], [0.3354909854211462, -0.8749066958823082, 0.05148094963795502]]]}