{"bodyId": "h0", "timestamp": 1645875912419000000, "continuousState": [[[0.05117494540665568, -0.2275370057231022, 0.7197426204874198]], [[0.49553076745862956, -0.6234283292025313, 0.6281075306784805], [0.4262285405532755, -0.6018296341486118, 0.5808024357365935], [0.40704140256269494, -0.6226877304976784, 0.6015732362225064]], [[0.5968347179940346, -0.6629696652809733, 0.6303926075868256], [0.576906213582203, -0.5144657619419402, 0.47527486968322763]], [[0.36105097952834264, -0.8761412409064786, 0.5350625975738712]], [[0.592065640901004, -0.8475122040773659, 0.44007913549609157], [0.045182160721599196, -0.204610331441197, 0.7284814419324166]], [[0.2751606116919073, -1.087782569141961, 0.44335325128733216], [0.23266647354851683, -1.1420478977505575, 0.38076870548919173], [0.23401564450625412, -1.026391660130816, 0.36826380411691506]], [[0.2894867435639731, -0.9596495197314736, 0.42961954110637346], [0.23926006863060745, -0.37525430108942437, 0.4475963310262693]], [[0.20370948341077522, -1.0832593312268959, 0.17519660636385082], [0.16309641222451643, -1.1210869748348093, 0.14115175897875898], [0.17922509443317192, -1.0704672335570287, 0.1397172737218635]], [[0.4551960372588806, -0.2813179613936865, 0.029894124508607067]], [[0.31477956349418634, -1.1360303665233376, 0.17647341391606508], [0.3513374548186907, -1.2425812024716643, 0.2016615986326129], [0.26571250041976757, -0.9791135414618573, 0.0776675691471993]], [[0.3835337583472489, -1.1892774873132337, 0.22681626144261524], [0.516294297672807, -1.1632417061551952, 0.1416645034533015], [0.42673192990361564, -0.8412491532062736, 0.03617305763977052]], [[0.2911211666746837, -1.1516775329013915, -0.3371393005114449], [0.26751367754801314, -1.127515646837774, -0.3227383034858111], [-0.002749233917001659, -0.689395919744819, 0.0002537770040806908]], [[0.35156087831066996, -1.160215516425609, -0.25023846412199613], [0.4789898217014168, -1.2721262095545753, 0.039632233177335996], [0.12060783186242285, -0.5389226704928701, 0.009586726641249155]], [[0.28360758994302704, -1.2036632959954112, -0.7544629037260772], [0.28663598555801895, -1.1501701688841557, -0.7229081997264009]], [[0.5913490650623088, -1.0572403437847901, -0.7922609633818118], [0.39742427975785444, -0.904520384904274, -0.6882204021825852]], [[0.39694535310322676, -0.7223094710644957, 0.4972948894387411]], [[0.20311657012497092, -0.5403757861738379, 0.6317720197531439]], [[0.3491566609207176, -1.1626539269182856, 0.20164483767934016], [0.43381587624574885, -1.2029114543134298, 0.1716630510429572], [0.3462222151616916, -0.9101813473340654, 0.05692031339348491]]]}