{"bodyId": "h0", "timestamp": 1645875932787000000, "continuousState": [[[0.2628618324461648, -0.7647603757392498, 0.68771238725273], [0.2332401333287727, -0.7264934878080487, 0.630647153414099]], [[0.2742017460742163, -0.8435021835929744, 0.7520730745658994], [0.19214420160181833, -0.8535724605078231, 0.6861915770334821]], [[0.36132283499320716, -0.9503569035538662, 0.7255971600946503]], [[0.22989896882685446, -1.1061509297320526, 0.5666841649488992]], [[0.30445892502160754, -1.0099335634578324, 0.6739250940602015], [0.43782401457135767, -1.018498452400177, 0.551275803909224], [0.3695655932654426, -0.8080132317516484, 0.5227521597428492]], [[0.20385572865266177, -1.324332295808821, 0.4357098378624622], [0.16602104547735763, -1.3976818194106526, 0.3944638724193996], [0.14124533899862068, -1.2303720926377109, 0.3934167893908549]], [[0.22220756307615364, -0.9672288914230565, 0.48395596254947826], [0.44031658480916835, -1.0909530683403705, 0.3891436319132524], [0.33139896639473054, -0.6421158801076811, 0.28086288606335463]], [[0.15037452346216218, -1.319498319788502, 0.2206021222629997], [0.13283846645751884, -1.3662377895773905, 0.1758862155094052], [0.15783513934013982, -1.3149870612330066, 0.10939234355788652]], [[0.33369945191686023, -0.5412150023669258, 0.09180128861912906], [0.3353096957009507, -0.49172021086089934, 0.06382253568228602]], [[0.1446237971568538, -1.2988403964787714, 0.272281864110971], [0.2810052367109779, -1.2914913070046652, 0.12610396988202566], [0.13533879454556907, -1.0148166699292558, 0.06731096140537307]], [[0.16052700302834322, -1.0978177504021502, 0.12582543642583155], [0.41030904438201277, -1.1345824850414306, 0.07693867781316466], [0.2698539048636539, -0.8688230489373784, 0.06372607392289797]], [[0.25904387454867406, -1.1975870668409947, -0.3070062745416364], [0.27199286029548975, -1.1968382715908745, -0.3173005478962312], [-0.029586403011180318, -0.6648813919427664, -0.006274791868840612]], [[0.17913770514146332, -1.0834926027429708, -0.2006911589912248], [0.3566068378800773, -1.1698469540854888, -0.0789269399883159], [0.05526907592393271, -0.5938944288364982, -0.006583384764868971]], [[0.2872381451842547, -1.2142423552824457, -0.7434648413551169], [0.32109655734633136, -1.2130896750698386, -0.660760793707594]], [[0.26570925327575856, -1.0801339218376642, -0.5343198616381717], [0.3595028968638876, -0.8955143483907158, -0.7358793807780649]], [[0.32092608964388325, -1.0267040590707894, 0.6297123064151557], [0.22951384418822784, -0.8651380835138355, 0.5749893689513684]], [[0.2997322810461485, -0.9570820807418505, 0.5447181623458741]], [[0.1525754000925985, -1.1983290734404608, 0.19905365026840127], [0.3456571405464953, -1.213036896023048, 0.10152132384759516], [0.2025963497046115, -0.9418198594333171, 0.06551851766413552]]]}