{"bodyId": "h0", "timestamp": 1645875958716000000, "continuousState": [[[0.28145261917077435, -0.791246043728833, 0.588827923108263]], [[0.19754522858040258, -0.9034598855984299, 0.69346951704594], [0.2175426427485867, -0.8761541214222015, 0.6679374457211331]], [[0.3769165833735172, -0.9539531421454295, 0.7066395840087096]], [[0.24756408736378321, -1.1334956828688068, 0.5542258795718773]], [[0.4456441931369196, -0.9907471441506794, 0.53376754239899], [0.3577835441782937, -0.7874525138559028, 0.5408561360756772]], [[0.14171808583384182, -1.3953547031640519, 0.38391877799975505], [0.13753201875015242, -1.23346471578405, 0.3675318142432684]], [[0.44646093690813404, -1.0952381057622347, 0.4212121241973419], [0.3746375652704307, -0.6771070102687361, 0.2737176134504641]], [[0.10971878000363511, -1.3737751509862743, 0.1790437220697425], [0.13830161562771703, -1.2929804821021622, 0.10594629908110709]], [[0.34743167131087493, -0.49365457536730173, 0.0512739640994595]], [[0.27184401990110785, -1.307601295134455, 0.1497580813949939], [0.13743561129019266, -1.0185079175400407, 0.06450993210058598]], [[0.4030465535794522, -1.1600130070245194, 0.0932222429317775], [0.3056502947009707, -0.9173357118051608, 0.032011535606725205]], [[0.27878113727573384, -1.247967484219888, -0.2639817324851361], [-0.0196776467462374, -0.67959044490476, -0.02100161137327905]], [[0.37448764113701605, -1.225549772066073, -0.06664528219108345], [0.061234856112061475, -0.5940794457142847, 0.00015989804419491715]], [[0.3194091504576084, -1.20008134181096, -0.6896749468741011]], [[0.36086589731220287, -0.8944695604107009, -0.7480909781818346]], [[0.22048245786259468, -0.8548202761165754, 0.5873801092988954]], [[0.30267381577103847, -0.9604740983623548, 0.5475410078237772]], [[0.33744528674028, -1.2338071510794872, 0.1214901621633857], [0.2215429529955817, -0.9679218146726007, 0.04826073385365559]]]}