{"bodyId": "h0", "timestamp": 1645875975801000000, "continuousState": [[[0.2284047470528967, -0.787323538701404, 0.5825592333462994]], [[0.2541352127885801, -0.8502273613957803, 0.7206756826099787], [0.1255692757735033, -0.8164350809649183, 0.6864789047088485]], [[0.32980838221232656, -0.9300511480412665, 0.7177503998433918], [0.25214162094861414, -0.7465625348586545, 0.6725531399641278]], [[0.19995737146838866, -1.036994273760658, 0.5972908240363667]], [[0.2843261174107663, -1.0382816478646397, 0.6941536040974885], [0.3880952583037266, -0.8218376628638674, 0.5213265411177557]], [[0.24286307811266272, -1.3434124470409519, 0.4670948339259544], [0.21654514667323244, -1.3999054280006888, 0.37460000187011655], [0.21119587096170434, -1.2551180099861508, 0.349820397805062]], [[0.23321653412408383, -1.0556138226750187, 0.5165895507536096], [0.37453248589249444, -0.6429097403602488, 0.2653918916586936]], [[0.20357235730240753, -1.3288588595883617, 0.2109722992679799], [0.175128572397112, -1.370580103867945, 0.1673696470272048], [0.19108268715049093, -1.2750769585814299, 0.11805510732032198]], [[0.38323837014208806, -0.545901742421739, 0.07627146214951441], [0.35424420799375334, -0.4869754806919867, 0.0636271614536944]], [[0.19082835116548658, -1.2459176924741033, 0.23368206066538244], [0.3114902831626986, -1.2994560657905687, 0.15475454446318504], [0.1691507717803793, -1.0580496933170893, 0.051164979678544054]], [[0.1663278379305725, -1.0876280111117484, 0.16571664028525435], [0.4212002408255331, -1.1719174101331111, 0.11860599846582542], [0.2803439635887748, -0.8842863831615391, 0.059776514441118644]], [[0.23264811913561856, -1.2429156739619016, -0.22940529014251854], [0.2718315489703881, -1.1708004606564564, -0.3425553545596467], [-0.024238659748001545, -0.6743653886715597, -0.007125895695970885]], [[0.18318880898950696, -1.0770980560783108, -0.18518365159739703], [0.38524320269605195, -1.2491486392867364, -0.04022850113542775], [0.07918169252316964, -0.5914954787989799, 0.014528918646982025]], [[0.2800849410623998, -1.221631039939653, -0.7131540859895212], [0.3142545496811906, -1.1833940321278082, -0.700779474835189]], [[0.25301878175214665, -1.1126945289785724, -0.48949910184648315], [0.36444629637086146, -0.9135525706860141, -0.7262055870902461]], [[0.16396603427745293, -0.7720002033702253, 0.6364980255157912]], [[0.2940263148860576, -0.9294159683122627, 0.5593086825770612]], [[0.17857809454802953, -1.166772851792926, 0.1996993504753184], [0.3663452619941159, -1.23568673796184, 0.13668027146450523], [0.22474736768457704, -0.9711680382393142, 0.05547074705983135]]]}