{"bodyId": "h0", "timestamp": 1645875980022000000, "continuousState": [[[0.14042898811061488, -0.8232569388420251, 0.5954608975517066]], [[0.10432055776210003, -0.847217786535883, 0.7570687614872205], [0.035598052170918826, -0.855810675288128, 0.6977381402541276]], [[0.25051416259639603, -0.8952899035123452, 0.7579963949898383]], [[0.00549032739600408, -1.0418987597891394, 0.6491819140309434], [-0.04865695490917521, -0.9876875768145383, 0.5889307325445434]], [[0.258891430660001, -0.8775103214201203, 0.544811598048828]], [[-0.08907232487200079, -1.0619216516252468, 0.35746260774051386], [-0.12736948789321467, -1.0018055572945248, 0.3008863376370472]], [[0.3342845800132235, -1.1041859787040726, 0.4318162447816105], [0.3140244680802362, -0.802680759491813, 0.27477435730420674]], [[-0.17462788542446872, -0.8922807519193974, 0.10675076752524904], [-0.17625163661712473, -0.895774299167446, 0.110230012669289]], [[0.3480155295735281, -0.6814760852524941, 0.03948268614468908]], [[0.0022473581287598687, -1.149165950889612, 0.16649942725570588], [-0.023174268005374254, -0.9524492934061173, 0.050186695583890106]], [[0.18080030658087398, -1.2156474494201648, 0.1639521636492145], [0.14207682062757598, -0.8751899345305116, 0.06501126346985275]], [[-0.030480005364418306, -1.0496405874783712, -0.357717153308559], [-0.18054694469261723, -0.617217556596261, -0.0017166671841005732]], [[0.24341180066078938, -1.0743572124770258, -0.4289324225596072], [-0.07727698092470714, -0.5779914318377029, 0.007765776797896029]], [[-0.03899203793540562, -1.1244676658987856, -0.7272191699818983]], [[0.1099327212095873, -1.2032984020048003, -0.7255470357277328]], [[0.08694025837284614, -0.8963828299298958, 0.5679089431783875]], [[0.10511723787541288, -0.9325989491173293, 0.5668711652966857]], [[0.09152383235481693, -1.1824067001548884, 0.1652257954524602], [0.059451276311100865, -0.9138196139683145, 0.05759897952687143]]]}