{"bodyId": "h0", "timestamp": 1645876018815000000, "continuousState": [[[0.09174158997847703, -0.7852738634270353, 0.6178183343121019]], [[0.09103475895688018, -0.8578272500234361, 0.7654420504490689], [0.059391012163020396, -1.0198990992225294, 0.7611010764235333], [0.00949911794290037, -0.8469336192298318, 0.7031811092456528]], [[0.21108366299705195, -0.9331337988397028, 0.7850315611802674]], [[-0.01778600365419558, -1.0592096098291874, 0.6593068093760439], [-0.060723728578977676, -0.9917839463979272, 0.5814992962129576]], [[0.24577342621380616, -0.8893684542982041, 0.5333136302231356]], [[-0.11344870689841047, -1.048934696744403, 0.3488450018994247], [-0.15808076475273647, -1.0834655173062717, 0.20554660919889822], [-0.14346970743671428, -1.0011502692487615, 0.31082620391097626]], [[0.14389954277629435, -1.1439558774158474, 0.5278187857361736], [0.3202639196187498, -0.8618634335351003, 0.24685010345235403], [0.30978786016256143, -0.8099655234561726, 0.27878696101492917]], [[-0.19797507716464313, -0.9359979746799836, 0.15450360829131116], [-0.01690489336233192, -1.2091043326537951, 0.32478032740624974], [-0.17595838416358744, -0.8964615611734049, 0.10948617537598537]], [[0.3585365639903586, -0.7342240013608072, 0.05875247181498877], [0.34010781466117224, -0.6732659771682065, 0.04765919660918416]], [[-0.002229628946527784, -1.1418275302885514, 0.15283986016532602], [0.030362687044222958, -1.2477946521173513, 0.12870542416328035], [-0.06122634492827539, -0.9109580136112644, 0.07784386079616101]], [[0.1659705775108271, -1.1868200587855586, 0.14674105669040016], [0.22911739810641185, -1.1925498181272831, 0.11945508996036436], [0.1501828971952166, -0.8983535692640915, 0.04699547580965713]], [[-0.05442708498298876, -1.0459277743950268, -0.2950517324343338], [-0.050290878243726356, -1.0268375400089171, -0.4168207918782827], [-0.1926982666661552, -0.5963801562034657, 0.020088179792715266]], [[0.1536526070180868, -1.114342823525787, -0.3165978464410295], [0.1470727206349045, -1.099197787663263, -0.33363698047216506], [-0.07511445980506637, -0.5804719587988563, 0.004975607195298992]], [[-0.03953509688970547, -1.1254742744171813, -0.7253854408128134], [0.0018902009814470988, -1.0860591973751843, -0.7382031468177445]], [[0.11798630949596811, -1.158482336635068, -0.7768011460792175], [0.11707679416217454, -1.1546097301811198, -0.7267583712560086]], [[0.06207181407182627, -0.8922635199859901, 0.5719502000938915]], [[0.09252484881741424, -0.9405762003480657, 0.5574064632180467]], [[0.08187047428214966, -1.164323794537055, 0.1497904584278631], [0.1297400425753174, -1.2201722351223172, 0.12408025706182235], [0.04447827613347061, -0.9046557914376779, 0.06241966830290907]]]}