{"bodyId": "h0", "timestamp": 1645876047357000000, "continuousState": [[[-0.07430272308144847, -0.8518514135339212, 0.649546912995868]], [[-0.0820182729229526, -0.9130681926091206, 0.7632717422699804], [-0.12107624164592223, -1.0722628244837935, 0.7445368740891452], [-0.13513158781258017, -0.9601810902423573, 0.6829958310023024]], [[0.022910476365196053, -1.0122167286329269, 0.7212381243782986]], [[-0.1952045484962337, -1.0879537508166144, 0.5519855261972749]], [[0.12845642513003525, -1.0951051480404774, 0.5528542551053643], [0.07973778509694573, -0.9280612267968963, 0.5395453433168284]], [[-0.21819432675960737, -1.2927836347005912, 0.36193938804015224], [-0.25056792293294283, -1.3277579733577256, 0.27174316719740044], [-0.22954757801609682, -1.2469820196870722, 0.251324619423023]], [[0.13809423514125618, -0.7483207784206578, 0.05742049207843758], [0.10949388491036938, -0.8261837373830725, 0.28386703336453567]], [[-0.3257295308366057, -1.2986192148684497, 0.11410862633658736], [-0.365880186575968, -1.3114556550323446, 0.057452563804825996], [-0.31755034222344736, -1.3103315385191172, -0.004466208367789548]], [[0.16398199136895664, -0.6636018312326653, 0.045118751009159075], [0.11573549091689594, -0.6762316230143293, 0.05137261657460668]], [[-0.1420632107497911, -1.2558863029091594, 0.18474770736749258], [-0.08741736197060368, -1.3172160016375596, 0.12618543976138574], [-0.2052032413086502, -1.0217647515298962, 0.06920259393416184]], [[-0.00897614000638658, -1.2523618789912119, 0.18571506892481837], [0.07200792454887706, -1.21198389665303, 0.11387335467390058], [-0.027701007247010967, -0.9157734063366657, 0.07666414008410738]], [[-0.11770910727410044, -1.2021867068297727, -0.2503247527702024], [-0.12564791326269587, -1.1460182010011712, -0.3358249908923667], [-0.29648055863688005, -0.6824331589559083, 0.017592685169043554]], [[-0.1603806222533688, -1.2718545631825535, 0.10155294703261752], [0.005674829298980111, -1.0034961197080157, -0.37383441069811907], [-0.1641139373170497, -0.6125897473649865, 0.014475749396190896]], [[-0.06325246587686073, -1.2048966042115228, -0.7172175165232301], [-0.04272769112183139, -1.16456781853026, -0.7241249050690453]], [[-0.013407811168005823, -1.2221643545794176, -0.6143497285075102], [0.028845648026770032, -1.1229591766776843, -0.7198944981752412]], [[-0.08252946885603485, -0.967515734796426, 0.552072337010158]], [[-0.05773338169964398, -1.0080074888067554, 0.5457654347570516]], [[-0.07551967537808885, -1.2541240909501856, 0.18523138814615547], [-0.007704718710863312, -1.2645999491452948, 0.12002939721764316], [-0.11645212427783058, -0.968769078933281, 0.07293336700913461]]]}