{"bodyId": "h0", "timestamp": 1645875303791000000, "continuousState": [[[0.33953176696176457, -0.7695030610661606, 0.5929397772490217]], [[0.3828231676184056, -0.8226588869010019, 0.7085256736974364], [0.287570610942826, -0.8612238159859287, 0.67525863287471]], [], [[0.28979862785936206, -1.0730022822947811, 0.5752717631075204]], [[0.42800316554835527, -0.9508371768607942, 0.600583132800895], [0.5336047453478966, -1.0124888396271678, 0.524821469652383], [0.4555213678634985, -0.8199383017785735, 0.4998131018578009]], [[0.32107422072714387, -1.290361332051195, 0.42224027358235494], [0.27264231509498177, -1.3619260570651954, 0.3591723349556002], [0.2850947660382329, -1.238706260394531, 0.32347298885816556]], [[0.3501036230633128, -0.893025947517962, 0.43295373478159194], [0.428169183331357, -0.6697809927018088, 0.230092033404947]], [[0.20890766605118383, -1.2650183245793123, 0.16250936696199103], [0.17546351062722165, -1.3215351407211624, 0.13912126516572076], [0.19050260147365594, -1.2357270989467541, 0.1131548691613955]], [[0.36432032769438627, -0.5039204971533278, 0.04557259091207566], [0.36021331990276817, -0.46585347721728454, 0.0639401026585199]], [[0.3277118471282813, -1.2697550884856097, 0.18739447711855806], [0.36617317962389967, -1.3378884943416125, 0.20988411568301713], [0.257466054234587, -1.1319572839094245, 0.01642151727993446]], [[0.24812274746696739, -1.1757319737186422, 0.2181926256909208], [0.47730411072638357, -1.2147504306393826, 0.1462004720902077], [0.3768933082330801, -0.9444961101273073, 0.01847825698969352]], [[0.3532711046066439, -1.2080083735684848, -0.3038325782175806], [0.3497862670649635, -1.2405847492047615, -0.22777959402401105], [0.041332976267241195, -0.679700437995651, 0.014999916757932996]], [[0.21587202792410232, -1.1113364055106176, -0.09948018772321698], [0.3927482652027257, -1.3023427856236078, -0.007563828518438065], [0.07577089094747835, -0.5989418984549743, 0.01718163488369595]], [[0.3683577053496401, -1.1921559760600295, -0.7247704713933637], [0.38474442658573227, -1.1709685481368584, -0.6616774541845409]], [[0.31619884618243455, -1.059456539594861, -0.6203129903625746], [0.4191355048308295, -1.1614503774425677, -0.5063275687595435]], [[0.34294297452245204, -0.9078695888085704, 0.5372552968464396]], [[0.3726599978614303, -0.9464702920366773, 0.5375424324826606]], [[0.28791729729762433, -1.222743531102126, 0.20279355140473942], [0.4217386451751416, -1.2763194624904974, 0.1780422938866124], [0.31717968123383355, -1.038226697018366, 0.01744988713481399]]]}