{"bodyId": "h0", "timestamp": 1645875305332000000, "continuousState": [[[0.3388675323385212, -0.7601999729004976, 0.5973940687847638]], [[0.3829593788609621, -0.8212066228511172, 0.7238980437349181], [0.306170205493036, -0.9398182773312296, 0.679954677861597], [0.3130987508689621, -0.8722211531426833, 0.66220547092832]], [[0.4626663058218845, -0.9165586700618158, 0.6694650853256812]], [[0.28897814829443, -1.0583496265783618, 0.5740480934538605]], [[0.43764021209066184, -0.9496910887712089, 0.5972848886265492], [0.532098997209615, -0.9947260397140971, 0.5154926904523225], [0.4682777705307004, -0.8335917042493465, 0.4918046161237103]], [[0.33396663995493037, -1.2747623470916412, 0.41419913170493494], [0.2715541074118438, -1.3580427000393307, 0.35588720991738443], [0.2727700380257777, -1.2192462809407614, 0.3343104872129208]], [[0.3944785091750751, -0.8293099972710294, 0.3815631756453559], [0.4086636133614918, -0.6481096637945604, 0.24072851568233677]], [[0.20050917880197483, -1.2862068189819351, 0.19473237015268263], [0.17343647164460885, -1.3133178162039354, 0.12416000430977148], [0.18881486152370563, -1.2324722015299865, 0.11482153489492042]], [[0.3551391498191875, -0.520889800735626, 0.05994677011203309], [0.36157421128721023, -0.4671209187285761, 0.06279090458003311]], [[0.3189453226307395, -1.2708821413898204, 0.18287185175640497], [0.3677987529677034, -1.3364730408682897, 0.1943743805892073], [0.23910109819766134, -1.088389296822461, 0.03822395191565331]], [[0.25478741325104726, -1.1791266476982012, 0.21763322291745313], [0.47845895866967914, -1.204047625028874, 0.12275393080148422], [0.353684043635061, -0.9218518545758191, 0.02022899880524509]], [[0.34925674895725245, -1.2031183048520737, -0.33185546672910093], [0.35961849837866944, -1.2217991382804914, -0.29986587489041594], [0.03576360116170574, -0.682381676034443, 0.013915892433149724]], [[0.22521102573723895, -1.067762431099357, -0.12228556020819936], [0.38568135050393576, -1.290822054005005, -0.03026713836659023], [0.10151253563519225, -0.6121685407656146, -0.0004915679335256717]], [[0.3684036350033453, -1.1904852910076518, -0.7126159068095633], [0.3877264918219867, -1.1786017709103969, -0.662658435096775]], [[0.31443727440158264, -1.046427555599678, -0.6338850278683525], [0.413882023967176, -1.1696303110688397, -0.5011336918116303]], [[0.33427171920012744, -0.8772863280912087, 0.5521371646631379]], [[0.3786279594125652, -0.9459706654138542, 0.5329263547887855]], [[0.2868663679408934, -1.2250043945440108, 0.20025253733692905], [0.4231288558186913, -1.270260332948582, 0.15856415569534577], [0.2963925709163612, -1.0051205756991402, 0.0292264753604492]]]}