{"bodyId": "h0", "timestamp": 1645875307208000000, "continuousState": [[[0.3389041213341234, -0.766935965141467, 0.5876812359595988]], [[0.3817509790564174, -0.8225782410297107, 0.7248094949003592], [0.3057127119157087, -0.943122526016239, 0.6869696294697207], [0.28402507039660874, -0.8378126397562107, 0.6847927405831876]], [[0.471574268150577, -0.9247819618965725, 0.6628719994027914]], [[0.2961354044233818, -1.0709058270689886, 0.5757498691887002]], [[0.4220146724139465, -0.9584437606692715, 0.606021438401293], [0.5345029951176006, -1.0060923612669876, 0.5158351252251616], [0.4544580164467352, -0.8162983358898981, 0.4944749362659736]], [[0.32391759045075574, -1.2758888444063932, 0.4189085379137907], [0.26696182050640666, -1.342698556027358, 0.3444807208760876], [0.26601187856950037, -1.2208402588678195, 0.32587836270076287]], [[0.37162462010534325, -0.8626811820828362, 0.39906602932012025], [0.42286798309291407, -0.6725149426704864, 0.22929386801690843]], [[0.19972144788551327, -1.2646466700171528, 0.17639249547630742], [0.17470270964502999, -1.3171725619290489, 0.12733160632251828], [0.1932373255935782, -1.240055508465014, 0.10975606324063869]], [[0.3782201463581971, -0.47980170943778155, 0.036176321972126724], [0.3619375579149471, -0.4719650957146282, 0.0743807216736575]], [[0.321829181482729, -1.2765301361405639, 0.19556796458051018], [0.3662516927384645, -1.3388576103633716, 0.2104276866537449], [0.23604143830381474, -1.0858619625550494, 0.04925671085226502]], [[0.2540825659156445, -1.1681841731292781, 0.20926474496405323], [0.4737162939379186, -1.2167426304425946, 0.1380027983113601], [0.3714931451463268, -0.9463255369275441, 0.009195659586536342]], [[0.323887001491012, -1.2288309106779374, -0.25135317110367406], [0.36153507652673533, -1.2369077578890366, -0.27363812634695284], [0.038206101303706275, -0.6834703321333441, 0.00422896162319486]], [[0.23474641699758658, -1.0693025937071878, -0.13724662996294001], [0.38679447035887177, -1.3020786057613867, -0.011118811011459506], [0.0959916316523568, -0.6149183890137707, -0.0014129627635564024]], [[0.36854853469941506, -1.1914737528015984, -0.725542878086266], [0.38760738051166665, -1.1697447084580284, -0.6854826247864534]], [[0.3213254975632427, -1.0677342073085678, -0.6140416290566564], [0.41345954942091767, -1.1674965264197346, -0.5035289852779423]], [[0.4564858907417202, -1.15559409295316, 0.5788394441702231], [0.3140587460833787, -0.8524423151691707, 0.5652778058001301]], [[0.3752967104350585, -0.9436020814794434, 0.5351124027273368]], [[0.28795587369918674, -1.222357154634921, 0.2024163547722817], [0.41998399333819153, -1.2778001204029832, 0.1742152424825525], [0.3037672917250708, -1.0160937497412967, 0.02922618521940068]]]}