{"bodyId": "h0", "timestamp": 1645876136467000000, "continuousState": [[[-0.24305512560043496, -0.9062350866317987, 0.5960370768533482]], [[-0.30763444954037084, -0.9978741004469307, 0.7605113660577876], [-0.34578518296038196, -1.0994589610347762, 0.7118038629221806], [-0.3496319528586368, -0.9628622973749998, 0.6661869006832589]], [[-0.14494848843470554, -0.9775266514943577, 0.7708760168980606], [-0.21048088908867357, -1.043061851246501, 0.7054473361972455]], [[-0.34003523202366664, -1.2158767304773863, 0.6420666102498043], [-0.3861039604144526, -1.1681752346827765, 0.5494804735053648]], [[-0.1548018990943011, -0.9384208589028109, 0.5164771524599443]], [[-0.42561490835393817, -1.3552919285723464, 0.41724690147356713], [-0.4541712981359154, -1.4096273939757122, 0.3325899331303577], [-0.4527742146304997, -1.3012048018893125, 0.3252343373841837]], [[-0.07743943619105587, -0.7416979049934749, 0.060803943464244004], [-0.13037332840308913, -0.8251886972436446, 0.2760619899244884]], [[-0.6479481474948996, -1.2541267476450142, 0.40612030970520197], [-0.7025321945206521, -1.317255595958298, 0.35066496753958276], [-0.6679747102507525, -1.0651250930599674, 0.4550746473135683]], [[-0.0626764884596619, -0.6113729630392859, 0.03270494333133933], [-0.08439924007127342, -0.6863090163714773, 0.05398633159835775]], [[-0.36289417649630973, -1.3260785375343858, 0.22619121514515017], [-0.32055789329722195, -1.384915660219801, 0.12447860300957192], [-0.42232130903031984, -1.1181977433599206, 0.06768055104241277]], [[-0.23930984837761216, -1.3217769293800412, 0.22086579235488135], [-0.15036776367082028, -1.261044754679547, 0.10427390137091685], [-0.253496609184909, -0.9944216827164135, 0.07151706778281275]], [[-0.34210073197393287, -1.2716040189913396, -0.27869130713990176], [-0.35541643440583703, -1.252635402742547, -0.3460922198935541], [-0.33743031764476894, -1.2000771174416585, -0.38210794263529513]], [[-0.28334259855746, -1.2669522951464562, -0.12520841238638503], [-0.2409702864079275, -1.0853884058342296, -0.3900229765393197], [-0.3344523777447701, -0.8598591678793939, -0.10103780246360705]], [[-0.3110379019504588, -1.3276629090726597, -0.6817249257051029], [-0.2857126919061821, -1.249933042155991, -0.7721226042337033], [-0.2644305858133651, -1.1696227306838671, -0.713079110572478]], [[-0.23564177379179285, -1.3059592876582968, -0.6235928099413639], [-0.16939443783197639, -1.2120775224454152, -0.7214045235444336], [-0.2771031528274609, -0.916495992461686, -0.4741347562519981]], [[-0.30201146116064503, -0.9550565939537173, 0.5794802474002081]], [[-0.27045292975437685, -1.0532980467927937, 0.5329788129826545]], [[-0.30110201243696094, -1.3239277334572135, 0.22352850375001576], [-0.2354628284840211, -1.322980207449674, 0.11437625219024439], [-0.3379089591076144, -1.0563097130381671, 0.06959880941261276]]]}