{"bodyId": "h0", "timestamp": 1645876159046000000, "continuousState": [[[-0.18434414460575033, -1.006341664670172, 0.6587731999825721], [-0.22219012289105033, -0.8834649739299746, 0.6237842024466559]], [[-0.29359304202251146, -1.1250997847376736, 0.7296245540457627], [-0.3277936335506598, -0.9553353661845507, 0.6807009172156445]], [[-0.14090729209905417, -1.0319961001549838, 0.8048873203283466], [-0.19239795948273863, -1.0622030302210217, 0.6958792573504422]], [[-0.3458626349107482, -1.2052704481700607, 0.6583419692940948], [-0.38818552298245945, -1.1600044306240214, 0.5461180845193824]], [[-0.14133309868509703, -0.9498010984686821, 0.5024569807734526]], [[-0.4225388798956971, -1.3468522328535406, 0.4156637421748208], [-0.44494049014309855, -1.4088928490620305, 0.35046153236941113], [-0.46294365016030314, -1.2614319174278559, 0.3307690825465599]], [[-0.08045796118904003, -0.7335333074718311, 0.055404481820807705], [-0.1214305364491588, -0.8272251260928469, 0.2659676835943733]], [[-0.661817302987327, -1.2460217381952243, 0.4066417040974515], [-0.6988869255579147, -1.3115085772480564, 0.3491936311686168], [-0.7109396070858243, -0.9487559224168014, 0.5133166728996037]], [[-0.3645551251365723, -1.110980346499896, 0.6436822812147944], [-0.04884806832645705, -0.6472497460333142, 0.04726291316805131], [-0.087736276651881, -0.6807792325319332, 0.059186985962002225]], [[-0.37000437350771, -1.310051305508749, 0.21371840994466162], [-0.3242163262810699, -1.3791542607450225, 0.13611912601624288], [-0.4240373917088831, -1.1117067014164141, 0.07220535523184335]], [[-0.22817481803606243, -1.312821615563502, 0.21406712017180585], [-0.15290645917194023, -1.2572704826673877, 0.11790622725665778], [-0.24818450372209477, -1.0064648620047665, 0.06201405013331507]], [[-0.3394831507193259, -1.2634924446553444, -0.29119909399819655], [-0.36407855405597067, -1.2399847469500163, -0.36084882012005925], [-0.3203213713608163, -1.2271379114126395, -0.40892048422094485]], [[-0.2860794503997547, -1.2608020253102536, -0.0964119246845272], [-0.24349032903282608, -1.0813545377662572, -0.37257640484399146], [-0.32553013178400503, -0.883714635673942, -0.11494667099155353]], [[-0.31109914045481835, -1.3290884029924723, -0.6647062125402249], [-0.2855920613204488, -1.2496253572385414, -0.7595328658703004], [-0.2651738294639714, -1.166846905273425, -0.7098545941144642]], [[-0.2390458762073021, -1.3138468890962247, -0.6080221336153144], [-0.16050810102395996, -1.2276870392945136, -0.7121113302692599], [-0.22632811244051387, -1.1007563328594439, -0.6770539891265324]], [[-0.2881205067663055, -0.972338318906271, 0.5634042486347671]], [[-0.26475931083377824, -1.0549027645463518, 0.5242875326464175]], [[-0.2990895957718862, -1.3114364605361255, 0.21389276505823374], [-0.23856139272650506, -1.318212371706205, 0.12701267663645033], [-0.33611094771548894, -1.0590857817105903, 0.06710970268257921]]]}