{"bodyId": "h0", "timestamp": 1645876161592000000, "continuousState": [[[-0.21366829260467946, -0.88372786496088, 0.6033490218932925]], [[-0.2624653980549783, -0.9548863836646304, 0.7369219132050453], [-0.31039461424630366, -0.9504093683989686, 0.6813340943607246]], [[-0.13350640604301955, -1.0277009084118687, 0.786512880494667], [-0.16690316870992794, -1.0432199615733448, 0.6814710183837756]], [[-0.3751421759591247, -1.180830506484559, 0.5428247552703663]], [[-0.11796167655013678, -0.9682625149851342, 0.49072463200893046]], [[-0.4195021584139948, -1.3386837577393729, 0.413739380748658], [-0.4499648275071939, -1.4029615544585905, 0.34583022996510704], [-0.4591281719272322, -1.2760915917802436, 0.3228983031060264]], [[-0.21661333722523257, -1.2550365794611804, 0.5510014169649549], [-0.07091869818005125, -0.7576459696560516, 0.07165506843419989], [-0.11437092587490916, -0.8285845737457532, 0.2712010012682048]], [[-0.6613010103420629, -1.239994159653498, 0.4003528707910933], [-0.6901057045043074, -1.3004965100050763, 0.3462033233658399], [-0.6884284568392647, -1.0167949293641707, 0.4754335130482398]], [[-0.0656427169321897, -0.5995394567333361, 0.015778059448766202], [-0.10057496192305015, -0.6602891081085686, 0.07892619134121892]], [[-0.3694058516361374, -1.3054804592606895, 0.19901801348078552], [-0.33187901515007423, -1.3690011582895354, 0.12636844664128466], [-0.41891224398162086, -1.104739825529081, 0.07612560803515378]], [[-0.2207607702245613, -1.3100420767924943, 0.1973623787054355], [-0.15273958583648384, -1.270680468057294, 0.126476192232724], [-0.2443903038714076, -1.01553382036213, 0.0548231692883594]], [[-0.33871583310021447, -1.2611783072477947, -0.294762018399527], [-0.3753778855594119, -1.2237572617679469, -0.3691684159187285], [-0.3277407686306032, -1.2284590817539347, -0.41832570701497584]], [[-0.28652808685870435, -1.2618649715802783, -0.09457150015681837], [-0.2403717764220289, -1.0865382846405196, -0.3778012079526709], [-0.32718815506147003, -0.878433166907445, -0.11034864403796985]], [[-0.3117347556962722, -1.3311232542520526, -0.6607229600267212], [-0.26816069585906765, -1.276902804532517, -0.7201333860635336], [-0.26441475273867754, -1.1697119554974138, -0.7129005071715795]], [[-0.23864993923886435, -1.3128675903942324, -0.6099984702402806], [-0.16592924125966113, -1.2178265357770897, -0.7258279192246825], [-0.2870686891112789, -0.9113428667679058, -0.46612867753165443]], [[-0.28201553993398654, -0.9865273119155483, 0.5562447889458464]], [[-0.24655192625463074, -1.0745465107348466, 0.5167746936396485]], [[-0.29508331093034934, -1.3077612680265918, 0.1981901960931105], [-0.24230930049327903, -1.3198408131734147, 0.12642231943700433], [-0.3316512739265142, -1.0601368229456054, 0.06547438866175659]]]}