{"bodyId": "h0", "timestamp": 1645876166684000000, "continuousState": [[[-0.21680179749178008, -0.8913628255753028, 0.5998323388418957]], [[-0.27607162554607345, -0.9394306309234524, 0.7324824735198698], [-0.322247232397576, -0.9541001397356701, 0.686723558200447]], [[-0.1215551840232999, -0.9987000440009635, 0.7676484536569099], [-0.17829597548616394, -1.0350190811473217, 0.6830543553689665]], [[-0.3279049485498559, -1.1686006534024533, 0.6324242346968301], [-0.38441739558113186, -1.1722972315988152, 0.5472025645708228]], [[-0.12088673677558393, -0.9646697964398872, 0.4998503052918084]], [[-0.41944350035325795, -1.3386739794770839, 0.4137949637833762], [-0.45061098442903347, -1.3922133995892838, 0.33977517644394584], [-0.46064659240075867, -1.2699462009133402, 0.32597109199203755]], [[-0.23400976615195468, -1.2690917770095866, 0.5846129520459724], [-0.07066527353465779, -0.7583980489772109, 0.072311671626619], [-0.12397170998738016, -0.8240794776575425, 0.2762004777466628]], [[-0.6616018242196502, -1.2430241734966145, 0.4034463921479421], [-0.7071785947857083, -1.3018839029922915, 0.3498994752421596], [-0.7124130817883989, -0.9389570281858315, 0.5185148350641113]], [[-0.06413936484895544, -0.6072894157209965, 0.029968256963555984], [-0.09547619102844429, -0.6684982714723509, 0.0710295630514256]], [[-0.3700287340534134, -1.307400093441589, 0.20144302160264282], [-0.3241574518061989, -1.3799181862774899, 0.12812003000390093], [-0.4211818496500793, -1.1213575368014985, 0.06545323567040007]], [[-0.22633855313748807, -1.3080862716992203, 0.1987913453836352], [-0.15242879966377088, -1.2578435902459337, 0.109786903535118], [-0.2378204369022644, -1.0142922719830867, 0.054830367580689154]], [[-0.3421296534301639, -1.2716040153711108, -0.27871317144130714], [-0.3597339498653269, -1.2468034625337097, -0.3637513301881652], [-0.3111754728056332, -1.2545575274015592, -0.43389100036673633]], [[-0.2807194000317118, -1.263915800735329, -0.10783634707126244], [-0.2315170316887032, -1.1019867511378854, -0.37181153904060893], [-0.31937606963439347, -0.8980991487364056, -0.12842143139616002]], [[-0.3110903775960382, -1.3291005925434556, -0.6647135856350539], [-0.27278703555861716, -1.269716515554895, -0.7306450346871577], [-0.2665146785021356, -1.1650320135573136, -0.6962861610861248]], [[-0.23317348129601334, -1.3184721055455186, -0.6207949562336006], [-0.1635301253345326, -1.2219133637165243, -0.732673823070694], [-0.26919215186108714, -0.9546491635361904, -0.5156297589116695]], [[-0.2870110037755409, -0.9756936337730764, 0.5682399757506682]], [[-0.2526520661783579, -1.0684835140193512, 0.5235264349313156]], [[-0.29818364359545074, -1.3077431825704047, 0.200117183493139], [-0.2382931257349849, -1.3188808882617118, 0.11895346676950946], [-0.32950114327617186, -1.0678249043922925, 0.06014180162554461]]]}