{"bodyId": "h0", "timestamp": 1645875343053000000, "continuousState": [[[0.4629181743527676, -0.6799278665945787, 0.5538634313707829]], [[0.4630404946555068, -0.7964966385156134, 0.6938145042946424], [0.38422630169815164, -0.8904427824270125, 0.6475518597296404]], [[0.5365850180127844, -0.9493230340230556, 0.6520110222378543]], [], [[0.48925985168676933, -0.9679252041666082, 0.591572693075082], [0.5815071500330927, -1.0185980183621837, 0.48490592923951104]], [[0.366314558386183, -1.2608196942666712, 0.44446961109217575], [0.29842827569038516, -1.3305102934694046, 0.37690653625039516]], [[0.3880365110923656, -0.8626470482053596, 0.26699846891410517]], [[0.23027283010751742, -1.2777828359028658, 0.22181151086703443], [0.20038599893259834, -1.312880626516291, 0.1762907574495891]], [[0.2961007241309781, -0.6958103907086235, 0.2037639161683611]], [[0.33057733313070614, -1.2654829131724812, 0.1927673135924428], [0.37288244803614684, -1.343521583356188, 0.21699473130042857]], [[0.2762852089454044, -1.1489662419278865, 0.20391855320953778], [0.48892947978454204, -1.2596424703384899, 0.15538928904494864]], [[0.3113118008382214, -1.2256345460526663, -0.19768413215148617], [0.3369132912178555, -1.2296819615004522, -0.21647634784820813]], [[0.24723778441945243, -0.9764329951044524, -0.25577276273328753], [0.404283717849404, -1.354398886124133, 0.07769124412075312]], [[0.36540708204782946, -1.1953942472234995, -0.7188191525302], [0.37674580775404043, -1.1384633357208838, -0.693876950759376]], [[0.26959945570259625, -0.9242923280052682, -0.7264457537806592], [0.3444854928253659, -1.2690120871194153, -0.2131626926444874]], [[0.4703624006065107, -1.015484977116868, 0.6127743049377223]], [], [[0.3034312710380553, -1.2072245775501838, 0.1983429334009903], [0.4309059639103444, -1.3015820268473388, 0.1861920101726886]]]}