{"bodyId": "h0", "timestamp": 1645875343656000000, "continuousState": [[[0.4140434408881576, -0.7488444507568442, 0.5388932817942429]], [[0.46663686470030086, -0.7921604365207404, 0.6913125564459475], [0.3870804405279922, -0.8200304743554203, 0.6426040023443225]], [], [[0.3919197215886191, -1.0444347102512754, 0.5860600344795098]], [[0.48775223274445356, -0.9814397341989156, 0.5987147834099724], [0.5071750147056332, -0.8013698236430526, 0.43600366729577245]], [[0.3732228697202792, -1.2532451405777605, 0.43628964121330616], [0.3012237726480048, -1.2192454519223377, 0.3742853764234926]], [[0.3576311937586416, -0.9057113099997149, 0.3152648934518425], [0.4123992420268845, -0.6273599953441795, 0.2536178823911456]], [[0.23779786658832003, -1.2789917038857725, 0.21931235522872172], [0.23457566534392382, -1.2684264599746893, 0.10676473363518446]], [[0.27077635284931434, -0.6713587826928338, 0.18719367604077086], [0.02312073746646859, -0.17192438302167434, 0.4099208977917571]], [[0.325947938663136, -1.2698133585891704, 0.2080963057978118], [0.24597881173694314, -1.082858114852681, 0.08636199006971546]], [[0.27196552964072307, -1.154888026324647, 0.21085340398985664], [0.31525864783248925, -0.87438860514116, 0.10357733676206582]], [[0.310747442242823, -1.2275074088199054, -0.2070625027675974], [0.020954018633111415, -0.7488631227602082, 0.005314257618728058]], [[0.2367713020222837, -1.0059063276748985, -0.1972238591038311], [0.05693275527921182, -0.6321801106558431, 0.026179034407452728]], [[0.366983702437375, -1.193576726584799, -0.7223404716477275]], [[0.2691586621611499, -0.9254396987628128, -0.7246963555013992]], [[0.4706153456192126, -1.0156698689749206, 0.6127532275623018], [0.44079424964272873, -0.9045898952335547, 0.5209160511047247]], [[0.44954736814712615, -0.922902266947164, 0.5110318508876411]], [[0.2989567341519295, -1.2123506924569087, 0.20947485489383422], [0.2806187297847162, -0.9786233599969205, 0.09496966341589064]]]}