{"bodyId": "h0", "timestamp": 1645875350825000000, "continuousState": [[[0.3346265848639801, -0.9598019806533487, 0.5886932616765512]], [[0.30667127215091117, -1.0260301501165092, 0.7285200118391486], [0.24185407386359348, -1.0359583851661123, 0.6670777718777142]], [[0.38444738301671033, -1.0993662052274296, 0.7053718769094802]], [[0.2542591784252558, -1.22813962444426, 0.5866329941635713]], [[0.37790233104187587, -1.1139348102482962, 0.6355216510478952], [0.47404929684086317, -1.1759844090667524, 0.5453297255698172], [0.40644443798342356, -0.9763430363810894, 0.4996439885551677]], [[0.32813674057951725, -1.5068683328871029, 0.44416494775884563], [0.26947726187318694, -1.6090665704553913, 0.38141415454410377], [0.24372328507356866, -1.4147813258252406, 0.37904877994608266]], [[0.3437370073115219, -1.0137119083969268, 0.42555440238350717], [0.425522826306539, -1.3938646053776549, 0.49205442681138134], [0.40283221951542947, -0.8305256236603984, 0.2523764740458704]], [[0.24650465608993422, -1.5024007809822775, 0.19204888619083094], [0.1916298956054595, -1.5600832921443812, 0.13795092489564298], [0.2068484813872663, -1.4305355226049072, 0.15457413990726554]], [[0.3735574685295353, -0.7360871450969118, 0.10386334301863531], [0.37338618159833015, -0.6613989950106196, 0.041843453616923765]], [[0.28753539240047865, -1.3949805373181101, 0.18662131221506884], [0.33674801286745076, -1.5034746388365128, 0.2135022109919723], [0.1903871040147842, -1.2200614773476675, 0.05678630444427957]], [[0.22790756487152297, -1.2367558639398515, 0.168528967338341], [0.43648992726252633, -1.3835442330459369, 0.15896488696515232], [0.32816708348178225, -1.0875102911267969, 0.03370529308473169]], [[0.3758474256427008, -1.3719370199680299, -0.30670522840760484], [0.3410583723374663, -1.3351648190284904, -0.30832098090279014], [0.2494012283655891, -1.0876044637404483, -0.2650417176697213]], [[0.21442739618819862, -1.1256007932527203, -0.2784725771575798], [0.2522137759974481, -1.4979327231579396, 0.1017613570582312], [-0.01114344888252572, -0.7071867061102096, 0.021100513914121377]], [[0.38985199722535446, -1.3283554861410762, -0.7833258020339658], [0.40248631480018227, -1.3566347283898978, -0.6611548619434651]], [[0.17383518078658078, -1.0987554220308589, -0.7118843426595823], [0.29101983582794544, -1.3519014289708862, -0.30435417279738564]], [[0.2778773467060177, -1.0272199903611163, 0.572777516531414]], [[0.3303518082043397, -1.1022413304126748, 0.5431384913593695]], [[0.2577214786360008, -1.3158682006289808, 0.17757513977670492], [0.3866189700649886, -1.4435094359412248, 0.1862335489785623], [0.2592770937482832, -1.1537858842372322, 0.04524579876450563]]]}