{"bodyId": "h0", "timestamp": 1645875354778000000, "continuousState": [[[0.304211995016742, -0.9658342963264668, 0.6034577383026345]], [[0.33899129914699144, -1.0604831056080524, 0.7439945158235832], [0.2540450338351786, -1.0332199512104174, 0.6749071436943742]], [[0.36659279307651715, -0.9356894790665826, 0.6888216157426792]], [[0.27524713599398376, -1.2340563852669213, 0.5832635991335064]], [[0.4074139579759204, -1.0892902011495427, 0.6045300137071661], [0.42749665812314874, -0.973403491612961, 0.5065533952001688]], [[0.3689291634375147, -1.556725350831857, 0.4738579334777442], [0.28131874902918175, -1.4515064261300314, 0.3779446613838102]], [[0.3566249211305994, -0.9830318170081904, 0.41102692390642304], [0.40721356405296083, -0.8376102707439371, 0.2553014445955226]], [[0.31523960961787545, -1.5288294262100917, 0.21707027969481651], [0.3014176929511706, -1.500203009783069, 0.12741963954166424]], [[0.37225557569750956, -0.72221442946995, 0.09500824392586926], [0.36488702745245116, -0.6524989413155702, 0.05055098743931885]], [[0.2892318352881258, -1.400458010555805, 0.2105167595897548], [0.19516768225312253, -1.1833420955690301, 0.0784728000053796]], [[0.23504252414223237, -1.2253277756945982, 0.17514708270897028], [0.2864844028831255, -1.0314591873054573, 0.08522191030068305]], [[0.3826778274988183, -1.354363827687969, -0.3306643362755026], [0.13588826798992337, -0.9317952741929644, -0.11957138323266492]], [[0.20479411926296975, -1.141609464748988, -0.29394047350160823], [-0.025666321060599184, -0.733587557382789, 0.011308046488644363]], [[0.37766955099767063, -1.3413306544309687, -0.7564327990332728]], [[0.1495438000894065, -1.1378055629672688, -0.6900890242178465]], [[0.3952527430347985, -1.2061570802527237, 0.6175374902961026], [0.2874910239700825, -1.0108038054033122, 0.5934234628571889]], [[0.35137189705856625, -1.1037299384399413, 0.5449084971668376]], [[0.2621371797151791, -1.3128928931252015, 0.19283192114936254], [0.240826042568124, -1.1074006414372437, 0.08184735515303132]]]}