{"bodyId": "h0", "timestamp": 1645875233910000000, "continuousState": [[[0.09314858983390706, -0.19627676770391178, 0.7417751462600104]], [[0.5440173405096529, -0.595200655009086, 0.6138782171518615], [0.486133064248208, -0.6685943900567834, 0.6120123935687212], [0.4839957299095844, -0.6370522332286389, 0.5858991067045483]], [[0.6296976017451255, -0.7049305969579676, 0.5607670717586228]], [[0.43361234901827905, -0.8869620772696459, 0.5298223508276537]], [[0.6063317542468658, -0.8191336133613181, 0.4302987931310671], [0.06575119536946117, -0.17332597275963046, 0.728837412280707]], [[0.35829177126906986, -1.0706567981769013, 0.42896842617580067], [0.2960915107457063, -1.121689472808634, 0.39818279433021897], [0.28977674865749836, -1.0463311240876254, 0.3997874177434373]], [], [[0.2305646228298197, -1.0948752149054943, 0.21276595753797434], [0.19356088310337005, -1.1015824340586744, 0.16549867883201252], [0.23544539245708862, -1.093824331748614, 0.13544025588698227]], [[0.38079704591634955, -0.296171782213436, 0.05179063601516498]], [[0.35480804175127423, -1.1392734847494919, 0.22171783908105835], [0.3823929530515796, -1.1971917623147452, 0.2140330436052793], [0.262754297498744, -0.9556018890929483, 0.0672720918882086]], [[0.39453310376675466, -1.1444111947492794, 0.2577562461988063], [0.5447365293606541, -1.1218992441833198, 0.14786997965685078], [0.4167844767870459, -0.7931736372571858, 0.04641963319190734]], [[0.28726236882146317, -1.0621961427618396, -0.11317895156655777], [0.35417479813098385, -1.170387961602187, -0.061709490393762945], [0.049066807545103064, -0.6137704612276849, 0.01075131798672957]], [[0.3191128595862873, -1.0864732161813773, -0.08467288795997563], [0.5346475580708739, -1.1836334088240201, 0.019470195862376638], [0.1755509739952832, -0.5204745361953507, 0.004267994866040459]], [[0.35588067252213973, -0.9732292526198669, -0.7446099433050084], [0.3819226983168984, -0.9717234667722647, -0.7024379294822548]], [[0.45930616493549914, -1.0319262063066692, -0.6114026968877282], [0.5082433881022201, -1.0638955275950095, -0.4818179289584773]], [[0.42701216351829296, -0.6857040884395944, 0.5054700537832252]], [[0.2496817721938701, -0.5301440250146382, 0.6293298815541803]], [[0.37467057275901444, -1.1418423397493855, 0.23973704263993234], [0.46356474120611685, -1.1595455032490325, 0.18095151163106504], [0.33976938714289495, -0.8743877631750671, 0.05684586254005797]]]}