{"bodyId": "h0", "timestamp": 1645875455546000000, "continuousState": [[[-0.07807330372504773, -0.9172526542467514, 0.6085470818826089]], [[-0.12188465913238, -0.9524586821846306, 0.743996153569674], [-0.1554930233106694, -1.1333089125818705, 0.7269041112276642], [-0.16470287571437425, -1.0116926778441733, 0.6583828632126228]], [[0.016965953553552904, -1.0254980063434305, 0.7634041036895611], [-0.029698115766877087, -1.042704228297816, 0.6704967308498391]], [[-0.19946177612314964, -1.1598997029761962, 0.6205233987104897], [-0.26916042741340773, -1.1565402504260467, 0.5441860901445394]], [[0.06302724187727582, -1.1741623990546974, 0.5307094106352461], [0.007496717492280647, -0.9711930286535659, 0.48289599101283875]], [[-0.38194901339241893, -1.3638628435135576, 0.4812255340324073], [-0.4277539118942574, -1.4168395163382443, 0.38311162742759386], [-0.403707149686123, -1.2952032523006376, 0.37949711852906964]], [[-0.1379317672276823, -1.2935650215332608, 0.5611469103590538], [0.11580922483627154, -0.9272275658284574, 0.22942945675243864], [0.0922555670210854, -0.8615629013607096, 0.23307183178010993]], [[-0.433438761768163, -1.3514322972158206, 0.27124725980805753], [-0.4158244986587418, -1.3433577523935174, 0.15423070275561468], [-0.4070267142510794, -1.2656322263482904, 0.15372962734785278]], [[0.16808379357422942, -0.727250964265334, 0.06465527194064324], [0.1518803481545472, -0.6946620967191188, 0.03728805250041434]], [[-0.28116097822628827, -1.3415324686183634, 0.25664289627044456], [-0.21262702920429255, -1.4016420465607522, 0.13839557093863775], [-0.3232091232548724, -1.0958527625940722, 0.05671409227675461]], [[-0.13405419178690692, -1.325783445118398, 0.2193431458406585], [-0.04131395937503979, -1.2778571260760494, 0.11011582420036858], [-0.13725407182145088, -0.9774768973891135, 0.0535231186753502]], [[-0.2319235324235821, -1.2571247117562785, -0.29776754133839756], [-0.2428301892144311, -1.2386781282710206, -0.34181479054609465], [-0.3309959717248525, -0.8950464729178618, -0.20494054449804744]], [[-0.12976261517862298, -1.2281222573580217, -0.187212725320693], [-0.09681608644451845, -1.081027569424137, -0.36345298819605043], [-0.2745001218268208, -0.6239277807669799, 0.023781538858311024]], [[-0.20949955834715317, -1.2831095488359345, -0.7152998113495577], [-0.18093779893859763, -1.25861750266625, -0.7196228120649664], [-0.3012409543512877, -0.7541697480482399, -0.5159519378923562]], [[-0.04022299558088838, -1.252250727385712, -0.6997814455959139], [-0.018228525928870587, -1.1768483977024888, -0.7202918253100579], [-0.32537990038087505, -0.4522285766092682, -0.19532329821169392]], [[-0.13679464843126377, -1.047407182491745, 0.5210132672516135]], [[-0.13083185496056354, -1.0638666395398064, 0.5135410405786891]], [[-0.2076075850065976, -1.3336579568683806, 0.23799302105555153], [-0.12697049428966617, -1.3397495863184008, 0.12425569756950317], [-0.23023159753816164, -1.0366648299915928, 0.05511860547605241]]]}