{"bodyId": "h0", "timestamp": 1645875469281000000, "continuousState": [[[-0.04231748182088424, -0.899138863904592, 0.5860089104430706]], [[-0.10679111674072173, -0.892717105841889, 0.7747129737117084], [-0.16197854746120288, -0.9190482704601675, 0.7012226077068303]], [[0.02635963635756844, -0.981382597851733, 0.7820664958240842]], [[-0.24340131156700495, -1.0785170256977175, 0.6654607454462771], [-0.2938240528781343, -1.0910138536222251, 0.5740937798081052]], [[-0.019068008828920457, -0.9354759930516211, 0.4958183571208312]], [[-0.4323086588407934, -1.2514611338177746, 0.47022215404740075], [-0.43718399826608023, -1.2226170042024975, 0.363138042641705]], [[-0.09841760638017838, -1.1914973259561434, 0.5246228294620414], [0.06469120909690451, -0.8302682033916846, 0.2491253454765694]], [[-0.45220897485270356, -1.2335178198093608, 0.24965616034391047], [-0.42812509140805, -1.1846662683359699, 0.1369747338533862]], [[0.11871067460609619, -0.6779725603863911, 0.04104298544315499]], [[-0.2967968753079252, -1.2688562909243841, 0.22967323643506798], [-0.3359557496241793, -1.018769463684791, 0.111282057516366]], [[-0.13201765747687344, -1.2653207388049872, 0.18830935507574909], [-0.13694854609670715, -0.9616168957313831, 0.06424997431419133]], [[-0.3239551345239853, -1.2116684079236284, -0.2845483092868859], [-0.31102011640447536, -1.1304822985880574, -0.3287310776618134]], [[-0.12226305151249972, -1.1770137905108613, -0.277564487329387], [-0.2873891004426492, -0.6564550098462649, 0.0221555544886749]], [[-0.3808396425684528, -1.2676347158429482, -0.711470659053181], [-0.33317318259622886, -1.202591576834896, -0.7505551090211848]], [[-0.14029578533434106, -1.1831878500693118, -0.7590422295583882], [-0.2615864695211073, -0.7148896990577238, -0.3382016059536237]], [[-0.16861632258296055, -0.9785220435818636, 0.5485809314440724]], [[-0.15644603085352737, -1.0132449233369232, 0.5349560684644682]], [[-0.21440726639239932, -1.2670885148646858, 0.20899129575540853], [-0.23645214786044322, -0.9901931797080871, 0.08776601591527866]]]}