{"bodyId": "h0", "timestamp": 1645875484892000000, "continuousState": [[[-0.19440670808469918, -0.8513247640664803, 0.6611432929184364]], [[-0.23365217019417156, -0.9250465660382241, 0.775975883368478], [-0.25141553160726393, -1.1480948032497802, 0.7571286073527448], [-0.2933448087338856, -0.9522688878834776, 0.7235734152854789]], [[-0.1087368969514978, -1.0326662639829445, 0.802939883240831], [-0.16078824916144385, -1.0702360466397627, 0.7111927261852153]], [[-0.3802161379761278, -1.1272028299879724, 0.6608152924105819], [-0.41937242292703525, -1.0790961221815438, 0.5694588486663072]], [[-0.13739591492483183, -0.931679168718099, 0.5181829805752652]], [[-0.5083490545160246, -1.1949685928285851, 0.3772925346099105], [-0.5130464795988874, -1.2769834250014163, 0.3312985760662621], [-0.4953567117247136, -1.1869549644749182, 0.27801679721501027]], [[-0.06256086750379342, -0.7813238147437962, 0.08764096929192022], [-0.11681730097779996, -0.8256373013308458, 0.28187241553991926]], [[-0.5580325963311662, -1.135292103529507, 0.12602821595700986], [-0.5035053272412713, -1.236847023342103, 0.1457471326367168], [-0.5567097164824367, -1.1054496463881385, 0.057565373377439055]], [[-0.04812603963105211, -0.6644319278325326, 0.02800164477172129], [-0.08585330708501415, -0.6857518206607152, 0.06312121347346811]], [[-0.40829149223082317, -1.271245018261066, 0.26163864479508225], [-0.3514947239634534, -1.2784211126657465, 0.13057257760957341], [-0.42781372490740444, -0.9987633550510777, 0.08358704867612265]], [[-0.23672477888596244, -1.2386885311376363, 0.1737262345438968], [-0.1685760505007997, -1.2166566809892077, 0.13691316358748096], [-0.2590607250336082, -0.9369414610629443, 0.06267734660201885]], [[-0.4819527468050887, -1.129008933798152, -0.31928710304315655], [-0.45647431855029263, -1.1314256779385465, -0.33834247836827], [-0.45950548097679667, -1.0348728591456335, -0.29830970218397057]], [[-0.2582790030667792, -1.155206034097245, -0.3060601066312407], [-0.2645205116847069, -1.0789777035304084, -0.3628871315902802], [-0.31867343618432986, -0.8680530064630854, -0.19331642135993077]], [[-0.534848394254333, -1.1810429628308927, -0.7318765865090766], [-0.48446782392591803, -1.154916841588678, -0.7163076216860456]], [[-0.29596683091898524, -1.1916456035186647, -0.7606492132735799], [-0.2645498241035593, -1.169822396585819, -0.7102820931515123], [-0.31134782273766726, -0.9017350976508203, -0.5212404269981058]], [[-0.2763341938978716, -1.001792925085007, 0.5485732255271841]], [[-0.27838416892593354, -1.0053876454498214, 0.5438209146207862]], [[-0.3225081355583928, -1.2549667746993511, 0.21768243966948952], [-0.26003538723212655, -1.2475388968274772, 0.13374287059852719], [-0.3434372249705063, -0.967852408057011, 0.07313219763907075]]]}