{"bodyId": "h0", "timestamp": 1645875487706000000, "continuousState": [[[-0.1784951996578793, -0.8836610555007999, 0.6456430805476298]], [[-0.2437512103582543, -0.9555185903154046, 0.7945512653197095], [-0.2523353593694304, -1.1345516885934408, 0.7528619862933836], [-0.2865371491078049, -0.9513077301913864, 0.7108394774951595]], [[-0.15337362718124314, -1.0839412243031752, 0.7046028467383771]], [[-0.38517031196816304, -1.1456045890532929, 0.6750403649294021], [-0.4158362546030977, -1.0904128254240157, 0.5573539958537188]], [[-0.13209778223366586, -0.9421634747579776, 0.5124592546888004]], [[-0.5096307974486431, -1.19574411424686, 0.3703321500272616], [-0.5144240178504266, -1.2761985334583918, 0.3228096752004408], [-0.49621878521141843, -1.1843913376213875, 0.27931813542185413]], [[-0.06795177983225209, -0.7637695723845719, 0.06719933671200584], [-0.11079874587592764, -0.8233487856219627, 0.2817680833705387]], [[-0.5762019178399587, -1.141494199484806, 0.10516705698376483], [-0.508749780682048, -1.240409265181558, 0.15466175292522943], [-0.5545098572442335, -1.1151016970979635, 0.05035866228042862]], [[-0.04524664644019705, -0.6714995287544019, 0.03305977395684345], [-0.07683207173743045, -0.7000650325586919, 0.04927146115167458]], [[-0.40655723587840853, -1.265292953215278, 0.25448383879475167], [-0.36221498028431875, -1.2632688380883348, 0.11697393017911617], [-0.43151570916762294, -0.9870564254958581, 0.09260458355399703]], [[-0.2358304024058473, -1.2368796511561326, 0.1713793173099767], [-0.16932686887870319, -1.2150046882872283, 0.12717501390275143], [-0.25421022348426636, -0.9496916936281898, 0.06089729936421673]], [[-0.4733839825078766, -1.1061103929295035, -0.3188140090287006], [-0.46593002975808717, -1.1460606430237747, -0.332057292741456], [-0.45732360061375665, -1.043337767769377, -0.29656396553668274]], [[-0.2533545477665996, -1.1425219391704877, -0.3251738577033305], [-0.28505224001162954, -1.0758335005681954, -0.3861495845028926], [-0.3336854823640706, -0.8498976847614097, -0.1639899442519167]], [[-0.5347407196836222, -1.1893745946830014, -0.7022591387123621], [-0.48559305358917293, -1.1533259252259764, -0.7187658272545542], [-0.44883699650252573, -1.133284735555962, -0.771005378788897]], [[-0.2971842825635158, -1.1954032376079022, -0.7539838442602618], [-0.2906662788925831, -1.1265910261033203, -0.7816195445347145], [-0.2953940739245241, -0.9625615113981603, -0.5906719536135234]], [[-0.2779038873798969, -1.0138066968473223, 0.5431754168904117]], [[-0.2739670184183818, -1.0162881500909966, 0.5349066252712595]], [[-0.3211938191421279, -1.2510863021857053, 0.21293157805236418], [-0.26577092458151097, -1.2391367631877817, 0.1220744720409338], [-0.34286296632594465, -0.968374059562024, 0.07675094145910688]]]}