{"bodyId": "h0", "timestamp": 1645875490252000000, "continuousState": [[[-0.17200217809887097, -0.8969591690532446, 0.6393197777741575]], [[-0.23672549905745122, -0.9343382719019055, 0.7816831769249009], [-0.2783408572167484, -1.1144737365317114, 0.7542637847302354], [-0.3003877161681602, -0.9348190728310001, 0.730671963519834]], [[-0.15826420082237236, -1.0627220300839921, 0.709229728174442]], [[-0.384719843123317, -1.1440234506155407, 0.6737964390109619], [-0.41164642834930654, -1.1045605854138167, 0.5577382597552164]], [[-0.13537002115855368, -0.9357620068272372, 0.5160679698021138]], [[-0.4886963666847214, -1.1911776271397128, 0.37950435372469804], [-0.5158227474827555, -1.2636745714538336, 0.3159679368566184], [-0.4965324912473748, -1.1826868933907342, 0.2803762783417383]], [[-0.06754227374558686, -0.7675566231972648, 0.07820363960024879], [-0.10467816891952175, -0.8346088411975852, 0.2735965388983701]], [[-0.5544649451626587, -1.1606549615752955, 0.16080500573064893], [-0.47793504748610105, -1.2686991153038654, 0.18176720286549153], [-0.5590597467387766, -1.093627410549479, 0.082980710847111]], [[-0.04333401652091573, -0.6772607568996176, 0.03695072518556097], [-0.07855562439340424, -0.6973698299165318, 0.0519643226895381]], [[-0.4044868929489454, -1.2579862493983351, 0.24573849721984908], [-0.34686911010758426, -1.2733759718513478, 0.12921512559653459], [-0.4340201109328471, -1.0014575351584656, 0.09103908239679293]], [[-0.23282366586652614, -1.245882656202081, 0.17861511880834668], [-0.17640134458480983, -1.2024413922519168, 0.12508345533363063], [-0.26001752346642537, -0.9390795764497109, 0.08617633757325904]], [[-0.4828427858355957, -1.1340564320621458, -0.31215530732156127], [-0.4555907994551337, -1.146169542900292, -0.3266701937621246], [-0.451306217031763, -1.0636294850588168, -0.3259066253539957]], [[-0.25276046671163144, -1.1622178630460431, -0.3014390714662254], [-0.28403828436195433, -1.0609032718718903, -0.39741219653394677], [-0.33670284032497333, -0.8445398411510723, -0.14928800824616262]], [[-0.5348481492671369, -1.1899317798987854, -0.7012800719254089], [-0.4994359906728296, -1.149146336214349, -0.7304953875510769]], [[-0.2991169051393109, -1.2009617977785394, -0.7431267281491638], [-0.2681669536050709, -1.1640153018773598, -0.7179877299850503], [-0.31783378068701507, -0.9261141278938849, -0.5449023056713526]], [[-0.2797361057872939, -0.9933974288749362, 0.5528244550929772]], [[-0.2735082247539301, -1.020161296120527, 0.5369031147786651]], [[-0.31865527940773575, -1.251934452800208, 0.21217680801409788], [-0.26163522734619704, -1.2379086820516323, 0.1271492904650826], [-0.34701881719963623, -0.9702685558040882, 0.08860770998502598]]]}