{"bodyId": "h0", "timestamp": 1645875551892000000, "continuousState": [[[0.4394969307030152, -0.5751510194961224, 0.5550605018307783]], [[0.5328850635169682, -0.622913807290145, 0.672244962653566], [0.4784383601465888, -0.7426544348448589, 0.6571187620034584], [0.46335797626690833, -0.6650361050183413, 0.6554194168771116]], [[0.6163763382779508, -0.7514645492197829, 0.6344519937551356]], [[0.44051329744028556, -0.9045340946264511, 0.5877826040559929]], [[0.5178295768104433, -0.8389001620662186, 0.5709313173968642], [0.640760566601593, -0.9055281173840513, 0.5173861381602398], [0.07228526200875796, -0.23104811872616293, 0.7500018583648652]], [[0.4592400121723449, -1.1228189030354558, 0.47939744006810003], [0.3896902982791294, -1.229005790429255, 0.4307343168994209], [0.3572228534782169, -1.062962194064498, 0.4489119457952644]], [[0.5101164681288844, -0.5454344142965686, 0.19994791436493786], [0.5671292713950452, -1.0735294063661331, 0.41744229691265256], [0.05275317299397908, -0.21035937597237797, 0.6303699069519102]], [[0.2946160115898342, -1.2032228050815361, 0.28638340803944096], [0.279064317348638, -1.220946078686211, 0.21684726256022713], [0.27300611949238573, -1.1517282204586194, 0.21214869013060822]], [[0.3868926731406841, -0.3038596191733167, 0.04247013638833752]], [[0.3805864588813723, -1.1680376254446427, 0.22177736447156904], [0.42520099139186796, -1.240666021194483, 0.21843262485497617], [0.28862733726725465, -0.9707014326000063, 0.15843637774032437]], [[0.3285191348299096, -1.0611314025898517, 0.17426824521051976], [0.5494359170205007, -1.1398107346401845, 0.1473332144946058], [0.4405200987092106, -0.833993415176564, 0.06573725660099705]], [[0.33231284945508033, -1.2000161942265524, -0.2356928022463105], [0.3322119176713101, -1.2323344208017877, -0.2262966114533591], [0.06467090718819013, -0.7618441512539312, 0.01089928393888595]], [[0.31064269290289304, -1.1056201218312915, -0.15727154236504082], [0.49544778348713836, -1.2885246344959094, -0.021667269538611755], [0.1807268241109492, -0.6121869063341107, -0.019145085516154903]], [[0.3480500100673194, -1.2664462852201237, -0.7081305588668464], [0.3640361264950175, -1.2619413216005035, -0.6540591710026931]], [[0.324278663069427, -1.1645081921130243, -0.47812018398630296], [0.44403921462850116, -0.9830363399395368, -0.7092614111761307]], [[0.535938491247137, -0.8405462953029221, 0.575932804756202], [0.45730271044468807, -0.7436554673999525, 0.53690161148293]], [[0.25639927972452176, -0.5677911066763071, 0.6688922312104291]], [[0.35455279685564095, -1.1145845140172472, 0.1980228048410444], [0.4873184542061843, -1.1902383779173338, 0.18288291967479098], [0.3645737179882326, -0.9023474238882851, 0.11208681717066071]]]}