{"bodyId": "h0", "timestamp": 1645875567302000000, "continuousState": [[[0.5512222093672441, -0.538811678808824, 0.5871745111929181], [0.495475290067256, -0.5142688613766234, 0.5334580518751549]], [[0.589811054041795, -0.6133229733556744, 0.6378930827050628], [0.5202243100798579, -0.6645369936479404, 0.6114715533407202], [0.5034412883542686, -0.621870904740196, 0.6246705919074603]], [[0.6475219822573864, -0.7353759920655243, 0.571427350595711]], [[0.4236201563741193, -0.8495607865939824, 0.5556069596034281]], [[0.6420266673227634, -0.826451310275123, 0.4448377296248882], [0.5171129942569659, -0.6031035039395327, 0.38849333281663156]], [[0.36270952977792414, -1.0978957484362162, 0.4622334288743164], [0.3195633695499539, -1.134064573501393, 0.39219143092764175], [0.31506044391406374, -1.0463807175158069, 0.39734787922229997]], [[0.3567405927033529, -0.8450930634372029, 0.3553046890944971], [0.4790597604607507, -0.48454546660893283, 0.15722830419796352]], [[0.26305560374858883, -1.1253534190891812, 0.2312343002636521], [0.228441850192861, -1.1261045044103437, 0.17962849308948936], [0.23633218418156365, -1.0922213969649182, 0.18006471093913579]], [[0.4183800949312818, -0.2857119401013182, 0.008911506165309113], [-0.02979879878060765, 0.03143635626994534, 0.4769620786183755]], [[0.3614249774745397, -1.125666565637982, 0.1573382579829783], [0.3886154136170402, -1.2037224338609778, 0.19055050988171973], [0.270212155542108, -0.9353962831183021, 0.097210289494986]], [[0.349968172675572, -1.0980156647451342, 0.1821310109069112], [0.5464415066274082, -1.1081619990517284, 0.12229271736380576], [0.3992423631667277, -0.7765561055886436, 0.0701545578476589]], [[0.3702615603698374, -1.1400284764762765, -0.30642520995790345], [0.39114602027941625, -1.2497757085071686, -0.11804874654162356], [0.07101463772564309, -0.6468188107063493, -0.005922250475630442]], [[0.3150741696902748, -0.9814855502368698, -0.23748508766031318], [0.5120049884479015, -1.2933136933532, -0.007629730761216091], [0.150545309941857, -0.5206314377997043, 0.01848359591158344]], [[0.362325480542268, -1.100719107013663, -0.7093313983168342], [0.4100524913271324, -1.0723172174771873, -0.7079946364607057]], [[0.3455925581187088, -1.0892249006206254, -0.5200619680715703], [0.4674898121459019, -0.9978396610740199, -0.6758678146713891]], [[0.461457986695074, -0.712298879582067, 0.4876236022019641]], [[0.4703665753155426, -0.7263321452667575, 0.47205014621002983]], [[0.35569657507505587, -1.1118411151915581, 0.16973463444494474], [0.4675284601222242, -1.155942216456353, 0.15642161362276275], [0.3347272593544178, -0.8559761943534729, 0.08368242367132245]]]}