{"bodyId": "h0", "timestamp": 1645875582444000000, "continuousState": [[[0.4970544636294091, -0.5083010520337408, 0.4897668438033127]], [[0.5528998886377137, -0.5811600054519914, 0.6146169612808519], [0.5047565769542844, -0.6486195619356074, 0.6150405606430007], [0.4818293525531988, -0.5924863809343196, 0.6081588852013191]], [[0.6330265017697475, -0.6997445267267799, 0.565933410394625]], [[0.5256579861997235, -0.8280853184479584, 0.5722689215609229], [0.4207949713193808, -0.8531953402866487, 0.547030943444712]], [[0.6330271797587234, -0.807684156111093, 0.44643388194155564], [0.5294441653366558, -0.6099060318416653, 0.36732208074085726]], [[0.40749498937842166, -1.1094224875587984, 0.4624570957806422], [0.3619246518700826, -1.1529195180368128, 0.41742199736408736], [0.3570355572738081, -1.0942323472419386, 0.3776527654031492]], [[0.35676380138272334, -0.8310903855175127, 0.3373996439933822], [0.4860910458988903, -0.4792419043320659, 0.1208224904915648]], [[0.29838163606903245, -1.191008198136039, 0.23695098213296584], [0.25613654841884886, -1.1840796326215868, 0.18987936035669462], [0.27495039695677537, -1.1575840394683001, 0.16405071925163806]], [[0.41388786226725016, -0.25169692625303286, -0.009827131863015426], [-0.008420097909233037, 0.024059865535586256, 0.44750068480842875]], [[0.31279052545251096, -1.169845954972497, 0.24324633464146306], [0.4059882291041844, -1.2015680572509817, 0.18927805196193792], [0.2730271429833593, -0.9413879973296247, 0.10146903205637758]], [[0.29237549863825285, -1.0582196699927386, 0.18768703877283266], [0.5442775032634175, -1.0824072181425708, 0.10188223253115902], [0.396771072165222, -0.7739978193216658, 0.0725835413689705]], [[0.35113978864780804, -1.116849801327653, -0.2551600499567457], [0.3834085820397284, -1.1987284867868766, -0.18828414046206166], [0.0406527729921371, -0.6388626460386408, 0.016191081775108196]], [[0.3110649867074706, -1.0030266331501132, -0.22785099655588748], [0.523605494737096, -1.3021709954696918, 0.00744024180154379], [0.20086790537293298, -0.5503502999897656, -0.02049418093576716]], [[0.3607389160788914, -1.1025919328176033, -0.7058811129528323], [0.41001161620149607, -1.0724503750646432, -0.7081190406974628]], [[0.33881546168337906, -1.0815801413543693, -0.5096060296876102], [0.46709599761401055, -0.9382158008096124, -0.7419942142266932]], [[0.5188298528752332, -0.8239915458440283, 0.5718074025349584], [0.47088031760806714, -0.7212653218607469, 0.45281716635372626]], [[0.4751195683280183, -0.731550686064157, 0.45717651209278465]], [[0.3025830120453819, -1.114032812482618, 0.21546668670714786], [0.47513286618380096, -1.1419876376967761, 0.14558014224654847], [0.33489910757429064, -0.8576929083256453, 0.08702628671267404]]]}