{"bodyId": "h0", "timestamp": 1645875633096000000, "continuousState": [[[0.34822923726734545, -0.7445636968751718, 0.6036568448771493]], [[0.3057235562594274, -0.9136019506620183, 0.7009232859203325], [0.2873984183304932, -0.8229981097039576, 0.6906650882391746]], [[0.45380420239937047, -0.8819024177057537, 0.6968761440218576]], [[0.29841409353959203, -1.0329261021083873, 0.5686981066935061]], [[0.5355181381200927, -0.9404222349507463, 0.5419958270874512], [0.4747436942494313, -0.7814225081737458, 0.5237108730787148]], [[0.3195417155962194, -1.310427141063928, 0.3375070253314518], [0.2851107176690665, -1.1855774535185986, 0.3065435659891962]], [[0.479247450122118, -1.18489561598065, 0.4828944871268537], [0.42701927341928547, -0.6122573302572865, 0.2690245840589105]], [[0.22163124459124606, -1.2940358336205025, 0.09129585301986864], [0.24896080879889393, -1.213875222795945, 0.06135374181147091]], [[0.3690244067919526, -0.45677804705628455, 0.06199085075036492]], [[0.3752786123637189, -1.28858112445253, 0.15355281850173275], [0.2364081319848026, -1.0165705317311395, 0.0761008599485451]], [[0.49422599142870405, -1.1670502903105642, 0.10965043750277736], [0.35322553824839686, -0.8560032954729082, 0.0663975571970088]], [[0.3843297092098178, -1.2440943959075734, -0.17430923915773255], [0.057071533871479785, -0.692267764609285, 0.00926854026120627]], [[0.2688214464990327, -1.2434005560312573, 0.024348802043518303], [0.128695709669981, -0.6424446551843714, -0.007529146058692482]], [[0.4178816657492481, -1.1160396876135446, -0.6520161237171335]], [[0.33568817698722064, -1.0895141250551674, -0.48019058300510464]], [[0.3144888918330684, -0.8149020305836115, 0.5823912398245302]], [[0.38657889389451167, -0.9071743051410666, 0.5462044898861105]], [[0.4347523018962115, -1.2278157073815472, 0.13160162800225506], [0.29481683511659973, -0.9362869136020239, 0.07124920857277695]]]}