{"bodyId": "h0", "timestamp": 1645875639126000000, "continuousState": [[[0.35895955356905773, -0.7312581783769727, 0.6085338874121828]], [[0.37912926191523755, -0.8118164350794914, 0.7368866190919059], [0.3165430737646914, -0.9227064064019408, 0.6881775899617897], [0.3123883155569428, -0.8430211550497904, 0.6740377221153057]], [[0.4568334091200079, -0.842621089035243, 0.670634677612638]], [[0.4440305001401825, -1.0548665697301138, 0.5833404959995734], [0.29942547673604325, -1.0120001692482499, 0.5771193012150176]], [[0.4391768141347655, -0.8808424564109145, 0.6129080494850407], [0.47500017833362207, -0.7879273542876857, 0.5137171510295653]], [[0.3606602168929385, -1.2445718978705524, 0.3823451679331735], [0.3136975806870632, -1.3087157719734437, 0.33382079393061037], [0.28360360439780186, -1.1814685207542635, 0.30001543523115437]], [[0.38451031598476526, -0.7983078870064251, 0.396028453498106], [0.4750571162933105, -1.172333323432306, 0.4872145202749655], [0.43229902770007533, -0.6382786720323381, 0.29694560663523883]], [[0.2690089186874578, -1.2479338037853107, 0.1170619657414167], [0.22669196770031996, -1.2937327210487037, 0.10154692648643615], [0.24049660923153449, -1.1977544155422282, 0.06324121337799449]], [[0.37349280337926594, -0.4887447012048316, 0.06653632042861579]], [[0.28504602233639553, -1.2233596920369505, 0.23901928043142617], [0.3790019054132302, -1.2748533146309777, 0.13685519358687026], [0.23374363470176474, -1.0147077239493854, 0.08641809263732791]], [[0.26719636859224627, -1.0409175143912404, 0.18511839402365005], [0.5103221814449742, -1.1540180221490788, 0.09947846294816265], [0.3408536049968258, -0.8435848105189835, 0.0859488232321397]], [[0.3330457794887596, -1.1710157316920313, -0.24093771078129045], [0.37814239456122545, -1.2532998105434952, -0.11322226233582144], [0.07059216483716302, -0.7255083487956001, -0.0039603793307784185]], [[0.24282873923704495, -0.9649665602032689, -0.23913729471545642], [0.3039471369051875, -1.259711843770986, 0.05507778723015888], [0.12041731018972568, -0.6480138068684158, 0.015073063727883085]], [[0.3621038688214051, -1.1151491838440324, -0.6920672146368066], [0.41712666597755843, -1.1219707580017881, -0.6337924446988168]], [[0.2681429715874648, -0.9834845912738601, -0.7343189497937755], [0.352359509675482, -1.1023700428038081, -0.4564699975082328]], [[0.32264254328890507, -0.8245165752952249, 0.5770237356495015]], [[0.441603657137474, -0.9678545130705142, 0.5981242727423071], [0.38721282753483266, -0.8999637617679678, 0.5454182261222915]], [[0.2761211954643209, -1.1321386032140954, 0.2120688372275381], [0.4446620434291022, -1.2144356683900281, 0.11816682826751645], [0.2872986198492953, -0.9291462672341844, 0.08618345793473381]]]}