{"bodyId": "h0", "timestamp": 1645875639863000000, "continuousState": [[[0.3957879167585817, -0.6966824989020377, 0.6207545728356181]], [[0.3285755108874756, -0.7910876867382577, 0.6997269671153987]], [[0.5049226945213562, -0.9152644091242466, 0.690563723363163]], [[0.3102650174827212, -1.0174651433183173, 0.5815024156050128]], [[0.5527362652780107, -0.9579883298103258, 0.5297349107204503], [0.4520600263494561, -0.7571526882793143, 0.5093414881695457]], [[0.2945385927751756, -1.325451716782878, 0.35093136021601534], [0.26651673619468097, -1.1772566218350569, 0.3384106867379659]], [[0.4078519637375091, -0.601248501735042, 0.2797716231947608]], [[0.20980663053239634, -1.2916698486112452, 0.1250339045618558], [0.23208352318773284, -1.208310877282167, 0.09511612616196197]], [], [[0.36360091687432455, -1.2712812051171103, 0.1503426470579694], [0.22435924796304563, -1.0134587198154452, 0.08872792827994913]], [[0.49976800580164105, -1.1902121969605588, 0.11449849656798983], [0.34030490841151173, -0.8507865154349418, 0.07222500503387441]], [[0.3734651531118429, -1.2112325544286662, -0.1825830459388864], [0.07043261818251034, -0.7002197356517728, -7.071939822522744e-05]], [[0.24616210211499678, -1.2232998277170282, 0.03180759414811485], [0.10053605129463006, -0.6364553269859199, 0.004140207128990991]], [[0.4171439890483041, -1.0719337909572149, -0.7028521138050984]], [[0.3487927173863844, -1.1043532555275308, -0.4787589552379409]], [[0.35144657365637477, -0.8567361184381829, 0.5523764257658469]], [[0.3811625219160886, -0.8873089157988158, 0.5454219518872793]], [[0.43168446133798277, -1.2307467010388344, 0.13242057181297961], [0.2823320781872787, -0.9321226176251936, 0.08047646665691177]]]}