{"bodyId": "h0", "timestamp": 1645875644419000000, "continuousState": [[[0.3402183677991094, -0.7596573881706105, 0.5905995916411536]], [[0.41832273404619447, -0.8073766672678513, 0.7257157095112194], [0.3432355617026097, -0.9194027605626218, 0.6928720742712311], [0.33903190685684825, -0.8673273371834624, 0.6688455992182801]], [[0.48513399782307964, -0.9093231847830459, 0.7017004148663946], [0.3758792821646407, -0.6820595449572965, 0.6756922469064087]], [[0.3391243127594229, -1.0277485681721505, 0.5895797259303733]], [[0.461230125815952, -0.9266620636553671, 0.6211671632033933], [0.5681691875503403, -0.9666350255986211, 0.5383582042241917], [0.4978044358655168, -0.7835526046746087, 0.505718513773568]], [[0.37363888866218986, -1.2478330739946122, 0.39691445861861596], [0.32843323580235306, -1.3065420534828953, 0.34532011886901337], [0.30876651215123985, -1.1767838109469773, 0.3423340405164579]], [[0.40109175483094517, -0.8176665039435693, 0.39143457050048225], [0.4936306155009481, -1.18328966642043, 0.48696876924493426], [0.4504461404594797, -0.6241056102086099, 0.24938869804834685]], [[0.27114940713649505, -1.2528519043328386, 0.15043653748107855], [0.2249412567950455, -1.2937766438642648, 0.11703005554650181], [0.27014636176566, -1.241779800726178, 0.07926670439433692]], [[0.3791296252267188, -0.4968069134165205, 0.058139147299091753], [0.3710255758350258, -0.4584625454169433, 0.0598321534409606]], [[0.3118138760167911, -1.2477762264545857, 0.23631895953737514], [0.38689235029678337, -1.285776669641824, 0.14902271389946886], [0.24799904219051694, -1.0125460237172659, 0.09453019966084719]], [[0.2892072774257073, -1.0633825371016565, 0.18276257951478359], [0.515553820573714, -1.1748528100124382, 0.10206813862925657], [0.36470171684930297, -0.8535631593475341, 0.08324471733605732]], [[0.32080138342215136, -1.1963886650238074, -0.18412465592273963], [0.3434726639343881, -1.2559586369963442, -0.004905559220728106], [0.05843785048893957, -0.6980717622136227, 0.02112093099551493]], [[0.24233893887792934, -0.9669965697643121, -0.23673841849807808], [0.33190637258622624, -1.2709467811112813, 0.06961041799569445], [0.12865035007611203, -0.6461865519770724, 0.006183528982964037]], [[0.3685331419787936, -1.1222436127810864, -0.688552594895049]], [[0.2704418305584193, -0.9966661901327329, -0.720515921022139], [0.372003805144674, -1.1237201409097999, -0.4329856540440936]], [[0.3300729425179083, -0.7806891462217921, 0.6028794712786549]], [[0.41846437431246986, -0.9056505864233797, 0.5476491198519706]], [[0.3005105767212492, -1.155579381778121, 0.20954076952607936], [0.4512230854352487, -1.230314739827131, 0.12554542626436271], [0.30635037951990995, -0.9330545915324, 0.08888745849845225]]]}