{"bodyId": "h0", "timestamp": 1645875645558000000, "continuousState": [[[0.42178748668075583, -0.7406631453619631, 0.5983301642702978]], [[0.42462638446927703, -0.8111313809562044, 0.7261700389885974], [0.3750739571510582, -0.9352926380502096, 0.6933753187511853], [0.34139686671023806, -0.8153051738851946, 0.6892148641180418]], [[0.5182820402887114, -0.8945834818233447, 0.6618216187598223]], [[0.34849306518821244, -1.0402026549030414, 0.5836750598655007]], [[0.5045708784584518, -0.8701289683751019, 0.5811478826958414], [0.5761076961003236, -0.967801458851522, 0.5286326113405315], [0.49244158753651057, -0.7798708111991884, 0.5152171720961154]], [[0.38748740404578197, -1.2301828755227056, 0.39705252612832287], [0.33495080313162795, -1.3038416779897877, 0.33256546339408843], [0.30173145018099246, -1.1510917812327772, 0.34739196626290436]], [[0.4181506628717806, -0.7931772786229849, 0.3627499207306444], [0.4965414582464647, -1.1787703883994798, 0.49168896850491706], [0.4543078604298305, -0.6200992286320951, 0.25127192968894807]], [[0.2686120682922284, -1.2561966388994434, 0.1548778952106129], [0.23905081424447283, -1.2796375989330646, 0.11334108020501144], [0.2521273386532755, -1.208560593793166, 0.08268462054135695]], [[0.40337927741552504, -0.4537826885027876, 0.0221741640398343], [0.38310519432048706, -0.4648331414773481, 0.035435516695861535]], [[0.30784666589033927, -1.2290213292154373, 0.23275561603509676], [0.39498324405281593, -1.2831223247174663, 0.16659977007726212], [0.24498447322561545, -0.9957991556760262, 0.10575584711330865]], [[0.28850412044901386, -1.0380976097295702, 0.163663765539658], [0.5136537118392323, -1.1710519617296837, 0.10640002495276368], [0.39352193392801205, -0.8794204231658596, 0.06904887549012173]], [[0.3206582741622219, -1.1953218800886343, -0.17280657344212424], [0.3828052783284651, -1.2195379846980205, -0.1790684859316225], [0.06485499224139235, -0.6945279367166577, 0.014458954556298642]], [[0.2617131536839147, -0.952038628338669, -0.2610169685795709], [0.33457202716299506, -1.262272378905244, 0.07243049401522295], [0.1223542347550135, -0.650633039316548, 0.01238619999493562]], [[0.38488802307489145, -1.11689693457904, -0.705749824559704], [0.41606310108679523, -1.1050662740236272, -0.6656347037166986]], [[0.25589094392073264, -1.0009757894466988, -0.6905624557088619], [0.3725440798527706, -1.1336725587004726, -0.41181246531516624]], [[0.36347576940239656, -0.8087433414981055, 0.5803304305705674]], [[0.4204673263623615, -0.910036733051115, 0.5494461159808081]], [[0.29817539316967656, -1.1335594694725037, 0.19820969078737738], [0.4543184779460241, -1.227087143223575, 0.1364998975150129], [0.31925320357681375, -0.9376097894209429, 0.08740236130171519]]]}