{"bodyId": "h0", "timestamp": 1645875220108000000, "continuousState": [[[0.4112447360206064, -0.5274808410300704, 0.5045469154043067], [0.03600975726436939, -0.27711820064278725, 0.7037811741147944]], [[0.460109906121687, -0.6488445804354115, 0.6384430882918166], [0.39043941495766776, -0.6830762921616306, 0.5735630515751367]], [[0.05622985822744131, -0.20540180885052672, 0.7466214509712584]], [[0.42176340129340084, -0.9291152839179881, 0.5044602028135813]], [[0.06238396348704667, -0.1722419515989928, 0.7199774720577736]], [[0.4009749374162985, -1.1007014961693953, 0.41483665929956426], [0.3527626412494159, -1.1408429385466645, 0.3211627630879166]], [[0.36188066974265476, -0.7792557878504938, 0.30388669795652157], [0.01677200203298901, -0.0740859572901943, 0.5754958853515768]], [[0.2594278184279726, -1.1840501141959352, 0.22908921154893802], [0.2653408830392925, -1.1506388514737078, 0.14207239423361684]], [[0.37186418487815043, -0.31318223446838633, 0.07650647149458734], [-0.005483252747223499, 0.005685526984487432, 0.472860952632127]], [[0.3126614832996557, -1.1366513285422166, 0.1979614154562943], [0.2869977945269111, -1.0081037006991447, 0.05514966222847506]], [[0.2810411859277925, -1.1370561622398851, 0.25179618351507194], [0.41969250865838514, -0.8162479615466659, 0.029091969659028383]], [[0.2954579075653969, -1.110136365943808, -0.27935180506785495], [0.022186333058082264, -0.6664464671194336, -0.0030831361601197926]], [[0.314900824998096, -1.1211267205749966, -0.21776542848707292], [0.13387949517862618, -0.5346384865485361, 0.0018326626392943801]], [[0.23046830935346718, -1.113786245633396, -0.7203280365067594]], [[0.463942885708308, -1.0772521366968468, -0.6242468390396312]], [[0.36900255262811743, -0.6402465958345502, 0.5296833638148599]], [[0.24207368239022375, -0.5506786177584905, 0.6122188374356774]], [[0.2968513346137241, -1.136853745391051, 0.22487879948568312], [0.3533451515926481, -0.9121758311229053, 0.04212081594375172]]]}