{"bodyId": "h0", "timestamp": 1645875692257000000, "continuousState": [[[0.2672811411036926, -0.972615273902185, 0.574787514663531]], [[0.3112397320318444, -1.0427030786652902, 0.7349289979546738], [0.23235232285729374, -1.1450704783398937, 0.6696905461975153], [0.18604679630288212, -0.9755306561017519, 0.6870994328796493]], [[0.3732710416306315, -1.1244901097054114, 0.7182209923549306], [0.3073582450342861, -0.9258565768328685, 0.6828142517713978]], [[0.2631032849772009, -1.2202317375868155, 0.5577937359013017]], [[0.38418190084992754, -1.0617226361714842, 0.6050216779024207], [0.4288619974036142, -0.9831647380405641, 0.49449246818049464]], [[0.3610610096814906, -1.4522687235531544, 0.3770470079646473], [0.31841286784727196, -1.5264970064397936, 0.30168330651904407], [0.2653502616183834, -1.329007549059216, 0.3001956404692969]], [[0.35597508989502025, -0.981502185091313, 0.4292941781447095], [0.38539827997194, -0.8103397533622481, 0.2672462555205566]], [[0.2951552266487626, -1.4879937012115352, 0.10936548538759494], [0.24211925388247046, -1.5379848304458084, 0.07484284527575524], [0.20797435921102725, -1.3206099592698464, 0.08996093245394832]], [[0.404376260927662, -0.6874020061803963, 0.0929682635610205], [0.38126737453792625, -0.6425453616855287, 0.05446560100216913]], [[0.25375594647835953, -1.3811785348110002, 0.19223208147124637], [0.3425494280944626, -1.481470923276604, 0.14506026640351855], [0.19133025705092843, -1.2050794028326077, 0.056172844628963325]], [[0.22288719298081605, -1.209000136802756, 0.126900836143663], [0.4399057049026537, -1.3520227597752643, 0.14254561462673032], [0.29990006317713735, -1.0453598180546635, 0.055748064569100864]], [[0.34940012246845764, -1.317117307452782, -0.43036452515681933], [0.323426367833447, -1.346454145684201, -0.2983256932395516], [-0.004107012769409835, -0.760555485273448, 0.009811106880348808]], [[0.19339662665103985, -1.1585141709154025, -0.2811679360508901], [0.2699823756924683, -1.416928707100154, -0.17231305631114735], [-0.02709624361379659, -0.7291433691779118, 0.006442969930802622]], [[0.25460998488301434, -1.437604938955405, -0.5690033049167544], [0.37254995956400627, -1.2868633093996549, -0.7030618367918727]], [[0.26846520723488765, -1.4428042883436236, -0.5440957584054903], [0.28572156353789424, -1.4292996921270245, -0.5574559338438535]], [[0.25691400998611613, -0.971548062459176, 0.5834707149053519]], [[0.34598264119040756, -1.10169823781369, 0.5261431020408982]], [[0.2383215697295878, -1.2950893358068782, 0.15956645880745468], [0.39122756649855817, -1.416746841525934, 0.14380294051512443], [0.2456151601140329, -1.1252196104436356, 0.055960454599032095]]]}