{"bodyId": "h0", "timestamp": 1645875693061000000, "continuousState": [[[0.32924404778740934, -0.8994057366979751, 0.6104769848866642], [0.26745283273732945, -0.9618530533832779, 0.5793228134561091]], [[0.30685051283900566, -1.0378245911727153, 0.7338124361480787], [0.22845871662225287, -1.1380590856777604, 0.6777300477757902], [0.1811677698786427, -0.9682425905169428, 0.6901623579866677]], [[0.37114288435036213, -1.0879424595889793, 0.7035674110506435], [0.3075419776350591, -0.9238252937329412, 0.6768884654642031]], [[0.2582854775564414, -1.214518886867503, 0.5683355001145061]], [[0.3929407423428668, -1.0392406891125454, 0.5898583332057126], [0.4235320391111608, -0.9667003156589831, 0.5023963235486624]], [[0.3566273098403382, -1.4564700663781374, 0.3824710853592861], [0.31770271374857667, -1.52148074027829, 0.2906286788365048], [0.24094972803744463, -1.2781575403269065, 0.3444166113094358]], [[0.3512333287605933, -0.9757591996051798, 0.42720368060100333], [0.38546424259606715, -0.810311413053865, 0.26723899241928073]], [[0.2982500380047366, -1.483592751617972, 0.11335941981069375], [0.24082845932099006, -1.5346745045969603, 0.07104447151548854], [0.21507808001808681, -1.3370261989417747, 0.09887485535709262]], [[0.3994493566026891, -0.6950163915082177, 0.08899915898301036], [0.376912068773227, -0.6381367841085661, 0.05882354200729545]], [[0.2770566320155803, -1.3628467500901347, 0.1832980844997263], [0.33991887527768855, -1.4690645833716336, 0.12501497134396455], [0.21339200048772367, -1.243663584703242, 0.038780849111789806]], [[0.22736773571304592, -1.2016052520277951, 0.13878130922128706], [0.4448592943330783, -1.3726782656413543, 0.15438164916152686], [0.31064638165367486, -1.060469718479779, 0.044596577218107836]], [[0.3336740946198188, -1.3269408321257843, -0.3549260848001885], [0.3192679767039367, -1.3548182592676428, -0.29249766105250985], [0.08108631748468453, -0.9269178873883162, -0.10422769822340006]], [[0.19635733267532451, -1.1392923819387688, -0.29085800270092266], [0.2791670078656272, -1.4023913753994677, -0.19081362887835485], [-0.0019289725192923601, -0.7345703990987518, 0.0050659314655231436]], [[0.2720108841932489, -1.417262475602559, -0.5970910986632995], [0.3673814557194519, -1.3024502236064468, -0.6750524201141272]], [[0.277385667329034, -1.433600733564203, -0.5641851942295083], [0.28994233771756595, -1.4398529697357698, -0.5523709169407737]], [[0.2543390331457279, -0.9695986047509989, 0.5914486855712653]], [[0.3409087583338011, -1.090609601263243, 0.5353659118315842]], [[0.2522121838643131, -1.282226001058965, 0.16103969686050668], [0.3923890848053834, -1.420871424506494, 0.1396983102527457], [0.26201919107069926, -1.1520666515915106, 0.04168871316494882]]]}