{"bodyId": "h0", "timestamp": 1645875709543000000, "continuousState": [[[0.27456661394335613, -0.9506793544224527, 0.5834447032169784]], [[0.310016669770367, -1.033459648828209, 0.7310181966859932], [0.19349284616931828, -0.9659324919552428, 0.696650723786639]], [[0.379934752247013, -1.1078500448977833, 0.7131117196631708], [0.2996233722111592, -0.9036645207897492, 0.6850021594661602]], [[0.2712130347829391, -1.2348478208735518, 0.5595500112432605]], [[0.38175249980040715, -1.0652226998625267, 0.6076660725060303], [0.42616914691773866, -0.969507859167058, 0.5005510039618463]], [[0.36057113743319724, -1.4539864985097004, 0.36960326020029743], [0.3026300176036411, -1.525402926830946, 0.2931754612216775], [0.2395435697597419, -1.2757830885987025, 0.3456941214483449]], [[0.3553342933134649, -0.9832064866681633, 0.4302527454491556], [0.37708873010112387, -0.800531903750476, 0.27438099346223355]], [[0.2835800807659441, -1.4823537088168866, 0.10028956854624238], [0.23245552599901198, -1.528396014187456, 0.060797964624697], [0.22423540543771614, -1.353228610307974, 0.08866799112631885]], [[0.3916722864402499, -0.7080870441117955, 0.10041143969757371], [0.3787333013116303, -0.6400233709747527, 0.05691900426549723]], [[0.2781672758240067, -1.3603886120790964, 0.190361289059084], [0.34256220963473205, -1.4715401290235892, 0.1128396558983662], [0.1931401830636974, -1.2081201057290865, 0.05418904330338781]], [[0.2231081939765699, -1.2169602731891538, 0.17403253537261243], [0.44771241715247734, -1.36095411704436, 0.11489666873884885], [0.29676277642815996, -1.0411605638585801, 0.05910893201567724]], [[0.32548990118228494, -1.3328124825470016, -0.31685190159560084], [0.3714149466109664, -1.2967412550590027, -0.666327291921281], [0.054581174819777756, -0.8551038666936996, -0.0605449558703286]], [[0.18029351810660832, -1.146548795214933, -0.24843083235014274], [0.2832163705920303, -1.3768371025098964, -0.20428741586102006], [-0.020836130560379473, -0.7155039214288045, 0.016533684906402613]], [[0.2660227149121033, -1.423591795206281, -0.5833849173163079]], [[0.27144035749820206, -1.4376313477855935, -0.5393057176461317], [0.2818963285987166, -1.419068176106329, -0.5614906216423347]], [[0.39568728487604654, -1.1858340206853657, 0.6055018603729025], [0.2581848961131683, -0.962344575505163, 0.587221536386501]], [[0.3486910908503389, -1.1021778400203048, 0.5300505076025535]], [[0.2506377349002883, -1.2886744426341252, 0.18219691221584822], [0.3951373133936047, -1.4162471230339746, 0.11386816231860752], [0.24495147974592868, -1.1246403347938334, 0.056648987659532524]]]}