{"bodyId": "h0", "timestamp": 1645875719526000000, "continuousState": [[[0.3043545551061051, -0.9474610240311263, 0.650381438556568]], [[0.30543154230010383, -1.0500613988215939, 0.7475895213993455]], [[0.38583465383747295, -1.102040519373638, 0.7010434537073692]], [], [[0.3941485149234706, -1.0720003871991923, 0.6075551395063461]], [[0.3635227077023552, -1.4495306275048196, 0.3735519593478498], [0.2990898483023005, -1.5196763936234317, 0.30115540098142246]], [[0.3500701273159086, -1.0033774017679113, 0.4354108833044774]], [[0.2856052428092485, -1.4710509181315694, 0.08759837333407905], [0.22507608450988936, -1.5239996777174851, 0.05277265509519591]], [[0.3917335512132136, -0.7084862456627794, 0.08979815198965269]], [[0.2701317941092083, -1.3616656834874814, 0.1760179890533422], [0.3415005517691596, -1.4748262935471974, 0.13094017486981446]], [[0.21302550119648211, -1.2214493406626241, 0.15275229234760146], [0.43726651097861136, -1.358668914104391, 0.13859333998486734]], [[0.342173047449315, -1.3396102561116034, -0.4259569411338884], [0.3272833562036066, -1.3223528724343843, -0.35209965626730255]], [[0.19980729388911267, -1.1634205963259934, -0.28025516840995013], [0.28120741124159676, -1.3846200279862624, -0.21715544681919474]], [[0.27543074937355705, -1.4019218489264742, -0.6210924182201721], [0.3787881396970121, -1.308955048393908, -0.6816735222198136]], [[0.2885554781533306, -1.4102955046052499, -0.6054833012906735], [0.29095906736346544, -1.443344299779549, -0.5468000103508014]], [], [], [[0.2415786476528452, -1.2915575120750526, 0.16438514070047183], [0.3893835313738855, -1.4167476038257942, 0.1347667574273409]]]}