{"bodyId": "h0", "timestamp": 1645875761937000000, "continuousState": [[[-0.06852741877808766, -0.8472683587791117, 0.6382470536415411]], [[-0.07865071485769237, -0.9530571393668854, 0.7896009970516857], [-0.10953908586133765, -1.069068644831019, 0.7458151802390296], [-0.1416344632839186, -0.9392230662503979, 0.7174655407582115]], [[0.04824559204892431, -0.9811330857768701, 0.7904007721317459], [0.02480015374802902, -1.011620876625066, 0.7027747468786272]], [[-0.17383944252148253, -1.1520119345126234, 0.6574568796766449], [-0.225774093976572, -1.1027202468962307, 0.5628953581240639]], [[0.09008380454611653, -1.1078996637436214, 0.548318263868018], [0.022214408924142726, -0.895243559949178, 0.5184300015141122]], [[-0.24587711216121377, -1.2536260772350203, 0.3757765166841174], [-0.27838152253772863, -1.342519122786578, 0.32478155906452577], [-0.2807421361716156, -1.2356003505076432, 0.2726386886819143]], [[-0.045378961889348535, -1.2238846345568375, 0.5258319812377654], [0.1302084610099974, -0.8388702971448949, 0.1940008628030343], [0.05921508318255453, -0.7782324211880267, 0.29087227990939324]], [[-0.3232854746908195, -1.2617856636131235, 0.11235262731599804], [-0.3484705381890997, -1.2860377128566574, 0.06619600389635916], [-0.3333509007087294, -1.2367012536849842, 0.04550321414974401]], [[0.17007454011604328, -0.7349569764847073, 0.06969096856314017], [0.14673276166293125, -0.671923567777011, 0.03129682497756103]], [[-0.20111739569972842, -1.2518083946907665, 0.1362771826665985], [-0.16742268793187576, -1.311660268578351, 0.1392294139139656], [-0.25708956389489235, -1.049612826427977, 0.0853494857268644]], [[-0.09164962306236346, -1.2888196435586385, 0.1782443059848473], [0.023204703865158494, -1.2306832505561525, 0.11448346665784981], [-0.08430770273373667, -0.9280304526134385, 0.07815199908890136]], [[-0.264914393519843, -1.2272021133081188, -0.2730469455015605], [-0.22397149525461613, -1.240676928649904, -0.26650853450796275], [-0.35221259986468423, -0.892706659728983, -0.0987398366966199]], [[-0.07580784882859037, -1.1703969499939677, -0.3181485518303293], [-0.08490568776649121, -1.08705685940212, -0.36288399941884997], [-0.2524161367865654, -0.6554160635637596, 0.006511820689632075]], [[-0.27800511798623173, -1.256297798109224, -0.7074041286546775], [-0.25784762302640196, -1.2132308720654816, -0.7269402966826817], [-0.2479349210059747, -1.1629302685725464, -0.7231096501589176]], [[-0.1038533258191201, -1.1688758193249935, -0.7966595933317745], [-0.08941900977003792, -1.1643392751515813, -0.7432594310762416], [-0.3276104772092241, -0.4647074875281709, -0.052540382719327594]], [[-0.1081110948625944, -0.9733062795463778, 0.5518390849869741]], [[-0.10177984252621464, -0.9989819034227043, 0.5406626798190881]], [[-0.14638350938104594, -1.2703140191247027, 0.1572607443257229], [-0.07210899203335863, -1.2711717595672516, 0.1268564402859077], [-0.1706986333143145, -0.9888216395207077, 0.08175074240788288]]]}