{"bodyId": "h0", "timestamp": 1645875772523000000, "continuousState": [[[-0.02120970345911799, -0.8814501913676432, 0.6189907272340363]], [[-0.06360383818653736, -0.935450646757098, 0.783794222716645], [-0.10834294106544196, -1.0699377500208715, 0.7402697560935878], [-0.12862651691580385, -0.9369386467591658, 0.7110445285156989]], [[0.06594436363645928, -0.9881555058625282, 0.7821170209198616], [0.024521668870541302, -1.0109664564836613, 0.7020228288025177]], [[-0.16680980997909678, -1.1496540629077001, 0.6535787462509235], [-0.2321029558786265, -1.0874503514987266, 0.5701076958427148]], [[0.08833396226417245, -1.1012226924863964, 0.538338633249305], [0.02730625904888173, -0.9039234772916142, 0.5136515668877284]], [[-0.2475942888966609, -1.257467719372066, 0.3802673568299526], [-0.28318066723204993, -1.3354304167622666, 0.3266210962271954], [-0.28737784341721606, -1.2400468825622317, 0.2875604344526361]], [[-0.04012158940615096, -1.226556675499613, 0.5012356898715544], [0.1340512923672199, -0.8107352877550202, 0.14503330829618566], [0.06605362247097246, -0.786332381499771, 0.277266103598115]], [[-0.3276180372380244, -1.259434302378434, 0.13217933972134932], [-0.3569728613497656, -1.2983905315794093, 0.07968549152220072], [-0.32401029262518666, -1.2672271299928748, 0.03321887696657466]], [[0.17174578630252846, -0.7127900101980491, 0.05768273326708773], [0.14677677083706064, -0.671947265226153, 0.03137199581201644]], [[-0.1983356269236024, -1.2616424822773311, 0.15428977421395196], [-0.17298472576017687, -1.3155916592633239, 0.13916558636364473], [-0.2626982919040266, -1.0542113458283586, 0.08336103460766986]], [[-0.09718486260217796, -1.2993751503865807, 0.20104097286212874], [0.020377617562118755, -1.2252042763094921, 0.10925424754377211], [-0.07325141755731113, -0.9487147444609819, 0.06201330209574896]], [[-0.2733067874141579, -1.2518317672996049, -0.21076746130731627], [-0.23208657428227164, -1.227608333534139, -0.2917850876181822], [-0.342544216610395, -0.8962220556585467, -0.12122327063419913]], [[-0.08052212206587506, -1.1798455393243406, -0.3036610487620226], [-0.07271080983538702, -1.11372929429715, -0.33427106966257303], [-0.2468257894310566, -0.6534963655945553, 0.006801785185230225]], [[-0.2773335643470034, -1.2548619675921855, -0.7103479547915057], [-0.24747961363629933, -1.2143819269484777, -0.7192946621215976], [-0.25498276761698624, -1.144461046521407, -0.702256741134151]], [[-0.11574130563594875, -1.1938486863613325, -0.7340170116824769], [-0.09919158316250476, -1.1438997851209929, -0.7707250423702939], [-0.3329443530647429, -0.45311436258413473, -0.04668510557569039]], [[-0.10939355151398844, -0.9709034651606936, 0.5531495220789696]], [[-0.10239834841487239, -0.9956869143951703, 0.5418796313652217]], [[-0.14776024476289018, -1.280508816331956, 0.17766537353804035], [-0.07630355409902906, -1.270397967786408, 0.12420991695370842], [-0.16797485473066887, -1.0014630451446702, 0.07268716835170941]]]}