{"bodyId": "h0", "timestamp": 1645875275718000000, "continuousState": [[[0.5092054092119956, -0.5030687154964328, 0.4839289778785355]], [[0.5685310263259379, -0.5740029697890634, 0.5989515741149403], [0.5316476473917218, -0.6635906957074984, 0.5872848647631113], [0.49405375927544193, -0.5920661911536205, 0.5934985567475922]], [[0.6704607048894365, -0.6335455673405577, 0.600842014947802], [0.6617626569783132, -0.6646177719545203, 0.50464774127955]], [[0.4082313417657696, -0.8390442377313304, 0.5542390327930032]], [[0.46978786057571176, -0.8157679167299148, 0.545869692253081], [0.6351481175103785, -0.8123092975675816, 0.40044614297516357], [0.5293773436344036, -0.6109411696239502, 0.3445916457832663]], [[0.37850368192529094, -1.0528524614209154, 0.43749546790198357], [0.30661203479530474, -1.11758233110629, 0.3996281905507435], [0.30854575521255023, -1.0484423852208788, 0.396680471895944]], [[0.3959785050349124, -0.7114861536795423, 0.24087978047545988], [0.5739578396497089, -0.9723955508613984, 0.2960795982509472], [0.48355210720121966, -0.48416621412982896, 0.11710709317446033]], [[0.23738135825864004, -1.0829747122253268, 0.22988714613056915], [0.2077908251492403, -1.1054406134957704, 0.173768438254859], [0.23455193808118346, -1.0661493620441638, 0.15224800532899319]], [[0.4215856566199824, -0.21531441739028345, -0.009828795221616282], [-0.00847252481568761, 0.026874566546351786, 0.4556113526393215]], [[0.34604565668474807, -1.1400109572640862, 0.21594556163087608], [0.3835084801905797, -1.1811065715018745, 0.21110137119661654], [0.26841696260340564, -0.9633826184085057, 0.061202651917819706]], [[0.3743351373152478, -1.150012694320331, 0.23095033557856648], [0.5439807856995318, -1.1142563106000567, 0.14173587227549578], [0.45394936599722757, -0.8364158882493018, 0.01695493410041382]], [[0.3111420435816209, -1.0783031228405824, -0.19522988413469533], [0.37200300274251585, -1.207792731577252, -0.09277539171596927], [0.05590234750667977, -0.6250087263906532, 0.007514837084158121]], [[0.33493193412843714, -1.0985933488807906, -0.14103697174335128], [0.5455540993348494, -1.2420786476038992, 0.016665902595281334], [-0.03818979423297675, -0.10644105911195811, 0.40541862504043413]], [[0.3423565138878597, -0.9917041995310794, -0.7148464710642242], [0.387371118948744, -0.9828678532051445, -0.7113968428065169]], [[0.4564818307573163, -1.0204605074024902, -0.6224730880407432], [0.5160521802145172, -1.069235454081205, -0.5157630730238121]], [[0.45740276675479874, -0.7115248952352506, 0.445282993021081]], [[0.4688043427000866, -0.7249927036776402, 0.44941533928813476]], [[0.36019039699999794, -1.1450118257922086, 0.22344794860472128], [0.46374463294505575, -1.1476814410509655, 0.17641862173605616], [0.3611831643003166, -0.8998992533289037, 0.03907879300911676]]]}