{"bodyId": "h0", "timestamp": 1645875279001000000, "continuousState": [[[0.5837951455819324, -0.5103701202076889, 0.49145013374263247], [0.5176483239980157, -0.5232101682506093, 0.49181666023757464]], [[0.6240919200794255, -0.584490704803271, 0.5813130604057197], [0.565016391539758, -0.7119975095622033, 0.6006859000603231], [0.541384518847924, -0.6411257083125822, 0.5842815231010848]], [[0.6863001963429715, -0.775953990538703, 0.5473976647864351]], [[0.47870281157775185, -0.8654247698305979, 0.543181308358083]], [[0.4946869353822404, -0.8109153207141209, 0.5090627011846289], [0.6447910222462986, -0.8560748907623554, 0.4337435648171455], [0.5492013706218228, -0.6283441663186109, 0.33063861348162515]], [[0.4059231656664053, -1.0869880247024, 0.4666309380671996], [0.3530929855954559, -1.1470935449933202, 0.4246234346318569], [0.34404773823084334, -1.0783622973987683, 0.394770391358932]], [[0.36431218631218687, -0.7323399864707272, 0.1810851018083819], [0.18482615825021864, -0.29882775366332637, 0.41613889366907286]], [[0.2760887499865665, -1.1184536978682431, 0.2405120499983151], [0.2452477114157196, -1.1448726222728416, 0.20677350212156398], [0.2510381724580799, -1.1035711812751843, 0.1802828267009069]], [[0.3219055512456057, -0.4298700453311475, 0.13934856954080588]], [[0.3675007125257762, -1.1358770247056846, 0.21311331892158392], [0.4103423572388958, -1.209142640587946, 0.2118777110502128], [0.2831172405427329, -0.9969709207225238, 0.08974901076989683]], [[0.3740134101334902, -1.1397632848120671, 0.2135746425253673], [0.5470976298121807, -1.112263044767721, 0.1256771514824926], [0.26315273682959783, -0.6870898119178295, 0.15209512815524218]], [[0.29093019633248796, -1.0492569311221067, -0.21115873026508436], [0.3499953492403707, -1.187811538568394, 0.003790232332024024], [0.039398232691174595, -0.6559529600557162, -0.006319840890139261]], [[0.34169126347645906, -1.0842549231652645, -0.24357321061854975], [0.529344062747395, -1.2240164457947345, -0.017093646302431376], [0.11502086442738002, -0.5328051614424504, 0.01659366364622472]], [[0.3326281732484373, -1.00500315274184, -0.6932704548172837], [0.38195695818760145, -0.9833899443646414, -0.67760111532024]], [[0.5765711556241755, -1.0852178664970038, -0.7352542215287696], [0.5053201710530417, -1.0292519977168424, -0.5667381248862203]], [[0.4933811422069373, -0.7296221927083787, 0.45284573394756766]], [[0.5139520910997873, -0.7468844680746044, 0.43690996091985407]], [[0.3707570613296332, -1.137820154758876, 0.2133439807234756], [0.47871999352553823, -1.1607028426778334, 0.1687774312663527], [0.27313498868616537, -0.8420303663201767, 0.1209220694625695]]]}