{"bodyId": "h0", "timestamp": 1645875864179000000, "continuousState": [[[0.04817009720291687, -0.2135997049745022, 0.7429683360651599]], [[0.4327496833297355, -0.6328419794984328, 0.6293324020368376], [0.38329154300743284, -0.7131634515340504, 0.6125690052637491], [0.3764433033030189, -0.6624491139404155, 0.5922383748936362]], [[0.5369249297568635, -0.7534048735726757, 0.609957711019145]], [[0.36873870594479863, -0.8880850657160592, 0.5359839117569578]], [[0.505225741439244, -0.7785954018449119, 0.5354468409138855], [0.586754167054557, -0.840925305960593, 0.4558313065526669], [0.04605993290702759, -0.19524393742605572, 0.7338912969694236]], [[0.3579167359909379, -1.103931774009735, 0.3683680090229693], [0.297397105163454, -1.1736382172316797, 0.31422547789497446], [0.2756138865211494, -1.0593460391675606, 0.3382391393526194]], [[0.3529309399170951, -0.7926229835881282, 0.31577192218148964], [0.566662421314325, -0.992581761769298, 0.32038463754355684], [0.0001407136552170618, -0.13320143028393938, 0.6077636339394512]], [[0.2595731925390651, -1.1530752925042422, 0.14405824665413114], [0.22402191916865333, -1.1920102599469167, 0.10847388593571794], [0.2510856183098751, -1.1243563080521295, 0.08725662360994146]], [[0.442099167096915, -0.2644088974496537, 0.03600982910724726]], [[0.28554524903589174, -1.138005828012775, 0.18100295751656992], [0.3891274646950367, -1.2173796919622564, 0.1774136953263572], [0.2559292944466254, -0.9517302437715528, 0.04405072330121662]], [[0.3022181439237157, -1.138733404366392, 0.1944744923373134], [0.5222863926940194, -1.1186945596136804, 0.11042406923570725], [0.41080343727655455, -0.7944360538093552, 0.0020838395166322687]], [[0.2626435837960015, -1.0841436260228476, -0.3117168890518278], [0.3106764235389122, -1.1592637736441374, -0.16913073396204248], [-0.0061733187639994025, -0.6273784553992855, -0.004421560466538188]], [[0.27869191601939003, -1.1013158338401259, -0.24109464932035984], [0.4108123973923229, -1.0444086684725145, -0.3356614140203049], [0.09380240453423361, -0.49806167604413276, 0.01268062453919605]], [[0.15534516334832715, -1.0036907999238407, -0.7544047092348795], [0.21697131281378124, -1.005919918119163, -0.6416033801436822]], [[0.3578647413964777, -1.1064186337014914, -0.7141493023702298], [0.3890190432486619, -1.0970575842820773, -0.7199719511816902]], [[0.38303820472711336, -0.6991470864509427, 0.5112708892274058]], [[0.2073993194259131, -0.5416645015710575, 0.6349376043631907]], [[0.2938816964798037, -1.1383696161895833, 0.18773872492694166], [0.45570692869452806, -1.1680371257879685, 0.14391888228103222], [0.33336636586158996, -0.873083148790454, 0.023067281408924445]]]}