{"bodyId": "h0", "timestamp": 1645875867194000000, "continuousState": [[[0.3839927910883475, -0.565204018414732, 0.4932266668067098]], [[0.38774846729450774, -0.6140416056539781, 0.6406993184851977], [0.3413515793147933, -0.7037048810102862, 0.6268768228020634], [0.32149164090123883, -0.6384252655742814, 0.6162972935370535]], [[0.5041937972391943, -0.709292636719199, 0.672063215979956], [0.4920723715463555, -0.7309592153361137, 0.5910597170589209]], [[0.2798839149245804, -0.8688210248951351, 0.5610310405091646]], [[0.5409237633365266, -0.809739334658091, 0.4340482200904925], [0.4439536425413728, -0.6446755371458569, 0.41111420570867163]], [[0.24506940460832338, -1.1083793459617233, 0.4326501585164453], [0.19206048680581989, -1.1664400764209608, 0.3801430967736994], [0.17938819894342561, -1.035738450981147, 0.385815238502899]], [[0.24853754994225608, -0.9380628990094999, 0.493155350894509], [0.49561183115878704, -0.5541756782347571, 0.06410248372536942], [0.4606115493739287, -0.48549651711152486, 0.16854893785664615]], [[0.17067813939351084, -1.1215128045007405, 0.18109712578701287], [0.1440097953642947, -1.1667434431384591, 0.17136147659326273], [0.16469563705277845, -1.1475182097520134, 0.10414423487284874]], [[0.4711646800699718, -0.18813088285389057, -0.017630435552198565], [-0.019783285842847942, 0.05506520436850393, 0.48658098890754475]], [[0.29318678206381765, -1.1753743329650987, 0.21697371132673382], [0.33320965777308914, -1.238044522048856, 0.19038617129456137], [0.21457350988377777, -0.9683730280425142, 0.09350778562459494]], [[0.3481653663260611, -1.1595476516193586, 0.23931659913444414], [0.4794172208257661, -1.1307148871992359, 0.13166136802567796], [0.3487211036401645, -0.8126564739517226, 0.0714064005717503]], [[0.34674047572438804, -1.1698423248765046, -0.2751403014148919], [0.3535156850565827, -1.1935576252641338, -0.28060568250136475], [0.020538283859085293, -0.6553045691985732, 0.015143446954923201]], [[0.3931687936023519, -1.1701026963371066, -0.21483047137845324], [0.27881977069164543, -1.2223639458754572, -0.013509257906745065], [0.124471164024339, -0.5997355801547952, -0.003366445479636049]], [[0.38089292848622724, -1.2036619278345186, -0.7047033954137083], [0.41854148144816805, -1.1683797142549102, -0.6883680513049072]], [[0.46932695038599415, -1.1770701580856253, -0.5902945417832988], [0.41226425950947965, -1.021869545071986, -0.5794404557656033]], [[0.3274870338150947, -0.723727677516671, 0.5052941382139333]], [[0.3619187787329766, -0.756748281020496, 0.48607262310891813]], [[0.3206760741949394, -1.1674609922922285, 0.22814515523058898], [0.40631343929942765, -1.184379704624046, 0.16102376966011966], [0.28164730676197114, -0.8905147509971184, 0.08245709309817262]]]}