{"bodyId": "h0", "timestamp": 1645875869874000000, "continuousState": [[[0.47834421533774985, -0.5607606096297808, 0.5103245748907493]], [[0.44546426431638586, -0.7500652733581705, 0.6333815361034192], [0.43059512795653887, -0.6647786440285172, 0.5918067520225636]], [[0.5862487209875699, -0.7337690618459858, 0.5554517167283932]], [[0.342271566917136, -0.8751958440457791, 0.5448296829578164]], [[0.5885923183339457, -0.8228687079053061, 0.39126365912295946], [0.49754809326903704, -0.654069598397508, 0.3608726337425875]], [[0.2367560370815407, -1.1697240145938157, 0.3832151724163493], [0.2279791393534567, -1.0503445685049293, 0.3888928877826632]], [[0.4797903213084129, -0.4995002779170571, 0.14552336753567385]], [[0.17510074284026023, -1.2042830230991164, 0.1608348745916166], [0.17367831264056355, -1.094090889473, 0.1443969038791224]], [[-0.04870562299664649, 0.07679038124003534, 0.5107049549561027]], [[0.34800078220755387, -1.2523214803412535, 0.16820098549711737], [0.26082486567534313, -1.0000916586181354, 0.028582077220053126]], [[0.5011401910093998, -1.1474914047666043, 0.10604245865017181], [0.4020053147253284, -0.8445786367681781, 0.0028077574771163682]], [[0.3397379832422678, -1.2214612035984167, -0.3129190913746618], [-0.011997298851252003, -0.6337893606495408, 0.008038321815789784]], [[0.4722724068932235, -1.2919866777245101, 0.011028441166549774], [0.14098402611287453, -0.5426890072793198, -0.007203216649445898]], [[0.39232697168485364, -1.3411070795300997, -0.6906172568545264]], [[0.39934613601006175, -0.9055998251737338, -0.6981383645442167]], [[0.47328308714262113, -0.9519225180936626, 0.5165191090043837], [0.40134862571178476, -0.7420963432438129, 0.47931281658579994]], [[0.4199098300930865, -0.7646327212216435, 0.45285115835020195]], [[0.42457048660847685, -1.199906442553929, 0.1371217220736446], [0.33141509020033577, -0.9223351476931567, 0.015694917348584747]]]}