{"bodyId": "h0", "timestamp": 1645875871080000000, "continuousState": [[[0.4579151414548973, -0.5692788289908288, 0.4807429926022101]], [[0.45955124520712876, -0.6344810792174855, 0.6409147620260272], [0.4006883362638358, -0.6407727898787914, 0.5997669523993793]], [[0.5744439816947439, -0.6944795835490767, 0.6401820682392276]], [[0.32397423122934865, -0.8821562664447677, 0.5429135648641308]], [[0.4960105819576701, -0.6569673162436729, 0.3741990615714278]], [[0.2782021424815906, -1.1114247469213685, 0.42190179234727787], [0.21423396406031603, -1.0379664387719663, 0.38069623475669045]], [[0.31238379475439304, -0.8551662063211296, 0.37650414600372084], [0.46491742686617, -0.4868249815787917, 0.15837186663439462]], [[0.2008447758531039, -1.1439156675097246, 0.17477835782305773], [0.17585179429819653, -1.1086629611410763, 0.1262618556907673]], [[0.48811752038175527, -0.1996928839417138, -0.0163899213928429], [-0.024766780862374604, 0.06288829535617702, 0.47961068697200593]], [[0.3100467205527744, -1.1854513485557978, 0.14674113705427194], [0.2511771076767293, -0.97443193265573, 0.04755249535430406]], [[0.3893859432101784, -1.1783956197085108, 0.15532848237999164], [0.3891416862339767, -0.8239669013987881, 0.0379735149606919]], [[0.32874938060163683, -1.2295547228267911, -0.31651550680434304], [0.0013288995460740693, -0.6506582936817513, -0.018162064325680127]], [[0.3626307445853212, -1.2549903935838929, -0.22319711420563793], [0.17033394322184692, -0.5106586309941953, -0.0021298831840580457]], [[0.3822881297846923, -1.3611102963091506, -0.7331514878110708]], [[0.32341480649665877, -1.0307410943510007, -0.6124822326565342]], [[0.38110219770579334, -0.7265218140471752, 0.4829721028456876]], [[0.4099924065935094, -0.7695617913442203, 0.4585563132177793]], [[0.3497163318814764, -1.1819234841321542, 0.1510348097171318], [0.320159396955353, -0.899199417027259, 0.04276300515749798]]]}