{"bodyId": "h0", "timestamp": 1645875883073000000, "continuousState": [[[0.505432783093164, -0.5146303383744042, 0.5052527650413542]], [[0.5235232989135877, -0.5794827380558298, 0.6385355980922893], [0.4809637727738929, -0.7053279148768619, 0.6377740518627584], [0.46518991066383963, -0.612273070552879, 0.6001420339974358]], [[0.6319745292353984, -0.6701108049138511, 0.6249591019214049], [0.6045341496936244, -0.7174064876445687, 0.5597480695912467]], [[0.34021074945248586, -0.8315298156576124, 0.5218359720192522]], [[0.5865192333149137, -0.813769559856375, 0.41436065747519346], [0.5159939543737176, -0.6344983525506395, 0.377269513463112]], [[0.2092086762828338, -1.005161074112232, 0.4322644009406249], [0.17856649692882964, -1.0675550030926477, 0.3803431121659928], [0.1617920953360924, -0.9518639511328392, 0.3996217912384772]], [[0.2924398678645376, -0.9538387690170298, 0.45212733561498175], [0.56821651924529, -0.7806897498070038, 0.14314295696939316], [0.4782150171214341, -0.4841255219576883, 0.15808991003141593]], [[0.15361822171449746, -1.0343175619020195, 0.19012731067971522], [0.12793053831641044, -1.0669031572391297, 0.1255433783197395], [0.15247221740748518, -1.0272909663799454, 0.1093937779873142]], [[0.5433875932321176, -0.11943356034673558, -0.06944645255070525], [-0.021899439811669197, 0.061746792672427664, 0.4882302623866248]], [[0.29458424312463494, -1.1068576681860467, 0.22360945747384364], [0.3163485081887368, -1.196730456843077, 0.20064949467861992], [0.22647201880399104, -0.9119734706072729, 0.07647639924881733]], [[0.4460834897472594, -1.11635507723663, 0.23544540651411872], [0.5066001527459902, -1.1393459657586387, 0.12704499085206833], [0.422508373315885, -0.8142844649056207, 0.04751657653934194]], [[0.2608616195690263, -1.0513315035630495, -0.254979201625827], [0.3153411521122551, -1.1899177967832646, 0.06521553525772417], [-0.001496568024053735, -0.5846394109352689, -0.000829511520928472]], [[0.3401293097308574, -1.0816406285520197, -0.19584670528964043], [0.5201509792878136, -1.1311285188497362, 0.07804786171683697], [0.3676311731112001, -0.4711302509007783, 0.025285291077130956]], [[0.24030213443633097, -1.0127442628781005, -0.7736715922161066], [0.2599075218991669, -1.015125528629158, -0.677562910810338]], [[0.284804287077151, -1.0852897887438249, -0.5547059562211054], [0.4212876947170092, -0.9547366969143241, -0.6321213320406369]], [[0.3891715781276648, -0.6952432598375509, 0.4768682294322991]], [[0.42810235191310175, -0.7330140841041259, 0.4495527427411821]], [[0.3703338664359472, -1.1116063727113383, 0.22952743199398118], [0.4114743304673635, -1.1680382113008578, 0.16384724276534413], [0.324490196059938, -0.8631289677564468, 0.06199648789407963]]]}