{"bodyId": "h0", "timestamp": 1643047863863000000, "continuousState": [[[-0.27517622169472034, -1.2496422551985, 0.6490174698301459]], [], [[-0.4021138205127659, -1.2629333297731447, 0.6975740088921488]], [[-0.49383461936665635, -1.1618133826118557, 0.5686784862065839]], [[-0.47901731822015514, -1.3933616776261295, 0.5649908953234345]], [], [[-0.4852542178225435, -1.5359995514863432, 0.3206978745672766]], [], [[-0.2594650827490652, -1.4593675915821698, 0.30553212616151537]], [[-0.49742852369909807, -1.5026064814208118, 0.23301887799264098]], [[-0.400772727504741, -1.4961151125031302, 0.15299799247007329]], [[-0.3478285178038808, -1.3893619823935104, -0.1843740471071489]], [[-0.13508951907746325, -1.4955933886049337, -0.2880744374708293]], [[-0.2894659791895078, -1.39048098290101, -0.7003888989789425]], [[-0.25639828409926857, -1.3508386029268973, -0.4349985558503695]], [[-0.4900938691837774, -1.274972317183291, 0.5696999143447563]], [[-0.4864259687934057, -1.2775875301189927, 0.5668346907650093]], [[-0.44910062560191955, -1.4993607969619709, 0.19300843523135713]]]}