{"bodyId": "h0", "timestamp": 1643047898301000000, "continuousState": [[[-0.27632549131070655, -1.2407562483580061, 0.6213941093365543], [-0.274329893307911, -1.2292202929545326, 0.6454365781195242]], [[-0.21086423810875488, -1.145439437426092, 0.658679521790837]], [[-0.4100829578734637, -1.2632460891577666, 0.6851055429520787], [-0.385330401297718, -1.2447640619940898, 0.7112310549431036], [-0.28470755524771796, -1.2337619981828571, 0.6886257847496619]], [[-0.28899988848659275, -1.2289172680285578, 0.5929995305086171], [-0.4867913215954059, -1.144593306695472, 0.5573319956118146], [-0.28266778095879275, -1.0689706236240255, 0.4654132571146583]], [[-0.49724050939938896, -1.4017378421019902, 0.510343544563266], [-0.4734711447341602, -1.3921091886299588, 0.5562572478967566], [-0.36583494541076966, -1.395717504648195, 0.5325676296384594]], [[-0.28757199275952894, -1.0720962049167588, 0.3571894413383605], [-0.2465027323449731, -0.9451324511734783, 0.2391662459466426]], [[-0.4748810122917026, -1.563132084119834, 0.3004261249207416], [-0.46742852183596373, -1.51484985358102, 0.2852439802421385], [-0.39423026078891077, -1.085153877550356, 0.4523379046749034]], [[-0.24806640110749623, -0.7841308027669647, 0.03510219796390279], [-0.21605508344103286, -0.7943770743355049, 0.029156878846805845]], [[-0.24028092138939883, -1.4590363868962621, 0.240281724715101], [-0.24581503523747794, -1.4599434176358672, 0.29170016888537353], [-0.195235119284202, -1.140653985921407, 0.39079663088350713]], [[-0.19886615327054719, -1.34486999772968, 0.0677786054418068], [-0.502581361098989, -1.5003577512188475, 0.218977983850408], [-0.31118263469319163, -1.0730553577766782, 0.12965961823397432]], [[-0.3106333288201957, -1.4718129794656947, 0.027742847299673246], [-0.40029032390108144, -1.505132232967197, 0.14494655497446307], [-0.35450450980290926, -1.2554859077096394, 0.0817886686278293]], [[-0.18704297311964957, -1.4705190215117436, -0.13699594645619628], [-0.35388629042361885, -1.3751129586056745, -0.20492379745342748], [-0.24841130797445077, -1.245764228909633, -0.375861236983395]], [[-0.12209641870314125, -1.5192008095515406, -0.31498449287679287], [-0.13890601660709057, -1.5017710079509738, -0.29970443883079545], [-0.23674417893236221, -1.2266894694024704, -0.2841141773590936]], [[-0.16934130474908216, -1.5483257705792357, -0.30390573888728456], [-0.30275056825610336, -1.397216078156247, -0.6791677415054342], [-0.29378144696149655, -1.272706309140091, -0.7583588572686825]], [[-0.2781700458565156, -1.3658114082198396, -0.7680313867634652], [-0.259478988264519, -1.3551492007321242, -0.43970821336354327], [-0.2642751719017795, -1.1970733361726629, -0.5259662622278911]], [[-0.4179092632704292, -1.2763521267481575, 0.5264971343557614], [-0.49384546716249167, -1.292331633799948, 0.5693756762568281], [-0.3419090733692882, -1.184419086516028, 0.5080905227901593]], [[-0.3931201989429909, -1.315327555065274, 0.5516715375359416], [-0.480131233164783, -1.2683512476627155, 0.5567946217542856], [-0.3242513631847812, -1.2323440641361103, 0.49899044337655885]], [[-0.2547497410453714, -1.4083414885976873, 0.047760726370740025], [-0.4514358425000352, -1.5027449920930223, 0.18196226941243554], [-0.33284357224805045, -1.164270632743159, 0.1057241434309018]]]}