{"bodyId": "h0", "timestamp": 1643048065600000000, "continuousState": [[[-0.03501430610408951, -0.8610464800006321, 0.676324679285458], [-0.05247079520724074, -0.8887321595496525, 0.7292765441280895]], [[-0.21546363806291724, -0.843164368793794, 0.7336716346384011], [-0.06872295703509745, -0.8204095580684189, 0.7103472077944517]], [[-0.1120146311106778, -0.9534414313101949, 0.7524591956644517], [-0.11066395964681452, -0.9053926040648481, 0.7457382565520954]], [[-0.31471350695942135, -0.9667486343596985, 0.5768496661778604], [-0.31937210306582287, -0.8027726755642541, 0.48822268633506316], [-0.23841451712330441, -0.8854573735134464, 0.532552360292743]], [[-0.03319057700323147, -1.0491165459956917, 0.6031680905535317], [-0.019192413826650268, -0.9919335348573144, 0.5644164971837307], [-0.03630048841120437, -0.833674946699521, 0.6376534991653858]], [[-0.30120134701513535, -0.9252176818705784, 0.32076266824801647], [-0.19586734521858218, -0.7662552211911601, 0.28439297643393624]], [[0.0843632302307935, -1.1619962619787716, 0.3314410033491617], [0.08675689708677548, -1.1209168142773536, 0.33085257448734784], [0.01901363980317905, -0.8649756034799067, 0.44680226124008704]], [[-0.1295267699501188, -0.650320456377026, 0.059653803912667724]], [[0.23611180657456227, -1.1669581708379444, 0.14172075702672227], [0.20084124009126714, -1.1683091772303402, 0.19626864963054458], [0.2721977508593607, -1.053051047839964, 0.13414064989533858]], [[-0.16852875447667254, -1.152336385914216, 0.10754105474367703], [-0.23258295364931192, -1.0804134440735935, 0.09135668221160764], [-0.2162964945475968, -0.8041261984530919, 0.13023408408957238]], [[0.01352927492116629, -1.1856030275502802, 0.18463353504363544], [-0.05592267975620657, -1.1501770131221822, 0.14558654280229155], [-0.05098565955320722, -0.7662410960760517, 0.15167081498416224]], [[-0.151452534434116, -1.08835202743025, -0.3073655344370929], [-0.15897275952892542, -1.111177294147514, -0.24763546370001444], [-0.3190753017307929, -0.5273496471783142, 0.014931811941625184]], [[0.015373903924910837, -1.0851240897373264, -0.29143064884013725], [-0.005365463122181335, -1.0980219954283195, -0.25988246219252664], [-0.175837510793587, -0.5261422026020479, -0.0015716088937706152]], [[-0.07924647094615034, -1.1123573376032876, -0.7351415136602963], [-0.07667123265669806, -1.1031110543882052, -0.6865765230942804]], [[0.001140757496171263, -1.0710837332050012, -0.7568696946406439], [-0.018754357567465574, -1.13493907667764, -0.6152575151367818]], [[-0.17301077618733518, -1.0300150013587268, 0.5928867563867299], [-0.22811488123042034, -0.9881050347917817, 0.5785685167237999], [-0.13159714052905103, -0.8765912832814374, 0.5702758639256704]], [[-0.1739520419813264, -1.007932590177695, 0.590008878365696], [-0.16928225844623657, -0.8973531052107843, 0.5263195917593969], [-0.1373575027672544, -0.8595661601064837, 0.5851029297290644]], [[-0.07749973977775312, -1.168969706732248, 0.14608729489365624], [-0.14425281670275925, -1.1152952285978879, 0.1184716125069496], [-0.133641077050402, -0.7851836472645718, 0.1409524495368673]]]}