{"bodyId": "h0", "timestamp": 1643048125096000000, "continuousState": [[[-0.0453389467981985, -1.1506764805662364, 0.6436723629895917]], [], [[-0.18883150493819612, -1.1547128675409906, 0.7213251741682913], [-0.0890678799152792, -1.1327717367041987, 0.7147300263976997]], [[-0.29647854644819616, -1.0722929577028668, 0.566514243156615], [-0.07992145015551133, -0.9746566864789113, 0.4875328990575374]], [[-0.24301756482262327, -1.285094066535425, 0.5805391059322249], [-0.16464012863075994, -1.2889488962766023, 0.539814440628434]], [[-0.34118742571048677, -1.1569301954660125, 0.41640855600936555], [-0.09791778594341516, -0.8020449585325319, 0.27009508292583706]], [[-0.27838700298624686, -1.4546958948791684, 0.3673464257313206], [-0.21467457775284715, -1.2697676265358053, 0.3683393604142371]], [[-0.08451179933097874, -0.6488644661714826, 0.046704135973456684]], [[-0.04808360036032722, -1.4984333977355926, 0.29904468704735776]], [[-0.2601886424217451, -1.3568826562102985, 0.1666917007678279], [-0.06571698248669611, -1.0671354552508638, 0.03649166506921464]], [[-0.17048034833546843, -1.4062355042766879, 0.15035623120347386], [-0.15865806285210993, -1.201216591588277, 0.09289189366780559]], [[-0.08363428042248677, -1.2628460018906582, -0.30628093220051356], [-0.1686158988949018, -0.8586341872992342, -0.06425190348356569]], [[0.11312740659131748, -1.4722624544141838, -0.2452332397268857], [-0.08644332188838377, -0.8301736847302087, 0.2817385705740918]], [[-0.07246459368533631, -1.324982357420349, -0.6703854263462663]], [[0.007705174450555852, -1.2912832780271224, -0.4645246932077607]], [[-0.28497054404534616, -1.22377807844098, 0.5932166093225391], [-0.16449353489220842, -1.0274328220080533, 0.561001430885643]], [[-0.2697480556354097, -1.1786935121191457, 0.57352667454442], [-0.12228078939313564, -1.1318027913777569, 0.5136736698429857]], [[-0.21533449537860677, -1.3815590802434932, 0.15852396598565088], [-0.11218752266940302, -1.1341760234195704, 0.06469177936851012]]]}