{"bodyId": "h0", "timestamp": 1643048177356000000, "continuousState": [[[-0.06807638923693449, -0.6883311147240831, 0.48994644008087196]], [[-0.17926101498169433, -0.9813465777382242, 0.6807981853795049], [-0.054645702692676434, -1.0051372918664172, 0.6428926666356444]], [[-0.03509111109678936, -1.0841586228845734, 0.6878002982417337], [-0.058513595932710216, -1.0777333023078752, 0.702057740515128]], [[-0.09799021217950937, -1.133194633938098, 0.5524086644142474], [-0.2560366778884894, -1.089910400704594, 0.5501009437780826], [-0.07746538405255654, -0.9708462536156097, 0.4512590573957205]], [[-0.19111980435774645, -1.3428013607377303, 0.5811030564941879], [-0.20734209695689043, -1.333147286233383, 0.6112668629547795], [-0.08897213239945834, -1.3015207933261432, 0.5692798688125205]], [[-0.053912334379260074, -1.3124654886260374, 0.49211120285087806], [-0.18375031861059454, -0.8603150863121525, 0.19416848701721778], [-0.06533989416972896, -0.8958331862181602, 0.20717919684638675]], [[-0.2255584356809447, -1.4922508412181934, 0.30619750863799533], [-0.2283235866712946, -1.4841544606393058, 0.38560998643326494], [-0.17432056018379827, -1.2689903637461493, 0.36360727139095395]], [[-0.03350423580388967, -0.9827470931591205, 0.2886371000582604], [-0.09171893007049547, -0.6383670040350973, 0.05727061176502579]], [[-0.16492734131436154, -1.6195968840532005, 0.08463210057581727], [-0.15227550408387602, -1.5988172446106312, 0.16841067274906374]], [[0.022810338246880002, -1.3132668599639783, 0.049055116128253085], [-0.2851258131974739, -1.3916724822521072, 0.25239218313258727], [-0.1373720964149695, -0.9655324386946781, 0.19161035115806213]], [[-0.061277459545148405, -1.445412365380777, 0.06829774766668306], [-0.23561479070493285, -1.4946888611556493, 0.26829293487807915], [-0.15458625138122484, -1.1917515674009265, 0.16780326128921152]], [[0.038029035519053844, -1.4758581350539393, -0.06483523817175718], [-0.093591339927938, -1.298933098702868, -0.2774729240006659], [-0.05106706280025142, -1.0750054185650049, 0.04391340451301673]], [[0.11974011765296644, -1.5306682143560606, -0.26920311363047844], [-0.0806489146713465, -1.663286390729624, 0.022638048860203153], [-0.047914902275074, -1.1216284012675493, -0.02961455609252317]], [[-0.03353014042289293, -1.4344692311322587, -0.4285048389719275], [-0.06838592558867829, -1.3200076765140054, -0.6798151571558431], [-0.20116018204245012, -0.8484840352612785, 0.0026418144599804627]], [[-0.013257311408033212, -1.316939173692183, -0.44793936266489776], [-0.24558306564998644, -0.7911513520837512, -0.013074715152079586]], [[-0.13689279583668335, -1.2647080342750594, 0.5827765494828712], [-0.24721373513823486, -1.2436032736049454, 0.5913736803505518], [-0.09396688090182126, -1.0776105941894343, 0.5291712194902378]], [[-0.1445550082686279, -1.237997997337914, 0.5667558604542177], [-0.2316893874226899, -1.2115288434689886, 0.580683903366431], [-0.08321875822600744, -1.1361835234708764, 0.5102694631041205]], [[-0.0192335606491342, -1.3793396126723776, 0.05867643189746807], [-0.26037030195120336, -1.4431806717038782, 0.2603425590053332], [-0.14597917389809717, -1.0786420030478023, 0.17970680622363683]]]}