{"bodyId": "h0", "timestamp": 1643048209583000000, "continuousState": [[[0.28735607158776927, -0.9275953037087294, 0.5880978626424571]], [[0.11315294748807048, -0.8959030087383049, 0.6743146076435957], [0.23739355696847753, -0.885842191271143, 0.618949014869356]], [[0.2220656770942176, -1.0389954040550715, 0.6846957935859828], [0.22335312100809057, -0.9878146963026917, 0.7029095293382241]], [[-0.011263712383908941, -1.0434713588590512, 0.5532003793733318], [0.006710210137334638, -0.9324255694504369, 0.4916125003487031], [0.07399389432084402, -0.9184063069626728, 0.47430550622723366]], [[0.26605648872219834, -1.2074465768308957, 0.5803519551674439], [0.29816872095276525, -1.091203807089156, 0.546416722305179], [0.2052675855538164, -0.9438492653504114, 0.5740044421771449]], [[-0.06045558588465261, -0.7648175139961353, 0.231951346849826], [0.02951400012853922, -0.8042733780495808, 0.24062467758131023]], [[0.40777158221415716, -1.2682261901137748, 0.2850824116930515], [0.3972670391071629, -1.257068441450194, 0.3060182660642672], [0.3868801150153989, -1.0452029943818357, 0.31672090654597596]], [[-0.11074385847532586, -0.6733479321685887, 0.05917341646588614], [-0.0937198668938437, -0.6345506677351138, 0.0688868346439937]], [[0.5809860248150056, -1.1265733397225428, 0.17755155872435058], [0.4027370814488118, -1.2261630900661347, 0.37441024237795806], [0.60605090336067, -1.0384741724763236, 0.12081426546472662]], [[0.07332005786044477, -1.314345967562806, 0.10957259335184988], [0.07932943418774085, -1.2250588942330898, 0.0673699161651593], [0.03504217225384387, -0.9459844916823666, 0.20748850645153571]], [[0.25372722013344884, -1.4137426873403844, 0.16555262705664808], [0.20667534724825876, -1.3629914515178752, 0.16465484652603313], [0.08959251508197807, -0.8252261279708388, 0.3092324229878246]], [[0.2816825933042378, -1.4153189485199433, 0.013348004024517968], [0.2558473882515202, -1.2529533500719956, -0.3303400554994429], [-0.06526600106243796, -0.6591557822010894, 0.11931023641606331]], [[0.29205097269342567, -1.3543200145979435, -0.2887819249579473], [0.25378477594405635, -1.3440643111086588, -0.23092931455798338], [0.05898577334314781, -0.7405272153410939, 0.051054561038658575]], [[0.39473812320768586, -1.3701058678714217, -0.6010728287402967], [0.3808803609568443, -1.387781289517789, -0.5074647857002614], [-0.12191724309058594, -0.5770586088563169, 0.027197086409958215]], [[0.2809717359927695, -1.3562248731607391, -0.7563160470832767], [0.2731752978291473, -1.3405275940651549, -0.6734088336328599]], [[0.15378853811871518, -1.1597640100561435, 0.577205671175081], [0.15224324602840933, -1.0160179834064575, 0.5242456613285555], [0.15864638249855578, -0.9533566536845195, 0.5027265142540798]], [[0.1273963881691447, -1.1254589678449736, 0.5667761672703878], [0.15243946554504995, -1.0118146882697965, 0.519014611326941], [0.13963073993733022, -0.9311277861565421, 0.5241549742021893]], [[0.1635236389969468, -1.3640443274515952, 0.13756261020424898], [0.1430023907179998, -1.2940251728754824, 0.11601238134559622], [0.062317343667910974, -0.8856053098266028, 0.25836046471968016]]]}