{"bodyId": "h0", "timestamp": 1643048261642000000, "continuousState": [[[0.1523292710986779, -0.8517014167925541, 0.5757726017535337]], [[0.016287957582234946, -1.008818050513677, 0.6950543471366897], [0.014290923838117697, -0.9408987752031868, 0.6471717027491435], [0.09956705829840329, -0.9429211777209809, 0.6259576730091954]], [[0.15661999649631086, -0.9626595061947203, 0.69483126525882]], [[-0.01687068210910081, -1.0965000387670536, 0.5403529830869365], [0.0020395561547529306, -0.9400273156380121, 0.45325920183527635], [0.037274469753826756, -0.9484053173662028, 0.46729261069519035]], [[0.2904779994216818, -1.1451318046110228, 0.5750787057447653], [0.2580863798528059, -1.1180369380943633, 0.600641031618147], [0.22896525665712086, -0.864545370542227, 0.6134126441520842]], [[0.05093157400496984, -1.1766603100253161, 0.3913550649356501], [-0.08844718555136932, -0.8109925030555958, 0.2243024194370351], [-0.10556262606450029, -0.7056648893182386, 0.3310743117364878]], [[0.5093977230674788, -1.1606556939258323, 0.3504383951295533], [0.4872297384304274, -1.148558802854447, 0.3734831312107538], [0.5301484423526559, -1.039245113979188, 0.3075053120199098]], [[-0.11819064236781751, -0.687638199484693, 0.06985957913300345], [-0.09249101409421812, -0.6474361969990918, 0.05935440241890566]], [[0.67897203537433, -1.130131656271057, 0.17089025751737963], [0.665184990841972, -1.0984355408577837, 0.17648891676998413], [0.0826714081633535, -0.39736164853651657, 0.5800664604324357]], [[0.11228979255043336, -1.324636704297014, 0.09106038446452347], [0.07401274407270697, -1.2954770909928537, 0.16046888143747218], [-0.11031739205059887, -0.5846938425720521, 0.3480758709963754]], [[0.29607071472203916, -1.3952089871598965, 0.1662057618727022], [0.2497098550538861, -1.3776382996692802, 0.19780024987827272], [-0.05462905255548045, -0.5129785276792507, 0.45797116505479996]], [[0.2822221499598911, -1.41712891387302, -0.034417399516177616], [0.1581349639286107, -1.1815595960646648, -0.1955450467844595]], [[0.2982708983881428, -1.3966202665012142, -0.19260800824610702], [0.25056338542013457, -1.3594851579793723, -0.17486656530854283]], [[0.396445367965775, -1.3637301485179072, -0.6256835512455431], [0.37831367687675543, -1.399648990178596, -0.4940675733484372]], [[0.279557485504411, -1.3582080942879784, -0.737638039092617], [0.2755748035802781, -1.3492062630994601, -0.6658142809297001]], [[0.14011345693880495, -1.092441459351831, 0.5406660520205422], [0.13135359056745333, -1.0320491351110905, 0.5359167512066032], [0.13552403345889275, -0.9081879810570622, 0.5400165319168178]], [[0.1368036586562905, -1.1208159216890383, 0.5577158444158509], [0.13006296800377942, -1.0290321268661877, 0.5269501167267117], [0.1331198632054738, -0.9064753439542149, 0.5403526274236372]], [[0.20418025363623626, -1.3599228457284553, 0.12863307316861283], [0.16186129956329653, -1.336557695331067, 0.17913456565787245], [-0.08247322230303966, -0.5488361851256514, 0.40302351802558767]]]}