{"bodyId": "h0", "timestamp": 1643047116679000000, "continuousState": [[[0.30775047501681213, -1.2822653287719765, 0.6394744054144204]], [[0.34485385917444056, -1.1497832388523195, 0.6452895071629035]], [[0.18051929980928108, -1.3141141548964341, 0.7247655441061964], [0.16629165000582935, -1.2734270930371894, 0.7653269883830596], [0.2580119062972568, -1.2143631425324775, 0.6972443768741488]], [[0.1991505724221609, -1.3054709201295411, 0.6215900116491153], [0.07198019390144172, -1.1250295350542847, 0.584147261746929], [0.23684785683170972, -1.060904425869689, 0.4888258799101357]], [[0.0814906515522133, -1.4619497570347473, 0.5912856670771292], [0.07174822155945182, -1.4131664722846742, 0.6251696074972997], [0.15339322324264715, -1.3642940585220724, 0.5497428648974398]], [[0.22529326627104468, -1.3952070802879595, 0.5160636399523428], [0.23238413218877696, -0.8500476214605428, 0.11783704341313928], [0.28317587119475185, -0.9306138127081124, 0.22188984512671261]], [[0.06647568483656263, -1.6191682700666177, 0.3461744824362156], [0.028167385354771257, -1.5679827741986272, 0.4120382154818498], [0.12004946569035879, -1.4582759704236052, 0.3197730558270553]], [[0.31333588148600044, -1.3120504958382677, 0.46425276853694064], [0.2561387874434884, -0.7140988610670411, 0.03573025774643335], [0.2495647361651756, -0.7253985073249885, 0.06007067212300243]], [[0.28282078268092814, -1.5671393491396883, 0.24439968463019102], [0.2817141221894852, -1.556667942000407, 0.3143954870252883], [0.12398700495948889, -1.2061751879418925, 0.3999269869821167]], [[0.2919758671568316, -1.5764826084049401, 0.20056824360649705], [0.08294861281470967, -1.350405197666281, 0.06623691883069305], [0.2248980963781979, -1.1833810483807006, 0.024723637256576003]], [[0.1886357314303021, -1.5840210065088112, 0.11838188025867225], [0.11295266274477123, -1.5235310067924936, 0.15436131831458288], [0.17215948978851414, -1.3626022641234992, 0.01662639175179792]], [[0.29392740374929666, -1.5866838112369568, -0.16512976902639576], [0.16530710218683975, -1.3939392885436108, -0.20086881951486535], [0.25146375032835966, -1.2540556147243302, -0.35469017007780757]], [[0.2647204739451352, -1.6055102705843465, -0.2640179151385036], [0.25245948944136565, -1.5651181348452836, -0.2567118406886295], [0.2067861846390997, -1.2970662918172267, -0.17818502829840743]], [[0.2782762245780363, -1.6095917219042242, -0.4462426967207668], [0.20344188501799865, -1.4530844926552522, -0.6463123432395199], [-0.1691613443179396, -0.6536551410079517, 0.004065767902490025]], [[0.18053929503266308, -1.5888814028863087, -0.7383790450557031], [0.19647342335301188, -1.5920692490090809, -0.6523727452412034], [-0.08087943140099019, -0.8736236896382297, -0.028288619547738092]], [[0.138763295665522, -1.3727883235507152, 0.5981246951958847], [0.06434614526137394, -1.2810620355100135, 0.609718259786471], [0.21364345386557004, -1.2336318560081094, 0.5054196732110525]], [[0.1403206119871871, -1.3837103385821443, 0.6064378393631222], [0.07186420773044677, -1.2690980036694794, 0.6046584346221143], [0.19512054003717844, -1.2125992421958807, 0.5192843724037878]], [[0.24030579929356685, -1.5802518074568757, 0.15947506193258465], [0.09795063777974045, -1.4369681022293874, 0.11029911857263797], [0.19852879308335603, -1.2729916562521, 0.02067501450418696]]]}