{"bodyId": "h0", "timestamp": 1643047133697000000, "continuousState": [[[0.3072780360962769, -1.287784359179179, 0.6486927741900026]], [], [[0.17542935521346711, -1.3047427756261734, 0.7399076888076996], [0.1739283295187919, -1.2567397812170609, 0.7632063216279281], [0.28713777660625617, -1.2720703078369557, 0.6768413830129458]], [[0.2058201322772517, -1.310071819630712, 0.6204540454042518], [0.07730126825508477, -1.1203273307883592, 0.5676254033745574], [0.2314264364368438, -1.0540843519575174, 0.48506368143116907]], [[0.08212846442131355, -1.4643192734390362, 0.5930803460107053], [0.06397021140796733, -1.4352824995327413, 0.6376130819653578], [0.17691080372721368, -1.4046973194829881, 0.5404112787258462]], [[0.2625750925054318, -1.3637597013453608, 0.4922670499832891], [0.2309887281104397, -0.8396695091659938, 0.11255660778661136], [0.28049215421825924, -0.9270455232863937, 0.22427245257336148]], [[0.04415598430268608, -1.6180479993527543, 0.3426011828136064], [0.04382291173651609, -1.5768428266848258, 0.4043332656429459], [0.13014266933760799, -1.4766468099768484, 0.31930769103490886]], [[0.295434173734233, -1.0343377809585674, 0.2452363188591895], [0.2571680188822105, -0.7127878985521647, 0.03460380808570074], [0.25737579796951104, -0.7341513415820873, 0.051438638906050826]], [[0.258377621685821, -1.587979133657318, 0.230630247705353], [0.26336392342958037, -1.552197171527086, 0.3036624782960837], [0.13194037899620747, -1.179896149880805, 0.37342872467010335]], [[0.2935639619699744, -1.5878144318053335, 0.21492349186895265], [0.07748820744653595, -1.3650645718223464, 0.07957274084012567], [0.2310648123301695, -1.1919530717895088, 0.027814753934293668]], [[0.19765324054944788, -1.5950097208058263, 0.12745587312373963], [0.1403044702887417, -1.5242106622584177, 0.1411106825774615], [0.16794701216604224, -1.3376282908836665, 0.040028686364198984]], [[0.30267489561244465, -1.6001851273644454, -0.14976557501481058], [0.1611130824734075, -1.397800482745944, -0.1951307123670687], [0.23649253381376956, -1.2309880583105803, -0.3332905455815782]], [[0.2664813758553122, -1.6063746230087832, -0.2740893192657856], [0.2542473872443862, -1.5721351934759862, -0.25111077650540725], [0.21653449834892768, -1.330311007775606, -0.21093560841515124]], [[0.27935075136765486, -1.6177740193553893, -0.43011720721289837], [0.19676010517375397, -1.4466578857227452, -0.6358945795484492]], [[0.18066428249412936, -1.5857670856354866, -0.7612280581332483], [0.18594226308254402, -1.5996011771431382, -0.6345361378252289], [-0.08948896995939104, -0.8474538104100414, -0.0246925613410518]], [[0.14084970368064473, -1.3783413199727224, 0.5963388724699701], [0.06885363025634506, -1.2845571482235771, 0.6097408077336277], [0.21604378129645152, -1.2376492298656467, 0.5035852054439414]], [[0.14397429834928263, -1.387195546534874, 0.6067671957074785], [0.07063573983152605, -1.2778049151605502, 0.6026192426699576], [0.20416862008202874, -1.2293908357202528, 0.5127374800785076]], [[0.24560860125971115, -1.59141207630558, 0.17118968249634614], [0.10889633886763883, -1.444637617040382, 0.11034171170879359], [0.19950591224810588, -1.2647906813365877, 0.033921720149246326]]]}