{"bodyId": "h0", "timestamp": 1643047156276000000, "continuousState": [[[-0.11197664669209673, -1.1730351729234187, 0.6584008105822388], [-0.10512465597887688, -1.1366386586871653, 0.6767419565851249]], [[-0.009443544216079014, -1.1075891313953992, 0.7447157866147556]], [[-0.18070446938248674, -1.0207272006531922, 0.7421513113244527]], [[0.055384637156012356, -0.9564977633940139, 0.5516179887309645], [-0.0560382351129316, -1.117379329016907, 0.6266563061939809]], [[-0.2964123662335013, -1.0362677515934449, 0.566608960559768], [-0.3231398334586243, -1.029495364547349, 0.5730611589482029]], [[0.14231975489763665, -0.9133924056309248, 0.33012866925385875], [0.03645662814512152, -1.076339495340839, 0.36211857672839254]], [[-0.38460580496355345, -1.0854702902956912, 0.33727509054183424], [-0.4070131556676103, -1.0468576488354953, 0.31934039244355716]], [[0.2661701652875287, -0.7819157183398948, 0.05062697485872403], [-0.03758365464899305, -1.1360139433563354, 0.3594861056510794]], [[-0.29867229506442095, -1.2030781899084357, 0.2803954516515985], [-0.27558577146520236, -1.2190898654536824, 0.3148573495163234]], [[0.0014466244154606733, -1.1301809332720916, 0.08026063560933228], [-0.1130501735710272, -1.2291335870084679, 0.1899377281393657]], [[-0.20638144716505807, -1.2022309204740798, 0.11533434102728335], [-0.27535308016943016, -1.1656751470869002, 0.15421401922223832]], [[0.03755284580785173, -1.107441496600427, -0.35248483866847424], [0.007640119105166043, -1.1088527311111762, -0.30077179858413605]], [[-0.22540289956349874, -1.1367605737929165, -0.3635927221566746], [-0.26598179157027224, -1.1572383700775637, -0.2584719659298056]], [[0.10944082229648677, -1.1089124573918494, -0.7643162792028113], [0.08257364740673534, -1.1131611305425744, -0.6667957169475665]], [[-0.2315742960339825, -1.0725224484928972, -0.7668030271086039], [-0.22850415414154512, -1.093711007017281, -0.7046673726240498]], [[-0.07169401628816591, -1.1534844657180487, 0.6521942061652459], [-0.17604948385555896, -1.0587852788567162, 0.5892971815463608]], [[-0.12051386453874448, -0.9963827574937294, 0.5591134746453662], [-0.18958903428577795, -1.073437346782128, 0.5998587325710919]], [[-0.1024674113747987, -1.1662059268730856, 0.09779748831830781], [-0.19420162687022868, -1.197404367047684, 0.17207587368080202]]]}