{"bodyId": "h0", "timestamp": 1643047208804000000, "continuousState": [[[-0.14981109500864098, -1.1956542608154759, 0.6421473914473383], [-0.14859808465027113, -1.1621130017579555, 0.6569892262697543]], [[-0.04240641276902468, -1.1213390736468583, 0.7208234491170382]], [[-0.06399020042117887, -1.098434583802348, 0.6963380260485602]], [[0.03967634471409459, -0.9368423137164623, 0.5303891864285268], [-0.07120095908054225, -1.1384984084191707, 0.639301340983004], [0.12290997876773024, -0.9146031063959494, 0.5195501121237837]], [[-0.25048888962651483, -1.1633986270191081, 0.6328527035305658], [-0.2967777271211922, -0.9906570983504852, 0.560300583628436], [-0.2140060930363793, -0.973877072950267, 0.5745336809945891]], [[0.13599825625358597, -0.9008842872766853, 0.3043240987519682], [0.020537985364729394, -1.0970310503286937, 0.3854510102973272], [0.20508246659470997, -0.8434586262950984, 0.2659181262513308]], [[-0.42466110457939354, -1.0461849645407773, 0.38105991309245146], [-0.44847822891162725, -0.9454888813337305, 0.32633924461092123], [-0.32687984768087897, -1.0553736654422938, 0.3026275851461515]], [[0.2660872013057605, -0.781819719896881, 0.050749458104833334], [-0.03842086712082715, -1.147804399941136, 0.3587293003657779], [0.25590170088758324, -0.7229064233766387, 0.050132428269524354]], [[-0.32907219372581065, -1.1652455717019872, 0.356464066935523], [-0.31796245993049477, -1.1571640662625355, 0.3587633493141733]], [[-0.01964443511004693, -1.1575496298576142, 0.11343585281360813], [-0.07125512688637925, -1.1727875470278497, 0.13349192400337695], [-0.017744482471388823, -0.9374235151474882, 0.027751702068919304]], [[-0.2387159114081378, -1.2119612172695569, 0.1294310187913068], [-0.26408588806418487, -1.121004833966821, 0.11732458457896966], [-0.24181027585621306, -0.9843238580644431, 0.09935687071350252]], [[0.040659895698261284, -1.1253554636295446, -0.3192052560119454], [0.03320642974341914, -1.1024272874740977, -0.34276610633026805], [-0.253755403465861, -0.5734070789688053, 0.004771773511895283]], [[-0.24556702732752733, -1.1119584422420088, -0.36249633389967006], [-0.26237137774775654, -1.1485765809134807, -0.3112594070826109], [-0.3258036309426867, -0.8247233517697565, -0.1444316267193798]], [[0.11781949990304258, -1.10761730991028, -0.7604435245378127], [0.0888018724152877, -1.1056121877702785, -0.6784564860630791], [-0.32515240370871235, -0.4083845900437406, -0.13985928818490434]], [[-0.22885190126319077, -1.079087318776451, -0.7569007786587816], [-0.21611976697744373, -1.0725466550477054, -0.7378726973004213], [-0.333717703937394, -0.8117255999543662, -0.45347855458827424]], [[-0.07697631738070748, -1.1558020772723139, 0.6519287333074106], [-0.17791116841733745, -1.0618798225763582, 0.5912528462750415], [-0.05705661490336811, -0.9261593775521183, 0.563686044395292]], [[-0.10540627245621012, -1.0501204703677853, 0.5816209449795463], [-0.18398934310086723, -1.064577753384828, 0.59980096230572], [-0.04554805713432453, -0.9442400896731082, 0.5470418965591863]], [[-0.12918017325909237, -1.1847554235635855, 0.12143343580245747], [-0.16767050747528206, -1.1468961904973354, 0.1254082542911733], [-0.12977737916380094, -0.9608736866059657, 0.06355428639121091]]]}