{"bodyId": "h0", "timestamp": 1643047237279000000, "continuousState": [[[0.05800244525079348, -1.1106941485998094, 0.7096658462248453]], [[0.11688857557765664, -0.9982776389141518, 0.6763368470067936]], [[-0.08797799791184518, -1.1118613047694397, 0.7409970362953948], [-0.025727426608863735, -1.0387719829368502, 0.7371934859956423]], [[0.07256176454981406, -1.0200758284843823, 0.5689607530408767], [0.11032172882111446, -0.8861293934849974, 0.526611565941352]], [[-0.29228193346229114, -1.0600263746779783, 0.5724344638239638], [-0.1739403126668213, -1.036327635159901, 0.5683059218627454]], [[0.1432636668280176, -0.9368734816773472, 0.32164127728144565], [0.21421335303262712, -0.8550386263434446, 0.25682621050078924]], [[-0.6267680800388966, -0.9573284462457858, 0.3172848212652779], [-0.40926019974331473, -1.1036364752140888, 0.4423692739819687]], [[0.2665000987575336, -0.790794476176105, 0.057767324523826824], [0.2536558683590928, -0.7299021982256978, 0.04710762222129783]], [[-0.7427056238969387, -1.1980112809439196, 0.2860052606232102], [-0.6063413962161621, -1.190867630514041, 0.3516332302818993]], [[0.0010149597720977566, -1.1258782679944856, 0.06734804894501933], [-0.03227501556156542, -0.9114434131408609, 0.05787487294506821]], [[-0.21155613803318207, -1.2063062980387544, 0.10761830153740926], [-0.22677490826906888, -1.0163395034488039, 0.07381066015532234]], [[0.04351833075164768, -1.1313288795423344, -0.32311081125321084], [-0.23909055100480758, -0.583062744583442, 0.013168828954538525]], [[-0.2221072779479044, -1.1445521503504876, -0.3421847244184377], [-0.33049456581820424, -0.772447353006562, -0.05765053651964214]], [[0.11028997275957209, -1.112213802712473, -0.7591940679799332], [-0.34889163430944503, -0.3796670172486457, -0.08701535233788149]], [[-0.2218480217654467, -1.0721080569532517, -0.7614060091535111], [-0.3298793162697171, -0.8179870401982194, -0.4521916191243809]], [[-0.1013344101495976, -1.0821691790164722, 0.5967257878275707], [-0.030145957094681486, -0.9706864679528966, 0.5468454406354639]], [[-0.10986008445623854, -1.0400511015811804, 0.5706976084324202], [-0.03180929192285342, -0.9612285143224492, 0.5474587439020486]], [[-0.10527058913054216, -1.16609228301662, 0.0874831752412143], [-0.12952496191531715, -0.9638914582948324, 0.06584276655019528]]]}