{"bodyId": "h0", "timestamp": 1643047249540000000, "continuousState": [[[0.18738746043491428, -0.9410181247791176, 0.7439657646923652]], [[0.03729698534547618, -1.0621746176572882, 0.7966729335270035], [0.0009613898211461303, -0.936996382094031, 0.7820170287531598], [0.12414378516746472, -0.9014888055530487, 0.7481217876861727]], [[0.14631027684185777, -1.0154048329136802, 0.761032459994597], [0.12591854915621492, -1.0225345510671469, 0.8040609346099028]], [[-0.0911059147547778, -0.9852949424789113, 0.5638684311753352], [-0.06377462205974527, -0.8768544371691576, 0.5277282522717359], [0.006496725193007147, -0.9306271806878202, 0.5424123063040359]], [[0.2585940078185506, -1.0798804553792514, 0.6048753964602198], [0.2554520400120839, -1.0506731209129088, 0.6150431529714571], [0.29476972743560104, -0.9480867527089356, 0.5695715426291457]], [[-0.012587863551063727, -1.0757347503900847, 0.41683380658940616], [-0.03976955348015232, -0.9308762719782808, 0.23936359544490227], [0.05213574559165424, -0.8329395502563592, 0.2726158243986774]], [[0.3346894977183785, -1.0648763276270907, 0.3375918385706642], [0.36137658549786844, -1.0987423255756146, 0.3236945756034997], [0.33412103770019086, -0.912292589529574, 0.3446042351915033]], [[0.1227730765497026, -0.7569541817044976, 0.028965183445402776]], [[0.4130748897173912, -1.084712308625037, 0.11348020857034768], [0.36919345456825536, -1.0816706336644821, 0.11767092086983855], [0.4324206371520225, -0.9710510392466103, 0.048601913658239404]], [[0.07019570467363451, -1.1479106821620297, 0.10378822752488137], [0.03656834438142709, -1.0823915622244171, 0.10571532218708812], [0.07706326522319062, -0.9075307097915757, 0.029961818382104433]], [[0.2542855002176178, -1.1640715097429046, 0.14636183615209952], [0.20916434315802823, -1.154808883489141, 0.14212799391119213], [0.20792839303236366, -0.8056707015411684, 0.10080126560893166]], [[0.10850700879687736, -1.1026276546438607, -0.33542104910865067], [0.09934842223710305, -1.1244134777037764, -0.2516467901531094], [-0.10580009279531288, -0.5582940295189394, 0.008255538602919166]], [[0.2734058644170623, -1.1314362954073238, -0.25488622929464766], [0.27650149839324745, -1.0980130483384483, -0.2994549180738284], [0.039311068613713473, -0.5406443589594594, 0.002262546871002691]], [[0.16796958391717443, -1.1501872934133908, -0.7466450041011452], [0.17075540741939643, -1.114908992224523, -0.6971739074154102]], [[0.2938994780886788, -1.1244966327172141, -0.7485416452873324], [0.27608746299758513, -1.1464965349821943, -0.6561680961458105]], [[0.09299759841137065, -1.0902061171348898, 0.6175047152789159], [0.08094202585955712, -0.9999402160292079, 0.5895487508457944], [0.1289393196918266, -0.9086780912283844, 0.5709952324849088]], [[0.08374404653188638, -1.0325876989290812, 0.5843719138177775], [0.0958387089761693, -0.9637637790410332, 0.5713857026215965], [0.1506332263143041, -0.9393569666983779, 0.5559919244665907]], [[0.16224060244562616, -1.155991095952467, 0.12507503183849045], [0.12286634376972766, -1.118600222856779, 0.12392165804914013], [0.14249582912777714, -0.856600705666372, 0.06538154199551804]]]}