{"bodyId": "h0", "timestamp": 1643047350911000000, "continuousState": [[[0.13002903940157712, -1.2767193762598121, 0.6388224588252087]], [[0.1734922723817387, -1.1450931567447218, 0.6590207243844226]], [[0.011078575416120118, -1.298137634422152, 0.7167088268087332], [0.006935622713686418, -1.2542237904828346, 0.7478008474930697], [0.0798635250293519, -1.22260652415819, 0.6782673515455881]], [[0.06063085639230592, -1.2719050968786567, 0.6103414085395942], [-0.11479395966594297, -1.1126340255772336, 0.5836854745211935], [0.08248833735698846, -1.0657324405420359, 0.4789385009084819]], [[-0.09568446030933342, -1.436068509876936, 0.5669146321284819], [-0.084947345516445, -1.3912627765488872, 0.5718362888663191], [0.006912106506982152, -1.3631645086958701, 0.5318759348859063]], [[0.08174319303164451, -0.901747416650249, 0.18603908674018332], [-0.18181930656298817, -1.3651819792253568, 0.5287573733981703], [0.08296264565666589, -0.9235164725270217, 0.2656216415334387]], [[-0.09111099268521727, -1.5743400389869433, 0.3097738263088603], [-0.13075993938607045, -1.5365380542169333, 0.3566812337703056], [-0.06325191789926643, -1.3562594353189754, 0.3435516384645212]], [[0.1251013135004333, -0.7432986234303327, 0.04085520013313482], [0.10488691984825027, -0.7448527801279851, 0.04483886496758016]], [[0.12114905540354559, -1.4883380799510229, 0.22338652780911272], [0.13237348156783146, -1.4603890818603626, 0.26913574846892674], [-0.031209037410131035, -1.062520315267364, 0.4379199381221377]], [[0.18138962872966746, -1.5077126315800777, 0.22126985781562003], [-0.17238299046245775, -1.4127673946819028, 0.2280488177101312], [0.06931536663528148, -1.1216308302593139, 0.05186473955159521]], [[0.06484631844270622, -1.47436763029754, 0.05702518398976286], [-0.0957693849415564, -1.5017468899553619, 0.2411340458451796], [-0.053806410561295426, -1.1921239519416047, 0.12838504766723835]], [[0.15014486372178154, -1.5195255668063918, -0.07354753663880631], [0.061158224533587546, -1.2920819663340932, -0.30405382982094076], [-0.10558281705316741, -0.7965318045254305, -0.009374040816206075]], [[0.2551537866395277, -1.5335942028081373, -0.2733315706885293], [0.24301447109741559, -1.4965585074599148, -0.2291178079545615], [0.10690306832242924, -1.1385138370532673, -0.10678653899928414]], [[0.08741135830269242, -1.3520659510551036, -0.7137701197570572], [0.0683542716989991, -1.353042912477301, -0.6684056147967172], [-0.2537663435333951, -0.5297477249115676, 0.007383698442148812]], [[0.14524076265032781, -1.3043042829164364, -0.44782247993579305], [-0.11553549201159408, -0.7573973510656455, -0.01232948247223109]], [[-0.021942782142359896, -1.3293902390355623, 0.5715347581205077], [-0.10813324510310451, -1.2688243335067204, 0.5916378170309864], [0.002221718200470235, -1.1288094601184473, 0.543321489486327]], [[-0.01752680195851375, -1.3539868033777962, 0.588628020334038], [-0.09987065259119399, -1.2519484010630604, 0.5777608816937563], [0.04470022193198531, -1.214448474618953, 0.5054072178971941]], [[0.12311797358618684, -1.4910401309388088, 0.13914752090269145], [-0.13407618770200708, -1.4572571423186322, 0.2345914317776554], [0.007754478036993029, -1.1568773911004593, 0.09012489360941678]]]}