{"bodyId": "h0", "timestamp": 1643047356673000000, "continuousState": [[[0.1320271455249428, -1.2888370203039528, 0.6522745120104121]], [[0.15556251654161557, -1.1160811361203966, 0.678258683048083]], [[0.003846593484353178, -1.2946381741494406, 0.7241606084854826], [0.006618710011985995, -1.2474484631881069, 0.7399478848363772], [0.07659200515260689, -1.2158410944639328, 0.6879067783703356]], [[0.05826479431469905, -1.2848444637520393, 0.6231874172442433], [-0.1209658111647468, -1.121791597123686, 0.5830493086760686], [0.04710358699330952, -1.0082092080862188, 0.5097096408280195]], [[-0.0984900334173141, -1.4300813934894223, 0.5622197662178157], [-0.08998407104536066, -1.3887703314854258, 0.5782365123298008], [-0.0007269196347620133, -1.347221673466113, 0.538998448740591]], [[0.07130508007935621, -0.8443421124901975, 0.13308739832732752], [-0.17162226111983858, -1.3066116754005141, 0.4993964850598418], [0.06669325868389353, -0.8885265354726171, 0.26429533328585864]], [[-0.07944924988650487, -1.5861969891150969, 0.3256343461932356], [-0.14000714167379535, -1.547182261913825, 0.3617128834227741], [-0.060019231289239694, -1.345122947742544, 0.3468023052089748]], [[0.12447526358836902, -0.7385471667863135, 0.03703774018294337], [0.09945165565061376, -0.7376283465343745, 0.051644821443792566]], [[0.12361702433135319, -1.496833222666296, 0.23296860902687788], [0.15009875964651176, -1.4499026224917444, 0.27012527559618627], [-0.0211828652216407, -1.053254724166733, 0.43048293880656097]], [[0.17646537530680828, -1.4995772935773746, 0.2437623880413886], [-0.10345597129411721, -1.327649794436953, 0.13144099444490154], [0.09215859048190089, -1.1601342645038435, 0.022643278783214038]], [[0.06410544119325284, -1.4991930060646161, 0.12951725551173188], [-0.09118693665606636, -1.4967400976021004, 0.23519761194346755], [-0.024672224962315692, -1.2492838396903343, 0.08890423986775198]], [[0.14963543320815587, -1.5086880643776441, -0.03577785082416307], [0.06269472396744225, -1.2904898914356144, -0.3060976975807279], [-0.11735315126842183, -0.7767833181617986, 0.00967225457953158]], [[0.25083207570154314, -1.5446792245662189, -0.25942151153287885], [0.22936729137455103, -1.5155062978927132, -0.2040563228234331], [0.10558813350130847, -1.1567851622386496, -0.1564591748772095]], [[0.08207079093772529, -1.3328445325430702, -0.7478384841522884], [0.06702783783951105, -1.354291920122523, -0.6658892353948128]], [[0.08771800333148194, -1.3433482014790663, -0.3959872273877356], [-0.12905754767150013, -0.7616650719446676, -0.01715413580801617]], [[-0.029199063030081795, -1.3413464365242913, 0.5828309661894162], [-0.12851946001892112, -1.295642028066106, 0.6044629604925873], [0.003042904568294369, -1.1166117184085795, 0.5469462851045521]], [[-0.020112619551307526, -1.357462928620731, 0.5927035917310295], [-0.10547494110505373, -1.255280964304556, 0.5806429105029347], [0.023188333679273754, -1.1777154407761659, 0.5243540447843053]], [[0.12028540825003056, -1.4993851498209954, 0.18663982177656024], [-0.09732145397509179, -1.4121949460195267, 0.18331930319418455], [0.0337431827597926, -1.204709052097089, 0.05577375932548301]]]}