{"bodyId": "h0", "timestamp": 1643047375433000000, "continuousState": [[[0.12638123141540586, -1.2373012171884499, 0.6148549013868314]], [[0.16719397090086863, -1.134563467784564, 0.6703711095567453]], [[0.008851452421020534, -1.3065352897976956, 0.7152277771822824], [0.00267639737987746, -1.2606121418822023, 0.7402976548463667], [0.060573583636240325, -1.187701666186764, 0.6991800119423386]], [[0.05496558623442627, -1.2917228028713819, 0.6264204942011655], [-0.10367986505621629, -1.0962085564686601, 0.5730118035048708], [0.06624639342373229, -1.0401050379379377, 0.48549073943394583]], [[-0.09536403840968544, -1.423784550844554, 0.5527650923117333], [-0.07609431756784713, -1.378857818126614, 0.586739691874995], [0.004496437010695797, -1.3581548425196603, 0.5341670253341535]], [[0.11450758446966272, -1.1925873578981858, 0.4228153167507471], [-0.17755600627422152, -1.323085836330047, 0.5230842718464024], [0.07293209349689134, -0.8973471731371141, 0.2656398960975559]], [[-0.09472123711545977, -1.5551405931846485, 0.28220683678630265], [-0.1277158068267661, -1.5414247580671714, 0.35898768354420896], [-0.06360760264077836, -1.3371035525372785, 0.3516222130299551]], [[0.12309909166076471, -0.7773031966403816, 0.06492713968227037], [0.11950596769035471, -0.7636269404361693, 0.026673161870346407]], [[0.12241818122759995, -1.4921710528169647, 0.22784502376961124], [0.15473069113930826, -1.4445837181998558, 0.2722578086621388], [-0.03351347432988083, -1.0587072004956952, 0.4402119969353553]], [[0.17987553198860634, -1.5004233652658112, 0.2130464918186905], [-0.11470064863050555, -1.3415519029295895, 0.14746785184476408], [0.12126953789974126, -1.19230897770585, 0.003639562044674971]], [[0.07362437882368333, -1.484247055648161, 0.08157211553534394], [-0.08142188960557939, -1.4938016246637205, 0.23574970568049491], [-0.040901330395441526, -1.2152706561181716, 0.12104924466852496]], [[0.14816390218769288, -1.5150239001719736, -0.06994170735058058], [0.0621126825027174, -1.29119908942133, -0.3056335826933221], [-0.11503553047348736, -0.780873077383349, 0.005629636952627526]], [[0.2626044787649432, -1.5397434044181166, -0.2590492385389447], [0.23625268030142177, -1.5103261204789706, -0.21280098018153093], [0.10310362276185292, -1.1671410366556323, -0.1513770579873437]], [[0.08517927786982427, -1.3398562374350202, -0.7499649826690696], [0.07749604102715324, -1.343791186923345, -0.6856505091680061]], [[0.13507299679403717, -1.3034972280369777, -0.4420805283182687]], [[-0.022699487821380204, -1.3432091360690925, 0.5800801637871729], [-0.11636421135876518, -1.2795789041044603, 0.6050481146607021], [6.829612578052036e-05, -1.1246928840589931, 0.5452056439951074]], [[-0.020199226087629585, -1.3577536768579679, 0.5895927932564494], [-0.08988709131203171, -1.237533187297637, 0.5798757476899329], [0.03537141521721404, -1.199129940228799, 0.5098288823840497]], [[0.12674995540614484, -1.4923352104569862, 0.14730930367701722], [-0.09806126911804247, -1.417676763796655, 0.1916087787626295], [0.04018410375214987, -1.203789816912011, 0.062344403356599964]]]}