{"bodyId": "h0", "timestamp": 1643047399955000000, "continuousState": [[[0.2302573601379445, -1.0818395897738649, 0.5929031017364423]], [[-0.012018401054801675, -1.1182974692741332, 0.7244094398157288], [0.12308121415139983, -1.091745646668612, 0.6856695367180212]], [[0.10725924371898929, -1.2324322410616417, 0.6666825281868058], [0.0908328393615151, -1.218638146477855, 0.6979958130470041]], [[0.0420110170947634, -1.267080754730216, 0.6146738349880809], [-0.10231057298426438, -1.1039262282022113, 0.5761070364354866], [0.05228502562669601, -1.0295175498243743, 0.5009474287515647]], [[-0.07201046396439392, -1.438284469122108, 0.5445897914230529], [-0.05589963151005384, -1.3719146106721452, 0.5769335620011546], [-0.006697858266213053, -1.3184666950703705, 0.5494213058744255]], [[0.09439450134927269, -1.2270110228048754, 0.4818240939758669], [0.06263254724027822, -0.88287773931682, 0.2684327717710375]], [[-0.08034314614035715, -1.572636775663201, 0.2973986412335736], [-0.12356666898824109, -1.544495524721874, 0.35914493588315155], [-0.032128340323816285, -1.3677210097633812, 0.3297394320748468]], [[0.10036968268142771, -0.8157945567017832, 0.0852030449343879], [0.11433104276311767, -0.7459249372688413, 0.039689626150398505]], [[0.12704711971407595, -1.4889161644673656, 0.22638381540247665], [0.11258379828950527, -1.4842123254377608, 0.30066947081959183], [0.04176893778255519, -0.9944499987132759, 0.4482570004709405]], [[0.17952577111286633, -1.5014780754745067, 0.22219310593252595], [-0.11980340552806457, -1.3573781179529534, 0.16152500974116846], [0.062106008513295397, -1.1081475292091405, 0.07061206290413846]], [[0.0863330774803931, -1.4835035895097355, 0.0775880680923644], [-0.09531621898867482, -1.509357878513114, 0.24675901975297743], [-0.0477114659685256, -1.1867835424603301, 0.12891590883776094]], [[0.15504277166665625, -1.5172916142652415, -0.06319374741925388], [0.06661398179192113, -1.2875366179071424, -0.32217228939439035], [-0.11513979442413969, -0.7798505391855207, 0.014998033857689608]], [[0.2576733747109671, -1.5413947348558903, -0.2716980929655335], [0.23922103080627033, -1.508127681063111, -0.21633493849287522], [0.10823114078837381, -1.14575035895642, -0.15130912369461846]], [[0.09117272288067146, -1.3656251117513472, -0.6894574637167441], [0.07794897721934047, -1.354086677764759, -0.6747850663205646], [-0.2757987344769597, -0.5401798345161115, 0.003539868210270858]], [[0.125807154866174, -1.335710275135896, -0.7280653281514975], [0.14289425570953096, -1.2987460099354753, -0.47531883508745265]], [[-0.016078892822824098, -1.3459843623609453, 0.5835733918665444], [-0.10759150462794054, -1.2769756805303314, 0.6014689901531782], [0.0033101207287017376, -1.1166086117300988, 0.5471882692884464]], [[-0.01499972343481526, -1.352682611926162, 0.5796318132055669], [-0.07910510224715911, -1.2379204194371782, 0.5765202992183206], [0.02279358368024148, -1.1739921224473724, 0.5251843673129951]], [[0.1329294242966297, -1.4924908324921211, 0.14989058701244518], [-0.10755981225836969, -1.4333679982330336, 0.20414201474707294], [0.0071972712723848975, -1.1474655358347352, 0.0997639858709497]]]}