{"bodyId": "h0", "timestamp": 1643047421931000000, "continuousState": [[[-0.3431042927809304, -1.1315832391942677, 0.6330492100009102], [-0.34887780330930007, -1.0943949731033442, 0.6161860442767007]], [[-0.2656065417890595, -1.0477677376739265, 0.7118097644944605], [-0.1682910409391315, -0.9922437313084929, 0.6930299448679114]], [], [[-0.17349735475831374, -0.9009825920057042, 0.5159722916506966], [-0.20983162380552955, -1.0009155733544954, 0.553609919712162], [-0.09057819977492276, -0.8775719309459665, 0.5286139126982318]], [[-0.5179440097763796, -1.0185538463452204, 0.5407863028923905], [-0.5380753686230806, -0.9685212295455758, 0.5137626525705525], [-0.4077378957456812, -1.0107779726062, 0.524986386717132]], [[-0.050557829134742716, -0.8675029902931193, 0.276270095016518], [0.05934849321412461, -0.7908195024090245, 0.0734597221461406], [-0.01625141400500385, -0.8066010627484944, 0.26576361472409415]], [[-0.608185766175928, -1.0406506254812815, 0.27081890493002425], [-0.6045533910322706, -1.0145007325434612, 0.26151565827350587], [-0.5240783770115416, -1.0590226672768925, 0.25318092770642997]], [[0.0878202779006525, -0.7894296429671581, 0.06206379426734454], [0.09994121976100745, -0.7381470904692302, 0.0507727134006275]], [[-0.49417437682954035, -1.1936546052334187, 0.2184052896328903], [-0.48013299893087835, -1.1962505884129053, 0.23377535995641519]], [[-0.24816389576085918, -1.0725866928137728, 0.004130310167950624], [-0.38971186010300984, -1.303810294162185, 0.2535284443916872], [-0.24485304605293567, -0.8595803425863464, 0.059103968126568596]], [[-0.4057541265835484, -1.18743720395692, 0.09428723190190946], [-0.4798768094233927, -1.0858614627602128, 0.06894771578532866], [-0.45555876772689596, -0.9064803750459375, 0.10463025924133862]], [[-0.2425566312628285, -1.2469105882005496, -0.29074478270719295], [-0.2654682299752963, -1.2486012132874842, -0.23639139347063254], [-0.33299328760323155, -0.8471845855733205, -0.04267898254498925]], [[-0.45080317587347785, -1.1431176505176823, -0.4267680639546918], [-0.4642240115236167, -1.1568142567449764, -0.3217884918537388], [-0.40572386177210507, -1.0177619283557515, -0.18444099955111826]], [[-0.5103612548897747, -1.2106948725062896, -0.6914201898923453], [-0.48835100418544686, -1.1950990404518538, -0.6816051662267258], [-0.45252471327533794, -1.124849372301365, -0.6294398469587901]], [[-0.4297213775562444, -1.2015899852930572, -0.7612022925389683], [-0.4560374055755483, -1.2472509630649293, -0.6571426031996721], [-0.43875342983510546, -1.1037379047364637, -0.6525295589149868]], [[-0.30967468163057443, -1.0517430187746748, 0.5710284341961576], [-0.38938784318617536, -0.9949945130414672, 0.544624290011579], [-0.26706534282075944, -0.9255639365530979, 0.5263782619143043]], [[-0.34572068226734665, -0.9597682191754623, 0.5283792972715435], [-0.37395349621430507, -0.9847184014500356, 0.5336862861413573], [-0.24915804776030198, -0.9441749517760833, 0.526800149707682]], [[-0.32695901117220383, -1.1300119483853464, 0.04920877103493004], [-0.4347943347632013, -1.1948358784611988, 0.16123808008850793], [-0.3502059068899158, -0.8830303588161419, 0.08186711368395361]]]}