{"bodyId": "h0", "timestamp": 1643047428765000000, "continuousState": [[[-0.3372990536594963, -1.130151967509785, 0.633705943029593]], [[-0.2562010068985952, -1.0544484958443365, 0.7162673932213233], [-0.1643304707308697, -0.9867247952113015, 0.6935230775069443]], [[-0.2956023339042938, -1.0499502877561573, 0.690554806709154]], [[-0.17625826907305642, -0.8931087861713236, 0.5116334002381986], [-0.09276390052022565, -0.8736968260615084, 0.5309040792544231]], [[-0.5361742507562766, -0.98780614654266, 0.5225060843978862], [-0.40137204341746446, -1.0285502357475182, 0.5154624216194081]], [[-0.047218406137577607, -0.8794005846816155, 0.28514009764839754], [-0.021537817975805895, -0.7973121355774119, 0.2802914945203009]], [[-0.5947562105045041, -1.0473546853110385, 0.28665855869829904], [-0.5206234373621313, -1.070568817724503, 0.24555535870590328]], [[0.08726411190054134, -0.7854950403285712, 0.058871446139910466], [0.1314844592709321, -0.7794722587248303, 0.003035663611318906]], [[-0.4998470804960517, -1.1950069130855747, 0.22636912507120788]], [[-0.23965123780218817, -1.0916754772405013, 0.022830290372070072], [-0.2586266271818738, -0.8440653603795815, 0.08393674029837395]], [[-0.34309929661317123, -1.2941256743078158, 0.19968674272405784], [-0.43197142377705455, -0.9514189440858863, 0.07188007381157735]], [[-0.23698812320340773, -1.2580937886820431, -0.27628559833401667], [-0.2190852918039513, -0.8305728317825634, 0.014777728041641791]], [[-0.4420565636118653, -1.1428866016189312, -0.42261682683584345], [-0.3989746426991272, -1.016562871757503, -0.1871386185702968]], [[-0.5172998400893019, -1.1857762611545382, -0.7251775626111057]], [[-0.4326452082450102, -1.1970539967295142, -0.7686739493423294], [-0.44381551467425706, -1.1141683322860374, -0.6587499059369707]], [[-0.29879697364710506, -1.0604777382033999, 0.5844360104912731], [-0.25972208933404495, -0.9397025096417336, 0.5247732866645988]], [[-0.3562162599146665, -0.9404574663569918, 0.5170697423180424], [-0.24706797196884506, -0.9511235309045134, 0.5231832504369156]], [[-0.2913752672076797, -1.1929005757741584, 0.11125851654806396], [-0.34529902547946417, -0.8977421522327339, 0.07790840705497565]]]}