{"bodyId": "h0", "timestamp": 1643047492817000000, "continuousState": [[[-0.01481957136249612, -0.791008394802387, 0.612203031900647]], [[-0.19206992746378987, -0.8915859103980932, 0.7552667429214321], [-0.10586544171193657, -0.8394701350316992, 0.7148662005344694]], [[-0.04182105768940933, -0.8639259841443514, 0.7376752231079238]], [[-0.30334713484425196, -0.9283620476184722, 0.5477806294118757], [-0.1604870462494732, -0.9485987395797341, 0.5241956606140423]], [[0.08168340200546897, -1.0545550042849086, 0.6214126176653771], [0.04466931064950963, -0.7885331505572704, 0.6357084374243537]], [[-0.19729942751145801, -1.0196194993221306, 0.41271030166198996], [-0.13652618260983096, -0.9032213462583608, 0.25635687508046345]], [[0.20281203414214594, -1.0958769226629677, 0.3466326660322838], [0.17975347095046845, -0.8851938319155093, 0.3833960314244169]], [[-0.059014122904336164, -0.7764219644521448, 0.024617428211287762]], [[0.2844954025345668, -1.0764360157350394, 0.07150255020212581], [0.3104966677667216, -0.9798035950704016, 0.07359076888461868]], [[-0.09998718512731991, -1.1370388156491367, 0.1025812565338744], [-0.08708189041385594, -0.8393840762494573, 0.08286588793045069]], [[0.11383475946933524, -1.164463728094775, 0.196444034938968], [0.15038483634320454, -0.8968885847937833, 0.022132173249653553]], [[-0.05604431053564729, -1.032932115022354, -0.3927275319050898], [-0.18309187079467204, -0.5372601444452048, -0.006319896930465085]], [[0.10997220485748488, -1.0702115948442947, -0.29779150979770974], [-0.052528362135386475, -0.5069755925030768, 0.010215436393893551]], [[0.04533526590203907, -1.0990554015918907, -0.7097181398465326]], [[0.13379284326169166, -1.0926001198684627, -0.6961184781518452]], [[-0.09222716322879121, -0.985310749443207, 0.5771585527455605], [-0.06674973003220708, -0.8480271803554925, 0.5946305399847671]], [[-0.1108318664193915, -0.9914585259516904, 0.5845966235386264], [-0.05790886779998178, -0.8685659450685022, 0.5799520490191981]], [[0.006923787171007667, -1.1507512718719557, 0.1495126457364212], [0.0316514729646743, -0.8681363305216203, 0.05249903059005212]]]}