{"bodyId": "h0", "timestamp": 1643047543804000000, "continuousState": [[[0.09636481978530684, -0.9314549356163442, 0.7208550428299509]], [[0.04626990746895643, -0.8810682072790251, 0.7205409956197326]], [[0.007988439943644426, -1.0267655168821406, 0.7597303812196403]], [[-0.2509924259720566, -0.9534464433661738, 0.571762025047182], [-0.13821570871279287, -0.8802920804216933, 0.5572511244754911]], [[0.08961587054139297, -1.1071118115689695, 0.593988119765962]], [[-0.13582476289282386, -1.07148282133616, 0.437784592953252], [-0.1004368607707995, -0.8196180667576834, 0.29269860158047]], [[0.21875517791853555, -1.1958906099847668, 0.34103568400253037], [0.14392328300708201, -0.9040352027182548, 0.41135714332290174]], [[-0.03393702689361788, -0.7642367874039615, 0.03716637983555948]], [[0.44219065998751966, -1.037353936340754, 0.2253723252326818], [0.44675727178256563, -0.9769778894746693, 0.19474362821775792]], [[-0.05588038763194203, -1.1390360632533594, 0.1115896945872199], [-0.06019781964968063, -0.8425055634610368, 0.07721572019528522]], [[0.12366976069191593, -1.1859836119468867, 0.17508923038609758], [0.10651451707285786, -0.8231376087292679, 0.1084953391357435]], [[-0.03464795294005901, -1.053754140936434, -0.3360431529837422], [-0.1574357839408913, -0.5402747210378513, 0.00932104835694414]], [[0.13701684302780148, -1.0789423572386072, -0.29894704084944257], [-0.05277376638804343, -0.5261932801311486, 0.0039616813846937715]], [[0.045026493827860836, -1.0977969773742202, -0.7112649210022604]], [[0.1378974308551697, -1.0982177805236648, -0.7158997722065068]], [[-0.056243691621571834, -1.0751401745281983, 0.616869890801846], [-0.0037799438094469062, -0.9129594877214854, 0.5665989668476893]], [[-0.08068827771533182, -1.0302791274675718, 0.582875072406572]], [[0.03389468652998695, -1.162509837600123, 0.14333946248665874], [0.023158348711588617, -0.8328215860951523, 0.09285552966551436]]]}