{"bodyId": "h0", "timestamp": 1643047031455000000, "continuousState": [[[0.39990063769939116, -0.9043758619984159, 0.6919104479149292]], [[0.23943045079394643, -0.8148263414510608, 0.759669953520425], [0.3535762753875611, -0.8417028063253748, 0.7057331651072648]], [[0.3359594822923648, -0.9613000637543061, 0.7613432233238402], [0.30405962914982854, -0.956860158531611, 0.7904713571121793]], [[0.08807612548586202, -0.9401900300353074, 0.5981100302093683], [0.11123534865178109, -0.8116804097641872, 0.5640408926223788], [0.18274051988885176, -0.8831281989781841, 0.5272149842336272]], [[0.39676752108845387, -1.094555817839126, 0.6128375214965598], [0.4026347490548916, -1.0313916291322327, 0.6022821193501087], [0.3591154715713034, -0.8676372973730073, 0.6196905839819746]], [[0.08476807575636514, -0.916691308690766, 0.36641451237743694], [0.2017958387952774, -0.7740873753290642, 0.3073035340626049]], [[0.5381890787210297, -1.173920946033208, 0.3342735152412115], [0.5160873964577971, -1.1472701584797749, 0.38019487324326073], [0.37485006479346505, -0.8528550945119665, 0.4560169693280083]], [[0.10013393178705154, -0.9853599061473997, 0.24547575540495004], [0.2570705850231747, -0.7340715460871965, 0.06006055551182832]], [[0.7336680345389275, -1.1485356857902644, 0.15169777968029297], [0.71577479282088, -1.1590816441832084, 0.24349532935320917], [0.7391277947031258, -1.075442667229943, 0.12535668318502124]], [[0.1997728590517029, -1.1184075050430984, 0.11135281723152368], [0.12111191328320814, -1.079924276619059, 0.17416883299323138], [0.2047586801327721, -0.8471534979892504, 0.07095326751382713]], [[0.38577873069562457, -1.1243088654130844, 0.12865674389149961], [0.3116330648804384, -1.1206656609020478, 0.15249166566222616], [0.3124563491452228, -0.7567580985983033, 0.1432854949235165]], [[0.26010333495513605, -1.0519474298789473, -0.3157335160700916], [0.23571142880799467, -1.0378488997774493, -0.24829400830786796], [0.025310230271563094, -0.5435802632103324, -0.000885631167369616]], [[0.4029605794314285, -1.140911644445425, -0.21155122132714554], [0.4041358923265044, -1.071065629057952, -0.28368107595455805], [0.179026536862811, -0.5177711078474221, -0.011373282438211674]], [[0.3082134829089357, -1.072265311096541, -0.7081625056191123], [0.29875566184279934, -1.0488177640336047, -0.6678849735485821]], [[0.41515431632670163, -1.1045700338450042, -0.6697173421447773], [0.3866247232696869, -1.0975119498836012, -0.6632668383520273]], [[0.2535005647600232, -1.0606703331129703, 0.6365922367555179], [0.23067788377591825, -0.9703338641843555, 0.6037505027481853], [0.2590515962886314, -0.8819484692872221, 0.5709081538124072]], [[0.24242182328715794, -1.0173729239372167, 0.605473775852964], [0.25693504885333635, -0.92153601944821, 0.5831615059862437], [0.2709279957300776, -0.8753827481755957, 0.573452784107801]], [[0.29277579487366373, -1.1213581852280914, 0.12000478056151165], [0.21637248908182327, -1.1002949687605534, 0.16333024932772877], [0.25860751463899745, -0.8019557982937768, 0.10711938121867182]]]}