{"bodyId": "h0", "timestamp": 1643047610804000000, "continuousState": [[[-0.10056426841238708, -1.269501003132278, 0.6263602827944268], [-0.07801488453839556, -1.224865308311915, 0.6297376826565793]], [[-0.03873958442127989, -1.1326503272160877, 0.6729176928263206]], [[-0.2192888854764784, -1.2803876135145484, 0.6970497884635671], [-0.2115549506427894, -1.2458711651047458, 0.7143029987181277], [-0.10907906541753531, -1.2480972408657696, 0.6894736484791208]], [[-0.11916757285579244, -1.280280720023171, 0.6272184246533461], [-0.3196271280791927, -1.1224902751919872, 0.5539954255472228], [-0.120164765340808, -1.0395318838382528, 0.48366097396005414]], [[-0.3146040527631491, -1.423576324239943, 0.5437258500036473], [-0.30187440051386427, -1.3918799565553115, 0.5620861746529231], [-0.21757681104126403, -1.3119743414225216, 0.5481677270088243]], [[-0.10246245232264822, -1.0627225500115454, 0.3822749299888084], [-0.3906612329295027, -1.401133183594112, 0.5229328275995988], [-0.07471535519701411, -0.9128348563978156, 0.25859331510279504]], [[-0.3023317890906371, -1.552611734696315, 0.30403464429502125], [-0.331855894933617, -1.5404701968878742, 0.34606940414563114], [-0.26377561702912333, -1.303209291382403, 0.37190437924795994]], [[-0.04884574789365942, -0.7829766981929567, 0.04997616188556009], [-0.047244339630157395, -0.7442082869151248, 0.056545259338126375]], [[-0.10310608123699849, -1.472167421035587, 0.22574045655962904], [-0.09090269927337169, -1.4705549572246008, 0.2923214100291176], [-0.05901490274480481, -1.0345827789164168, 0.41148952942863115]], [[0.01595751781096938, -1.485011565946196, 0.23105584621333564], [-0.36160932760666187, -1.4758372848658432, 0.23754876053892127], [-0.10111827941400353, -1.159412805413988, 0.027757421808404903]], [[-0.14196733571229297, -1.4783208330773472, 0.07379017128819454], [-0.2874467798482073, -1.5400821636571682, 0.23473692122632484], [-0.19382199857037397, -1.318440798161324, 0.03666347966778982]], [[-0.021994604047442468, -1.4805541534469748, -0.09155394669876649], [-0.158535958532789, -1.3180301689616245, -0.302259083182034], [-0.2524377660413831, -0.872733089376326, -0.0146671932280098]], [[0.019398111086373238, -1.5326724426789704, -0.25839851810576264], [0.0390621645096465, -1.5078958465696028, -0.26883766965116207], [-0.19972310658421277, -0.8606555303637778, 0.028208361835071916]], [[-0.03956954463609619, -1.547959370048346, -0.3099619504796878], [-0.12679679930339138, -1.3847388662774582, -0.6618527279216292], [-0.3328866950528726, -0.7947846664720765, -0.19825531545712727]], [[-0.11941768732527525, -1.3642636479722068, -0.7893937650273912], [-0.08253759957070139, -1.3334124689403646, -0.4409180531459864], [-0.33062053766304056, -0.7897802506863728, -0.010641382318492765]], [[-0.23631924348807065, -1.3130435090684458, 0.5575164299836435], [-0.31324079107803826, -1.2689063091996096, 0.5708560905526716], [-0.16922692514805182, -1.1582206463543394, 0.5235219204985441]], [[-0.21688581280947078, -1.3519285221315571, 0.5854721373284967], [-0.3107507642965285, -1.2571851158736493, 0.558040800100073], [-0.16887078819103601, -1.175753112630387, 0.5159143504844392]], [[-0.0630049089506618, -1.4816661995117717, 0.1524230087507651], [-0.3245280537274346, -1.5079597242615057, 0.23614284088262305], [-0.14747013899218875, -1.238926801787656, 0.03221045073809736]]]}