{"bodyId": "h0", "timestamp": 1642440978160000000, "continuousState": [[[-0.12211599963277564, -1.0269360076602414, 0.6085766498557448]], [[-0.19646357168093914, -1.2062065399068624, 0.704563235113988], [-0.19994205291394418, -1.1442456168967605, 0.7168136169928357], [-0.1234466296770973, -1.1382388424455683, 0.6866894095060461]], [[-0.055959324218168294, -1.1658479906086956, 0.7193699218709108]], [[-0.09984928539527127, -1.44760900466945, 0.5962073705477384], [-0.09007416751709052, -1.3976747515839638, 0.6361984594963855], [-0.12086424753541158, -1.173525753337568, 0.6328586074708884]], [[0.028607101904483623, -1.2060124013784126, 0.5629308259476571], [-0.1349086214618379, -1.14657334322922, 0.5561396226127244], [0.023340122476954495, -1.0504745551705623, 0.5162066466297499]], [[-0.023204122063785637, -1.6279093450914555, 0.4547752805564762], [0.026889742174082687, -1.6130553311595939, 0.4722099418617476]], [[0.05928163541327208, -1.3644677989233898, 0.4752997624523646], [-0.16436082875993585, -1.0506509393750625, 0.3302167241824707], [0.01025030706238761, -0.9892933331613529, 0.2484176353924442]], [[-0.04182316183163082, -1.656355862503395, 0.2041476081002711], [-0.04375332110304053, -1.6425120025684792, 0.26027902888730003]], [[-0.04408421068057411, -0.7473404489225981, 0.06954698783633939]], [[0.02187327309928755, -1.6132707059641018, 0.24896649977804441], [-0.08858504330055395, -1.5016643539820764, 0.1942276017622162], [-0.07936172391828245, -1.3393101390816482, 0.09415514100830213]], [[0.06768200878657471, -1.4829921230624774, 0.1765440511488221], [-0.15521452132758606, -1.3366436982596963, 0.12124245261672884], [-0.0454395990096399, -1.1230043705190438, 0.11838022186057051]], [[-0.06364620080812722, -1.5109499050441808, -0.3069479644370986], [-0.06667219639177457, -1.5297858526777097, -0.2144319279969107], [-0.10490919388512965, -1.253287634786447, -0.11491433900652281]], [[-0.030111333606044455, -1.4885738129608046, -0.24720948272601462], [-0.20447829596154043, -1.3774707479958277, -0.19218093122767077], [-0.07386406503200682, -1.1750818431882213, -0.054496998957766496]], [[-0.029510553358744862, -1.6071172360011636, -0.6940541536539274], [-0.06903134969518576, -1.566221221980286, -0.5268114968771055], [-0.33044201549023056, -0.8038584848636996, -0.03026784892655643]], [[0.025186171482506126, -1.428000646915206, -0.8161302518896253], [-0.020744629865521835, -1.6278480046950894, -0.5027354538208298], [-0.1624940778783457, -1.0638322754407346, -0.038978971411358754]], [[-0.02243932619380018, -1.3620458248491105, 0.5981950112119533], [-0.12483420654222943, -1.2954992781690635, 0.6162917039593645], [-0.08955649289312384, -1.0583397884260335, 0.5878678840294117]], [[-0.035621091745393824, -1.3268107030239313, 0.5795690982476978], [-0.11249139448946421, -1.2721240474065918, 0.596169041054555], [-0.048762062529228545, -1.1120001542540652, 0.5745326270503192]], [[0.04477764094293113, -1.5481314145132896, 0.21275527546343326], [-0.12189978231407, -1.4191540261208864, 0.15773502718947252], [-0.06240066146396117, -1.231157254800346, 0.10626768143443632]]]}