{"bodyId": "h0", "timestamp": 1642441024792000000, "continuousState": [[[0.01712584784346205, -1.0294421909424667, 0.7061449325741846]], [[0.12210496073986338, -1.1528212475564923, 0.7531607542250176], [0.12926249549727464, -1.1065061665470775, 0.7777631513047141]], [[0.16884329870323755, -0.9632816974557024, 0.6964111956481427]], [[0.36427281123140687, -1.1808844195049952, 0.5787065054144335], [0.3565565492516387, -1.1128314204104206, 0.6024118541510914], [0.3678944811137306, -1.016190408553452, 0.6011014339891063]], [[0.0586323128665201, -1.0661827931852723, 0.5518166774632398], [0.025086805357828035, -1.013463854109217, 0.5904991169971663], [0.1689409267305899, -1.0161610656885043, 0.4616630708888988]], [[0.5272872137361386, -1.250408000043399, 0.3435764372353719], [0.5387947856031601, -1.1773658266801577, 0.38409624886778504], [0.4737553441585953, -1.0388063475717968, 0.3935263587102338]], [[0.12002154983866242, -1.2147698591586682, 0.38801402735088986], [0.035599044642687705, -0.8566630110637443, 0.2966570443907963], [0.09847722748427845, -0.9246078434254423, 0.2359463162875045]], [[0.6948478923377388, -1.3043129354691354, 0.16421431488326965], [0.6671008469934713, -1.2896518584808874, 0.23374501651134527], [0.7060936704813312, -1.1868503000131738, 0.14935240087057344]], [[-0.029106962475628162, -0.77654517182703, 0.05713752428810159], [-0.020720758797148964, -0.7338926923860671, 0.06403512596585081]], [[0.32492651223248165, -1.2616928303705417, 0.10706179653562953], [0.3226106683286796, -1.2267388009988625, 0.11536178264874253], [0.29285163594392083, -0.9712415594305872, 0.11749673581775855]], [[0.11209555112422381, -1.188768458545665, 0.041802206616318616], [0.14242298714954404, -1.0892183458317357, 0.07728553585906184], [0.07903743253506201, -0.8760416479250387, 0.1925907869958703]], [[0.279470419557452, -1.2498964493126379, -0.3986513385568293], [0.2596031195990618, -1.2501801650372681, -0.24529379170995003], [0.003911680328326117, -0.7457187756384336, 0.05023501370518868]], [[0.04728528699430534, -1.2722766845079643, -0.2956378585933832], [0.05564963474874807, -1.2837183100530298, -0.17039673802597322], [-0.020971540776984376, -0.9946134505387061, -0.07893446112666325]], [[0.24008008847829798, -1.2375661820674535, -0.7256013161336409], [0.26076577713676485, -1.2055633687943599, -0.6786766290561945], [-0.03837840973567408, -0.6171315008492635, 2.220811447983806e-05]], [[0.37009812433463274, -1.2729024040697998, -0.5895518317914155], [0.3556665112056099, -1.2898551668928389, -0.4923464492375309]], [[0.22530336453961025, -1.1630952956441423, 0.5905190964975567], [0.1682752527617113, -1.0895560718178854, 0.6105083221178309], [0.2640093268711543, -0.9938184748835619, 0.5416898672892632]], [[0.21145256204896348, -1.1235336063451338, 0.5652615914388366], [0.19082167730473337, -1.0631476372598188, 0.5964554855741289], [0.26841770392216024, -1.016175737120978, 0.5313822524390026]], [[0.21851103167835273, -1.2252306444581034, 0.07443200157597407], [0.2325168277391118, -1.1579785734152992, 0.09632365925390218], [0.18594453423949142, -0.923641603677813, 0.15504376140681442]]]}