{"bodyId": "h0", "timestamp": 1642441184319000000, "continuousState": [[[-0.30833587448609034, -1.115088808998856, 0.6395535688666375]], [[-0.35632715342085847, -1.2428213890529785, 0.7007431594585292], [-0.34588801196559366, -1.2095107031989127, 0.7284155484410866]], [[-0.23588895957191053, -1.1717501265868953, 0.7049453830298595], [-0.1643648906205608, -1.1165018311314154, 0.6456370527144953]], [[-0.31171614572779727, -1.410378096453425, 0.5333247546801776], [-0.2319644985346928, -1.398321442960012, 0.5863994988421706], [-0.3165880957562205, -1.1134444679195523, 0.6340940314153198]], [[-0.14061969976961963, -1.2051423412067046, 0.5306081865409191], [-0.30354101133239525, -1.249076836774039, 0.5973830300296454]], [[-0.2617419625874572, -1.5760519284758372, 0.35997836551865403], [-0.2314610307702507, -1.5935633028727225, 0.38348787872725854], [-0.23252344246573742, -1.4176603420327603, 0.35662271497189]], [[-0.22817529439777307, -0.8375932847456056, 0.021646627326958212], [-0.3273190299596598, -1.3674973478167054, 0.49064412308890637], [-0.15698051728477136, -0.9484370895525692, 0.2320896231606172]], [[-0.3173152076718335, -1.6023684994639043, 0.09129023463974506], [-0.29844422629883516, -1.5949020430839027, 0.15690811616132605], [-0.254047330245771, -1.448486619361851, 0.15140189144524407]], [[-0.2090686109966255, -0.7404907846018491, 0.007945602004527874], [-0.20749606515461894, -0.7793908868140589, 0.0514995253680145]], [[-0.17578960885509498, -1.5749345836683963, 0.1795818044208275], [-0.30209727703808986, -1.5723985070778848, 0.2647270068364723], [-0.23284331471611908, -1.3462955129911052, 0.05298192252575662]], [[-0.10275210096764675, -1.4125399081629475, 0.10095615618651332], [-0.35847233250399935, -1.4183690504657065, 0.209664613916565], [-0.2050139113361341, -1.0857756956348137, 0.1300813099096506]], [[-0.18675556371256763, -1.523706382100032, -0.2633113998945429], [-0.23076890552306828, -1.544180304632939, -0.2284700926173362], [-0.20597285306707858, -1.2981818158745375, -0.23981662556815442]], [[-0.24459364144549534, -1.5203494604912735, -0.26322575447084606], [-0.36873613811899764, -1.387712868484475, -0.22110912091630075], [-0.22470103589907353, -1.3381634451192839, -0.23981814697022663]], [[-0.14839214468211415, -1.444337081392192, -0.8178811488835664], [-0.22153137867438, -1.6042171615182554, -0.5491948985309238], [-0.0917214683902694, -1.4420854174254873, -0.6992899427334871]], [[-0.23042703712465318, -1.6181202079927242, -0.7031488803738906], [-0.1916781795539746, -1.6453602209105753, -0.5365709021950681], [-0.19525974531825097, -1.4738464136467317, -0.5536864138102154]], [[-0.21435566132982686, -1.333203059402707, 0.5477717943429106], [-0.26675925210897367, -1.3262442093969293, 0.6004680275965917], [-0.19570046076733738, -1.1453934681693894, 0.55208705780996]], [[-0.22616792274870845, -1.3077602188300648, 0.5319664706105484], [-0.267752754933544, -1.3236991398670255, 0.591891264435908]], [[-0.13927085491137087, -1.493737245915672, 0.1402689803036704], [-0.3302848047710446, -1.4953837787717956, 0.23719581037651866], [-0.2189286130261266, -1.2160356043129594, 0.09153161621770362]]]}