{"bodyId": "h0", "timestamp": 1642441194503000000, "continuousState": [[[-0.3024814809460701, -1.128973585396502, 0.6209103342793597]], [[-0.35525781361023956, -1.2226339303092648, 0.7093535817323693], [-0.3395622255136674, -1.2063533005389098, 0.7284593645651368]], [[-0.2265344628779336, -1.189096075430019, 0.7194305339212594], [-0.16453619800071406, -1.1158171342945775, 0.6386906664529106]], [[-0.315346254962166, -1.4146682266282538, 0.5291217345316778], [-0.23561549582427732, -1.3965885222979288, 0.5877257342013643], [-0.31230296118431855, -1.123090835003885, 0.6307724111138844]], [[-0.14543967631034788, -1.1942176164184972, 0.5295109344075952], [-0.2946134788655836, -1.2577714231452217, 0.5965876783432723], [-0.13698101443589783, -1.0829131800585072, 0.49729899945878475]], [[-0.2821399234136849, -1.5634833522024432, 0.3496352404986831], [-0.2232501371011979, -1.5775454408515737, 0.3693915547421144], [-0.22950470578577886, -1.4257324739906199, 0.3535755755636413]], [[-0.22731871183415525, -0.8202980969788061, 0.010328051599663546], [-0.32414370703161255, -1.3699253856943203, 0.4899004578572893], [-0.14418133791939058, -0.9716479367023376, 0.21844316854950818]], [[-0.3099819545055653, -1.6113788760357661, 0.10379436629411187], [-0.2943678567535716, -1.5958807263719492, 0.14457327128605402], [-0.24654979458492576, -1.4689039672389543, 0.16752173274889526]], [[-0.20501648206856227, -0.77020968742272, 0.048973401351264156]], [[-0.17947356033299933, -1.5825909800657634, 0.16298820900917632], [-0.3048243024596311, -1.5738824298868463, 0.2539544639214838], [-0.24811450293711512, -1.3087680309341971, 0.07372221968645976]], [[-0.09133636274903711, -1.450115648881699, 0.1172192874059439], [-0.35600123952805296, -1.427770782765335, 0.20013100621722346], [-0.18827321524640017, -1.1212828080422765, 0.10091507264122113]], [[-0.1872338392836933, -1.519036597561589, -0.32277511619521726], [-0.23865465741809178, -1.545286297117521, -0.21631573701828], [-0.1963828805986999, -1.2590030830229564, -0.2550848814691655]], [[-0.24730054869504858, -1.5251016600379226, -0.31086903216214834], [-0.36696052891870923, -1.4190069077767171, -0.18507677307691306], [-0.22211393796867962, -1.3440770222678582, -0.23464417105497137]], [[-0.14789755344558986, -1.444854613023581, -0.8170541910383946], [-0.19941977438865344, -1.6861311354410682, -0.5302638312170979], [-0.06719247042286458, -1.4955060430690357, -0.7666220734085775]], [[-0.22630238325637175, -1.6361807939382542, -0.6813133854313036], [-0.20237708239774044, -1.6300054578891334, -0.5277354097042817], [-0.20532142925212593, -1.4718068989757374, -0.5390465853901886]], [[-0.21448027906637407, -1.3332457173506433, 0.5477587630525456], [-0.270841025362503, -1.339606672212181, 0.6050027861173598], [-0.19349022699687635, -1.1496262072621812, 0.5505590483670232]], [[-0.23039296563625694, -1.3044429215233755, 0.5293163344696366], [-0.2651144873449305, -1.3271799727215754, 0.5921567062723183], [-0.2246419878101082, -1.1030020075311961, 0.5640357052863345]], [[-0.13540496154101822, -1.5163533144737311, 0.1401037482075601], [-0.33041277099384203, -1.5008266063260907, 0.22704273506935363], [-0.21819385909175765, -1.2150254194882368, 0.08731864616384044]]]}