{"bodyId": "h0", "timestamp": 1642441241470000000, "continuousState": [[[-0.2940508302334982, -1.0942015691098033, 0.5729648780567991]], [[-0.41000368842872353, -1.2110026057543475, 0.6598856420548371], [-0.3985376121525643, -1.15585405401138, 0.6724693812052569], [-0.3314940890304616, -1.095321754382057, 0.6824958733566406]], [[-0.186356616922572, -1.1175742354646419, 0.6183861992627183]], [[-0.35318256323011427, -1.4339754781888998, 0.5433826905280233], [-0.2619179010270192, -1.3846390366212447, 0.5649807207977996], [-0.3194404577228718, -1.2565624810400844, 0.6086735016345055]], [[-0.18127664230127655, -1.2223812097037179, 0.5238263651537307], [-0.3196459781448593, -1.2905413949301976, 0.6083178033020675], [-0.127582147370902, -1.1338123495522159, 0.47884369397565907]], [[-0.3622724136457101, -1.5420442258042562, 0.2994399013753388], [-0.2614064605412386, -1.5927787792501427, 0.37026390649191787]], [[-0.21606563071970852, -0.8281413383973457, 0.027933785548450274], [-0.3583949705440156, -1.3781128916407668, 0.4798588415492814], [-0.1790068762697965, -0.9972284881133019, 0.24421875802469473]], [[-0.36652594064786037, -1.61134858265429, 0.06491009214458732], [-0.3251749635290295, -1.6293985274136977, 0.15106649334840727]], [[-0.20595002398105777, -0.7486689764842642, 0.04250647317132872], [-0.21884771295878536, -0.7709806103559373, 0.045192749807574706]], [[-0.22166801901077304, -1.5907615605227565, 0.12388550119390707], [-0.34635342717482887, -1.60593441813783, 0.2930977364165518], [-0.24216137361127665, -1.4553206044857117, 0.05701937742378227]], [[-0.12167446378481483, -1.4789545479137747, 0.11053787030193352], [-0.37278047741619824, -1.4784582842578304, 0.234879190159604], [-0.22430771715384024, -1.0978359465895609, 0.16801182505241163]], [[-0.21062841538413157, -1.519309940805496, -0.3449823138061435], [-0.27709150469268684, -1.551353102406281, -0.23262235058083047], [-0.22881880899636853, -1.3276483672606825, -0.2141562478357535]], [[-0.2507589451128618, -1.536091306599759, -0.33008087861178115], [-0.3668734324251963, -1.3752213570504523, -0.3085527791991157], [-0.22424649925878537, -1.383863338397743, -0.21080289015748255]], [[-0.1471067518857665, -1.4480672750319732, -0.8246156353474907], [-0.1918505168128306, -1.7038055859937913, -0.5299663201634875], [-0.0809777723106726, -1.488760359144181, -0.746769368479951]], [[-0.21603088586276875, -1.65791607922451, -0.6890025120294047], [-0.23797319374478798, -1.57880504702911, -0.5180823502325302], [-0.22267968322395837, -1.4752334805772986, -0.5362290994165622]], [[-0.2504685355388608, -1.3632469652583379, 0.5447286531720562], [-0.29757094228019376, -1.3465619783218699, 0.598996216503401], [-0.27138276400435757, -1.0789806296992523, 0.5890597427121778]], [[-0.2672296027656954, -1.3281783439463088, 0.533604527840877], [-0.29078193958593923, -1.3375902157757211, 0.5866492620499335], [-0.2235113025468869, -1.1951874152961501, 0.5437585978050823]], [[-0.17167124139779394, -1.5348580542182657, 0.11721168574792029], [-0.35956695229551355, -1.5421963511978303, 0.2639884632880779], [-0.23323454538255844, -1.2765782755376363, 0.11251560123809695]]]}