{"bodyId": "h0", "timestamp": 1642441249577000000, "continuousState": [[[-0.07879260330184656, -1.090588482534351, 0.6771580992173922], [-0.047934686114792346, -1.0714815346399627, 0.7202233485171619], [0.0024706426153433547, -1.0443428979177782, 0.6914335939378814]], [[0.06972492039667794, -1.1014620133713209, 0.7494931480419961], [0.0691092011817993, -1.0719848615200789, 0.7684125686096193]], [[0.06448378836641755, -0.9466413424829908, 0.7107189020982663]], [[0.29007183883039844, -1.1130411527134967, 0.5962615827120512], [0.2749658457812113, -1.045187041330164, 0.6050638711910068], [0.347001295124713, -0.9968444906643595, 0.562223832983554]], [[-0.044278258569457385, -1.0131592674056231, 0.5355522201537299], [-0.04604494228351097, -0.9476371300432052, 0.5421441971966807], [0.028588795925892807, -0.933083210037412, 0.49536749251836]], [[0.434876204956774, -1.0415187178031284, 0.2853675414697163], [0.4353234193235135, -1.085436461174132, 0.37238175053395906], [0.4890528447515785, -1.0359682189330515, 0.22146719031687978]], [[-0.07639161198647215, -1.0401043888702157, 0.3533963899552617], [-0.10257055857268127, -0.8428109518172333, 0.2562944758514225], [-0.06508488162688209, -0.8599054121308954, 0.24693334918688192]], [[0.5189067210096889, -1.1410634958764319, 0.06769916561986311], [0.47711177543230077, -1.1932831646629356, 0.17767267608323678], [0.28897857883681977, -0.9502605664659609, 0.20272852816921294]], [[-0.24016139007285198, -0.7884017771495642, 0.003772551346250763], [-0.21541089770355804, -0.7866044176630016, 0.07009719386082214], [-0.18179859438526902, -0.7716483313743041, 0.04155965117067706]], [[0.30798085074325143, -1.2142432059777524, 0.10662008685719848], [0.25107952484879237, -1.2176165288726342, 0.1566836463763861], [0.305639229184691, -0.9535482293915085, 0.038350031990890376]], [[0.09823060401829375, -1.1876936518071826, 0.03619668869384873], [0.1043145685820408, -1.089607178954797, 0.052101457973340315], [0.09063745141591051, -0.9064740199147208, 0.055815663412296046]], [[0.3165592388656276, -1.1789063413900047, -0.4394968024021779], [0.17895472018761938, -1.2880487812169743, -0.24964095855819202]], [[0.16648791701290205, -1.296487609798816, -0.35491964019992983], [0.1298130132999984, -1.277512487778051, -0.27703840385450507]], [[0.2890281620706506, -1.168577289035574, -0.7629888466746534], [0.1481203502783115, -1.300466788850984, -0.4329306909567343]], [[0.2016180003595665, -1.3929137434194736, -0.7443105577291249], [0.18885159384325734, -1.4474615411311011, -0.63407120467233]], [[0.14320662925377042, -1.1040745942406378, 0.589748944331633], [0.061140231755800856, -1.0485103779821745, 0.6171933822712508], [0.17290334118650774, -0.9514750046208084, 0.5288367951545382]], [[0.12289679013047053, -1.06310021005956, 0.5659069014328906], [0.11446045174885017, -0.9964120856866846, 0.5736040341938438], [0.1877950455253029, -0.9649638503508857, 0.528795662750957]], [[0.2031057273807726, -1.2009684288924674, 0.07140838777552361], [0.17769704671541658, -1.1536118539137155, 0.1043925521748632], [0.19813834030030075, -0.9300111246531146, 0.04708284770159321]]]}