{"bodyId": "h0", "timestamp": 1642441254602000000, "continuousState": [[[0.007649196855865292, -1.144507995614278, 0.733661874587003], [0.015983603370120503, -1.1127716841843525, 0.760315198537097]], [[0.12196297949717516, -1.0549635251945333, 0.7515718601646086], [0.06828388930945284, -1.0903664044743047, 0.8135314075941348], [0.1362769735310254, -0.9206636262007569, 0.7317294907115853]], [[0.027144973048392362, -0.9523807651028329, 0.7197530866662357]], [[0.28693496187582784, -1.1180251494094318, 0.5861169466227483], [0.24879832708439986, -1.0747106607922405, 0.6198043121235879], [0.3505558161736999, -1.000532141818305, 0.5530673143977078]], [[-0.05080644485164487, -1.0131517709881996, 0.5409564897157304], [-0.03577790679560755, -0.9224973726168244, 0.5082571954733892], [0.026215765812917624, -0.9426443467202581, 0.4994508897946044]], [[0.42723508366693536, -1.0948285133061764, 0.3077254572929875], [0.3790691581321547, -1.1391565504440704, 0.4146121206268003], [0.4584835577901345, -1.0147191355338754, 0.2611923800603898]], [[-0.05670514006122729, -1.0605451695057284, 0.4064764352704493], [-0.10141336930714928, -0.8524302969120003, 0.26043327492910895], [-0.07031887927718783, -0.8645446624677963, 0.2529943310339854]], [[0.5235714687284598, -1.1625204307858745, 0.0900089456989881], [0.4995612462580854, -1.1740498481509316, 0.15517018953252437], [0.3590690246286863, -0.9642923001711832, 0.1739642567561709]], [[-0.24335284404664748, -0.7796158273802938, 0.01583234242078624], [-0.2233145338973731, -0.806850839659885, 0.08871482814311538], [-0.18131567786446978, -0.772435428359703, 0.04112443893173834]], [[0.30857439321039304, -1.186028629530214, 0.0976278787603666], [0.2603535889637948, -1.2249176615502124, 0.1303965262101996], [0.30542389635872724, -0.9628184543795548, 0.008050549164420273]], [[0.10112683662573524, -1.175968615037709, 0.035233504434478036], [0.09665551055413035, -1.118526472213651, 0.06738040884560204], [0.05765155368664332, -0.8578820191418732, 0.08168068682419338]], [[0.31652402016194403, -1.1591144972546326, -0.417928286518205], [0.1850129600666578, -1.2898487257278985, -0.2967475018135357]], [[0.16358431144849284, -1.2915224332401738, -0.32974052701076517], [0.1339158304121406, -1.2815067287398, -0.29906747669332767]], [[0.28829402620702743, -1.162847204161006, -0.7719307924867874], [0.16505502259126859, -1.2925721827846757, -0.48182717326088587]], [[0.21292280740108294, -1.374880051871931, -0.7826513654548979], [0.18671604938001463, -1.449741690884108, -0.6419832403909989]], [[0.14151379270721565, -1.1212089498875868, 0.598267103123606], [0.08001167147822641, -1.0189613256479584, 0.5861355628650176], [0.17357137043843274, -0.964057698341696, 0.5245670315825219]], [[0.11806425851209149, -1.0655884601988157, 0.5635367181692393], [0.10651021014439616, -0.9986040167045325, 0.5640307537984885], [0.18838579099330877, -0.9715882442692816, 0.5262591020961561]], [[0.20485061491806414, -1.1809986222839615, 0.06643069159742232], [0.17850454975896257, -1.1717220668819317, 0.09888846752790081], [0.18153772502268528, -0.910350236760714, 0.04486561799430683]]]}