{"bodyId": "h0", "timestamp": 1642440391374000000, "continuousState": [[[0.1480991468514612, -1.1071221252549195, 0.5920924610091665]], [[0.07481146701810737, -1.2141469719675757, 0.7109102466073975]], [[0.19985110747638302, -1.2060003043146432, 0.7381191593430819]], [[0.20511067518765425, -1.4447070071500647, 0.5646092981342391], [0.29838187417996465, -1.3740538196818224, 0.5870020985329281], [0.1264899299352804, -1.1459469674331872, 0.6073678962954281]], [[0.3093458448921733, -1.1934651367092686, 0.5725834049122419], [0.12742692991303373, -1.2104092697087738, 0.6222184145227458], [0.33321958992008716, -1.1003072335126434, 0.5084393929507786]], [[0.22814814067998035, -1.5822058257572469, 0.30931819059619003], [0.2639128596788237, -1.5658338085671164, 0.37774818892716344], [0.20489728167630794, -1.3360854209468558, 0.3911624934794915]], [[0.3238570831158254, -1.3941241875721964, 0.514191220797391], [0.17101307842876956, -1.0695165625917504, 0.431107024565353], [0.35746202330474275, -0.9935993042578228, 0.2202553296668438]], [[0.17896660136886572, -1.674771500380008, 0.10930984416145562], [0.21583599929577446, -1.6431702561104842, 0.15258042200184985], [0.19310449372293448, -1.4555311167113567, 0.19725583705730731]], [[0.24457976862554665, -0.7970947768547814, 0.09192226252610869], [0.2745268682079358, -0.7542339233833957, 0.04403034579395293]], [[0.300513276879694, -1.6206174386938652, 0.2212462508517974], [0.1713985427245205, -1.527734419833755, 0.23909996856716087], [0.23451330548974458, -1.37133266817658, 0.027028560701017557]], [[0.3707058590439112, -1.5081202793801984, 0.20371414128419185], [0.12302891462621801, -1.3639343797701664, 0.1665707988159928], [0.27765463419265357, -1.1844669419479674, 0.06512290801816423]], [[0.27995453266303116, -1.5652518187115425, -0.19042223272875314], [0.27143383743260774, -1.5130886627678872, -0.3066130163017655], [0.21209392215258482, -1.1902411309360428, -0.2450682886961757]], [[0.31046597293504125, -1.5575040429911868, -0.06784386893182004], [0.14899590133490648, -1.3348499624297592, -0.25691172158520215], [0.15231677025667167, -1.204701967545328, -0.23707102807183755]], [[0.3389935414877182, -1.4791093487823466, -0.7153836258883334], [0.31722087580125247, -1.4971548942683148, -0.6658222278825112], [-0.16477921594289824, -0.5356976888780041, -0.003871276727932582]], [[0.3560613864505622, -1.4826700127964363, -0.5617014938614979], [0.2828855227120586, -1.4515069177119055, -0.5296937303163245], [-0.1958084256279904, -0.542136469995149, -0.004938324338271904]], [[0.259509528773739, -1.3644268992814983, 0.5887252480400316], [0.20357152150506297, -1.2965256418342679, 0.6161774974712595], [0.1817252853262188, -1.0757512851868007, 0.5894166952035768]], [[0.2572282600399138, -1.3190860719296666, 0.5685963515232405], [0.21290440204649919, -1.292231544695298, 0.604610256527837], [0.22985475992768378, -1.1231271004729153, 0.5579036446231034]], [[0.3356095679618026, -1.5643688590370317, 0.21248019606799462], [0.14721372867536925, -1.4458343998019607, 0.20283538369157683], [0.2560839698411991, -1.2778998050622739, 0.04607573435959089]]]}