{"bodyId": "h0", "timestamp": 1642441279191000000, "continuousState": [[[-0.13208516217105087, -1.030583309495684, 0.6895450502043547]], [[0.004786283406090885, -1.1049394040774452, 0.7498591420809672], [0.02359418291917481, -1.0529461401805895, 0.7682193096201755]], [], [[0.28820818325055475, -1.1294197777861363, 0.5926878147714183], [0.26034890231187624, -1.0603223765718743, 0.6042073678310578]], [[-0.059801805139383324, -1.0217819973301077, 0.5166820386919222], [-0.06216867730445552, -0.9524344309168542, 0.5150564346852107]], [[0.4218905437337365, -1.0989202992543428, 0.3092391285903777], [0.42966780694537565, -1.0901585828219185, 0.36276502104392083]], [[-0.09455410449468782, -1.0620547597759835, 0.3399429494019188], [-0.11146541419982936, -0.8575119190082192, 0.2618867909125413]], [[0.5186443865038401, -1.14254524066011, 0.06919928307667211], [0.4873661430220739, -1.1844621069795158, 0.1672729897713625]], [[-0.23107199341666124, -0.8108875633304851, 0.002073684453978819], [-0.2187542233468892, -0.7901669105808131, 0.06620368836468349]], [[0.3055352575255355, -1.187541954446778, 0.07216245909449603], [0.25543956886709707, -1.2296325000860957, 0.13628527149652303]], [[0.09154600078988168, -1.1862340043088087, 0.023830301188530578], [0.10253311359545614, -1.1000757155662804, 0.04279339080763278]], [[0.3133870484383232, -1.1629218674310635, -0.4495139349094788], [0.17271970729992214, -1.3030586844204697, -0.2525571568340008]], [[0.156965022824332, -1.2860949173267415, -0.3731628382254524], [0.11695550819929412, -1.2904270005789338, -0.27480182381462126]], [[0.28534598137643985, -1.1566193559124844, -0.7549747625317949], [0.1555258361694909, -1.312125441404511, -0.4535749839873864]], [[0.20790899858633544, -1.3871585323991322, -0.7505925696609917], [0.18351534298801786, -1.4521750506869784, -0.6225634398676679]], [[0.12365932337155133, -1.1143262447316007, 0.5848749220717739], [0.04435636517470343, -1.0657216517152421, 0.6025930297560504]], [[0.11420318905558571, -1.075600887558122, 0.5546849267316702], [0.09909011250371036, -1.0063784037443644, 0.5596319012581342]], [[0.1985406291577086, -1.1868879793777933, 0.047996380141513306], [0.1789863412312766, -1.164854107826188, 0.0895393311520779]]]}