{"bodyId": "h0", "timestamp": 1642441460493000000, "continuousState": [[[-0.197000549766023, -1.0024203042840227, 0.6659534053919973]], [[-0.19724901772429482, -1.0653235699914356, 0.7395551881156796]], [[-0.07521525574682486, -0.9602321707381102, 0.6575527824233978]], [[-0.13191944264585465, -1.281304698955347, 0.6078114940094786], [-0.17792349273915953, -1.1195167388999279, 0.6168985988793418]], [[-0.17934020520162197, -1.0250450592304292, 0.522084811003573], [-0.030952675074597424, -0.9548843889316334, 0.49638929620959127]], [[-0.13657701849183224, -1.4788075834944496, 0.40945245352827664], [-0.1561259036084578, -1.2428196144999584, 0.3987162350033365]], [[-0.0718200088060672, -0.846504804244483, 0.2320977669817712]], [[-0.18725168706253625, -1.483317950265206, 0.1519736844397297], [-0.1651962671930679, -1.3471006973207296, 0.16902342992013208]], [[-0.14735370308826135, -0.6831352283201617, 0.07182273434570585], [-0.1312248709528805, -0.6302015684916271, 0.06297136146706961]], [[-0.19647017122788613, -1.4627508003530414, 0.2523419959045572], [-0.14609889629486972, -1.2165296763351292, 0.15402872852127036]], [[-0.25462240302669237, -1.333118629375525, 0.19985866715844436], [-0.11546498829267571, -0.9946830745754361, 0.19391579682708482]], [[-0.09629519371570039, -1.4147119537769883, -0.3367053122239727], [-0.2140521682509705, -1.0565969197230667, -0.062288290108639566]], [[-0.2103728437074186, -1.2304159598429618, -0.32932303395474616], [-0.182871373247523, -0.8823982017734919, 0.02206059519080228]], [[-0.07930811164676554, -1.5289869290757874, -0.5876122530184967], [-0.28420379092353465, -1.0114508387149286, -0.32784416298868346]], [[-0.08846640157280317, -1.4741461440941124, -0.5642501311522379], [-0.2957327154026764, -0.7495174759941552, -0.14562447485749663]], [[-0.18059055705553317, -1.2121282910732525, 0.6010165834140528], [-0.09999286104220007, -1.0496461422309955, 0.5405611149468627]], [[-0.1556298239237383, -1.1531748790928882, 0.5649481525065259], [-0.10443808390687848, -1.0372005639157806, 0.5566439475444666]], [[-0.22554628712728925, -1.3979347148642831, 0.22610033153150078], [-0.1307819422937727, -1.1056063754552827, 0.1739722626741776]]]}