{"bodyId": "h0", "timestamp": 1642441497879000000, "continuousState": [[[-0.19925218681667334, -1.0134984815389125, 0.6631089546987693]], [[-0.2151854567318962, -1.1148119923611468, 0.7139976821780643]], [[-0.09370131963980927, -1.0674010239281218, 0.7176407686191784], [-0.08161838255628129, -0.9631657703819564, 0.6719775490273913]], [[-0.12215092375306041, -1.2333292948817458, 0.5498112678488134], [-0.1381483409054327, -0.996013553915839, 0.60521729037439]], [[-0.0012829832919220019, -1.0889791393116788, 0.5950646758242499], [-0.046577320784912946, -0.9152702910662561, 0.5048553617387693]], [[-0.047752514478326125, -1.4313733539380673, 0.3622935688853587], [-0.10294629047110204, -1.175137040276994, 0.32705902563705247]], [[0.06196835740172252, -1.2285265853783076, 0.47637406802792315], [-0.05051128318742326, -0.8026680652121497, 0.2193755155672733]], [[-0.10400331579568611, -1.439571138120381, 0.08545553403496697]], [[-0.11529112653180573, -0.6435427839490337, 0.04983915942377187]], [[-0.0007727915382914619, -1.4295226927088083, 0.18565735024778984], [-0.11301835812586214, -1.121644727926888, 0.07576840993449474]], [[0.039928892151467776, -1.2753699391497386, 0.1219295863115506], [-0.08808928850427722, -1.0215984662039914, 0.0550468852263708]], [[-0.04537059245747732, -1.3734241541377676, -0.3302307329541101], [-0.3141077713488697, -0.8702453995079156, -0.05536349611474234]], [[-0.015044168298609106, -1.406208299277914, -0.18150738036950154], [-0.34850903426741064, -0.8422957609238864, -0.03443016930587195]], [[-0.028477367513016105, -1.3744366039515545, -0.7658693602162804], [-0.09378601919323759, -1.308394621990695, -0.6836651834930002]], [[0.08382658234451201, -1.1924220261785587, -0.6820381722121904], [-0.09984790410710631, -1.2944192985409009, -0.6908402738933362]], [[-0.0699689189241059, -1.1435413059888078, 0.5636588584039928], [-0.08832269380676405, -0.9561561508011106, 0.5544141631801912]], [[-0.06171695352249121, -1.1611542170967124, 0.5724379718365317], [-0.09236283084517283, -0.9556419224910475, 0.5550363260565796]], [[0.019578050306588157, -1.3524463159292734, 0.15379346827967022], [-0.10055382331506968, -1.0716215970654397, 0.06540764758043277]]]}