{"bodyId": "h0", "timestamp": 1642441513490000000, "continuousState": [[[-0.07132362444828405, -0.9845917400251263, 0.7242313619297516], [-0.04198315481686743, -0.9457766180304099, 0.7271159466898085]], [[0.07578812452849709, -1.031341726718284, 0.761834000449503], [0.08547530217706278, -0.9914466984959356, 0.7736386293307731]], [[0.0954927201002016, -0.8559551841200068, 0.689219187332045]], [[0.311730894545159, -1.0933775455832742, 0.6089839136419352], [0.2876282162098762, -1.016463668656547, 0.6145477602620657], [0.36238180905851003, -0.9450080606484778, 0.5679432220250391]], [[0.004459435610289442, -0.9508877372258508, 0.5356398887089151], [-0.029597792652619526, -0.878544592110297, 0.5373459078443434], [0.14570948211213386, -1.0185934307352298, 0.4325918597899977]], [[0.43737609752695567, -1.0353825759660211, 0.2660626421268857], [0.4637700713631623, -1.0485728843378055, 0.3366922501760068], [0.41171343028759333, -0.9449312493726005, 0.2724416158523555]], [[0.01293366043620403, -1.0526765743724547, 0.3757167463015376], [-0.06845817413039801, -0.7629311266397036, 0.2858226272520994], [-0.007280169027297667, -0.8101834449311168, 0.23553275673538376]], [[0.5243445225931405, -1.1489288503254478, 0.07734483241228918], [0.5065179658907261, -1.1595986412654082, 0.15229102355541402], [0.2738061592536549, -0.9052390307389, 0.20965748222938474]], [[0.002513774006339564, -1.0567979287250286, 0.3461033509170599], [-0.12892196249935295, -0.6637120868206772, 0.06557972172320836], [-0.09993048721249798, -0.6787592030882341, 0.037812601290025616]], [[0.29752546013410036, -1.1522609591970732, 0.07155710833672946], [0.2438730838406159, -1.1978771541015676, 0.14184181716764632], [0.19898866955069305, -0.8368252376443386, 0.082375936180208]], [[0.09459397844895912, -1.137098845497481, 0.05174637078804678], [0.09376569890119268, -1.0545618835982773, 0.05499399242893044], [-0.023017093346142214, -0.7401761632083049, 0.15700322076351214]], [[0.306973131636406, -1.1559095157366053, -0.40261953515290994], [0.23778147156073748, -1.1822871108289263, -0.2789950293433512]], [[0.07208643703390671, -1.2390878140455464, -0.3029803156908184], [0.030983517828037543, -1.229106876536721, -0.22383014125082634]], [[0.2777277036287794, -1.182499165399178, -0.6802040369247709], [0.27309331496620537, -1.1274873932727578, -0.6696303644296682]], [[0.384863323255706, -1.1601442896185699, -0.618213519990203], [0.36684246581863644, -1.198139525110644, -0.482923697578006]], [[0.1804186183008441, -1.0774030663189373, 0.6029364987019583], [0.09154838415500333, -1.0000058550880508, 0.6037583339012917], [0.19762097905355036, -0.9120652922008186, 0.5301940715472779]], [[0.15809516507772423, -1.0221326414045624, 0.5723119011754252], [0.12901521177862835, -0.947504130383422, 0.5759468340532046], [0.25404564558532194, -0.9818007456918538, 0.5002675409075183]], [[0.19605971929152974, -1.1446799023472771, 0.06165173956238812], [0.1688193913709043, -1.1262195188499224, 0.09841790479828838], [0.08798578810227542, -0.7885007004263218, 0.11968957847186007]]]}