{"bodyId": "h0", "timestamp": 1642441534461000000, "continuousState": [[[-0.05000477203221276, -0.9434052415438574, 0.713463843225872]], [[0.0721602186669052, -1.0372093291343878, 0.7523772660997493], [0.08163779782745784, -0.9855301107738144, 0.7630577672562526]], [], [[0.31488580049012316, -1.0664304641862103, 0.5893845949863195], [0.29094842909338303, -0.9955223573776477, 0.6061512715174864]], [[0.012991135392332709, -0.9586488870990986, 0.5411372082156747], [-0.030882894783321624, -0.8730504073937821, 0.5419236941914016]], [[0.42961068230903826, -1.0191091088805364, 0.259537342030028], [0.45523665953226367, -1.0482474635467993, 0.3404580329576432]], [[0.037713004841569586, -1.049041888309584, 0.372226170728992], [-0.03548732628326712, -0.7283527863452299, 0.2654884034750826]], [[0.5241851057450492, -1.1511466531072359, 0.07952499584865103], [0.4979656780250311, -1.166865257166141, 0.16076676495652142]], [[0.008869317084679584, -1.0574365570763509, 0.3481480809267232], [-0.12737349478424054, -0.6552769836698187, 0.050821850510174515]], [[0.29675200860503287, -1.1471507429804504, 0.06676108342716036], [0.23638865136372134, -1.197664081152244, 0.1627620030867929]], [[0.09499093615739385, -1.1384922354382385, 0.0531431382988623], [0.1033988636802532, -1.030477918604281, 0.033210184650984464]], [[0.30798450000223887, -1.1660735157959095, -0.389508800378759], [0.2456486078785438, -1.1635195023894163, -0.3002433251686285]], [[0.06544161491412237, -1.240807551125681, -0.3029790414820357], [0.03822152802803902, -1.2094309059397894, -0.24788516494526003]], [[0.26347264648296986, -1.0755145282535699, -0.8572796841145098], [0.2719899809131212, -1.128917479153299, -0.667128249313065]], [[0.3843854209690711, -1.1567057041719884, -0.6235658590587849], [0.36796860864486614, -1.1965495449768233, -0.48528720600499065]], [[0.17351041592092492, -1.0384291904739698, 0.5755043793736456], [0.09458089097091005, -0.9953242940687659, 0.6007912388768981]], [[0.16393846794122793, -1.0125396756426546, 0.5652609016009971], [0.1300327671550307, -0.9342863823857149, 0.574037482854444]], [[0.19587147238121336, -1.1428214892093445, 0.05995211086301133], [0.16989375752198727, -1.1140709998782625, 0.09798609386888868]]]}