{"bodyId": "h0", "timestamp": 1642440421457000000, "continuousState": [[[0.05183319549170129, -1.2489628379348832, 0.6274085885653691]], [[0.1248265493007617, -1.3062930738514615, 0.7119658453059821], [0.14612385649449766, -1.2584361161109645, 0.7443050838330729]], [[0.17923952967083356, -1.133918547588292, 0.6442303229185022]], [[0.2222750255192738, -1.4191584350507178, 0.5632580008541397], [0.3119659513557489, -1.3630390308098495, 0.5764765105626286], [0.1757770426108034, -1.169041082077328, 0.6196450390676387]], [[0.3142126892623447, -1.1974814424193738, 0.5823327737464297], [0.08003052218277307, -1.2714886340456661, 0.6616204222092494], [0.31858401511632506, -1.0740886462267758, 0.4617982675057928]], [[0.237986952567125, -1.599414956470841, 0.31726985845525624], [0.25852236811538465, -1.5514986781482574, 0.3662757279084645], [0.23593735377054625, -1.3873670106090634, 0.3793312001367166]], [[0.19103149883421544, -1.0165335824287942, 0.3977260635994515], [0.34600993611456476, -0.9641154919447757, 0.21016691336705162]], [[0.16737948449475804, -1.6574378331106336, 0.09717159702815581], [0.20450532904105723, -1.643842628225856, 0.1622716580718342], [0.21701839676373225, -1.513325814790392, 0.15256314901368984]], [[0.2463076811546563, -0.7943030332408618, 0.0894589514689128], [0.26808469418334924, -0.7464321025860121, 0.049611087148606625]], [[0.29536025246293457, -1.6040145117692897, 0.1602663193403434], [0.16068607274850621, -1.5359288815867114, 0.25257952096618297], [0.23184990580550946, -1.366459200889795, 0.02956931723037315]], [[0.3699044992266505, -1.5068625883848332, 0.16299180612325015], [0.14084868404086215, -1.3464132137074314, 0.1420136553060416], [0.28340566500332476, -1.1916063018384497, 0.051644108826326196]], [[0.2782868969688551, -1.5568939145896672, -0.20394874242972005], [0.255301284064518, -1.515651802119606, -0.2664708656923582], [0.2579005054810901, -1.2428803917980304, -0.3064392632540933]], [[0.32149131106227, -1.5381029475489814, -0.12893251750855717], [0.14711943826305274, -1.3456153299646783, -0.24566026277667596], [0.19693388291672087, -1.2615657010115626, -0.2816521689072937]], [[0.3456740817970611, -1.4774709380840008, -0.7138615911821626], [0.32005567443539884, -1.4951969425469944, -0.6709958462019947], [-0.15560975198213955, -0.5178901566190228, 0.00556922372716695]], [[0.36632104470474103, -1.4527819315410522, -0.6093843422201901], [0.288149187341034, -1.4466079917120749, -0.5277112788340916], [-0.21607661102098152, -0.5548743221448487, 1.3044689951835498e-05]], [[0.2645858742400689, -1.3207692327097247, 0.5796451872601314], [0.2131374983596961, -1.2937176127036036, 0.605172328500698], [0.2847556815893395, -1.1691837907130822, 0.5184157613450454]], [[0.26824385739080925, -1.3083199387350457, 0.5727953873002847], [0.19599823676926098, -1.317263832427758, 0.619048466385939], [0.24718052886356423, -1.121564864152052, 0.5407216532867157]], [[0.33263237584479255, -1.5554385500770613, 0.16162906273179678], [0.15076737839468418, -1.4411710476470714, 0.19729658813611228], [0.2576277854044171, -1.2790327513641224, 0.04060671302834967]]]}