{"bodyId": "h0", "timestamp": 1642441588932000000, "continuousState": [[[-0.00851768538906622, -1.0654195895776515, 0.743196317785541], [0.010392375282758382, -1.022965983949971, 0.763668279923339]], [[0.13128169738869555, -1.0326257531044072, 0.7667476847656339], [0.1475252706998369, -0.9670803034368682, 0.7617233903100673]], [[0.07728441413686915, -0.9270928331343165, 0.7002841139577545]], [[0.30319599541065023, -1.0506927563044623, 0.5720035182716017], [0.293171184111756, -1.0254757722833117, 0.6033239486144861], [0.3507625518816435, -0.9534907487776446, 0.5666015710191865]], [[-0.016106717813092863, -0.9659173337858411, 0.5381980138257447], [-0.013560997417491283, -0.8714835638501415, 0.5019958154485626], [0.06429261079534654, -0.8979015299829732, 0.4874900590925465]], [[0.4387015290623349, -1.044588254323368, 0.26554114048768573], [0.438015296113038, -1.074343196253382, 0.366506696096655], [0.44532056883443216, -0.9825805253565151, 0.23412594534762188]], [[0.028918859188725776, -1.0965891025938006, 0.3416214600797949], [-0.08112080022299284, -0.7789468766486374, 0.27843696004185525], [-0.017050317264575066, -0.8196985961765283, 0.23315229756994382]], [[0.5303815589862102, -1.1373657295005355, 0.06861029285450382], [0.4951255909026121, -1.1774091874246315, 0.17587436502333764], [0.24424919716383675, -0.9285842289570183, 0.22123310693188625]], [[0.039064697278180516, -1.0848868233916429, 0.1549364006365308], [-0.12808907081713894, -0.6567126515194979, 0.05214372961252556], [-0.10382083298677247, -0.672132007051093, 0.0358890868240716]], [[0.3057854351943866, -1.168574741475847, 0.08932977181773682], [0.2386375785616539, -1.2117694429303587, 0.14504443856517368], [0.2360886946712053, -0.8853885916958162, 0.05620261705160279]], [[0.09434631911632074, -1.1347754418793763, 0.04983095163106399], [0.09529916102365632, -1.0629355660448923, 0.05888341633087557], [-0.02713582650763824, -0.7462622156913894, 0.16203866114332044]], [[0.30635524990518903, -1.1608601395008629, -0.38571262510885385], [0.22622601067440273, -1.1835815007360446, -0.27889292514722364], [-0.06786658599809448, -0.6346696291513994, 0.04133311555390923]], [[0.07081208352003077, -1.2346073400614441, -0.3084036786295248], [0.010061758375914165, -1.2454857382418851, -0.19049626196258274], [-0.16103060482596088, -0.7899797456937858, -0.027931100029258693]], [[0.2706116534969818, -1.126304158177788, -0.7792688225545698], [0.24914933637058279, -1.1430733588408273, -0.6187779315381512]], [[0.3945343880720006, -1.1761141477907517, -0.6037417149187199], [0.3574192868864259, -1.2067972751030973, -0.4791782051078952]], [[0.16861644262598477, -1.09459261348539, 0.5966634758827893], [0.08608474947166289, -1.0153028149621497, 0.6057208261894393], [0.19861742966971208, -0.9137207848280027, 0.5296723673102977]], [[0.14354463879877868, -1.0083050450451516, 0.5551007660486732], [0.13980509334713237, -0.9484796680667266, 0.5526598820315244], [0.20752758133849503, -0.9256961393803089, 0.5270458150558666]], [[0.20006587715535368, -1.1516750916776117, 0.06958036172440041], [0.1669683697926551, -1.1373525044876254, 0.10196392744802463], [0.10447643408178353, -0.8158254036936028, 0.10912063909746161]]]}