{"bodyId": "h0", "timestamp": 1642441596168000000, "continuousState": [[[0.11449128451712104, -1.406194507541239, 0.6832927108919107]], [], [[-0.011883089650723044, -1.3945642317479308, 0.7373055259001314], [-0.010793635247040356, -1.3279780683010065, 0.7631806604204835], [0.04159880386378911, -1.2692099683260847, 0.7336375371952398]], [[0.2006218242166515, -1.2593361062272241, 0.5432715445553027], [0.1279180675600422, -1.3285501890486613, 0.6247351309108133], [0.2800606837979893, -1.190315828028771, 0.5128988586383632]], [[-0.111505798124657, -1.2791543284062017, 0.6132682692911775], [-0.130726017057607, -1.1596613015928212, 0.5943906278191418], [-0.1052876814541146, -1.0590225480512485, 0.5967328259975319]], [[0.2795416192533071, -1.289311865659194, 0.2606723844521197], [0.22670928938163692, -1.33340187152766, 0.3702972791440642], [0.33546050677012684, -1.1876219935824637, 0.257783654071604]], [[-0.26117919655114447, -1.2036696071947697, 0.38665010097201336], [-0.29924648646943575, -1.1035580138488, 0.40326730452640613], [-0.1870834291554112, -1.0395615014952821, 0.4158174198508878]], [[0.14428778201107928, -1.4312599131926722, 0.10360950817603154], [0.14494834374738574, -1.4057279390751625, 0.1782428613607232], [0.09229007577167314, -1.0474202451588308, 0.32012252566651755]], [[-0.32703923130697127, -1.277809323143141, 0.1873497407090967], [-0.278566970879358, -1.2896596879258784, 0.28464599120093537], [-0.24134503015666964, -1.2490444782635723, 0.28947279017299987]], [[0.1573542831703038, -1.3735518681895298, 0.17994986120478473], [0.04877656351222637, -1.3808789076426549, 0.1786537708524638], [0.15223130514842342, -1.106327669934165, 0.07483906960599995]], [[-0.08933814693973885, -1.3258085993803044, 0.10719488550792322], [-0.09665430095604521, -1.2656436602659364, 0.14005156705149102], [-0.03158279772834871, -1.1486356354231555, 0.09450021416986876]], [[0.15906263049093966, -1.256781805867099, -0.30923985086841466], [0.09338911287569518, -1.326549882338407, -0.18990595335994742], [-0.04845496235811653, -0.7958750770271941, -0.026390863465267533]], [[-0.20755583501462338, -1.213567834929821, -0.5582430971885066], [-0.13069675523280977, -1.3387575339678734, -0.21063796433309734], [-0.23844520657882473, -0.9879900103981618, -0.04012716868841637]], [[0.161710867647319, -1.1133882476255732, -0.7276831703104618], [-0.01681425421681948, -1.3400326980485957, -0.2683954904620798], [-0.21700438982697945, -0.4935521214565941, -0.03093416055522613]], [[-0.1429300961957547, -1.263602068031219, -0.8024336163549761], [-0.12414212980897532, -1.3419082084935174, -0.6964065304252892], [-0.3138399436634579, -0.812909239835433, -0.26214654476824995]], [[0.084271504287594, -1.4159204834565904, 0.6710870091627947], [-0.021787982628022395, -1.2683647238219447, 0.6321962875376206], [0.06872447927641168, -1.1174553509881808, 0.559161988239644]], [[0.044558013045997255, -1.2692452173167128, 0.5782699069232401], [-0.0014039747487823995, -1.2441057453207414, 0.6095628793649776], [0.08738650117193736, -1.1246691880400097, 0.5548158423179474]], [[0.03400806811528248, -1.349680233784917, 0.14357237335635398], [-0.023938868721909423, -1.3232612839542957, 0.15935266895197742], [0.06032425371003736, -1.1274816526786604, 0.08466964188793435]]]}