{"bodyId": "h0", "timestamp": 1642440483097000000, "continuousState": [[[-0.22234314727686166, -0.8357621647388115, 0.6440680941049701]], [[-0.2601605574218464, -0.9294611213281412, 0.7102495623347843]], [[-0.11684855975221908, -0.9425577668989447, 0.7066370411789755], [-0.09794135714500829, -0.8409648443160733, 0.6540537640637802]], [[-0.45847479974639305, -0.9242846197699606, 0.5262614943791817], [-0.3855986984289399, -0.9627295002981526, 0.5866802680054912], [-0.3120378999981862, -1.000288783482465, 0.576704127883452]], [[-0.06958631780940217, -0.9158123642764064, 0.44655589604675217], [-0.06473327463921397, -0.9973558919368961, 0.5358457218357464], [0.010046330234929624, -0.9254446712967637, 0.4566355972190157]], [[-0.6536068474920382, -0.876495157781793, 0.42371721576355603], [-0.6234190572134038, -0.8825531328683567, 0.45885868289874954], [-0.5307372223034577, -0.957874097766235, 0.43610668848948214]], [[0.10866296764561506, -0.8498809933644629, 0.25037383602228], [0.24105753619022396, -0.7998066690617054, 0.08703307893362822], [0.12903092918190806, -0.8565849786926143, 0.26038836417257805]], [[-0.7663982667941142, -0.7547542261118867, 0.36910293210277856], [-0.6965598808062715, -0.7478809586750655, 0.3626987768981257]], [[0.2763213826656854, -0.8143616621464456, 0.08168151851505656], [-0.12130292084174166, -1.1039922821217008, 0.44121300070503966], [0.26083418343376197, -0.7372970154244902, 0.048865943544721624]], [[-0.43178937057371025, -1.1493515786492532, -0.015231563464439324], [-0.3790287324620949, -1.2124641718683122, 0.1346705615154964], [-0.35771528354551885, -1.033443462053257, 0.10607788107096483]], [[-0.18275167748350318, -1.164641561167986, 0.03036274457593091], [-0.18833390380276682, -1.2440466060956932, 0.12675615542197338], [-0.15845031283401712, -1.0256286600362883, 0.02183419626075478]], [[-0.38846115473884424, -1.1625102218486192, -0.3846654255270032], [-0.39534680919704024, -1.1825663525245558, -0.2717751504540904], [-0.3371852264501394, -1.0957996105745111, -0.3179985286225293]], [[-0.2275406810005114, -1.203394799303958, -0.3671076349860787], [-0.21093887872065087, -1.2239977910943423, -0.26834023129134854], [-0.3093690040680468, -0.7133864574186388, -0.04979932138826981]], [[-0.3218098559264502, -1.2355075588992581, -0.7647251834917407], [-0.3548195932132102, -1.2473965493716708, -0.6840072535571404]], [[-0.24911595946951237, -1.2221303213411243, -0.7895662808817281], [-0.24483086669393916, -1.2927596201521168, -0.7154654008962555], [-0.24626443836123446, -0.9410575247092066, -0.6065567852627378]], [[-0.24578302661209445, -0.9647615591987664, 0.5176888193156395], [-0.24194060365152897, -1.0040971206211509, 0.5750524868109865], [-0.18669968058646702, -0.8982373588767905, 0.5388637924836507]], [[-0.2640305587778976, -0.9200484920231835, 0.4864086952129669], [-0.22516598653407693, -0.9800426961175244, 0.5612629949206188], [-0.1509957848816283, -0.9628667273896143, 0.5166698625512338]], [[-0.3072705240286067, -1.1569965699086195, 0.007565590555745794], [-0.28368131813243086, -1.2282553889820027, 0.13071335846873489], [-0.258082798189768, -1.0295360610447726, 0.0639560386658598]]]}