{"bodyId": "h0", "timestamp": 1642440492879000000, "continuousState": [[[-0.22021508301297654, -0.8418282580692393, 0.6614156010426986]], [[-0.26030560992031276, -0.9448350341943046, 0.7209299325178861], [-0.2523389083326274, -0.8643494545180472, 0.7235182619933836]], [[-0.11824458872997162, -0.9223062618240461, 0.7046701784172171]], [[-0.44474668551697594, -0.9219416361089539, 0.5345625026675005], [-0.3813682594056119, -0.9493290360517559, 0.5778245321072504], [-0.3118022345705922, -0.9850317491457932, 0.5816525615803411]], [[-0.059319086328297355, -0.9467526285395482, 0.47151707922762487], [-0.06789628670136127, -0.9976075092392436, 0.5494855419664502], [0.02278886405490521, -0.9339808384967264, 0.466145481859189]], [[-0.6660673109754985, -0.8460496662708867, 0.4070325875224434], [-0.6236323862500939, -0.8673380628287586, 0.443298935952002], [-0.5135048714982446, -0.9710634451593187, 0.42082957969721146]], [[0.11459242364026279, -0.846298843361224, 0.24966768250043403], [0.22832461884906108, -0.8068058357602463, 0.09828507718012847], [0.1427174055593461, -0.8753252708087883, 0.24938644902374074]], [[-0.7660790425731031, -0.7387029142179036, 0.3575825885799151], [-0.6869327436660526, -0.7642812926648159, 0.3520842471759628]], [[0.27563545641538023, -0.806390884708615, 0.07553509592350016], [-0.11453575232724855, -1.0841739799399326, 0.433273326075827], [0.250568312005613, -0.7255579053306824, 0.05800415935059644]], [[-0.4177202204809669, -1.1585213891241883, -0.0034789687343967923], [-0.3747987593323959, -1.2054428242293689, 0.13294101393102054], [-0.33338079441925894, -1.0748789314167029, 0.06279528783729049]], [[-0.17064776590744835, -1.1742025693821243, 0.04226303560684164], [-0.1950278394097973, -1.2479440474074945, 0.1437377940550728], [-0.18705509926868258, -0.9534951721412215, 0.052419695750957285]], [[-0.3807384984678708, -1.1629392208547513, -0.39262353768805736], [-0.37853252056814024, -1.1474427725347458, -0.309249587485835], [-0.37079698093871905, -0.9918748074193342, -0.2761765054304035]], [[-0.2367107269459241, -1.1671443440108724, -0.377578359807587], [-0.21699357962099253, -1.2011767180545527, -0.2739742626474162], [-0.32398370475208904, -0.5935365774294887, 0.0025270552518482647]], [[-0.331786190048484, -1.2184972055299501, -0.7925249118620635], [-0.35326341574452136, -1.2485115669388462, -0.6701755436152181]], [[-0.25447787518555975, -1.2102037080169865, -0.7941413229583973], [-0.24994596438311856, -1.2916943416677429, -0.6949666474474072], [-0.367697729168035, -0.39612282028940937, -0.09365982944223322]], [[-0.2429487981612795, -0.9561854456501329, 0.520979852627975], [-0.23967019068818057, -0.999059317115186, 0.5717360899173514], [-0.1618294305435748, -0.9443825883042991, 0.5258722639555482]], [[-0.2520328859226366, -0.934347132324251, 0.5030397909475627], [-0.2246322730534866, -0.9734682726454997, 0.5636550370368503], [-0.1445066852578435, -0.9595062938212597, 0.523899021719765]], [[-0.2941839931942076, -1.1663619792531563, 0.019392033436222422], [-0.2849132993710966, -1.2266934358184316, 0.13833940399304667], [-0.26021794684397076, -1.0141870517789622, 0.05760749179412389]]]}