{"bodyId": "h0", "timestamp": 1642440565440000000, "continuousState": [[[0.08582755509003182, -0.8453857594188507, 0.7204163221780285]], [[-0.054435727266956, -0.9229656731735996, 0.7758932243253658], [-0.002465317357065233, -0.9227293530523042, 0.7776025605058426]], [[0.1120953581930354, -1.0494140675477721, 0.7862943712785143], [0.05449513239945303, -1.0210886308690947, 0.7978036147778467]], [[-0.20344299624329754, -1.0589924174533998, 0.5510417349008054], [-0.17271411169062012, -1.0216796520598053, 0.5821265396894335], [-0.0985300413552781, -1.0672571064947824, 0.534776006450952]], [[0.17590114106419635, -0.9904972101052274, 0.5513791420263949], [0.16070980368187981, -1.0107236452328734, 0.6144477657583103], [0.20269159286758276, -0.9089110080858949, 0.5457943728919513]], [[-0.2371908116518654, -1.1406349872129056, 0.3007931874660428], [-0.2501185218696972, -1.1103685146230844, 0.3604449442488944], [-0.1231156004582068, -1.196401159455148, 0.2244393416600069]], [[0.16226857265273364, -0.8196858369374747, 0.12515248449539662], [0.7928158601553756, -0.5454770456720484, 0.0662594299451158], [0.14131194017631765, -0.7939760437764699, 0.3012381821340725]], [[-0.27783997853028286, -1.0848775473408176, 0.02546229649949594], [-0.2696541889589069, -1.0611696030409636, 0.06423430081503945], [-0.21941155188553252, -1.0679264517010354, 0.046666476111605015]], [[0.13014314254747728, -0.7508505871987539, 0.05941545769953305]], [[-0.0825087601619301, -1.128496464100416, 0.031683596865753394], [-0.11273421878358392, -1.1424595648137015, 0.16297297949844625], [-0.10043614722160643, -0.8954676873497018, 0.08543544888603305]], [[0.12765711042696093, -1.059040690131851, 0.030898122140428752], [0.03685889107816087, -1.2134800694402799, 0.22624717989353038], [0.10564878345926054, -0.8521390268369364, 0.07285641645583774]], [[-0.02863090966652093, -1.0818045073118503, -0.37740120074387096], [-0.04634412888066897, -1.1119425847269906, -0.2609765944586624], [-0.21815668085326723, -0.5635780958211294, 0.0016396644348725675]], [[0.11615299065510715, -1.1259208065263775, -0.283355740823269], [0.11413989230422539, -1.1075179074837318, -0.2618241526106797], [-0.1002739459614641, -0.5138807911189638, -0.003471304513766149]], [[0.022110163138449712, -1.1289925454945131, -0.7591980193066069], [-0.0005630395207720795, -1.1269050081511716, -0.6702246983958589]], [[0.1159098181071605, -1.0990887745805893, -0.7554294604940834], [0.07551813694891418, -1.1846944440466805, -0.6177836261838788]], [[-0.03089991588340041, -0.9593220939574034, 0.5250875327774702], [-0.021351685480357707, -1.0259685494450888, 0.5986363470418365], [-0.012522364554024223, -0.8870022786677875, 0.5809190616710154]], [[-0.013770927589550591, -1.0247448137793136, 0.5512104384636002], [-0.006002154004370153, -1.0162016486463394, 0.5982871527238719], [0.05208077575615233, -0.9880840572903387, 0.5402851896714517]], [[0.022574175132515417, -1.0937685771161334, 0.03129085950309107], [-0.03793766385271152, -1.1779698171269906, 0.19461007969598831], [0.0026063181188270557, -0.8738033570933191, 0.07914593267093539]]]}