{"bodyId": "h0", "timestamp": 1642440652540000000, "continuousState": [[[-0.08416483442268863, -1.2268647623436038, 0.6233092511007355], [-0.023824910588926107, -1.2161975967902336, 0.5959209273959705]], [[-0.00579356377587803, -1.3101030560234102, 0.7021521465437519], [0.0017240128184718984, -1.264780000042422, 0.7343825614904214]], [[0.06020085844365486, -1.1415354997104092, 0.6610264039937258]], [[0.07196486472334479, -1.3874088327305947, 0.5373399674498529], [0.14050634426742314, -1.381659233423512, 0.5905514221146708], [0.041499858393313716, -1.1784645921224546, 0.5917295774918013]], [[0.1734293550939338, -1.214324407049911, 0.5889348229833056], [-0.04099427552433588, -1.2463273881982628, 0.6212859725801688], [0.17419171685330692, -1.0676546726620253, 0.4830826149935804]], [[0.08087261866907591, -1.5174730913648942, 0.22394134026762258], [0.1401349718025986, -1.571734603843761, 0.3952834293563139], [0.09382712643245705, -1.358006274824526, 0.39917201383489387]], [[0.041786728583415034, -1.018548960276772, 0.37223391526375527], [0.1861069747187445, -0.9498832039974191, 0.2232493569575763]], [[-0.05987603189835755, -1.5241001796751419, 0.1942406366497358], [-0.04169247136057008, -1.515598563142495, 0.27088972257887933], [0.04045152611421621, -1.462554803101293, 0.22893854997835428]], [[0.09593452095324362, -0.7810229575338552, 0.0760359283337193], [0.11421796608804047, -0.7523629348590268, 0.06247288749753477]], [[0.15699643531961122, -1.556101173159626, 0.15565694216088122], [0.04895077476425347, -1.5557983461580358, 0.23360932114200827], [0.09472526056621966, -1.3510489293504637, 0.0543636367486513]], [[0.22172417704879838, -1.4843784565041758, 0.16568093832890862], [-0.0726510628082343, -1.4558041461188718, 0.2743649883268142], [0.11502048044146895, -1.138381703062169, 0.09373468974993138]], [[0.1620940824463965, -1.4981430447728532, -0.310202970828081], [0.13607038608944655, -1.514453283809776, -0.31888821594619343], [0.04642640539711862, -1.1432826201273787, -0.13776148360399354]], [[0.0766364649001281, -1.502791880322551, -0.30300322703072136], [-0.015189580315667639, -1.3299753745107816, -0.25803336431846335], [-0.09248449402750425, -1.0214700889917327, -0.04192217869337289]], [[0.23107907762709656, -1.450448208051587, -0.809695923143925], [0.14196721545533197, -1.4891378755855238, -0.6646035015339115], [-0.19314561124906449, -0.6297732858646896, -0.002754467556246365]], [[0.15800517914763768, -1.5814205606362541, -0.6359796497040698], [0.16567741407017822, -1.6100603336481907, -0.5038326783417424], [-0.29300271083474705, -0.627178704851354, 0.0033435258982450478]], [[0.1260449572592759, -1.318369409088186, 0.5671002050720086], [0.05342387722150421, -1.3003571560636245, 0.6034894196934801], [0.15086022282405254, -1.1772904846925565, 0.5158589760805303]], [[0.1226971099086393, -1.300866619890253, 0.5631373952165792], [0.049756034371543634, -1.3139933108108874, 0.6059186973474198], [0.10784578762331032, -1.12305963239224, 0.5374060962426909]], [[0.1893603061842048, -1.5202398148319007, 0.16066894024489492], [-0.011850144021990416, -1.5058012461384538, 0.25398715473441125], [0.1048728705038443, -1.2447153162063165, 0.07404916324929134]]]}