{"bodyId": "h0", "timestamp": 1642440670161000000, "continuousState": [[[-0.09506434035645206, -1.2441862863654385, 0.6416991998685885], [-0.014485844166923556, -1.2013464777563936, 0.5910854977288654]], [[-0.0118852363557988, -1.294138440510249, 0.6930586234049175], [-0.002870293792097134, -1.2637773087748134, 0.7358863970839744]], [[0.05562461600188562, -1.1189850210441317, 0.6598641352818504]], [[0.07787432495755209, -1.38966018889237, 0.5342323971675993], [0.15054170243368548, -1.3788718286267803, 0.5843806451075855], [0.03217043502026451, -1.176014056952683, 0.5854595655381644]], [[0.1765972711169309, -1.200185225678484, 0.5696318708623318], [-0.049873225894881856, -1.2595719563174046, 0.6369252469566504], [0.2093358085960475, -1.1206660815600404, 0.4771529555796804]], [[0.09340081826010549, -1.536344213288503, 0.24039271945214646], [0.14609599909236215, -1.567450731816604, 0.3884285371656122], [0.07543088419628896, -1.3582711455782972, 0.4012736116961413]], [[0.1773586278339091, -1.3230595108250374, 0.44632767512416605], [0.0400717839364767, -1.0211110621381894, 0.3748802728433136], [0.17471752988781541, -0.9475106816615849, 0.24243950073805076]], [[-0.07177235852269892, -1.5089492423351476, 0.20565552208359072], [-0.06518070940975329, -1.4982501172023517, 0.2842789148237572], [0.06397080844627001, -1.4912446216268447, 0.21414287414388966]], [[0.08434011161816879, -0.7977469565095738, 0.08388252833478704], [0.1054560737221577, -0.7408404159526967, 0.07117869132100163]], [[0.15189308885326114, -1.5553110062600655, 0.1288413095708424], [0.052550323502005725, -1.5527141664373927, 0.2284110898883036], [0.09540173054452983, -1.3182377132910612, 0.0690718292651521]], [[0.24380357348947151, -1.5083135022672256, 0.19231930996415492], [-0.07662061462316494, -1.4604971820467596, 0.28103473711083793], [0.1462010497044972, -1.1308302103662018, 0.10788376372878183]], [[0.16937214240588122, -1.4967171912535313, -0.3418806650091367], [0.16573440490060465, -1.507518678599904, -0.37012031404723955], [0.040637152229046514, -1.1343105689953346, -0.122489308889426]], [[0.07775491299444481, -1.5064761793879418, -0.2867086487155922], [-0.026225145537244754, -1.3430148125127543, -0.23355617156167519], [-0.03259193623191092, -1.116157831451304, -0.0936415158818531]], [[0.23574259248153417, -1.4383649798203444, -0.8287903060313458], [-0.18852462624112643, -0.6379212599443604, -0.002356837078234253]], [[0.15279455464315528, -1.5857610957633963, -0.6446432457544776], [0.16045239506219944, -1.613716080022834, -0.4929300440104716], [-0.2870359828546478, -0.6516702976826965, 0.005777081945783469]], [[0.13079872139565202, -1.3165854358366638, 0.56124613191533], [0.06006722982641488, -1.3000223773803443, 0.6001795076300496], [0.15689903938002736, -1.1870561212940836, 0.5122551247574174]], [[0.1272357980372415, -1.294922707285427, 0.5519321340149655], [0.05033423826940181, -1.3192218924720924, 0.610652946032118], [0.120753121808156, -1.1483400692563617, 0.5313062605589224]], [[0.19784833117136633, -1.5318122542636456, 0.16058030976749865], [-0.012035145560579608, -1.5066056742420761, 0.25472291349957077], [0.12080139012451352, -1.2245339618286315, 0.08847779649696697]]]}