{"bodyId": "h0", "timestamp": 1642440671568000000, "continuousState": [[[-0.09012780124743525, -1.2352512490914456, 0.6300598793685862], [-0.004590630983577926, -1.2352829494037607, 0.5804145442126539]], [[-0.013529108448925742, -1.303018468955508, 0.6971842869581366], [-0.005264591778063266, -1.2665448341808832, 0.737828413672887]], [[0.062861185979316, -1.131562585617751, 0.6560536429836247]], [[0.05954860206782264, -1.3519257857314066, 0.5105916645323891], [0.1446968709544344, -1.3776086063471178, 0.5865578023545575], [0.03684431104751362, -1.1843204082615943, 0.5823421069685984]], [[0.16848546736746683, -1.1915202480036144, 0.5749537539172499], [-0.031535568656334556, -1.2668306447393078, 0.6418471111807326], [0.1826695219542851, -1.080278833542068, 0.4860786953541807]], [[0.08964064821861584, -1.5403245864790294, 0.24316836281315202], [0.13738125318735717, -1.5682024653620368, 0.38825823952974514], [0.09608866179162923, -1.395464275872981, 0.36912119065521265]], [[0.18656746388094492, -1.3359591177395491, 0.44515825786685126], [0.03488614876769103, -1.0400706221895586, 0.3936853391584074], [0.1817097365503919, -0.9573513834309377, 0.23681042256478724]], [[-0.07377652563748305, -1.5068242260793507, 0.18769242354853177], [-0.06099693571563669, -1.500404243454358, 0.2756177063668923], [0.04416200823566707, -1.4699255847463943, 0.22477785725496857]], [[0.08528784922290178, -0.7840426807902998, 0.07557738962124927], [0.1175442407505436, -0.7566686445613164, 0.0592346467148146]], [[0.15097797547713976, -1.5552709313602195, 0.16029087951302723], [0.061236629834505285, -1.5451158245316674, 0.22327302396708348], [0.09860563278235923, -1.3403611387097067, 0.04927662773711905]], [[0.23374373485199046, -1.4913814820477111, 0.18572873414070368], [-0.06836528519105811, -1.4515089254837155, 0.2751021516804646], [0.1270855862963689, -1.1275864783624758, 0.08776717882262997]], [[0.16524965562444077, -1.4870975052917028, -0.3251984837805193], [0.13741156687320966, -1.5133859835548789, -0.3214703649139943], [0.040976155734238295, -1.1340023899329315, -0.1312712216148414]], [[0.08153278397096075, -1.5161331568566607, -0.2705867297949651], [-0.026968035022462145, -1.3441205094099349, -0.23200847159214755], [-0.10730819712738615, -0.9949039740579564, -0.014908770997568488]], [[0.2392308534018538, -1.455249941627955, -0.795451428669386], [0.15053584485190452, -1.4912240932714893, -0.6741336863157429], [-0.19324693168004892, -0.6298173560569096, -0.0027991773290438338]], [[0.157132709624757, -1.5782624390791267, -0.6562881828122882], [0.15432494027849808, -1.6264054879990466, -0.48358585652598984], [-0.29371705166881446, -0.6516903171278365, 0.0009664664634923548]], [[0.12562047083291566, -1.316751572135284, 0.5659939740530244], [0.06435136207263947, -1.3021662005472363, 0.5990571013629569], [0.1336003046249894, -1.1497501559570258, 0.5262296099461772]], [[0.11401703471764474, -1.2717230168675107, 0.5427727092248196], [0.05658065114904992, -1.3222196255432128, 0.614202456767645], [0.10975691650089936, -1.1322996209018312, 0.5342104011613895]], [[0.1923608551645651, -1.5233262067039655, 0.17300980682686545], [-0.0035643276782764133, -1.4983123750076914, 0.24918758782377404], [0.11284560953936407, -1.2339738085360912, 0.06852190327987451]]]}