{"bodyId": "h0", "timestamp": 1642440678134000000, "continuousState": [[[-0.07832437192365904, -1.2205550529785767, 0.6283086614536486], [0.0035944022597416136, -1.2197330180570973, 0.5917209302701066]], [[-0.006632066124311664, -1.2943476757445138, 0.6943632814071157], [0.007967481076585625, -1.2567933768632975, 0.7290485346267284]], [[0.06068685480104197, -1.1137348539197016, 0.6680224542745723]], [[0.080694199690031, -1.3514411838015374, 0.5157881820715658], [0.14057834252190404, -1.388428903795229, 0.5989327844539138], [0.03239544609605316, -1.147298913632206, 0.6012414700481146]], [[0.18101173783639507, -1.1973100407657116, 0.5750787510037849], [-0.03607160752826477, -1.2609989785838533, 0.6574562471473203], [0.20506008056856562, -1.1004043753174892, 0.47633306573157774]], [[0.09495409950590011, -1.526078778948062, 0.23803462687718935], [0.14267891218436435, -1.5637034019828402, 0.38847780123489106], [0.10310412496139687, -1.357129615461084, 0.3893693456792543]], [[0.189964848614608, -1.3399799985021983, 0.4160925992748741], [0.043724318195427214, -1.038214716263194, 0.3947852098453939], [0.20147415331323937, -0.9708571488574113, 0.21094939370490529]], [[-0.07419683950288769, -1.492769934149333, 0.1890921185235399], [-0.06295558884733421, -1.4954291325363198, 0.2807501414482789], [0.04125257685038064, -1.445782419888896, 0.22545804574736283]], [[0.08935865888749028, -0.7920281410551164, 0.08628258575882075], [0.1198780441324292, -0.7594392180031799, 0.05695240175525074]], [[0.1630531701341687, -1.5583280848586774, 0.16071692195957765], [0.0714115443728115, -1.5297495205764426, 0.22666675004663284], [0.09586705379106841, -1.3354533048864172, 0.051546604124187545]], [[0.2364623094172701, -1.4547477878436672, 0.14732208304793382], [-0.06225935229236723, -1.4395771320909216, 0.29050064736112513], [0.14208544806228285, -1.135933202943294, 0.07181324250559129]], [[0.1690020003210867, -1.4732326451575157, -0.3777744011576043], [0.14485115013877592, -1.5156705542092537, -0.3275937522352119], [-0.012078068582878076, -1.0416426535050383, -0.08283500062318916]], [[0.091136182579719, -1.5577586383339304, -0.11640129535919042], [-0.0038824488478395036, -1.3171212705608994, -0.27051025890671965], [-0.10279584848496981, -0.9873947255983755, -0.02002508230997002]], [[0.2363850573504485, -1.4407517507683, -0.8238087658294325], [0.14726956836452, -1.4936284440139809, -0.6666648731720328], [-0.2150689379754881, -0.5931248164624292, 0.007913761735492297]], [[0.12801319653789422, -1.5397088833528572, -0.6115534590843584], [0.15240066315540468, -1.6205680936456734, -0.5001271271968093], [-0.3011740833942982, -0.6247552737552593, 0.007827173964731593]], [[0.13511601825265823, -1.3125501252325373, 0.5599953520098438], [0.06026865221745392, -1.3003827793446217, 0.6060316264508248], [0.1636471193059803, -1.1700889906473728, 0.5240542594676547]], [[0.13085296876321303, -1.2743756122836245, 0.5454334665376754], [0.052253367496819636, -1.3247139411895412, 0.628194515800617], [0.11872776333230939, -1.1238516444748476, 0.5387872678898462]], [[0.1997577397757194, -1.5065379363511724, 0.15401950250375573], [0.004576096040222133, -1.4846633263336821, 0.258583698703879], [0.11897625092667563, -1.2356932539148557, 0.06167992331488942]]]}