{"bodyId": "h0", "timestamp": 1642440811665000000, "continuousState": [[[-0.16932722430333713, -0.805343083927015, 0.6664757079209258]], [[-0.2047109372590551, -0.8737128446643334, 0.749349684595394], [-0.21775601350745022, -0.7636616669361357, 0.7656517278824508]], [[-0.0785116515774047, -0.8623511446055732, 0.7686181569540831], [-0.0671140229190954, -0.7749405165904907, 0.7153859897467322]], [[-0.3330482314807732, -0.9877425291334212, 0.5712279704477048], [-0.30996056304578357, -0.9676528646475093, 0.5935572591373591], [-0.2386585646599837, -1.001974216983325, 0.5525286914715191]], [[0.04753814328262451, -0.8876685251720489, 0.5616723443214058], [0.04885277379076902, -0.9237037014861291, 0.5937455380271723], [0.07510050286388292, -0.8357561559874072, 0.5646914384865219]], [[-0.3603530507867512, -1.0978146045723534, 0.311046385206609], [-0.3550520020013713, -1.0603800340578238, 0.3681819351867748], [-0.2927261220942802, -1.0519433412790051, 0.287902338700847]], [[0.05821051899057411, -0.9961848286097814, 0.29110405554592167], [0.01054887584825659, -0.7689556935135193, 0.2878716744205644]], [[-0.3718225085526519, -1.0861186927883686, 0.07899375338464254], [-0.37651452232139615, -1.0324700166868537, 0.06633502334024977], [-0.3277476271500017, -1.0508075228348428, 0.043034007924896533]], [[-0.0024907344007867316, -1.0072566003453858, 0.20199197692475623], [-0.027081901224457416, -0.7361957838789015, 0.06376621160834539]], [[-0.2049195271373616, -1.1281529930092, 0.055515649767466035], [-0.251511338184901, -1.1249309806225674, 0.16362006761499726], [-0.20416808385903162, -0.9668581983311799, 0.057478310134375876]], [[-0.0015130845914752555, -1.058707481295615, 0.06182423978443197], [-0.10364135629360127, -1.229011095403638, 0.26025746205347944], [-0.06272411978051862, -0.786164882160963, 0.11997418281754924]], [[-0.15372733564896457, -1.0950203176084439, -0.3778928777917534], [-0.17852690018785244, -1.115238424765737, -0.22444906044751023], [-0.332569425629907, -0.6662352555429285, -0.04542383527020977]], [[-0.023965240028332557, -1.0480924424285325, -0.3890039696625729], [-0.03620363204862487, -1.1231587715046971, -0.18818650850129992], [-0.2298248620354909, -0.48848268161557984, 0.017674945765508043]], [[-0.08531223808428978, -1.1474430263727773, -0.7850949089444089], [-0.15941468042023343, -1.231915107163406, -0.49778956478896896]], [[-0.004038228609749783, -1.1037801411043424, -0.7927334914600571], [-0.033575865159314766, -1.18324794679872, -0.5992296094020251]], [[-0.14219853255251963, -0.940907157058255, 0.5614340927572241], [-0.15010137945283586, -0.9724594672279856, 0.6076170930760187], [-0.12497748442781353, -0.8393150468657505, 0.5904351129691139]], [[-0.14275504409907436, -0.937705527152735, 0.5664501573845553], [-0.13055389462750727, -0.9456782830668192, 0.5936513985822658], [-0.08177903089805039, -0.9188651864853661, 0.5586100649790204]], [[-0.10321630586441843, -1.0934302371524076, 0.058669944775949], [-0.17757634723925114, -1.1769710380131027, 0.21193876483423835], [-0.13344610181977512, -0.8765115402460715, 0.08872624647596256]]]}