{"bodyId": "h0", "timestamp": 1642440825467000000, "continuousState": [[[-0.2875831034147596, -0.8493905221791169, 0.6915936461752542], [-0.20456965501580338, -0.8740053403687362, 0.6893581385837794]], [[-0.24696822482854663, -0.9621233720207867, 0.7321471642040353]], [[-0.10348241954980969, -0.9640857862778633, 0.7636803639728402]], [[-0.37374640189286534, -1.033370778738641, 0.5370267874351917], [-0.34231843207522616, -0.9783470646655559, 0.5295263673244848], [-0.2756954122919021, -1.0490980109888002, 0.5206329955884832]], [[-0.0047686971034761605, -0.9406106933781766, 0.5286144536996267], [0.029515306665194863, -0.9400770199573851, 0.5598279166996722], [0.02945104725093506, -0.9125586048345542, 0.5456113880315585]], [[-0.40211407838304797, -1.11536646113866, 0.29604586773672126], [-0.41392963346371886, -1.0739797978000976, 0.3311567519830594], [-0.3638812409222477, -1.004038091673427, 0.28653050031627014]], [[0.02577521621592571, -0.9401564290397755, 0.18041297711851678], [0.037458628639652325, -0.8347051940631817, 0.28148118142019674]], [[-0.40452390761957013, -1.0700604840633092, 0.057382708821704265], [-0.4285269933854561, -1.0186595013953004, 0.033113799968125246], [-0.36679960901669073, -1.0088839936133998, 0.021965275009033558]], [[0.018162096454507115, -0.9612686324227726, 0.184227026134961], [0.015019046229225674, -0.7741488978724744, 0.030820816704964726]], [[-0.25752015558513797, -1.1141573169211119, 0.00995400686521708], [-0.2692188310742193, -1.1233756825694623, 0.11171405049658412], [-0.27545482810441146, -0.8981220702915667, 0.09075205276221032]], [[-0.05095200528959637, -1.039323895466804, 0.02199507892355612], [-0.0885686127012616, -1.1856336927656415, 0.1739362063854597], [-0.10778963875838787, -0.7755314826732631, 0.12258233019230691]], [[-0.20990972372018657, -1.0634047412646463, -0.44438233979954167], [-0.21237329038515385, -1.1255295590751957, -0.1910446470958671], [-0.27889433600547286, -0.778265827626035, -0.24871475368239204]], [[-0.009103564256130792, -0.9459438974224448, -0.4211861550608802], [-0.07681739033487711, -1.1288102706742282, -0.1463449505899268], [-0.23033597590682764, -0.48603397118995195, -0.00037568382734853856]], [[-0.10669719247942855, -1.1377484436771834, -0.7676211182408955], [-0.10544745731989313, -1.1429881553170385, -0.6644140239507698]], [[0.00859660832483844, -1.1146470263153931, -0.7711854333952242], [0.025164094646670465, -1.1637495010016121, -0.689000436416087]], [[-0.2085092889129765, -0.9423153319704798, 0.5010010325483147], [-0.17077269871437073, -0.9964454051552716, 0.5698795756547534], [-0.16049753678691703, -0.9206810968583606, 0.561610871023385]], [[-0.18925754949817075, -0.9869907360584088, 0.5328206205674092], [-0.15640156270501565, -0.9592120423114705, 0.5446771420120785], [-0.12312218252048351, -0.9808283079116772, 0.5331221918100209]], [[-0.15423608043736717, -1.076740606193958, 0.0159745428943866], [-0.17889372188774044, -1.154504687667552, 0.1428251284410219], [-0.19162223343139967, -0.8368267764824149, 0.10666719147725862]]]}