{"bodyId": "h0", "timestamp": 1642440853808000000, "continuousState": [[[-0.20523782182148054, -0.8728211759596678, 0.6963814660763206]], [[-0.2632213232880945, -1.0080723157063833, 0.7292909274156074]], [[-0.09985502003905894, -0.9742126797610815, 0.7678029879465178]], [[-0.38954238506155925, -1.0204116443841853, 0.5076720939997881], [-0.2784778563360579, -1.0430993467281726, 0.523132419099538]], [[0.008998150127580262, -0.9667353939136973, 0.5437477506023634], [0.03334668656889339, -0.9061151863010105, 0.5472297027854183]], [[-0.4148538797419187, -1.1002060024624434, 0.25209057081689656], [-0.36276660395461513, -1.006548720550093, 0.2850916460129166]], [[0.028889572015589726, -0.9510528219950796, 0.18864770595114466], [0.011894930772664791, -0.7981048662844692, 0.31019003481346863]], [[-0.39926683257261036, -1.11039829177218, 0.05417504315157773], [-0.37448780511070456, -1.0264976629648754, 0.006412131143444966]], [[-0.013084349195981781, -0.7337389112047039, 0.06190350256782229]], [[-0.2519404334981862, -1.1262791239393823, 0.012576447536866153], [-0.24964018233202112, -0.95209761152102, 0.061382694220341705]], [[-0.04450935022384628, -1.0567912989627406, 0.029089162987582684], [-0.10208965214315269, -0.7846819511692982, 0.11612738674976308]], [[-0.18416403280191074, -1.1189882832194276, -0.3751572671642418]], [[-0.015117703486835055, -0.9758611174338261, -0.4273014864180398], [-0.23696883939990543, -0.49707187219510507, 0.0004955564021786873]], [[-0.08351381185915818, -1.1517023148714394, -0.7648317986308787]], [[-0.005144385538548679, -1.125244361062386, -0.7636470772993676]], [[-0.2158895457963984, -0.941212067351505, 0.49168743129876646], [-0.15593480788666658, -0.929000939138252, 0.5583208862834037]], [[-0.1902721174669895, -0.9935735191489413, 0.5257099223010757], [-0.12256558488358227, -0.9746072665145915, 0.5351810609424781]], [[-0.14822489186101623, -1.0915352114510615, 0.02083280526222442], [-0.1758649172375869, -0.8683897813451591, 0.0887550404850524]]]}