{"bodyId": "h0", "timestamp": 1642440876655000000, "continuousState": [[[-0.21662278275461166, -0.864891869623012, 0.7000747324453673]], [[-0.2651649383491337, -1.0174696835785628, 0.7263171341998413], [-0.2432415419499221, -0.9920032650810191, 0.7365524821613586]], [], [[-0.3763751767314032, -1.0314464578112372, 0.5157409347507214], [-0.34160354973285517, -0.996747478194153, 0.5326690233209785], [-0.2756679719603822, -1.0491172835868827, 0.5207556692253474]], [[0.009808714515603723, -0.9693164083759283, 0.5451570848620599], [0.033579394169866106, -0.9604314008987149, 0.5597439604374417], [0.03433645854557321, -0.9077443597697791, 0.5466015151449043]], [[-0.4019745834775002, -1.116869026888471, 0.2892045802687857], [-0.4179884658250565, -1.0960425496714379, 0.3425825306246062], [-0.33535800392900617, -1.0739306705220268, 0.2562062398894993]], [[0.01766239273292408, -0.9106846623853684, 0.1578202909918225], [0.03122314355351996, -0.8255309604106399, 0.28679043131399584]], [[-0.3951764551379908, -1.090132809293309, 0.04880626675781863], [-0.4299168519636649, -1.0402478379607936, 0.053016638866116184], [-0.356808324460538, -1.0340638515726108, -0.0028143798627169314]], [[0.027317980073538417, -0.9937355982165386, 0.20927081747264697], [-0.02235497012046439, -0.7205456019449905, 0.07204360529432541]], [[-0.2597109357416595, -1.1106232656944366, -0.0029067861734912714], [-0.2709013680290503, -1.1392246715064478, 0.1252626312011964], [-0.25643248276004993, -0.937460070214569, 0.0713187883828984]], [[-0.05087890831451475, -1.038175053531148, 0.011954051189409176], [-0.11020023861319916, -1.2267801812814902, 0.21043495466916862], [-0.08704766794383612, -0.8088769653645653, 0.10623246462036429]], [[-0.18197741960019564, -1.1239218413762662, -0.36896178842522276], [-0.2121102605072931, -1.1249591020043133, -0.19189303670430657], [-0.2826700568063205, -0.7575927927858608, -0.21655246534429962]], [[-0.01061566926169244, -0.9646009193452925, -0.4375543069069743], [-0.07360015722176438, -1.1206403779919567, -0.16591094835468878], [-0.22240758901418367, -0.4881358696133409, 0.0018819444383867956]], [[-0.08403898894296613, -1.1499981591846975, -0.7674339659282453], [-0.11480034317208587, -1.1452995226616554, -0.6498832347644499]], [[0.001278002939752998, -1.120690151923005, -0.7665677229635716], [-0.0027026521886488464, -1.1644121346998202, -0.655440077162745]], [[-0.21128240585394348, -0.9359404235268858, 0.4902566478612851], [-0.17525880620878076, -1.0111247457242563, 0.5671376693987187], [-0.14817735612950145, -0.930173147458215, 0.5569459321152717]], [[-0.18328323110789974, -1.0003814330935827, 0.5304490098063906], [-0.15401207778149453, -0.978589439546434, 0.5462064918792101], [-0.12066575670740448, -0.9784308216783308, 0.5336785921851259]], [[-0.15529492202808712, -1.0743991596127924, 0.004523632507958952], [-0.19055080332112473, -1.1830024263939691, 0.1678487929351825], [-0.17174007535194302, -0.8731685177895672, 0.08877562650163134]]]}