{"bodyId": "h0", "timestamp": 1642440907743000000, "continuousState": [[[-0.11986394466702599, -1.127255289028013, 0.6381540843195399]], [[-0.154507647401173, -1.257983005575707, 0.729100526245151], [-0.15413302294248343, -1.2133630718975743, 0.7481550657828993]], [[-0.03720406353241057, -1.2004399579038993, 0.7320811036783303]], [[-0.07219596247033422, -1.4409246305871892, 0.5874244811313609], [-0.038866556116865625, -1.3870069045104614, 0.635011926455193], [-0.0991703438582292, -1.1357864905462578, 0.6257781170861082]], [[0.044043505179768794, -1.235332996969254, 0.5767859964006531], [-0.12256348720915355, -1.1286904771497783, 0.522952216976561], [0.038796423303793626, -1.1021115451283385, 0.4663813122902537]], [[0.016262852620512636, -1.651100239218043, 0.4390483786848197], [0.056298220798541965, -1.634091225401429, 0.4951121169200591]], [[0.09479262118718135, -1.2673614531559896, 0.4104394016473645], [-0.07127788814680447, -0.8563883766670091, 0.12392027739261291], [0.03260644776334276, -1.0089239838653323, 0.20340215433206954]], [[-0.021637856846387638, -1.685852782296966, 0.2080539381629144], [0.004520193495004321, -1.6456835107371464, 0.2567482493738307]], [[-0.009959750125267786, -0.7817043999268831, 0.051970087118269115], [-0.07126463484600398, -0.739765857698631, 0.037233110837786576], [-0.03774341089642208, -0.7441631847827821, 0.06249748461415572]], [[0.050498588691691715, -1.6629612038051527, 0.29845830831807796], [-0.11118084893807534, -1.553602227397012, 0.23375705016998616], [-0.06095605042424679, -1.3959960046952764, 0.047158405256891744]], [[0.09971429435450563, -1.5674708187658235, 0.25985688698374154], [-0.16063489746567483, -1.3648223682203027, 0.10760106909880007], [0.002331405434502276, -1.3127141336976367, -0.01791787940779388]], [[-0.023821291843383774, -1.4933841420010707, -0.34532018750567284], [-0.03219474708941328, -1.5451370562124354, -0.2949018521094646], [-0.21444606555604584, -1.1247624486604124, -0.1267852347639048]], [[-0.07443149079944367, -1.5804554773477777, -0.1058173624260006], [-0.1768897622441794, -1.3568053506286508, -0.3137442811870894], [-0.2629930465157495, -1.051360929471684, -0.11095552239093742]], [[0.042244408975640524, -1.431137773284738, -0.8436146454290548], [-0.032472230893393794, -1.501179930585191, -0.6792875349013436], [-0.33208062990639675, -0.7845501822092182, -0.0392066883140707]], [[-0.020502680370511506, -1.5787599253108728, -0.7137857874218054], [0.017590075234066527, -1.6547969894048586, -0.5232386051054884], [-0.3134373123990225, -0.8349441362694172, -0.15401501615604174]], [[-0.0032635407588982313, -1.3700296586699896, 0.601591690622699], [-0.10611723846582621, -1.2991487072960157, 0.6078429844511009], [-0.013604923692900117, -1.1671022940067615, 0.538406614146529]], [[-0.014076228645282712, -1.3381288137782215, 0.5821052387660071], [-0.08071502166300959, -1.2578486908301199, 0.578982071715877], [-0.03018696027721779, -1.118949017837298, 0.546079714688181]], [[0.07510644152309867, -1.615216011285488, 0.27915759765090975], [-0.13590787320187508, -1.4592122978086572, 0.17067905963439312], [-0.029312322494872256, -1.3543550691964565, 0.014620262924548932]]]}