{"bodyId": "h0", "timestamp": 1642440925498000000, "continuousState": [[[-0.11005313595196453, -1.1468021312627916, 0.639051218842869]], [[-0.1471809693565752, -1.2378884396231056, 0.7273766988425813], [-0.12754245899289773, -1.2016542770202698, 0.7561305275292486]], [[-0.015277941166597697, -1.2007374592966198, 0.7147625018514082], [0.03221219864262581, -1.080854243913207, 0.6790531710759758]], [[-0.05598422407167147, -1.4536883998200283, 0.5939719584531185], [-0.03917743485635217, -1.3876558575953215, 0.6357625983809817], [-0.08758954018714094, -1.1899493497038476, 0.6023055214725618]], [[0.05056080967111798, -1.2204376320027426, 0.5638913431097088], [-0.10876815069085788, -1.1133206031534306, 0.5322595673087716], [0.04177840931918153, -1.0665024420771632, 0.5008333974046071]], [[0.009322267078902935, -1.6237331676573192, 0.4494470905358835], [0.05242327237465405, -1.6320112906725415, 0.4905579352805052]], [[0.1031700821118795, -1.3667646127368986, 0.4761654555712833], [-0.1343582165942061, -1.0364906952500181, 0.35918606286508625], [0.03434398965919061, -1.01208947052037, 0.20969915514201432]], [[-0.008865916779535965, -1.6955366932423357, 0.253958864483656], [0.0013022145300528587, -1.6421863008012039, 0.2493209596445709]], [[-0.0662394832455051, -0.7622234091049012, 0.05571644599438641], [-0.03181239059874774, -0.7531031540942204, 0.0557547448676462]], [[0.04483957409404693, -1.650394673897277, 0.28987179684515185], [-0.11589008643356213, -1.54447479469016, 0.23084286308516644], [-0.05496707117932487, -1.3910586076970923, 0.06662393639589559]], [[-0.1678114813887559, -1.3526712228745668, 0.12880072506729734], [0.006705877887698275, -1.219443849320795, 0.06169131567623376]], [[-0.028901530392435593, -1.496864667461142, -0.3316668723634014], [0.0031371067468841662, -1.5283506885956664, -0.39225152107169514], [-0.04497072122043155, -1.3607135310064857, -0.15068067114546124]], [[-0.06117849754533744, -1.5604282798169786, -0.15538562976357295], [-0.19980996732849254, -1.3938884414508788, -0.2230868997852622], [-0.04681206235269997, -1.2106917288550811, -0.07122150938135763]], [[0.041980972081334555, -1.4301403605892684, -0.845551588542196], [-0.02787368779879973, -1.4960000238009632, -0.7074316786788654], [-0.32079068437938085, -0.8414552503166834, -0.020092323711107363]], [[-0.012762295770703647, -1.6103335189905221, -0.6773396014077315], [0.006643766797760797, -1.6472560313165867, -0.5174946111975385], [-0.1463456979543345, -1.1821870382711992, -0.13537254142870003]], [[0.005520050379914099, -1.3523221256531794, 0.5931258420535074], [-0.09235185397397305, -1.2916430839727924, 0.6186668656287158], [0.005612140680860689, -1.1708120038612198, 0.5352892549571369]], [[-0.0027117072002767473, -1.3370630159113854, 0.5789316507814136], [-0.07397279277360502, -1.250488230374376, 0.5840110828448766], [-0.022905565433979702, -1.1282258958905054, 0.5515694594385845]], [[-0.14185078391115902, -1.4485730087823634, 0.1798217940762319], [-0.024130596645813296, -1.3052512285089437, 0.06415762603606467]]]}