{"bodyId": "h0", "timestamp": 1642440933471000000, "continuousState": [[[-0.1180936828482475, -1.1484782132202986, 0.6541370833932773]], [[-0.16266794703790222, -1.2285724206558184, 0.7260898593896068], [-0.1381685569002875, -1.199850857734242, 0.7503728781576894]], [[-0.049169835339091916, -1.1830293507274998, 0.716888516493008], [0.00429489711806319, -1.088694872367959, 0.6723971053595801]], [[-0.07186574009491731, -1.4416453765681263, 0.5880498875909682], [-0.0392978257956369, -1.3747906710206146, 0.6349020264870632], [-0.08854970031285392, -1.171142494591296, 0.5923070659616165]], [[0.03966146817451438, -1.2220971866508166, 0.5686242850416536], [-0.12382189257521825, -1.1344774669604196, 0.5384446908751059], [0.03589762330932933, -1.0823098150335277, 0.46573943653548966]], [[0.015194007682189259, -1.6386764426747613, 0.4337023102658636], [0.03175349599875266, -1.6422140224185071, 0.5108568793031283], [-0.02923902337096651, -1.39956231181374, 0.2982682742750925]], [[0.1028598637300554, -1.348684482731131, 0.4694846526000005], [0.01774860437266068, -0.9846102135552125, 0.21742239561686982]], [[-0.018158147398968816, -1.6700180212771263, 0.21369421614317274], [0.007673873498746375, -1.63663826607171, 0.254178109026288]], [[-0.058983364610483924, -0.7183227073012743, 0.024548675305066325], [-0.04428878181545515, -0.7345994029579492, 0.0699933909688163]], [[0.055550064468499916, -1.661723462498397, 0.31310250402941175], [-0.10827844525111707, -1.5368252513683673, 0.2248732427387805], [-0.06157396818454841, -1.3753931689317973, 0.05656171801166521]], [[0.10913792929236932, -1.5919021302227647, 0.3096277823811707], [-0.16484011975725488, -1.3468753264925155, 0.11321175391280325], [-0.015722957683622196, -1.1940031609409953, 0.060892425895727076]], [[-0.022858310236215096, -1.507105378675429, -0.2711788174364278], [-0.029437727731775665, -1.5424725270524595, -0.30109749390358265], [-0.05000263055888321, -1.3693345932319305, -0.16356047568256382]], [[-0.06373188992569612, -1.5542542448941934, -0.15499479601218769], [-0.1779982088946327, -1.3599023532681618, -0.2975991664120303], [-0.013344419544765174, -1.3115606480606203, -0.1325177877250242]], [[0.048358764968037704, -1.4463709288891435, -0.7845024143010656], [-0.03602710843159462, -1.5145128666736207, -0.6564244769956765], [-0.32037955729556644, -0.8672015591771858, -0.16638145410010385]], [[-0.00911788943011127, -1.602061805972218, -0.6763306393376229], [0.012441946311391394, -1.650607129617331, -0.5212783231720246]], [[-0.02688199834252908, -1.3247749283732393, 0.5694622325490369], [-0.1034923007461972, -1.2984499639542935, 0.6224127994411208], [-0.0216522040631979, -1.1359965110827441, 0.5335020650386669]], [[-0.016102135960201464, -1.3318712816094713, 0.5783370863163109], [-0.08155985918542757, -1.254634068990517, 0.5866733586810846], [-0.026326038501762294, -1.126726154812412, 0.5290232512485531]], [[0.08234399688043462, -1.6268127963605807, 0.31136514320529124], [-0.13655928250418597, -1.4418502889304414, 0.16904249832579188], [-0.038648462934085304, -1.2846981649363962, 0.05872707195369614]]]}