{"bodyId": "h0", "timestamp": 1642440959132000000, "continuousState": [[[-0.11537645127750107, -1.1362955602303493, 0.6498104431712833]], [[-0.15506206014366608, -1.2197790443380438, 0.73465097045825], [-0.13417290987136887, -1.199236319123543, 0.7674790831443407]], [[-0.02359583091086881, -1.1936088032148857, 0.7264085935105666]], [[-0.07244996903977052, -1.4510014222732925, 0.5994187953693988], [-0.07085705398581865, -1.3836269508151844, 0.6399620122904455], [-0.11460672300066754, -1.1538997037255858, 0.6300841675568808]], [[0.04858796967948098, -1.2158057069404846, 0.567069656683327], [-0.0932687104857568, -1.0911167074233252, 0.5257320269846117], [0.02826228551874732, -1.0445281737563272, 0.5174396840594234]], [[-0.019351383445309067, -1.6099454098945873, 0.40894641590064695], [0.017049014713300004, -1.626138178698398, 0.5050716454073282], [-0.03055318160506859, -1.3814859817435317, 0.3570528479440951]], [[0.09448749558695502, -1.2649556678782934, 0.40209822499169134], [-0.12187872627348428, -1.0423073577054172, 0.3753484126077735], [0.0386199760316297, -0.9782577446930952, 0.23210806023060127]], [[-0.045864480681656494, -1.638643214861032, 0.1900332432146179], [-0.02447178721160903, -1.632209729361547, 0.25681053661495623]], [[-0.009573233996539088, -0.7842904105760051, 0.053510924108133295], [-0.058647628077799996, -0.7604642715935319, 0.049774767338857995], [-0.03064294251098687, -0.7545359769058106, 0.05478708283460265]], [[0.010906026133680635, -1.5794816738297732, 0.20161569100340548], [-0.11201518659470677, -1.533411871607272, 0.2259027607783386], [-0.05726651214523959, -1.3848808417136365, 0.06944626876269189]], [[0.0843960810914457, -1.512487643724315, 0.21268189758153455], [-0.1569591916343832, -1.3380147062048646, 0.11581993292313286], [0.01901642206665266, -1.1929308192604913, 0.07996436328430323]], [[-0.025849597894231024, -1.501815158895629, -0.3012195838847498], [-0.05299176855109855, -1.5240458888508193, -0.2586421555627949], [-0.08122564392807186, -1.2831542585499913, -0.14612035047166583]], [[-0.05722856613736549, -1.5442220333980101, -0.19526654803590293], [-0.18721045767655764, -1.3736267384189516, -0.20660216017628263], [-0.0632735510206035, -1.1785106252759145, -0.0589855563082311]], [[0.03871999985463925, -1.42232656165975, -0.8625169617294037], [-0.06965288351511978, -1.56700530228458, -0.524923893968959], [-0.3379702641163349, -0.8470932554402262, -0.10106877682438065]], [[-0.021766427591244364, -1.5738578012346436, -0.6957663458203298], [-0.0067867248619946086, -1.6328236500764928, -0.5160335008836494], [-0.17837684775501894, -1.0980059556816644, -0.0706409380548586]], [[-0.014153521172545647, -1.3563084309869522, 0.5912425438751592], [-0.10255321522404182, -1.2822780148826312, 0.6144648517239917], [-0.019531791808641286, -1.1267509185476856, 0.5593031036848489]], [[-0.011930999680144772, -1.3334035646068885, 0.5832442260263628], [-0.08206288223578773, -1.2373718291192548, 0.5828470196375286], [-0.04317221874096011, -1.0992139387409565, 0.5737619258081521]], [[0.047651053612563166, -1.5459846587770443, 0.20714879429247002], [-0.134487189114545, -1.4357132889060682, 0.17086134685073573], [-0.019125045039293465, -1.2889058304870638, 0.07470531602349756]]]}