{"bodyId": "h0", "timestamp": 1609488692077000000, "continuousState": [[[-1.13867949267045, -2.33001540420462, 1.88733596350958]], [[-1.13867949267045, -2.33001540420462, 1.88733596350958]], [[-1.13867949267045, -2.33001540420462, 1.88733596350958]], [[-1.13867949267045, -2.33001540420462, 1.88733596350958]], [[-1.13867949267045, -2.33001540420462, 1.88733596350958]], [[-1.13867949267045, -2.33001540420462, 1.88733596350958]], [[-1.13867949267045, -2.33001540420462, 1.88733596350958]], [[-1.13867949267045, -2.33001540420462, 1.88733596350958]], [[-1.13867949267045, -2.33001540420462, 1.88733596350958]], [[2.9360077463899907, -2.7126714906845213, 0.44344121670724346]], [[3.1879357437523748, -2.5199039313687432, 0.3704088887846566]], [[2.772333258170648, -2.7625734958749333, 0.15276317999175926]], [[3.0606522830256453, -2.610530564398118, 0.015723436744259578]], [[3.0884435643731383, -2.856375448582831, -0.30828939919971377]], [[3.1129458305711735, -2.7192272347878026, -0.34359997066102554]], [[-1.13867949267045, -2.33001540420462, 1.88733596350958]], [[-1.13867949267045, -2.33001540420462, 1.88733596350958]], [[3.0619717450711827, -2.616287711026632, 0.40692505274595003]]]}