{"bodyId": "h0", "timestamp": 1609488765107000000, "continuousState": [[[-1.13867949267045, -2.33001540420462, 1.88733596350958], [0.19176983046594787, -0.7594408942333788, 0.8020163146015729]], [[-0.06293045557115984, -0.8957265260021967, 0.8466692825418052], [1.66027482299516, 1.38843386113612, 1.58287607042858]], [[0.09546272434622727, -0.8886844199730843, 0.8490850307561242], [0.255775756032782, -0.9083001069276326, 0.830541454132043]], [[-0.11262587046123029, -0.972935797332974, 0.6513811467353352], [0.04703900790699467, -0.8956770403750147, 0.7048534604867027]], [[0.19461869392825248, -1.0584588912674842, 0.7253507702934965], [0.34215270891557314, -1.013799815601985, 0.6696953561543417]], [[-0.2460429228877905, -0.923384539106608, 0.38561665349331875], [-0.05504438373303544, -0.793945110954621, 0.5262528795445702]], [[0.22415887303405357, -1.1431427686973972, 0.5477425821202768], [0.35436618539733544, -1.07006063046447, 0.3474007368319234]], [[-0.22472704383834063, -0.6476228259060008, 0.1894720318725207], [0.4037300575952809, -0.06928073691999526, 0.7350268847385607]], [[0.11292317205046176, -1.1746258519355697, 0.4753294194905737], [0.24071434428071714, -0.8112579651933827, 0.25700608216781284]], [[-0.023280197324383023, -1.0981107500009575, 0.17211453947934152], [0.4186748755538974, -0.3947628850600491, 0.4787524170011803]], [[0.1715147330317528, -1.1651597008010894, 0.15734588704830266], [0.2578065015989879, -0.9466120281456916, 0.1579290602578396]], [[0.03232936712974177, -1.121188814881909, -0.21377124645705115]], [[0.26053606442256627, -1.1387126642249221, -0.2540180128913987]], [[0.09099075753260766, -1.1714306845778584, -0.6319454871839845]], [[0.2784639328118692, -1.2613032433517446, -0.5803246939415923]], [[0.03830725540600821, -1.0097759883771054, 0.6882847556073941], [0.21812733335690448, -0.9366334702568999, 0.6945136547565376]], [[0.040996411733511096, -1.015697344300229, 0.6883659585144158], [0.1945958584112839, -0.9547384279884998, 0.6872744083205222]], [[0.07411726785368489, -1.1316352254010233, 0.1647302132638221], [0.3382406885764426, -0.6706874566028703, 0.31834073862950996]]]}