{"bodyId": "h0", "timestamp": 1609488089771000000, "continuousState": [[[1.42604589871181, -2.80473854757645, 1.69753131829218], [-1.13867949267045, -2.33001540420462, 1.88733596350958], [0.4747933584777113, -0.6765524676407058, 0.723154876672444]], [[0.34684064343019894, -0.8805777099907202, 0.8669224178171739], [0.2355712165614825, -0.6791651621719399, 0.8350956845219548], [0.4539874160197135, -0.657812488960545, 0.8106566700883435]], [[0.4936772654803666, -0.8232684463461633, 0.8255254959592053], [0.3385963820139508, -0.772946945041662, 0.8831602375360723], [0.5763563646835383, -0.7072764101516111, 0.7801755795934584]], [[0.14728764949070694, -0.8549848338598118, 0.5826985077610487], [0.19324607299450636, -0.9058507202964177, 0.698061132891866], [0.3286406940471558, -0.8687747785607951, 0.6601491531750474]], [[0.551254059328077, -0.8408709910873995, 0.6087731029349526], [0.3606294824417643, -0.8862919624831214, 0.7184922785613006], [0.5588540851377375, -0.837371743158849, 0.5520498441309232]], [[0.1167542273619957, -1.0970431825083453, 0.35702428356051286], [0.06299152090941917, -1.0837764210640932, 0.46256093744889526], [0.2567862763038118, -0.8256460132395171, 0.47858404999548876]], [[0.613861761724512, -0.6893713552750886, 0.3312144738901379], [0.19027357256392508, -1.0412744983597744, 0.6185542470282992], [0.5425415462209286, -0.6680786144420483, 0.25216981159206275]], [[0.26565349622435686, -1.0965560845855107, 0.4025316679180153], [0.10974442786357907, -0.8417798794438403, 0.2921370627703497], [1.66027482299516, 1.38843386113612, 1.58287607042858]], [[0.5892023618035158, -0.9026349836476706, 0.5711839563069261], [0.07964770043830849, -0.9443979953586414, 0.618534335532442], [0.49097266158460595, -0.4336028798462521, 0.052869651056332456]], [[0.25110445209761756, -1.0830646624356934, 0.13732374766631672], [0.15055468211815026, -1.0170191052622368, 0.18058051975692235], [0.22490667304772916, -0.7692186375031085, 0.14344005294066386]], [[0.4203957790774955, -0.9717001391518361, 0.0804921930236453], [0.2852863473888727, -1.0483822130419007, 0.16667409625154028], [0.4288718459334706, -0.6868521969951702, 0.14468483092078976]], [[0.07864680128832724, -0.961341111471431, -0.33741652078922746], [0.0935994532552924, -1.0082766058788868, -0.24869849178856973]], [[0.5006972861464136, -1.2074027958838838, -0.03483301386988358], [0.3039030978013497, -1.0147026310734373, -0.21077152600334292]], [[0.052516963306805664, -1.024300624531207, -0.701311591285793], [0.04466947304365276, -1.0954282322370654, -0.6318622071751898]], [[0.3226052007612359, -0.9843458510109491, -0.75136889940674], [0.3707671685305265, -1.0716920144650808, -0.6583842327588654]], [[0.3722997321938768, -0.8810605149199853, 0.6188721189760613], [0.28283405884114154, -0.8872847726115938, 0.7091446148879446], [0.44925954020656667, -0.8402759622865132, 0.614328699047715]], [[0.349270854409392, -0.8479279124736057, 0.5957358053480006], [0.2769377777181353, -0.8960713413897695, 0.7082767057265833], [0.44374738959244664, -0.853073260859822, 0.6060994986529853]], [[0.3357501155875565, -1.0273824007937646, 0.10890797034498101], [0.21792051475351149, -1.0327006591520687, 0.17362730800423132], [0.3268892594905999, -0.7280354172491393, 0.14406244193072681]]]}