{"bodyId": "h0", "timestamp": 1609488800952000000, "continuousState": [[[1.42604589871181, -2.80473854757645, 1.69753131829218], [-1.13867949267045, -2.33001540420462, 1.88733596350958], [0.10136444257577826, -1.53141319336069, 0.8954584245276098]], [[1.42604589871181, -2.80473854757645, 1.69753131829218], [-1.13867949267045, -2.33001540420462, 1.88733596350958], [1.66027482299516, 1.38843386113612, 1.58287607042858]], [[0.16198990202864905, -1.7897460677476373, 0.8087695679562779], [-0.013954384397757202, -1.6673007045242652, 0.9563158935260487], [0.1678929349176148, -1.6072018541036144, 0.9231691640087891]], [[-0.0011884768976391236, -1.9919760943681242, 0.6127304913496368], [-0.20186217502674197, -1.8399110765857696, 0.759292011439969], [-0.09705871226097051, -1.7677956265991706, 0.7551228564841321]], [[0.28294979870261594, -1.825632928032122, 0.6075561273495651], [0.08643149920942217, -1.725211178751558, 0.8369377916644345], [0.19703506406897042, -1.727983321844017, 0.6821729631956681]], [[-0.08729254629268768, -1.9899980665818986, 0.3028560848037998], [-0.2184918162404199, -1.8802662796881182, 0.4858728666151211], [-0.15796841706618325, -1.7636515405821718, 0.4908674077164157]], [[0.30739611753844476, -1.7432608590949668, 0.2850417115302819], [0.01057614101640092, -1.8372483700813622, 0.7283960312689548], [0.20840285591540075, -1.7363785984731703, 0.36781918062612395]], [[-0.15515582056633814, -1.9387306954864116, 0.018702455492604964], [-0.23908759123570578, -1.848877940914046, 0.17273107481898187], [-0.33129656800469176, -1.8524967646801689, 0.18818971734796786]], [[0.33547237347908654, -1.699111936910147, 0.14055641551252762], [-1.13867949267045, -2.33001540420462, 1.88733596350958], [0.10342142041381241, -1.6739783321931299, 0.11263892217876181]], [[0.10085815128950837, -1.9464404952126233, 0.060011106298891725], [-0.20006485874258928, -1.8200236933020673, 0.4812622528291701], [-0.14845053568465638, -1.6697731374901827, 0.20860154616398052]], [[0.262263322535947, -1.841027263475251, 0.12503691642718695], [-0.13395887157715736, -1.9065285107276124, 0.5505392472563129], [-0.008313471034932185, -1.7607404558236543, 0.14174152300866072]], [[0.0647286375164624, -1.8859757308196101, -0.1886177283867252], [-0.1770745488762202, -1.7371761188804342, 0.19693496032429803]], [[0.19364288857091494, -1.6765478259857307, -0.4047809205754316], [-0.15910091951607241, -1.9229490984659843, 0.3337682291901056]], [[-0.0035162495344303046, -1.7838503617900336, -0.7251513784361407], [-1.13867949267045, -2.33001540420462, 1.88733596350958]], [[0.2997001730974924, -1.9039176740773902, -0.7349218183363077], [0.2563743026388958, -1.969844702032258, -0.41566971477931913]], [[0.15667547027466178, -1.9141789078292764, 0.628523022756251], [-0.05378572454275776, -1.7666312391863366, 0.7736531556512714], [0.06803117123780744, -1.7410392472796175, 0.7137268512463664]], [[0.1408806609024884, -1.908804511200123, 0.6101433093496009], [-0.0577153379086599, -1.782561127668664, 0.7981149015522018], [0.049988175903999954, -1.7478894742215938, 0.7186479098399001]], [[0.18156073691272767, -1.893733879343937, 0.09252401136303934], [-0.16701186515987332, -1.8632761020148398, 0.5159007500427415], [-0.07838200335979428, -1.7152567966569185, 0.17517153458632062]]]}