{"bodyId": "h0", "timestamp": 1609488869359000000, "continuousState": [[[-0.11285721162404072, -1.5639170672490645, 0.5585858400721251], [-1.13867949267045, -2.33001540420462, 1.88733596350958]], [[1.42604589871181, -2.80473854757645, 1.69753131829218], [-1.13867949267045, -2.33001540420462, 1.88733596350958]], [[0.14304091872135372, -1.8587025467290461, 0.8012182850926837], [-0.048569813970348985, -1.7467621381601746, 0.9944939862959895]], [[1.42604589871181, -2.80473854757645, 1.69753131829218], [-0.20941801656131775, -1.7974984964943723, 0.7233370826523697]], [[0.2522331186855249, -1.9707188885800977, 0.6109320772276459], [0.08281338928406123, -1.8560372348646952, 0.8122620547317272]], [[0.06906516198642798, -2.0711793032884964, 0.47588198872112764], [-0.28984125316404286, -1.8577309632578693, 0.5243050769559379]], [[0.29206542044224504, -1.9429048202414667, 0.25826414180731994], [-1.13867949267045, -2.33001540420462, 1.88733596350958]], [[1.42604589871181, -2.80473854757645, 1.69753131829218], [-0.23854258520978044, -1.8015792030774676, 0.15143701700060852]], [[0.26893427442967677, -1.8513495177272563, -0.0212501398108218], [-1.13867949267045, -2.33001540420462, 1.88733596350958]], [[0.12254865059584596, -2.0763543514691536, 0.20935376391285287], [-0.17699852122422577, -1.9272594812115948, 0.3471709695433678]], [[0.19975977917710575, -1.9826741787506321, 0.12581777339325462], [-0.11604125606968951, -2.000713941172635, 0.4530064096333195]], [[-0.011644904533905098, -1.9202573932365787, -0.34276885361687204], [-0.12656775547812593, -1.911660024943263, -0.016055510961153985]], [[0.22507514658130945, -1.8687862606267778, -0.14544304349037906], [-0.24613781684938996, -1.875974322766334, 0.3505757041579296]], [[0.024777850243431265, -1.9428963247667683, -0.7825092845117247], [-0.02498908928629251, -2.002976973616362, -0.499102155814654]], [[0.1600678743627928, -1.6931258808345326, -0.7617503191102919], [-0.1132150646651231, -1.918549673297481, -0.022080702936674523]], [[0.10703217753892269, -1.9963111739692472, 0.63772460009427], [-0.10441762101164764, -1.8437811847893955, 0.8063794809244696]], [[0.8391395086986675, -2.387728718078274, 1.154231697759913], [-0.06330231363862826, -1.8267678656795336, 0.7677995686920485]], [[0.16115421488647586, -2.029514265109893, 0.16758576865305375], [-0.14651988864695764, -1.963986711192115, 0.40008868958834365]]]}