{"bodyId": "h0", "timestamp": 1609488876126000000, "continuousState": [[[1.42604589871181, -2.80473854757645, 1.69753131829218], [-1.13867949267045, -2.33001540420462, 1.88733596350958], [0.2996739438863585, -1.4579329780861334, 0.8286935178221599]], [[1.42604589871181, -2.80473854757645, 1.69753131829218], [-1.13867949267045, -2.33001540420462, 1.88733596350958], [0.19837023992398617, -1.511567184046961, 0.8968240400988563]], [[0.3033872436387326, -1.6631542959414056, 0.7741187510191101], [0.17479314520521294, -1.5601507803223966, 0.9678663129762275], [0.3724663312823937, -1.4903829204942682, 0.8839726350369332]], [[0.034876048530100956, -1.7415359501521195, 0.6226490342498925], [-0.07284773526949251, -1.588572607106555, 0.7505799344608173], [0.05364588315531105, -1.5586162943969373, 0.7252438943639616]], [[0.3456663273602818, -1.74163456072042, 0.5452831330506174], [0.21462253654277763, -1.7088836152635305, 0.7992049963990395], [0.3576040082774872, -1.6742820855690284, 0.643112389626586]], [[0.10726223713786864, -1.8356289903750813, 0.5036607135706006], [-0.15339135932275538, -1.617205163369523, 0.5018539417802999], [-0.05835479074217864, -1.5445998484316676, 0.46468405136850754]], [[0.42932016234542125, -1.8077200129430047, 0.24307436712160913], [0.25600162114051517, -1.7804025670321693, 0.5235917812832667], [0.31188200015743917, -1.7832510359722837, 0.33095289028544994]], [[1.42604589871181, -2.80473854757645, 1.69753131829218], [-0.11884200803738065, -1.5254736108855715, 0.19487299745038533], [-0.12300362586757396, -1.4747107145620222, 0.1942063522283506]], [[0.4604311392756797, -1.6771902511636798, -0.03475481123820057], [0.09157174918892586, -1.7821070838777682, 0.48896753218194866], [0.3279690222827545, -1.7191331324137615, 0.0630496171944992]], [[0.17346648648765517, -1.8446060216389875, 0.24695334252087142], [-0.05685549298982506, -1.6635215381142223, 0.26307065404642693], [-0.019946187930817594, -1.539169477018449, 0.18578485482362872]], [[0.3229689614458675, -1.837140912357888, 0.2308837326399884], [0.09090715384871872, -1.7543893415089022, 0.24140622331536044], [0.14215443938026984, -1.6619090309172408, 0.08437311054056051]], [[0.29317288123654417, -1.8408491374392013, 0.10483853360253415], [-0.0677655724698174, -1.6210748385498703, -0.1498960308377837]], [[0.31864180835543143, -1.737366852785151, -0.06984275254236039], [0.17202830369609634, -1.7229360573715715, -0.1890791388943034]], [[-0.12516794852049817, -1.654650342705001, -0.841690976563974], [-0.08161117979549681, -1.734446599067307, -0.6171993765132706]], [[0.149977404948346, -1.67009401177048, -0.7878310553761465], [0.11960206649184335, -1.781446540286908, -0.5407190057891271]], [[0.244395246549866, -1.7840238857404103, 0.6223688563237484], [0.03943603030311138, -1.6694154927141, 0.8053065901425069], [0.2337584439796836, -1.554300592802484, 0.7127865310918546]], [[0.19027118794519138, -1.7415852554362696, 0.5839660836502549], [0.07088740063664256, -1.6487281111850427, 0.7748924654299284], [0.2056249457163991, -1.616449189982983, 0.6841781419952738]], [[0.24821772396676134, -1.8408734669984377, 0.2389185375804299], [0.01702583042944683, -1.7089554398115623, 0.2522384386808937], [0.06110412572472612, -1.600539253967845, 0.13507898268209462]]]}