{"bodyId": "h0", "timestamp": 1609488952171000000, "continuousState": [[[1.42604589871181, -2.80473854757645, 1.69753131829218], [1.336073570951138, -0.8994446211782509, 0.5969835684526428]], [[1.263038704470823, -1.1186682722107295, 0.6768800324297357], [1.1457696022400155, -1.0450590481772346, 0.827750657929172]], [[1.4033362922104717, -1.0547218335932502, 0.6925263808914273], [-1.13867949267045, -2.33001540420462, 1.88733596350958]], [[1.3609599536991073, -1.3597398629063278, 0.5786068933744206], [1.247820492107389, -1.3165348442869074, 0.7684139263923853]], [[1.5366483768515256, -1.178115002323337, 0.558679375637374], [1.259944745095832, -1.072088734546615, 0.7051653053665363]], [[1.3536975782637601, -1.5325588285514504, 0.31601330609059075], [1.1863575218038915, -1.5069514718106067, 0.554716650924246]], [[1.604417096223849, -1.1596144374876114, 0.13476412541516458], [1.4359087543027953, -1.0439362213850594, 0.36461799288910846]], [[1.2757255669860113, -1.5379185439829859, 0.037601361432535896], [1.1843128574006452, -1.5227325460843815, 0.25034867472289246]], [[1.42604589871181, -2.80473854757645, 1.69753131829218], [1.4144842373366049, -0.9345624316190053, 0.12138272796546845]], [[1.3715007921082882, -1.5348260113240895, 0.09095858778094401], [1.2069602298237834, -1.4400016332006635, 0.2849950927328144]], [[1.5015116055887734, -1.4718790082341162, 0.08191108467382024], [1.2516042097835136, -1.2678066910383436, 0.22204842059070273]], [[1.3083047653900681, -1.4871561816795404, -0.3496268550495294], [1.2004618714764623, -1.5307237057820513, -0.08393613731353944]], [[1.4701340124092284, -1.2820295431357098, -0.4118780687503556], [1.284262115698443, -1.353092964612617, -0.14951352068182322]], [[1.2704482960624386, -1.4643238357144874, -0.8622066100035355], [1.1711702883170239, -1.6282021612192046, -0.4838777692282332]], [[1.3979969130344454, -1.2825176615322413, -0.850041081809161], [1.4085617309323675, -1.3835799735426422, -0.5693628386249125]], [[1.4461733353552904, -1.369971757355719, 0.6346198347900176], [1.2201765059356062, -1.203127970111337, 0.7577324543058672]], [[1.4488041652753165, -1.2689274326148325, 0.5686431345058973], [1.2538826186016105, -1.1943117894167612, 0.7367896158794608]], [[1.4365061988485308, -1.503352509779103, 0.08643483622738213], [1.2292822198036486, -1.3539041621195036, 0.2535217566617586]]]}