{"bodyId": "h0", "timestamp": 1609488021900000000, "continuousState": [[[0.38141985987642657, -1.3057498915939199, 0.7783231925153691], [-1.13867949267045, -2.33001540420462, 1.88733596350958], [0.4049263816045936, -1.2201537782320349, 0.8114812456413407]], [[0.2725697130123641, -1.4073729639684667, 0.8201603739912011], [-1.13867949267045, -2.33001540420462, 1.88733596350958], [0.3136874371982279, -1.2280960592020023, 0.8925776266994894]], [[0.3801879449400729, -1.3959335612861434, 0.817273644175468], [0.23711328973644696, -1.3100385932682623, 0.9557366566082908], [0.46962539845428, -1.2597872625706854, 0.8786651183366361]], [[0.0862192020494037, -1.4054040719889462, 0.6262143363213946], [0.02126629699865923, -1.263873472074517, 0.7107283946877918], [0.12643097157685967, -1.2888796281412183, 0.7255244469746605]], [[0.3883212247689106, -1.4900123678691424, 0.6007246047714032], [0.2602251320134541, -1.4667906713173782, 0.7734712262842214], [0.41701705843185843, -1.403785026526947, 0.6394721493920599]], [[0.15659862090112053, -1.5396529516263369, 0.4935092603510409], [-0.06211510620814753, -1.3144500249671325, 0.4628924456907444], [-0.012601806429926032, -1.2957627097299187, 0.42682409985213354]], [[0.4516918364143523, -1.5393337557888123, 0.2780029959320851], [0.3339955832389323, -1.5212011585306615, 0.4834098991799074], [0.41156877507231293, -1.480122863462432, 0.3430886227190939]], [[1.42604589871181, -2.80473854757645, 1.69753131829218], [-0.03974013139733601, -1.2580349367409354, 0.1735224058707483], [1.66027482299516, 1.38843386113612, 1.58287607042858]], [[0.4540637555571947, -1.4599950824372498, 0.008707782407070264], [0.20384664348516224, -1.5509707875232894, 0.37303292326799364], [0.3779506696665742, -1.455332881244413, 0.07244484608094592]], [[0.20932454751008045, -1.5722872994271764, 0.2233994319429562], [0.01410953269580073, -1.406525315576781, 0.26454165473182933], [0.09947314883422909, -1.1988554006821848, 0.19892847016997184]], [[0.3246630596935014, -1.553864973438802, 0.15964988882939757], [0.1421084518297724, -1.5397263572632092, 0.2818145821692666], [0.23723965185476747, -1.420809183320296, 0.07392690419560632]], [[0.33100609818232996, -1.5346373844660826, 0.027000373811731926], [0.06544111472370662, -1.2991071620331027, -0.19842238802227663]], [[0.27394349128366624, -1.4949322986136078, -0.28640206815795066], [0.23769823692970715, -1.5014739054452477, -0.21206465947012743]], [[0.23914020680246129, -1.4738416305720938, -0.6237866326313637], [0.07082023422449657, -1.3487965605298546, -0.61963111033976]], [[0.21144677883920227, -1.4826228204154686, -0.7828405107028997], [0.1827958971958772, -1.5685830154429634, -0.5571836345933354]], [[0.2952514491324112, -1.5061576886756523, 0.6597564495599626], [0.10459419089311672, -1.3874017661706612, 0.7639454914589221], [0.34964668688262424, -1.1968095981672875, 0.7362080731694904]], [[0.23727021340915716, -1.4477082199290443, 0.6134694705463989], [0.14074571450605666, -1.3653320716959476, 0.7420998104860066], [0.27172401500435905, -1.3463323273340826, 0.6824982981833602]], [[0.2669938036017909, -1.563076136432989, 0.19152466038617688], [0.07810899226278656, -1.473125836419995, 0.27317811845054796], [0.16835640034449828, -1.3098322920012404, 0.13642768718278908]]]}