{"bodyId": "h0", "timestamp": 1609488150339000000, "continuousState": [[[0.26263264899476857, -1.0751658981094039, 0.8212499098170631], [0.2910847743567295, -0.9588949548996331, 0.7963942397762946]], [[0.09961836940827618, -1.118316679534353, 0.833552545296399], [0.2852457202266143, -0.8640354799193946, 0.9214345635291761]], [[0.24704149083344973, -1.1419679829853306, 0.8478300967901586], [0.35627647695726083, -1.0171398960968931, 0.8651976494012055]], [[-0.03277654479903358, -1.2186459325222034, 0.632984424976057], [0.05979455238844711, -1.0705519049866243, 0.7099755809381654]], [[0.35367128355665556, -1.233429634650004, 0.6338890126363488], [0.3480833156779095, -1.155242025164077, 0.637166117939526]], [[0.009119176832783404, -1.30368137364383, 0.48555449867571987], [-0.002763564984851641, -0.9735199064235402, 0.4639604300961706]], [[0.3946023521733917, -1.2369528312680604, 0.30432916629921647], [0.382042141665798, -1.1612248701433496, 0.33989712870124755]], [[1.42604589871181, -2.80473854757645, 1.69753131829218], [0.41924999315606226, -0.3200295464263265, 0.5671071704888151]], [[0.38009337669059406, -1.137302238097784, 0.03965064290430731], [0.30543409417224576, -1.1069964433614716, 0.06942058336117984]], [[0.058408234282795846, -1.2729171031236668, 0.07315408850668947], [0.4148733245521301, -0.4377869027963166, 0.49903222814874804]], [[0.27972040745727966, -1.2602859800374147, 0.12781939187873737], [0.3192220393630196, -0.9267053896931463, 0.22891104491385939]], [[-0.02344241064067787, -1.1711783223920884, -0.31430952607204676]], [[0.2381755380022732, -1.2007604956228752, -0.31156785856967195]], [[-0.034712316801363, -1.1908041720800218, -0.7295555173730264]], [[0.2528841317982442, -1.2143054712516261, -0.7406370962135309]], [[0.20646986736523654, -1.2720046153983406, 0.6833956766962261], [0.2355552963173555, -1.0559238337224337, 0.6985396773995145]], [[0.160447369378811, -1.2260377835861038, 0.6334367188062029], [0.2039389340331783, -1.1128969650753506, 0.6735708494388457]], [[0.16906432087003775, -1.2666015415805407, 0.10048674019271342], [0.36704768195757487, -0.6822461462447315, 0.3639716365313037]]]}