{"bodyId": "h0", "timestamp": 1609488176737000000, "continuousState": [[[1.42604589871181, -2.80473854757645, 1.69753131829218], [-1.13867949267045, -2.33001540420462, 1.88733596350958], [0.3240662897142834, -0.7646798243205226, 0.6906321386997385]], [[0.19229396715717328, -0.9205300873829847, 0.8215704086849209], [0.08009525087293168, -0.7704946366153091, 0.7955037727491112], [0.2614679064162797, -0.7628366488610947, 0.7672058444347314]], [[0.33612554392827587, -0.9023248456867441, 0.7873463751542822], [0.24145010368248654, -0.8081314365231134, 0.8314278897284308], [0.3956572189286758, -0.8845498102164229, 0.7273981732407273]], [[-0.03179611401611737, -0.9342379832274159, 0.5362567024653013], [0.0076548036611205905, -0.913029551698852, 0.6183623516621719], [0.17320508050224181, -0.8629626373486858, 0.6559894767727348]], [[0.41764405148415573, -1.0613234644802918, 0.620209174706585], [0.36247614475556933, -0.9589233587144519, 0.6726546554355406], [0.46804965691175093, -0.9563473208451341, 0.6231879852789817]], [[1.42604589871181, -2.80473854757645, 1.69753131829218], [0.029247544234107803, -0.897981464020259, 0.26829706451183144], [0.4569164609198153, -0.3733089428660845, 0.6257603334093296]], [[0.44153752585412853, -0.8940007918155226, 0.1564976018794253], [0.28382387615121685, -1.1133510746418043, 0.5396381009371891], [0.4911208801842506, -0.9089884014949763, 0.2995741832074632]], [[1.42604589871181, -2.80473854757645, 1.69753131829218], [0.028654375962248846, -1.040343816692381, 0.42923317171256836], [0.12670136717400848, -0.8306233142811923, 0.08169321176640043]], [[0.4027620396514383, -1.0398442668549408, 0.2603912412964955], [-1.13867949267045, -2.33001540420462, 1.88733596350958], [0.3492694898688178, -0.8403163057404628, 0.050700530425587864]], [[0.12719083249903962, -1.1552376356220233, 0.02537319256205639], [0.04207653231586983, -1.131090952930546, 0.21469576513848487], [0.2866605868149372, -0.6984045654963997, 0.2822548550424653]], [[0.34232823396938983, -1.128944185374861, 0.05618295513081817], [0.2406304073003982, -1.1859321944281134, 0.20007307404776942], [0.36423637563034816, -0.8649769079637992, 0.1850984124008821]], [[0.12892421008472432, -1.1274715018636965, -0.21039990882609727], [0.07620703506499038, -1.1246667776403925, -0.24284818932068686]], [[0.39304379817905555, -1.1777431662826747, -0.18711960688452245], [0.2727549568925809, -1.1605392782468213, -0.22736964982680852]], [[0.010358601951037993, -1.0928685007194687, -0.7488769636887236], [0.0605762125482987, -1.1408158697090942, -0.6744423660408243]], [[0.3370596858753727, -1.070350969628719, -0.7578800673296022], [0.31370091670338063, -1.184585148819208, -0.6021839649257896]], [[0.21477607151826028, -0.9916655626737698, 0.5934469678360645], [0.15334508416094705, -0.9571577279421501, 0.6738551254967953], [0.39922094124590557, -0.7653662035099149, 0.7025675299015852]], [[0.19292396873401918, -0.9977807238538539, 0.5782329385859432], [0.18506547420834496, -0.935976455206652, 0.6455085035488562], [0.3206273687069964, -0.90965497909691, 0.6395887310258582]], [[0.23475953323421472, -1.142090910498442, 0.04077807384643728], [0.141353469808134, -1.1585115736793297, 0.20738441959312715], [0.3254484812226427, -0.7816907367300995, 0.2336766337216737]]]}