{"bodyId": "h0", "timestamp": 1609488220287000000, "continuousState": [[[1.42604589871181, -2.80473854757645, 1.69753131829218], [0.29746073013803676, -1.1328826100075495, 0.7846085155928357]], [[1.42604589871181, -2.80473854757645, 1.69753131829218], [0.2283910024623379, -1.0811169574252448, 0.8837665033375794]], [[0.2559573697686499, -1.305679192041103, 0.814158774914205], [0.36780593527357075, -1.1459039586766693, 0.852121275408027]], [[0.0037226489632748994, -1.3175676978642659, 0.69839410862875], [0.04751736172477061, -1.1120297373477164, 0.7152971620122528]], [[0.2532265774429212, -1.4437894135060705, 0.6274866394531233], [0.28738080678621536, -1.3129258599728875, 0.6687712016393077]], [[1.42604589871181, -2.80473854757645, 1.69753131829218], [-0.08990611486335087, -1.1112114988511794, 0.45297348878372135]], [[0.25379357405373715, -1.5282830718778977, 0.28145262199981325], [0.24256937723584615, -1.4306535339159885, 0.3753164181012967]], [[1.42604589871181, -2.80473854757645, 1.69753131829218], [0.4393533838233348, -0.33071723624921634, 0.6203322056808828]], [[0.28775167364152554, -1.453981729329402, -0.0033426634657414134], [0.24251571252820447, -1.4012365196145649, 0.1414209066116714]], [[1.42604589871181, -2.80473854757645, 1.69753131829218], [1.66027482299516, 1.38843386113612, 1.58287607042858]], [[0.2751699980520659, -1.532661056767705, 0.2624501001760653], [0.18379438556678185, -1.2153136401261866, 0.1329022582728654]], [[0.2597489729833278, -1.4935411749230758, 0.07120638160337633]], [[0.2653870154852811, -1.465980973433179, -0.05383472902622044]], [[0.009175380771631048, -1.1017087168877828, -0.7235072914287215]], [[0.04218252040428783, -1.318093422112547, -0.7522115845923991]], [[0.1398321486244143, -1.3855321603549289, 0.6690859538734637], [0.17182283097944495, -1.193050360012814, 0.6892768311342437]], [[0.12847461320309805, -1.3806785556851682, 0.6629403740409366], [0.16744908425549299, -1.212477798660302, 0.6920341818257802]], [[0.850607948381938, -2.1686998021720774, 0.9799907092341227], [0.922034604280971, 0.0865601105049667, 0.8578891643507227]]]}