{"bodyId": "h0", "timestamp": 1609488240186000000, "continuousState": [[[1.42604589871181, -2.80473854757645, 1.69753131829218], [-1.13867949267045, -2.33001540420462, 1.88733596350958], [0.288783925437311, -0.9582234616863006, 0.7788086456902776]], [[1.42604589871181, -2.80473854757645, 1.69753131829218], [-1.13867949267045, -2.33001540420462, 1.88733596350958], [0.013749838016829274, -1.1889900317954705, 0.7787081903299093]], [[0.20227224695597057, -1.1285055653550613, 0.8226781928049516], [-1.13867949267045, -2.33001540420462, 1.88733596350958], [0.36236672474805465, -0.9679062075727134, 0.8630495839511427]], [[-0.039659003529985526, -1.1804936901588743, 0.6668667383579194], [-0.14889921509074133, -1.0005630899497011, 0.6593953439861666], [0.044253115073622507, -0.9481690921999277, 0.6953677903561348]], [[0.2829236066383054, -1.297126719956884, 0.6575349109249937], [0.14416952753543955, -1.1799115039218626, 0.7420609076623894], [0.30727687541515003, -1.1074606468196997, 0.6817752637818724]], [[0.024307273785439287, -1.2825728569435206, 0.5256138191352238], [-0.20686510364224897, -1.0688463422507166, 0.3836910713656492], [-0.11398361461653672, -0.9907672774729226, 0.42702373931577453]], [[0.2890806548839675, -1.2974895045859318, 0.3170650503116339], [0.18890589139047376, -1.280039427539065, 0.4689957791719386], [0.30886666354460757, -1.1751252150695606, 0.37990406925861686]], [[0.2248491566426376, -1.322231554828379, 0.6090228769636368], [-0.11127270427955827, -1.097284075503322, 0.25528372456887993], [0.4320229146340353, -0.19898356261256334, 0.6295424520724111]], [[0.33422504742391346, -1.1374303432205046, 0.03926818882301086], [0.2535703345597, -1.1963860765224918, 0.1910955725724044], [0.30404416594964334, -1.1248043355241566, 0.13682544017929787]], [[0.023447714966327693, -1.2344761529802035, 0.06548564325512896], [-0.08016663889003106, -1.1579988792140128, 0.17377635413831216], [0.4261319157279426, -0.3930791156893334, 0.5144135149528466]], [[0.24812582448470555, -1.2916295223909553, 0.14644829445431773], [0.0944823747724195, -1.2737487581735347, 0.21969631137209733], [0.3084393598490509, -0.9289387997767782, 0.23624498383693826]], [[0.038817063393663975, -1.1523402885745646, -0.3142106977746435], [0.025427735499759407, -1.139089167732349, -0.2830446188604683]], [[0.290601392104084, -1.1462931699566727, -0.3122413369479453], [0.23749903354829005, -1.2043764328189739, -0.18734308872509087]], [[0.010299666506635718, -1.1231949762356064, -0.8275482045255951], [0.06949067730731584, -1.2378694615130108, -0.6121127616396971]], [[0.3337331435691866, -1.218261123543888, -0.7214184160644002], [0.3279229260688563, -1.2877211467686172, -0.6261269026505338]], [[0.13686695510383862, -1.2524610806325598, 0.6696976702256554], [-0.03153788499059029, -1.1042961337738244, 0.7089039805870516], [0.2191045919486514, -0.9569533970481592, 0.7057943061087526]], [[0.12163230155415994, -1.238810205057879, 0.6622008246414566], [-0.0023648437776508935, -1.0902372969357819, 0.700728125824278], [0.17576499524438627, -1.0278148695098137, 0.6885715270690036]], [[0.13578676972551662, -1.2630528376855794, 0.10596696885472334], [0.007157867941194218, -1.2158738186937739, 0.19673633275520475], [0.36728563778849677, -0.6610089577330558, 0.37532924939489243]]]}