{"bodyId": "h0", "timestamp": 1609488255127000000, "continuousState": [[[1.42604589871181, -2.80473854757645, 1.69753131829218], [-1.13867949267045, -2.33001540420462, 1.88733596350958], [0.23444691119866823, -1.2604751841303843, 0.7925374470303497]], [[1.42604589871181, -2.80473854757645, 1.69753131829218], [-1.13867949267045, -2.33001540420462, 1.88733596350958], [0.14284871495758678, -1.206885660513489, 0.9043727170098921]], [[0.15885082519327542, -1.437851623162776, 0.812198373727181], [-1.13867949267045, -2.33001540420462, 1.88733596350958], [1.66027482299516, 1.38843386113612, 1.58287607042858]], [[-0.040123392496674626, -1.4126405507479562, 0.7203729113650585], [-0.2080957814404616, -1.227455234892439, 0.7252755287598387], [-0.06442762592799722, -1.2160093405879264, 0.7496056353432494]], [[0.16380341349316319, -1.5715900727148482, 0.6187431533667791], [4.982852441104413e-05, -1.4810318448565654, 0.7687435107417342], [0.18971365258706752, -1.4132287927865592, 0.6955454124369671]], [[1.42604589871181, -2.80473854757645, 1.69753131829218], [-0.2695109084711058, -1.249237894201847, 0.457104078466424], [-0.20036632947871613, -1.2390806794949971, 0.417275176533745]], [[0.17201468163819755, -1.6167785591697656, 0.264262304851985], [0.09166074279987835, -1.5500334237166546, 0.423144478881158], [0.1823684818718463, -1.4336208314390684, 0.4368347514065949]], [[1.42604589871181, -2.80473854757645, 1.69753131829218], [-0.21899736530385105, -1.1776176810514767, 0.14395815180761518], [-0.1668308822384339, -1.1187229667881582, 0.1976954069272603]], [[0.273959055931559, -1.3805996003066068, 0.15706455223321858], [0.06423840515838064, -1.5735531051600562, 0.6181562150141486], [0.22617046782433015, -1.3200195556187986, 0.25589269833067196]], [[0.214223652790402, -1.5581517799281837, 0.29673116525499266], [-0.18681835254973977, -1.3422420947975375, 0.22771022296662746], [-0.10341555032679173, -1.223339704900999, 0.21278270429422141]], [[0.13400651095442195, -1.5718819826750625, 0.16271828581944692], [-0.06478488214420786, -1.5095342472051785, 0.274508280578206], [-0.014754357703430143, -1.4349730182252296, 0.10016653255230468]], [[0.11945604909656415, -1.4649097749147488, -0.10013005413010334], [-0.08943602588140953, -1.357820155169027, -0.20171258893652033]], [[0.03866431892603628, -1.488994822925936, -0.31081792689094523], [-0.03923239655799371, -1.4963329918464607, -0.17467644913898428]], [[-0.043298575802185546, -1.345724183735099, -0.7168281076599736], [-0.07212514477370391, -1.4477940070533974, -0.5313287620800893]], [[-0.07663229150604356, -1.462186924379877, -0.81825581268707], [-0.03466508691652104, -1.554318202097981, -0.5848114303938989]], [[0.061195800645970966, -1.492018827266926, 0.6736076323602289], [-0.13286674682213007, -1.3720721383969798, 0.7757108275735314], [0.13499679184668367, -1.1995818638997606, 0.7547320226292038]], [[0.06184001049824428, -1.492115311731402, 0.6695580323659188], [-0.10402297645802527, -1.3542435398745023, 0.7470095197507864], [0.06264301332953515, -1.3146190666872428, 0.7225755238901083]], [[0.17411508187241198, -1.5650168813016232, 0.2297247255372198], [-0.12580161734697382, -1.425888171001358, 0.2511092517724167], [-0.059084954015110935, -1.3291563615631143, 0.15647461842326305]]]}