{"bodyId": "h0", "timestamp": 1609488383268000000, "continuousState": [[[-1.13867949267045, -2.33001540420462, 1.88733596350958], [0.412080609470985, -0.7287628319214727, 0.65772648595759]], [[0.22591004518519742, -0.6695980681697986, 0.8178813050829508], [1.66027482299516, 1.38843386113612, 1.58287607042858]], [[0.34022997606480243, -0.7298494773224355, 0.8641293153236369], [0.5773604186404193, -0.691537700016571, 0.7936872243218562]], [[0.2003159848016589, -0.9280568751130469, 0.7157673250930652], [0.49697633564090893, -0.6679778555188876, 0.7277460220477834]], [[0.3219850087414583, -0.9345787723216203, 0.7465438669115876], [0.5764902822772815, -0.8001710344768722, 0.561071468344922]], [[0.1179858305193966, -1.1130745193765037, 0.49343413882846066], [0.30115365574019015, -0.8587062587244925, 0.36126249195026827]], [[0.27460609242002154, -1.0626243065665284, 0.5203073379680396], [0.6055887208319852, -0.6860186808469237, 0.2621154921263591]], [[0.1420413478791318, -0.9095294516337846, 0.22129463245952352], [0.15085706001114763, -0.9059540976065168, 0.1536422119158387]], [[-1.13867949267045, -2.33001540420462, 1.88733596350958], [0.5229113591171322, -0.512034980361147, 0.05678486626043844]], [[0.1948915680885006, -1.061633423253321, 0.191507195704393], [0.21216825411901774, -0.9064440938457166, -0.01253629268205736]], [[0.22033908093179977, -1.1172218624880499, 0.25321080421242925], [0.4913499619151147, -0.6642978673076627, 0.1104656086842879]], [[0.14801146130083986, -1.1935215649118913, -0.21240636043468442]], [[0.0937761003866655, -1.1515057701593256, -0.11153404531146438]], [[0.19726809681296786, -1.394613900556353, -0.6033822791984087]], [[0.14434031809291237, -1.2157341571567732, -0.3237919334936217]], [[0.2380658105328185, -0.9416717917341138, 0.7589075056835184], [0.500673691895668, -0.8075909152630609, 0.6136149817763543]], [[0.2611504967715586, -0.9313178237173336, 0.7311555960023264], [0.5367333089590952, -0.7340744449978799, 0.6444087451963527]], [[0.2076153245101502, -1.0894276428706855, 0.22235899995841113], [0.3517591080170662, -0.7853709805766896, 0.04896465800111527]]]}