{"bodyId": "h0", "timestamp": 1609488389298000000, "continuousState": [[[1.42604589871181, -2.80473854757645, 1.69753131829218], [-1.13867949267045, -2.33001540420462, 1.88733596350958], [0.34295204456938855, -1.4407335203330416, 0.774991415647714]], [[1.42604589871181, -2.80473854757645, 1.69753131829218], [0.1404130966953645, -1.4401925968655727, 0.923809983535729], [0.3166959858104448, -1.4101042522059626, 0.8797523471769897]], [[0.4283774124417603, -1.5758479322782373, 0.7881483075557927], [0.22888789076825367, -1.5204599919936403, 0.9520753789493275], [0.46426176365124583, -1.4274062162259207, 0.8508928839055772]], [[0.1296731507091291, -1.6922166471095264, 0.59242531356768], [0.05815774717405753, -1.5527228534588715, 0.7398672095814793], [0.14520664639024017, -1.5734183917701072, 0.6977234075575001]], [[0.5056007631754628, -1.7125591366028887, 0.5758214346357702], [0.34195796057323813, -1.6290157355072559, 0.7761997067327271], [0.4626253069148365, -1.6165191247075974, 0.6292722840772544]], [[0.11975264891146553, -1.7445427196069283, 0.4515878662711723], [-0.026299024414174976, -1.584094499377757, 0.5275221466728641], [-0.015434203711554462, -1.636650114900233, 0.4090239019122761]], [[0.5730512257416449, -1.7721562234811654, 0.26029107653744976], [0.4037104423539337, -1.715794511892743, 0.5075254085289305], [0.4428884585756412, -1.6740105636838232, 0.34373889481856135]], [[1.42604589871181, -2.80473854757645, 1.69753131829218], [-0.009446622226084056, -1.528436728521747, 0.23159806683473194], [-0.046221035323976256, -1.5084162552631988, 0.1491775080984603]], [[0.5491874069318989, -1.660520154401866, 0.02185634191265473], [0.1798740509166059, -1.7271153861089048, 0.46037183825192884], [0.3979564049340969, -1.6832947928957136, 0.06176575301536702]], [[0.28858062624341807, -1.7999184974556852, 0.1768517855485363], [0.06338873995007055, -1.6257764716129885, 0.27614555606251656], [0.10814298266688338, -1.4887405233925068, 0.13576796313107642]], [[0.47915520625300734, -1.8180036755348152, 0.22361042005511145], [0.1959570000658004, -1.7299259353526089, 0.2828198549747376], [0.27489859820559914, -1.5764362304370574, 0.09839964537037127]], [[0.49513477123718375, -1.7614831032578973, 0.123116552978771], [0.07460329462260318, -1.510135345006375, -0.07692198761364288]], [[0.4410821145899444, -1.7247743580687023, -0.028382085943092106], [0.278384899488078, -1.7061793708939679, -0.17304605720228983]], [[0.38596251292345496, -1.6801643232320496, -0.31922903820244475], [0.14778684772286899, -1.486824737989314, -0.5985890543380732]], [[0.2588527800813558, -1.6847871448847425, -0.7441622847279956], [0.24070475865588192, -1.7576614137695485, -0.5698612441236992]], [[0.3736677649172184, -1.743943323756858, 0.6280916857125698], [0.14877806036719887, -1.6233264611492395, 0.7992555457967032], [0.32982950086477403, -1.5420948513012025, 0.6642930269268053]], [[0.31763695694229593, -1.7023878918562074, 0.5841233741017251], [0.20005785387364783, -1.5908692944830638, 0.7580334581571032], [0.30391597665253833, -1.5949687582388523, 0.6634978458173773]], [[0.3838679162482127, -1.8089610864952501, 0.20023110280182388], [0.12967287000793548, -1.6778512034827986, 0.2794827055186271], [0.19152079043624126, -1.5325883769147821, 0.11708380425072384]]]}