{"bodyId": "h0", "timestamp": 1609488536765000000, "continuousState": [[[1.42604589871181, -2.80473854757645, 1.69753131829218], [-1.13867949267045, -2.33001540420462, 1.88733596350958], [1.66027482299516, 1.38843386113612, 1.58287607042858]], [[1.5831760118363638, -2.0569671264296647, 0.8101744438856311], [1.5281787123013493, -1.8173748617960732, 1.0207055744112374], [1.475208491326186, -1.9582902458085765, 0.7111163990725928]], [[1.6459753553007714, -2.136540623076652, 0.7411491075671001], [1.4498627035215264, -2.0035685083439287, 1.0131879284496257], [1.66027482299516, 1.38843386113612, 1.58287607042858]], [[1.541404566843263, -1.9487143557043516, 0.7040362914382264], [1.3944418191409438, -1.7306120097244724, 0.8191134769226704], [1.3977238465288404, -1.7446805950201014, 0.5487584374773797]], [[1.42604589871181, -2.80473854757645, 1.69753131829218], [1.266151200285921, -2.0801585085818157, 0.8543939755200436], [1.3035866109986252, -1.891904852285279, 0.6016443567843868]], [[1.6281359053142241, -2.0659781122000402, 0.8385120790514164], [1.3628565943345932, -1.6891554266005198, 0.5281426093778414], [1.3041903593253172, -1.7274665887429468, 0.24560123329823336]], [[1.42604589871181, -2.80473854757645, 1.69753131829218], [1.2779179117899313, -2.173891346707599, 0.538283363355359], [1.2658904825803308, -1.8235777645398168, 0.43784760887283314]], [[1.42604589871181, -2.80473854757645, 1.69753131829218], [1.4927300183654124, -1.7399775191902078, 0.2479442316279452], [1.338152004307946, -1.7577418109014007, -0.039539072329361824]], [[1.42604589871181, -2.80473854757645, 1.69753131829218], [-1.13867949267045, -2.33001540420462, 1.88733596350958], [1.66027482299516, 1.38843386113612, 1.58287607042858]], [[1.457697329325767, -2.126778272786008, 0.46336992144351685], [1.3368572787860316, -1.8445959104749101, 0.31710232756599366], [1.2991785581516078, -1.7780737104597353, 0.040470203485085454]], [[1.5394015638982004, -2.1907198998797313, 0.42438414974809324], [1.2609391939970174, -2.0497567158201915, 0.3481287468927263], [1.2195918961168404, -1.8573519213508627, 0.05889921510563978]], [[1.42604589871181, -2.80473854757645, 1.69753131829218], [1.3826564861471764, -1.89409606181834, 0.03303525956320752]], [[1.5355991290029039, -2.1822219716423024, 0.1548963685766065], [1.4135930200427647, -2.042975641593708, -0.07913316111532942]], [[1.42604589871181, -2.80473854757645, 1.69753131829218], [1.3025921337269306, -1.8930530700187136, -0.36136574698491253]], [[1.42604589871181, -2.80473854757645, 1.69753131829218], [1.3997871070181216, -2.033863141405554, -0.5441729753612796]], [[1.42604589871181, -2.80473854757645, 1.69753131829218], [1.1879877205873655, -1.9498543925109035, 0.8950306762605424], [1.347187091276532, -1.7960936879921363, 0.5680645308761476]], [[1.4837252327775365, -2.3767264516404008, 1.2007838048652033], [1.3302965097134325, -1.9053852591531442, 0.836753726221357], [1.3506552287637328, -1.8182927236526902, 0.5752013971308833]], [[1.4985494466119835, -2.1587490863328695, 0.44387703559580505], [1.2988982363915245, -1.9471763131475508, 0.33261553722936], [1.259385227134224, -1.817712815905299, 0.04968470929536262]]]}