{"bodyId": "h0", "timestamp": 1609488559679000000, "continuousState": [[[-0.8616422299698148, -0.526425547888282, -0.06457598211542948], [-1.13867949267045, -2.33001540420462, 1.88733596350958]], [[-0.8601248928821859, -0.4824725604135194, -0.07807353012315588], [-1.13867949267045, -2.33001540420462, 1.88733596350958]], [[-0.8706111087056734, -0.5957499553554981, -0.024855083931409894], [-1.13867949267045, -2.33001540420462, 1.88733596350958]], [[-0.8463133448289724, -0.47369216801706804, -0.09409363263591297], [-1.13867949267045, -2.33001540420462, 1.88733596350958]], [[-0.8955894479555688, -0.5996700666590091, -0.06440441030623045], [-1.13867949267045, -2.33001540420462, 1.88733596350958]], [[-0.7359146287154517, -0.5049372405992503, -0.13138369131379912], [-1.13867949267045, -2.33001540420462, 1.88733596350958]], [[-0.8300041855087985, -0.7077769951990516, -0.13330836007275648], [-1.13867949267045, -2.33001540420462, 1.88733596350958]], [[1.42604589871181, -2.80473854757645, 1.69753131829218], [-1.13867949267045, -2.33001540420462, 1.88733596350958]], [[-0.8427451685683398, -0.6879122020281303, -0.16191329057806336], [-1.13867949267045, -2.33001540420462, 1.88733596350958]], [[-0.7847804402034828, -0.5447988089699205, -0.24644669434843847], [7.305130583792751, -2.017881730018339, 0.5564556918393837]], [[-0.8089180379119347, -0.6315069610343276, -0.23235025883806903], [7.161379184074482, -2.1706582020238576, 0.5779075452699747]], [[-0.8409292331522633, -0.538586399413929, -0.399845284787548], [7.169767714251891, -2.0345991480822896, 0.22265768807158537]], [[-0.8397075078017529, -0.6522652611478175, -0.3597868305639682], [7.767375411708936, -2.198032108552744, 0.05641501535465343]], [[1.42604589871181, -2.80473854757645, 1.69753131829218], [7.205510441841173, -2.1619478278705255, -0.24259670398088007]], [[1.42604589871181, -2.80473854757645, 1.69753131829218], [7.1344157451689965, -2.2983689506547784, -0.2032401799928163]], [[-0.8824295348060172, -0.5158052794840033, -0.10044957584556125], [-1.13867949267045, -2.33001540420462, 1.88733596350958]], [[-0.8709513963922706, -0.5366811173380386, -0.07924902147107171], [-1.13867949267045, -2.33001540420462, 1.88733596350958]], [[-0.7968492390577088, -0.588152885002124, -0.23939847659325375], [7.233254883933617, -2.0942699660210984, 0.5671816185546792]]]}