{"bodyId": "h0", "timestamp": 1609488639013000000, "continuousState": [[[1.42604589871181, -2.80473854757645, 1.69753131829218], [-1.13867949267045, -2.33001540420462, 1.88733596350958], [0.43952460073482214, -0.6888847756564653, 0.7665901260024246]], [[0.2763368481202425, -0.8674982876301454, 0.8615865204503446], [0.191474050946139, -0.700124783409203, 0.8475492735190475], [0.44696819970204094, -0.6136796293454163, 0.8886066596640314]], [[0.432084379786543, -0.8369025881964691, 0.8457180450379953], [0.29978974775829514, -0.7764734671382765, 0.8711391592206938], [0.5368046997721945, -0.6991679076585136, 0.8293716517315373]], [[0.10642128648160232, -0.9043601415424174, 0.5925694474118348], [0.08351829345329398, -0.9508366796545502, 0.710547437082722], [0.2807651986922084, -0.8423487654511934, 0.6949893959727729]], [[0.4917319863769254, -0.8488827583374101, 0.6283076900122659], [0.372119926789958, -0.86525366770841, 0.704699903344006], [0.5137914568207889, -0.9041100627626892, 0.5748428341398348]], [[0.0502079212654436, -1.0285976224822933, 0.31964753231812737], [0.038587547013258394, -1.0296075046548803, 0.417006954193061], [0.3681937024234254, -0.6117545738975143, 0.5479624334609672]], [[0.5609069807080116, -0.6055020954413397, 0.2430770616756508], [0.1903827499554116, -1.0205446764617432, 0.6145435452965577], [0.5611919727996213, -0.7662855269700075, 0.2676077530587704]], [[0.09730512586491114, -1.0005080169827274, 0.19084670245926505], [0.12242428658890181, -0.7646215328990109, 0.22246083055002597], [0.3083167695005864, -0.6264784826616867, 0.2849736204914286]], [[0.5320889056613558, -0.7597167499068633, 0.4515491602698476], [0.039290265909002864, -0.9602434760283114, 0.634825602098612], [0.5253304676557435, -0.5075368729821799, 0.12721133975834475]], [[0.2119738570518761, -1.0570114160329493, 0.09834542184412531], [0.13853968526265037, -1.0110724008094227, 0.1498745695430983], [0.20660855992830585, -0.7652035140914668, 0.07923963721990734]], [[0.4092591719734182, -0.9528357899534425, 0.0637711007271895], [0.2960823504219383, -1.0493407083505217, 0.16142579433167525], [0.4374427834752215, -0.6810881759880139, 0.11966169423108841]], [[0.07978943696844243, -0.9972553492403606, -0.3177031588089232], [0.09698057032130536, -1.0213957306227783, -0.27932539748358876]], [[0.49832507427779416, -1.2054754581672282, -0.04847504364831545], [0.33508124730673683, -1.0359637626033522, -0.22465595474729128]], [[-0.030637910920746414, -1.0058550608027348, -0.780650467657944], [0.03373265084881383, -1.1390876604538027, -0.6342139962454003]], [[0.3017566318284086, -0.9295084483020157, -0.8208969318336636], [0.3665762523279923, -1.102077598316717, -0.638057977694843]], [[0.33739832629314204, -0.9356501431202677, 0.6482026709021864], [0.21864007099227312, -0.9166293707708875, 0.7198171790648249], [0.45285328278890824, -0.7780448991567686, 0.6826285610997938]], [[0.29907663642926385, -0.8766214499399138, 0.6104385687120504], [0.22781911012162598, -0.9080451736814801, 0.707623670213364], [0.39727832775649863, -0.8732294141069413, 0.6349161150563039]], [[0.31061651451264716, -1.004923602993196, 0.08105826128565741], [0.21731101784229434, -1.0302065545799723, 0.15565018193738678], [0.32202567170176366, -0.7231458450397403, 0.09945066572549788]]]}