{"bodyId": "h0", "timestamp": 1609488659247000000, "continuousState": [[[1.42604589871181, -2.80473854757645, 1.69753131829218], [-1.13867949267045, -2.33001540420462, 1.88733596350958], [0.38374290385036236, -0.8161547543333709, 0.7856107608535599]], [[1.42604589871181, -2.80473854757645, 1.69753131829218], [0.10016338517743106, -0.8159915724434836, 0.8706122866958041], [0.40293982754724444, -0.6723257606258837, 0.9231803937828891]], [[0.329098755996845, -1.0005799585188007, 0.8614453052869986], [-1.13867949267045, -2.33001540420462, 1.88733596350958], [1.66027482299516, 1.38843386113612, 1.58287607042858]], [[0.03812937367515934, -1.0990588035142248, 0.6374207823022189], [0.013987071251562622, -0.977939171670589, 0.6709737201695694], [0.1429810850913371, -0.9607527770880009, 0.6931062687029792]], [[0.389736131812503, -1.013525177331634, 0.6382010234724738], [0.29533392094007493, -1.000055785232543, 0.7242549429417411], [0.44986599617530065, -0.9736875826473883, 0.6154292218288673]], [[0.00773517210494612, -1.1726400744428018, 0.40270936370019395], [-0.06344900014535648, -1.081152484039636, 0.3923486229112778], [0.4500874942547015, -0.41117756152139484, 0.7183966789175966]], [[0.509265998931663, -0.9294481757280282, 0.31392932067834467], [0.18602186958394684, -1.1081391952989563, 0.567507955425324], [0.49917832440115584, -0.9147995771322326, 0.3076351428940498]], [[1.42604589871181, -2.80473854757645, 1.69753131829218], [-0.059662696275408544, -0.9474573397846173, 0.3955019880747448], [0.4217072655306302, -0.31870114791403314, 0.5760629832846812]], [[0.5050432778564686, -0.6826678376444666, 0.12192897866990848], [-0.029205386582874082, -1.0811413448332456, 0.6134301286327395], [0.47775380145853563, -0.7335819005724036, 0.11610051781871089]], [[0.11937224049163131, -1.1117519687371147, 0.054766139556757354], [0.010818577732977008, -1.1061087555620222, 0.2535245381136062], [0.26564323608685947, -0.6224092573623792, 0.2516025832557629]], [[0.32555724278728837, -0.9863914929230442, 0.02644450631381079], [0.18824719175196214, -1.140238548570785, 0.2561424290285319], [0.3675173218259966, -0.8062697842179143, 0.13608617899465947]], [[0.06923037755156236, -1.0757328901743892, -0.36651552579538027], [0.09269451358869363, -1.106882583063791, -0.25940028427352857]], [[0.3991584276732898, -1.1601575670576585, -0.15388735422499233], [0.29376452240812534, -1.0819539048365818, -0.22235325636066183]], [[0.03104327637489268, -1.1285112626332077, -0.7964816423612362], [0.07875465405523197, -1.2137504720013057, -0.6180378992026341]], [[0.29750782416796295, -0.9435922685291174, -0.8061150280244418], [0.3231856372423094, -1.1180067570014212, -0.6183656549421177]], [[0.2410767997155101, -1.090019847703341, 0.6552526978303184], [0.10852701775995266, -1.0231924100926537, 0.7343405925265565], [0.31644205852655816, -0.9324551376579213, 0.6714102800846677]], [[0.21393275274383117, -1.0562919904229293, 0.6378109028873463], [0.15466049609581878, -0.9889974784515659, 0.6976143315556552], [0.2964235406333189, -0.9672201798676946, 0.6542677452659232]], [[0.22246474163945984, -1.0490717308300794, 0.04060532293528407], [0.09953288474246957, -1.1231736520664035, 0.25483348357106905], [0.31658027895642804, -0.7143395207901467, 0.19384438112521118]]]}