{"bodyId": "h0", "timestamp": 1609488693532000000, "continuousState": [[[1.42604589871181, -2.80473854757645, 1.69753131829218], [-1.13867949267045, -2.33001540420462, 1.88733596350958], [0.5151655117401901, -0.47320306889782326, 0.6650833334661328]], [[0.3281763167863847, -0.6253832722635502, 0.8396214899608117], [0.2562258230573641, -0.5235525998547854, 0.7700845077878102], [0.4980872433960404, -0.45724932533593177, 0.7642837043301054]], [[0.4861590197057264, -0.6147365410298136, 0.7913082171665684], [0.37526607004707757, -0.5657063650997123, 0.8097030277015629], [0.6266390000692081, -0.4959823731028683, 0.7483204713446132]], [[0.3115977971220897, -0.8832718578699295, 0.7003194729418982], [0.20538440099474298, -0.7885539502098022, 0.706405876488138], [0.59288865661192, -0.47406896187059755, 0.7627154579909332]], [[0.556787855460524, -0.6855911483626238, 0.5854398904440816], [0.3027183138011542, -0.7707874234248879, 0.7351153105707366], [0.5906938688748906, -0.6149733448932129, 0.5257298464172311]], [[0.21833530063166595, -1.0473993319456556, 0.4267017149035488], [0.14742787480835218, -0.9889299432012202, 0.498664260725993], [1.66027482299516, 1.38843386113612, 1.58287607042858]], [[0.5137277974210919, -0.2486215772203888, 0.16122279111885174], [0.17505270739190104, -0.8457341155864793, 0.6381814089784175], [0.5891787557270842, -0.4123994335374388, 0.2557111271878387]], [[0.21824474560484997, -0.9834931793876416, 0.2345086338526008], [0.09785320344189952, -0.8871476175215818, 0.23725176924877922], [1.66027482299516, 1.38843386113612, 1.58287607042858]], [[0.5523147193821542, -0.43069002770484066, 0.34831454163223485], [0.48608368402619395, -0.22416435764032827, 0.07845905318168622], [0.5060525192405707, -0.265122274887553, 0.022749668504285614]], [[0.2568106823251064, -1.021564818166418, 0.13519414428517607], [0.19004102664430378, -0.9901317910505736, 0.21475222756165202], [0.17874251668456242, -0.8314734358179836, 0.06848456301025885]], [[0.4737312606818418, -0.9402874486875867, 0.10134014294331584], [0.29348487447785065, -1.0355840607339584, 0.24960224632623396], [0.32442285609487187, -0.7226027286488144, 0.020680140720763296]], [[0.14076036970503503, -1.0118122513344363, -0.31387545923052773], [0.1494365133901978, -1.0738896939446512, -0.2244711309272922]], [[0.5057690990545618, -1.1997606071338531, -0.040285825745763004], [0.29249970296799255, -1.0561020340568577, -0.14055206455086866]], [[0.07455631726972944, -1.0609449590406625, -0.747425907432973], [0.10857225353510302, -1.1763583002499243, -0.6093105467188531]], [[0.3225662357568131, -1.0043384149137276, -0.825020107117221], [0.3748706485947173, -1.1112212107719621, -0.6513558503067114]], [[0.4036148483981248, -0.7556264768025811, 0.6467271906394627], [0.2360248188633145, -0.802385247115057, 0.7524892104400742], [0.5601520443318784, -0.5876737665075664, 0.6425356869066614]], [[0.43419282629130684, -0.7844315031162766, 0.6428796816929899], [0.2540513573979486, -0.7796706868173451, 0.7207605935294373], [0.5917912627434053, -0.5445211533819052, 0.6442226522040821]], [[0.3652709715034741, -0.9809261334270024, 0.11826714361424595], [0.24176295056107722, -1.0128579258922659, 0.232177236943943], [0.25158268638971715, -0.777038082233399, 0.04458235186551107]]]}