{"bodyId": "h0", "timestamp": 1609488727836000000, "continuousState": [[[1.42604589871181, -2.80473854757645, 1.69753131829218], [-1.13867949267045, -2.33001540420462, 1.88733596350958], [0.2774241023384898, -1.0405214778026932, 0.8679739438506044]], [[0.1468071805021538, -1.330650954014618, 0.8704408127383454], [-0.005741171338126572, -1.0863008789943462, 0.9065710919007848], [1.66027482299516, 1.38843386113612, 1.58287607042858]], [[0.2553158020013335, -1.2658660508263546, 0.8493047289120041], [-1.13867949267045, -2.33001540420462, 1.88733596350958], [0.32438996842919265, -1.1448905956263027, 0.8895071514653761]], [[-0.0414446143232019, -1.3241263714108382, 0.6266047527460563], [-0.09792846094126928, -1.1777194296046027, 0.6973243692136586], [0.017637659236084513, -1.1649317353810194, 0.7166725780475616]], [[0.31124787460013614, -1.3246945484147983, 0.6175792427331068], [0.23821722339043938, -1.2441353193523177, 0.7376364334658279], [0.33498987508032263, -1.2526687671226209, 0.6608280126713186]], [[-0.03666595180448384, -1.3876272758128259, 0.44670435806453646], [-0.1948338104966436, -1.2478615843040166, 0.4211110655928676], [-0.10398210746425263, -1.2228806021644132, 0.4184068830180403]], [[0.4189588011073735, -1.3291166609300786, 0.3150083810468973], [0.23311978711749215, -1.3357337796665125, 0.5415018987800788], [0.3920665679495081, -1.2371441966507704, 0.36925996569980035]], [[0.07315484241902825, -1.391549473630094, 0.5928054109396912], [-0.19550044943099842, -1.22051679585807, 0.379731194755091], [-0.022988549726266738, -1.0939902681893676, 0.23564276454317934]], [[0.3704818774079617, -1.2947097087043609, 0.4046213188137351], [0.040591767760097985, -1.3440507832605801, 0.6216528991858119], [0.26920558003340456, -1.0344405534716141, 0.26275635799765196]], [[0.09633906401719061, -1.3670347756021495, 0.03550733813201812], [-0.011743996865679618, -1.2650379688474165, 0.20463093259872012], [0.4881190765863843, -0.41508721915047575, 0.5527435913605221]], [[0.28737642341662273, -1.310114953805546, 0.07825540143266574], [0.13919852258515664, -1.3713391324248643, 0.24553645325844742], [0.26290767616263366, -1.0848853543131776, 0.16326767854655655]], [[0.03579319825039451, -1.3033162745524312, -0.387332563657794], [0.05632080408818174, -1.3035389639416366, -0.24031843115072093]], [[0.25324984005558404, -1.2465547569878523, -0.3517324335819705], [0.23820429933645704, -1.3092177549706212, -0.2711128389040123]], [[0.0341407313141755, -1.3259381416634937, -0.8103521061089325], [0.07644813539950523, -1.4304104270754496, -0.582821470195491]], [[0.24491592816490737, -1.206486819705339, -0.768647613445834], [0.2012489394463406, -1.3610042248376, -0.520514351537197]], [[0.15520827839865126, -1.3491483440625351, 0.6505579105823172], [0.046270667259834086, -1.231548504346164, 0.7340841333561867], [0.2089188107029678, -1.1642692628503706, 0.6990252305466642]], [[0.13490163013846712, -1.3244104599128184, 0.6220919977395816], [0.07014438122458505, -1.21092737447846, 0.7174804013397432], [0.17631376715820357, -1.2088002512518201, 0.6887502953594401]], [[0.19185774371690667, -1.3385748647038478, 0.05688136978234193], [0.06372726285973851, -1.3181885506361404, 0.22508369292858377], [0.375513376374509, -0.7499862867318267, 0.3580056349535393]]]}