{"bodyId": "h0", "timestamp": 1609488777215000000, "continuousState": [[[-1.13867949267045, -2.33001540420462, 1.88733596350958], [0.15593339393379946, -1.492092477193779, 0.8241767876981128]], [[-1.13867949267045, -2.33001540420462, 1.88733596350958], [1.66027482299516, 1.38843386113612, 1.58287607042858]], [[0.002701075282325327, -1.5952374558157558, 0.9901214360569863], [0.25704625262525926, -1.4785478095512117, 0.9021842744994946]], [[-0.12832820830472347, -1.6240809953307715, 0.6747330470587338], [-0.06260317119061476, -1.6212326166014104, 0.7193876676813933]], [[0.14548686678823586, -1.670743275736251, 0.7974245518504597], [0.24938025810953324, -1.6842368217088097, 0.6833221328760004]], [[-0.21751889527051627, -1.6941235600898352, 0.41975032942079027], [-0.16039155239170166, -1.593506468650858, 0.4563952017538815]], [[-0.03120792238750081, -1.7178049211952149, 0.7789118190910256], [0.24490067519526915, -1.705099626646132, 0.3691903966633563]], [[-0.20363868077318892, -1.6572603890677784, 0.18929970172071653], [-0.14766264581962862, -1.481875784762446, 0.22550725742241773]], [[-1.13867949267045, -2.33001540420462, 1.88733596350958], [0.26145837332865374, -1.5595582856393566, 0.12873097701553737]], [[-0.1493503602562165, -1.7740337459640352, 0.3841536693358494], [-0.0986705722654273, -1.5656046202721143, 0.1688651795510956]], [[-0.0010864059438455698, -1.7975353252870088, 0.36479431179885213], [0.10643549918004536, -1.5762222620564923, 0.167643631972759]], [[-0.03530334262822188, -1.7522655485745073, -0.10079500304002842]], [[-0.17542113961196337, -1.7174526448013658, 0.23652159757244062]], [[0.0477742139022197, -1.8601199570234919, -0.5784175188653893]], [[-0.07953467532817116, -1.7219023906694666, -0.08198805206580118]], [[-0.05070001115962497, -1.6915452684649879, 0.8045282362541308], [0.14165445097491358, -1.5644231337896661, 0.7221292814077522]], [[0.008579329241756195, -1.6474121355335112, 0.7360787994545968], [0.09338854345945924, -1.65273471915511, 0.7013549002786968]], [[-0.07521838310003104, -1.785784535625522, 0.37447399056735076], [0.0038824634573090266, -1.5709134411643033, 0.1682544057619273]]]}