{"bodyId": "h0", "timestamp": 1609488817750000000, "continuousState": [[[0.2617637221756397, -0.857478835238354, 0.767725267144324], [-1.13867949267045, -2.33001540420462, 1.88733596350958]], [[0.1316921899470902, -0.9136704093801677, 0.8558006517393051], [0.0407126271296443, -0.7328033972199914, 0.7954288833659331]], [[0.2739376411579151, -0.9072932451666365, 0.8259393689186003], [0.2026518579401253, -0.7669241022815532, 0.8299543361342125]], [[-0.05569128269064838, -0.903301603916925, 0.585860931487032], [-0.03377149612144548, -0.8423888643258706, 0.6081149709988714]], [[0.33205454249250543, -1.0408714075669092, 0.6440248210970609], [0.25880426742280827, -0.9784246153113905, 0.7162139424983436]], [[0.053831116037954985, -1.0794115299991216, 0.461822710507785], [-0.06103771095075561, -0.9136828225710454, 0.38202536807575194]], [[0.41782146250898533, -1.0982939132098577, 0.4057224252943952], [0.3595571601028478, -1.0081730809880574, 0.4425321349766247]], [[1.42604589871181, -2.80473854757645, 1.69753131829218], [-0.02636056687489985, -1.0294867457593255, 0.43828417177849954]], [[0.3804707353165755, -1.024721359704101, 0.21483709987581845], [0.13321929850792702, -1.1064547253892834, 0.49143099831487613]], [[0.08751011167726386, -1.064030994925625, 0.03205462028669981], [0.018701531037745855, -1.0657213968687929, 0.20642102040288068]], [[0.30246679015060285, -1.0531391573630193, 0.09438585009995015], [0.24351899521302278, -1.103232034094786, 0.18735850386244768]], [[0.14775948416386586, -1.0704354773502238, -0.22000140520284783], [0.12803571688781168, -0.9980867388915746, -0.2962575056004977]], [[0.3948245408250015, -1.1585679438318803, -0.18072439176707977], [0.3277808109538005, -1.087757472605373, -0.24040107695377344]], [[0.09477011944704206, -1.0147043077539428, -0.7614917037147944], [0.13718198809589643, -1.0773804175184882, -0.6856074175639422]], [[0.3587586845799211, -1.0901087205083004, -0.7425071952325979], [0.32183219815052855, -1.2017288018733037, -0.5888079720869301]], [[0.18334236297911022, -1.0233114963523573, 0.637134980421042], [0.08460529147100104, -0.9413204623769846, 0.6887115637975385]], [[0.13818162990092853, -0.9720865057419171, 0.6149428762920465], [0.1125163856506814, -0.9104067398186305, 0.6621644567486075]], [[0.19498845091393335, -1.0585850761443223, 0.06322023519332498], [0.13111026312538432, -1.0844767154817894, 0.19688976213266418]]]}