{"bodyId": "h0", "timestamp": 1609488820229000000, "continuousState": [[[1.42604589871181, -2.80473854757645, 1.69753131829218], [0.3917080996990321, -1.057939811934687, 0.7817939621233607]], [[1.42604589871181, -2.80473854757645, 1.69753131829218], [0.3441514506536909, -1.0265356059244701, 0.8794171827318131]], [[0.3783577232783979, -1.2599192255828253, 0.8161691027261253], [0.4235405997169077, -1.1821221108828819, 0.8225854303596984]], [[0.011519497164437675, -1.2815136810753638, 0.5876947217579762], [0.1425336277522531, -1.2053320303786108, 0.6841938358116992]], [[0.4285004020553753, -1.3606632389001718, 0.5925062206301612], [0.45914867174325424, -1.2535213377317271, 0.6331236905731445]], [[-0.003881419279149645, -1.369509805200027, 0.3612396248512384], [-0.040147408964813724, -1.2929573811767616, 0.39318013507437466]], [[0.4805688380633789, -1.3751527623434268, 0.2162718901113896], [0.43730515079340315, -1.2670808999162329, 0.339395901939856]], [[0.16255659592778815, -1.432980818025446, 0.3090371413755544], [0.34944809731327164, -0.6109351747504221, 0.48497307013513447]], [[0.4821141279325888, -1.3760631495567748, 0.22677458382346982], [0.3354418608802776, -1.209762861890628, 0.09829042187204928]], [[1.42604589871181, -2.80473854757645, 1.69753131829218], [0.3970370987501559, -0.6825454063468346, 0.44666913291065224]], [[0.29276916573170286, -1.3626171698937122, 0.052002076333266256], [0.3623729930097408, -1.045618854136431, 0.22662741093392857]], [[0.35045063035329105, -1.3164452359788743, -0.01903818845135774]], [[0.27008977848515947, -1.4209938960892703, -0.3365420177680525]], [[0.3294095968093298, -1.3698682604946173, -0.283145463974835]], [[0.20832909425990298, -1.4674340238832455, -0.7566805601741897]], [[0.24202443544010643, -1.3390373957863946, 0.6065513780500169], [0.3354683070763902, -1.1723741044418396, 0.6877284306741416]], [[0.2200099496099065, -1.321088459987768, 0.5901004711940687], [0.30084114974775367, -1.229426684055169, 0.6586587631924219]], [[0.8594075322217565, -2.083677858735081, 0.8747666973127232], [0.37970504587994836, -0.8640821302416328, 0.3366482719222904]]]}