{"bodyId": "h0", "timestamp": 1609488852724000000, "continuousState": [[[1.42604589871181, -2.80473854757645, 1.69753131829218], [-1.13867949267045, -2.33001540420462, 1.88733596350958], [0.21026740179121184, -1.4953653785467715, 0.8414904708600315]], [[0.12006174403254088, -1.7677241654047315, 0.7993065356286813], [-1.13867949267045, -2.33001540420462, 1.88733596350958], [0.0419331115208772, -1.6733335463976107, 0.8930785249120508]], [[0.2502462441713287, -1.7383051791148967, 0.805345454038602], [0.034036770478959255, -1.6626502344155474, 1.0256821969840593], [0.24368360226954278, -1.6214337645040784, 0.8856775943231139]], [[0.004453319318255877, -1.8595907507495448, 0.6188267610213651], [-0.13954963895086836, -1.6918255239524367, 0.7688461231275145], [-0.005631168782525009, -1.6296925614676567, 0.7268945876341864]], [[0.3238537839400797, -1.8046947701041658, 0.5853263330640708], [0.16322013769162602, -1.7412312786449349, 0.8181277255863508], [0.27881476672598504, -1.7412267665203411, 0.6663629522716081]], [[1.42604589871181, -2.80473854757645, 1.69753131829218], [-0.19580392027648585, -1.733986905049965, 0.5003378942258447], [-0.16694850447550014, -1.7448288978130828, 0.4493614193447091]], [[0.40896424398095044, -1.8006007954278962, 0.2377412931756233], [0.03831916212599773, -1.8076485080875253, 0.7311962796450717], [0.29005524987842746, -1.7893950464499955, 0.3736641018152431]], [[1.42604589871181, -2.80473854757645, 1.69753131829218], [-0.1879475882670123, -1.675991482861277, 0.19729189508213407], [-0.23126114328974445, -1.699555912800403, 0.20346400247926621]], [[0.38798429645584775, -1.7112808321338613, 0.013501274151656473], [-1.13867949267045, -2.33001540420462, 1.88733596350958], [0.271239382148003, -1.6529123961563812, 0.15876937504628952]], [[0.19174581307017835, -1.9336651980052424, 0.14170972074924837], [-0.1258076157546697, -1.7899874363924202, 0.36198223732332635], [-0.035461450863225163, -1.6005109584471162, 0.20780515791350185]], [[0.27125942799115466, -1.8102433677723824, 0.04873100856459067], [0.019652876450139356, -1.8452683180113487, 0.3600898405073718], [0.12310577188656802, -1.7157469603019575, 0.13334181964038483]], [[0.01034889676952866, -1.787241368717574, -0.3936082099290936], [-0.07401553890618295, -1.7824548344234574, -0.06991813448120299]], [[0.25930507704359185, -1.7828686450693647, -0.3326734773209479], [0.16347346977948551, -1.808718925681323, -0.11047709172089037]], [[-0.031280687951175334, -1.7951924752008366, -0.8046281554322618], [-0.05357447977165042, -1.8631260599712727, -0.5550194991194728]], [[0.2398983191596793, -1.7911190488115607, -0.7900388075650935], [0.21346065538068126, -1.8839012979911436, -0.5659206582060914]], [[0.20836944592261974, -1.8615689222228022, 0.6261053585049732], [-0.011583020217371676, -1.723655843554834, 0.8159069500754317], [0.17580331901128265, -1.5878406320717993, 0.7246005588778002]], [[0.16415355162916778, -1.8321427604268554, 0.602076547042718], [0.01183524937037883, -1.7165284012986857, 0.7934869243569327], [0.13659179897173002, -1.685459663993999, 0.6966287699528972]], [[0.2315026205306665, -1.8719542828888125, 0.09522036465691952], [-0.05307736965226517, -1.8176278772018843, 0.3610360389153491], [0.043822160511671426, -1.6581289593745367, 0.17057348877694334]]]}