{"bodyId": "h0", "timestamp": 1609488861702000000, "continuousState": [[[0.32945037959574264, -0.4615847990207502, 0.6322443163522389], [-1.13867949267045, -2.33001540420462, 1.88733596350958]], [[1.42604589871181, -2.80473854757645, 1.69753131829218], [0.17991839160931122, -0.6582056280156763, 0.8317284347469274]], [[0.41117298695112114, -0.867185756164971, 0.8186640348256984], [0.25082922020601695, -0.8124831624160076, 0.8760029669306157]], [[0.33544602146442104, -0.8848358845665927, 0.6880103952101198], [0.14500554628438866, -0.5955533978203897, 0.59072144682108]], [[0.27804788364021227, -1.0686585019988297, 0.6182788904546537], [0.1959109323934003, -0.9653701093360032, 0.713012328978958]], [[0.32897006216629143, -1.0094808727623243, 0.4331077426334684], [0.07858620553368767, -0.6805378565518783, 0.41616494985819874]], [[0.2604686580058311, -1.1617467543771673, 0.3347351173019337], [0.16237819730207792, -1.1447740189604465, 0.45001354047041464]], [[0.36347555039112056, -0.9074006568120883, 0.34978107388337953], [0.12653843805003118, -0.5355159380035441, 0.07308747154868023]], [[0.342877202203681, -1.1414222158822722, 0.07712089439756364], [0.3088387471109175, -1.131747384426236, 0.16337615568411268]], [[0.3421495541328059, -0.9980055310186706, 0.10449450968909235], [0.08481226065389791, -0.9177511999243784, 0.09422920708094962]], [[0.2907232873336758, -1.1558107546808671, 0.1503316578622964], [0.14587680686517235, -1.1048200182823102, 0.19848766251209637]], [[0.35588631791215897, -1.0958842106513542, -0.17774299472908206], [0.168374995351932, -1.0293935919296069, -0.16149563060902627]], [[0.24232875940044907, -1.099418163322381, -0.28121995603621874], [0.18120157405861836, -1.137597856942439, -0.1858414983549297]], [[0.16125856499432767, -0.9583431720581741, -0.7541862598048823], [0.15604680598174658, -1.0860079644886689, -0.579976168341811]], [[0.15219311945235758, -1.0571876297463998, -0.8221863680385728], [0.20314256527955843, -1.1824541296284992, -0.6211610116765625]], [[0.30408202580104615, -0.977540474563884, 0.6636266968410944], [0.13933803828587965, -0.8069603607110762, 0.6701189378826939]], [[0.30674695255231665, -0.9767471932827112, 0.6531446428323867], [0.17045823933889448, -0.7804617535781965, 0.651866887900019]], [[0.31643642073324085, -1.0769081428497689, 0.12741308377569438], [0.11534453375953513, -1.0112856091033442, 0.146358434796523]]]}