{"bodyId": "h0", "timestamp": 1609488901433000000, "continuousState": [[[1.42604589871181, -2.80473854757645, 1.69753131829218], [-1.13867949267045, -2.33001540420462, 1.88733596350958], [0.16028092480844225, -0.8497616066705511, 0.8231713449465596]], [[1.42604589871181, -2.80473854757645, 1.69753131829218], [-0.1078183777985211, -0.9254580209711136, 0.8609527406143525], [0.1118455455769709, -0.8506597672726102, 0.8935304006031268]], [[0.13860556086102438, -1.0616085096842314, 0.8500501624362313], [0.17836461392990421, -0.8152642762218434, 0.7672139585811675], [0.23027478669008072, -0.9503776900620711, 0.8786514425768472]], [[-0.10654344516489234, -1.1553539383139306, 0.6911725265078206], [-0.18799677826462968, -0.9688179769953316, 0.6551908771207839], [-0.01255240219962217, -0.9069701399456389, 0.7178978931253672]], [[0.181162384827795, -1.2665410874972756, 0.6315092851910886], [0.09416723507244051, -1.1645275639543715, 0.7050587545657199], [0.22549326100447442, -1.1150110103914808, 0.7061727617093878]], [[-0.008248523135964358, -1.1802152217163773, 0.5598434590361325], [-0.28194874895451927, -0.8844827127527726, 0.47393333932974646], [-0.10815738711090384, -0.770823769319767, 0.5224811693461358]], [[0.23366082173052916, -1.3158348092639465, 0.31828916681158437], [0.13577437231756506, -1.2789966976844873, 0.44862058194133736], [0.22184116632712514, -1.2513478851749902, 0.4040170921729984]], [[1.42604589871181, -2.80473854757645, 1.69753131829218], [-0.2289033406221922, -0.5529768283968024, 0.20648373455956048], [0.3715419722302984, -0.048317944876935304, 0.741329753582753]], [[0.20170256337570747, -1.1008471354479248, 0.16115385457167686], [0.004782632953612476, -1.2682968764382185, 0.4623055556240787], [0.17572060665268086, -1.081808133542348, 0.22932148996482815]], [[-0.1170045954429062, -1.1673613337922244, -0.012434176975860245], [-0.10868846288367506, -1.1390029479411967, 0.13172823095952735], [0.40922697716897516, -0.3542111545877056, 0.581308540447589]], [[0.11490935257844415, -1.2136114815746457, 0.07034419321674434], [0.04429177866346001, -1.247904402518501, 0.18575893328203552], [0.18524312841661494, -1.0277153305110007, 0.2459490143634413]], [[-0.10227996051667376, -1.1515830205488324, -0.3698715109488584], [-0.06680997091764795, -1.1581689226888001, -0.2580526465227968]], [[0.18827871108985494, -1.1494414492514355, -0.2737943127293929], [0.14472629080169885, -1.1839263889268596, -0.20656598780461666]], [[-0.06644032881749173, -1.174629977299956, -0.7754503865961451], [-0.04501001133317595, -1.2523255772645827, -0.6286575204828337]], [[0.20106535783007606, -1.1089828769373873, -0.743446423463404], [0.18100222373436137, -1.2154714980061347, -0.5803016182945182]], [[-0.005284792730951837, -1.1500032925076713, 0.6329726318103097], [-0.0578925648589701, -1.0677746739909912, 0.6889114415271149], [0.15194600018768178, -0.9430531856945867, 0.746013781955223]], [[0.037309469831451336, -1.210947512905603, 0.6613409058494546], [-0.046914771596094584, -1.0666727704748515, 0.6801248158432519], [0.10647042940242613, -1.01099057516856, 0.7120353274173775]], [[-0.0010476214322310273, -1.190486407683435, 0.02895500812044205], [-0.032198342110107525, -1.1934536752298488, 0.15874358212078143], [0.29723505279279505, -0.6909632425493532, 0.4136287774055151]]]}