{"bodyId": "h0", "timestamp": 1609488919590000000, "continuousState": [[[1.42604589871181, -2.80473854757645, 1.69753131829218], [-1.13867949267045, -2.33001540420462, 1.88733596350958]], [[1.42604589871181, -2.80473854757645, 1.69753131829218], [-1.13867949267045, -2.33001540420462, 1.88733596350958]], [[0.26330348165842166, -2.0032611348160896, 0.7986114493023206], [0.02558400048556031, -1.8983627545905297, 1.0418974173988662]], [[0.02805009010424775, -2.116845303012108, 0.6229016344884057], [-0.11689700098708, -1.9176881425039738, 0.7672074948012964]], [[0.34695900703729676, -2.092192125522498, 0.5872566380883263], [0.15007969260052256, -1.9866941112017678, 0.8456380506052945]], [[0.15870135262898488, -2.183254432524149, 0.5147187190849527], [-0.21408635271091114, -1.9728538875286057, 0.5136323410763322]], [[0.43860991400508276, -2.0699298652942586, 0.2703959861216241], [0.07596678119434186, -2.0571968172950545, 0.7511695063534487]], [[1.42604589871181, -2.80473854757645, 1.69753131829218], [-1.13867949267045, -2.33001540420462, 1.88733596350958]], [[0.439678266802068, -2.0357916728132284, 0.18375067520404142], [0.0357005176070091, -2.070490515506671, 0.6847453468391747]], [[0.20482024681040478, -2.170538016187006, 0.15741216507396705], [-0.15494755935327365, -2.022019082608512, 0.4219189266340233]], [[0.32352597722138254, -2.0832856696525397, 0.08812515670595622], [-0.028552471593922935, -2.086431193348287, 0.4274526861613255]], [[0.12067727364156533, -2.0972598010410604, -0.1384600995844638], [-0.07177338620266593, -2.023789474751227, -0.05651421039982929]], [[0.2760017648162234, -2.0333268500835944, -0.3296160069353482], [0.017545548295972324, -2.082435640443333, 0.1962460478523933]], [[-0.04702220434178894, -2.0447086961602494, -0.8559871871617806], [-0.05535670378830848, -2.103714770198818, -0.5413864731221034]], [[0.23561312482023933, -2.025532336719836, -0.8648863328449534], [0.23148341007476314, -2.1271288376294697, -0.5469506096596188]], [[0.21284917624029354, -2.1167403304062797, 0.6280601740190607], [-0.04449994519474276, -1.9705282969954785, 0.8603833941634073]], [[0.18750454857077226, -2.1045187142673027, 0.6050791362883661], [0.01659134580672128, -1.9521911268528709, 0.8064227727032954]], [[0.26417311201589366, -2.126911842919773, 0.12276866088996163], [-0.09175001547359829, -2.054225137978399, 0.4246858063976744]]]}