{"bodyId": "h0", "timestamp": 1609488140781000000, "continuousState": [[[1.42604589871181, -2.80473854757645, 1.69753131829218], [-1.13867949267045, -2.33001540420462, 1.88733596350958], [0.1828701312092742, -1.5239977641060158, 0.8147341535264516]], [[0.14520199519175914, -1.795534032145835, 0.815468399096061], [-0.04825842124678004, -1.5515131627535292, 0.9137176812565879], [0.051261386822946564, -1.649493150413532, 0.8779023914217767]], [[0.23901529903905372, -1.7366728910029998, 0.7957269912263991], [0.045075418139786994, -1.630323967982699, 0.9767286186463124], [0.2383699378804094, -1.626372609979504, 0.8648546909533932]], [[-0.048953484992046103, -1.864181222197037, 0.5876830365191292], [-0.1364542489727414, -1.729681764359423, 0.7480573853819881], [-0.04620614736760231, -1.6873516568153184, 0.7323929281551727]], [[0.3225785850945475, -1.8097543960727143, 0.5893207708900334], [0.17112095089492296, -1.7300009059447907, 0.8135149225414502], [0.28626762544915474, -1.6791283232191354, 0.6945350019071468]], [[-0.05868419627804222, -1.8986576464383478, 0.31470185975626097], [-1.13867949267045, -2.33001540420462, 1.88733596350958], [-0.15434666100945682, -1.7306601396688774, 0.47823075136728677]], [[0.42528304381464177, -1.7953557915737166, 0.25604734681316743], [0.07600423463644357, -1.8227681582564652, 0.7211940467094375], [0.27610925482793336, -1.8522949371262705, 0.36138346503848084]], [[0.1726424483110447, -1.9330024350625852, 0.4118497030623902], [-1.13867949267045, -2.33001540420462, 1.88733596350958], [-0.11058527692253817, -1.6088012663400635, 0.24844435961214617]], [[0.43184641669989654, -1.788902899880712, 0.2697936124063518], [-1.13867949267045, -2.33001540420462, 1.88733596350958], [0.2189909564318746, -1.6440430284925143, 0.18323488164506618]], [[0.12229303749294895, -1.8981507955123569, 0.04923287512101293], [-0.10972466914952062, -1.8259500835174336, 0.37993177897645514], [-0.015246185890540387, -1.5773502426276154, 0.18273012339153483]], [[0.289559000290033, -1.833520931979529, 0.08388490596454767], [0.07712530233009307, -1.8486156154437394, 0.3258802633835942], [0.16627568403073045, -1.603157624721108, 0.17303937907303713]], [[0.054812776535662744, -1.803871213718697, -0.3777174143039579], [-0.03222890306975734, -1.79332778745143, -0.008099607092207473]], [[0.2811819918871237, -1.715455114302067, -0.2603830519428376], [-0.19636686674173198, -1.7466273688381846, 0.4505007309855735]], [[0.10469734753823512, -1.8250272368960507, -0.7842910918375247], [0.09514813077220974, -1.8990512513012234, -0.5593541436478495]], [[0.2462362725167071, -1.575975620296992, -0.7588224093055147], [-0.05813997790740233, -1.7800841291655658, 0.026486412666234527]], [[0.17239396266559526, -1.864232849483133, 0.6123671202585013], [-0.024936086897735077, -1.7383145721382285, 0.8061222999028157], [0.14832917106114474, -1.620943720943105, 0.715567886669835]], [[0.1368125500512507, -1.8369678091348756, 0.5885019037045813], [0.017333350961090788, -1.729841335152107, 0.7807861539617191], [0.12003073904077621, -1.6832399900172268, 0.7134639650311597]], [[0.20592601889149098, -1.865835863745943, 0.0665588905427803], [-0.016299683409713772, -1.8372828494805864, 0.3529060211800247], [0.07551474907009503, -1.5902539336743615, 0.17788475123228598]]]}