{"bodyId": "h0", "timestamp": 1609488218903000000, "continuousState": [[[-0.20470388586144006, -0.7911575536872386, -0.06070088648975447], [-1.13867949267045, -2.33001540420462, 1.88733596350958], [0.39335605064225954, -1.6341383906863167, 0.746720988038529]], [[1.42604589871181, -2.80473854757645, 1.69753131829218], [-1.13867949267045, -2.33001540420462, 1.88733596350958], [0.34698900794856424, -1.6194125222637616, 0.861422330235468]], [[0.48377651316129666, -1.7572411545738016, 0.7566304738943137], [0.258296549192216, -1.6970406410201209, 1.0114237730516438], [0.5161626441368563, -1.5870179073747206, 0.82411621928339]], [[0.24602924601981457, -1.9142074483547649, 0.6013239420300633], [0.08355211444050448, -1.8003064431547804, 0.8032539062626134], [0.209731297329242, -1.7626251550604142, 0.735558149359975]], [[0.5568404788604527, -1.7668865951988368, 0.5523643080477132], [0.3821961242034533, -1.7245900547031074, 0.8147125196820615], [0.5196899557814139, -1.6823300169895408, 0.6388592882367155]], [[0.1309565980158942, -1.9536307332817189, 0.26111824318817045], [0.030400146376221793, -1.8877503378117437, 0.5218818185757033], [0.0948221540734957, -1.806123807760142, 0.479301455848153]], [[0.7210539463452464, -1.6205870221639391, 0.2665909829618023], [0.23273275498655988, -1.8419359476841208, 0.7624318440216915], [0.6044486863812828, -1.652509225633013, 0.3487917769187141]], [[0.022930341064793414, -1.902932219999532, -0.04965459314436216], [-0.027857712966414816, -1.8735463120908686, 0.24704590038307628], [-0.08333391516339872, -1.899830988192049, 0.18219916861137753]], [[0.8392473634461058, -1.3656879245530482, 0.06192257953523117], [-1.13867949267045, -2.33001540420462, 1.88733596350958], [0.748933166137438, -1.4144819834997557, 0.14461147211620728]], [[0.27690376770976965, -1.9525665240599626, 0.029921580015407567], [-0.020307100574208592, -1.8629733315809367, 0.4332683288365746], [0.09801737201746508, -1.7319782343197736, 0.19823382755416685]], [[0.4309005763013942, -1.8477127976620542, -0.04090909011172328], [0.10171470378711156, -1.914044239624375, 0.4375898115694381], [0.26945665258045315, -1.78842691109919, 0.11251818273438285]], [[0.15870095025623843, -1.8873929838564245, -0.2875965633389108], [0.0023497238161562795, -1.8737020707429974, -0.012074838067554383]], [[0.37331815164666704, -1.8352872902974127, -0.3099041953020638], [0.17415903592638604, -1.891688355919718, 0.012648003382661033]], [[0.02669412103178259, -1.867043592179783, -0.8025394782612462], [0.021455268714016373, -1.9264131156871591, -0.5683571930544344]], [[0.3133892328517598, -1.8517145234272223, -0.8288086737193047], [0.29230605464232307, -1.9693283926233627, -0.564163074188849]], [[0.4370960205625507, -1.8785576924646143, 0.6199035243066859], [0.18169138247551686, -1.777744910111449, 0.8287129679993599], [0.37485282930131447, -1.6705278888501038, 0.6954707473019335]], [[0.40143486244013366, -1.8405470217768007, 0.5768441250388883], [0.23287411932197888, -1.762448248928944, 0.8089832129723374], [0.36471062655532793, -1.7224775860249775, 0.6872087187983452]], [[0.35390217200558194, -1.9001396608610084, -0.005493755048157856], [0.040703801606451484, -1.888508785602656, 0.43542907020300636], [0.1837370122989591, -1.7602025727094817, 0.15537600514427485]]]}