{"bodyId": "h0", "timestamp": 1609488252537000000, "continuousState": [[[1.42604589871181, -2.80473854757645, 1.69753131829218], [-1.13867949267045, -2.33001540420462, 1.88733596350958], [0.3287490743261343, -1.756034657304316, 0.8165328476311025]], [[0.35889437897083165, -2.0293123483805466, 0.8239676159798524], [0.09373268676463531, -1.773301531861676, 0.973975284366835], [0.24416101461396034, -1.7955966813209983, 0.9026905379157404]], [[0.40076573211813926, -1.9538856863887322, 0.7547605552250454], [0.17476565546689593, -1.859148982334155, 1.0084034771156674], [0.4171559543003751, -1.7812828008032024, 0.876051693378975]], [[0.1571265884881714, -2.0621217442771975, 0.6068879359252555], [0.0009894100060527933, -1.8858129395318786, 0.777019576221637], [0.08965111886401411, -1.896897617844347, 0.712667094373902]], [[0.46956812105235124, -2.0228097038322375, 0.5440549044015008], [0.29544279067558943, -1.9529851790275905, 0.830234872163955], [0.4073219744028591, -1.9370833512790855, 0.6264378617512971]], [[1.42604589871181, -2.80473854757645, 1.69753131829218], [-0.07329291024822315, -1.956495691986318, 0.5010738620154962], [-0.05573818340967307, -1.935557819460778, 0.44587450018167907]], [[0.5495528108575887, -2.0303202957379325, 0.21267865850665557], [0.1947672874072386, -2.02723522323209, 0.7187362207668027], [0.40099197792241936, -1.9698940676718957, 0.34552323407464813]], [[0.30217841316594485, -2.1434257495483537, 0.42136496936968504], [-0.09203302170747363, -1.905754422233858, 0.21850033188027718], [-0.1318713402131022, -1.8480285376962495, 0.2263049544883864]], [[0.5185616327013955, -1.9162454280630503, -0.09118563054902973], [-1.13867949267045, -2.33001540420462, 1.88733596350958], [0.38747999244859566, -1.901053046287733, 0.08580094518001213]], [[0.3024331064290897, -2.1341294123201067, 0.21725271732884832], [-0.06689401285390151, -1.990202736074099, 0.4503817520977469], [0.03587940646353549, -1.8372280142337976, 0.1762848597056006]], [[0.4470618559075632, -2.09573462614374, 0.22373335729557708], [0.09634926421573287, -2.0535702957652213, 0.4051031510307317], [0.2320506230383781, -1.9149377614855947, 0.13043079508274746]], [[0.41435265134353094, -2.1128807271811056, 0.224933846960363], [-0.05824017184523034, -1.8879052497747892, -0.027451171143100694]], [[0.46082360284165214, -2.0166541402194307, -0.031538168440949255], [0.1906793986716684, -2.0137400140654225, 0.004926040094353601]], [[-0.031436727960174604, -1.9314768482904772, -0.837583376920377], [-0.04658223480565726, -2.0025011448944143, -0.538678738021076]], [[0.255218008957909, -1.9654127574890237, -0.7607412578685281], [0.2116819437427626, -2.0461073824817713, -0.5022037827572181]], [[0.34042433176266695, -2.061070118043352, 0.6030643786348675], [0.10645194572476102, -1.9336203637696152, 0.8266443727322936], [0.2898590340171865, -1.8297293958948324, 0.7035212032073042]], [[0.3133473547702613, -2.0424657240547175, 0.5754714201633782], [0.1482161003408211, -1.9193990592797345, 0.803627224192796], [0.2484865466334366, -1.9169904845617163, 0.6695524780625995]], [[0.37474748116832646, -2.114932019231923, 0.2204930373122127], [0.01472762568091568, -2.02188651591966, 0.4277424515642393], [0.1339650147509568, -1.8760828878596962, 0.15335782739417403]]]}