{"bodyId": "h0", "timestamp": 1609488336689000000, "continuousState": [[[-1.13867949267045, -2.33001540420462, 1.88733596350958], [0.28389418475660855, -1.3100632443476636, 0.8051992470724294]], [[0.03698650786341262, -1.3331577504938945, 0.925243948862644], [0.2508256888655813, -1.2545232654417084, 0.8968811493226161]], [[-1.13867949267045, -2.33001540420462, 1.88733596350958], [0.3537102010680724, -1.3702343540416793, 0.870515236478457]], [[-0.03257851204038387, -1.49713332573643, 0.7362071566720656], [0.10475772404548112, -1.422358746111767, 0.7545793333407094]], [[0.26566670169865403, -1.4881093895321165, 0.7697036050682067], [0.36038045771259153, -1.4933424691440944, 0.6492643050632632]], [[-0.11421127195542113, -1.5469171353010538, 0.47998473562047383], [-0.029372824119187513, -1.4895035596242352, 0.4633260961798773]], [[0.10335323491768045, -1.6001030407532224, 0.6826277809368451], [0.40783189090760574, -1.4388814822592007, 0.34935994795674796]], [[-0.1497044417226645, -1.4610431809690825, 0.24662892821110272], [-0.10184300983743189, -1.3797549215154137, 0.23723490125007252]], [[-1.13867949267045, -2.33001540420462, 1.88733596350958], [0.311409781506812, -1.3410976022034158, 0.11969171271771328]], [[-0.06332666135889453, -1.5875003612009229, 0.3417779821260294], [-0.009883146859701375, -1.395994141434717, 0.16701924827881287]], [[0.11108221500636462, -1.6112653559435717, 0.29903230536733916], [0.2563430087830296, -1.3326565838055553, 0.18619662694741712]], [[-0.07553373863589741, -1.4494867776629772, -0.06748667189286595]], [[0.22676258388431703, -1.5824622660314625, -0.21952334488038372]], [[0.0007866414760941964, -1.5346498887715805, -0.6216158813610992]], [[0.17915145198502302, -1.6522026033017996, -0.5353642206974427]], [[0.10138264953108411, -1.5011979967380107, 0.7803170927892489], [0.2682608150588017, -1.364409136611452, 0.71131096940526]], [[0.11654409482913508, -1.4926213576342733, 0.7529553808701361], [0.23256909087903632, -1.4578506076279307, 0.7019218192019863]], [[0.023877776823735042, -1.5993828585722474, 0.3204051437466843], [0.12322993096166412, -1.3643253626201362, 0.176607937613115]]]}