{"bodyId": "h0", "timestamp": 1609488348213000000, "continuousState": [[[1.42604589871181, -2.80473854757645, 1.69753131829218], [-1.13867949267045, -2.33001540420462, 1.88733596350958], [0.9276221264085742, -1.903080453302492, 0.7407992191535979]], [[1.42604589871181, -2.80473854757645, 1.69753131829218], [-1.13867949267045, -2.33001540420462, 1.88733596350958], [0.8062411642759746, -1.8539246221636758, 0.797602719828522]], [[0.9619969326193494, -2.095858183157523, 0.7510832027176151], [0.6935738410032111, -1.9979344082720092, 1.023099132156002], [1.66027482299516, 1.38843386113612, 1.58287607042858]], [[0.6959318662908619, -2.0353665313197657, 0.580734589035738], [0.6183556790105287, -1.8806834517098991, 0.7372264328587159], [0.5900245675656781, -1.954940953659354, 0.6062657038685368]], [[0.9723766385802491, -2.2079869536785584, 0.4966288523410879], [0.712993495286838, -2.1350080437879497, 0.8433422074012755], [0.8577512893946659, -2.0927383913883917, 0.5809166544181599]], [[0.8320420230811825, -2.1130849301887595, 0.576938814096721], [0.4778676702960396, -1.9343873446706952, 0.5013251222560979], [0.4788690906889468, -1.9669195755100253, 0.33723647209749563]], [[0.9553432658723305, -2.3061345544911633, 0.14019688026757948], [0.7905159741747878, -2.2549218271710236, 0.5320536666942963], [0.7909515347606353, -2.1251658905029425, 0.3660507218831428]], [[1.42604589871181, -2.80473854757645, 1.69753131829218], [0.5064625255104174, -1.901161695323123, 0.25795121141076005], [0.48837103510885815, -1.90069094982691, 0.0803423051272929]], [[0.9933205072102902, -2.301916141893411, -0.10835621145577945], [0.8802155110183727, -2.2906825687127723, 0.2642367601614437], [0.7787181672060703, -2.209841235968188, 0.06677334916100253]], [[0.8416441972655933, -2.277976537618513, 0.4131290110139276], [0.5209370331262861, -2.0523934366556187, 0.3147813278507683], [0.5334853162301723, -2.068076917424186, 0.024934747975580374]], [[0.972442821794431, -2.2824043390234974, 0.22282984115476467], [0.627563830856918, -2.1908854734793475, 0.3240745204337123], [0.7134370588615775, -2.1294144792719703, -0.0004873003285956745]], [[1.42604589871181, -2.80473854757645, 1.69753131829218], [0.4808164128964336, -2.1105549718936043, -0.035458025192316]], [[1.017430217750788, -2.1978938257246745, 0.20119927942413662], [0.7455524074128586, -2.1767508689234614, 0.03132068505710439]], [[0.47834453029593393, -2.1641784443184235, -0.8765446857619765], [0.4448715397341074, -2.221354766804751, -0.5040811682914144]], [[1.0322034699318143, -2.1024277669264286, -0.9629953494817851], [0.8844136249987593, -2.197316094383182, -0.39311413932406514]], [[0.8607984659033294, -2.159641959508045, 0.6198394513155223], [0.5532852502388752, -2.0392267151367274, 0.8662759878062094], [0.7112958724654328, -2.090173415349577, 0.5641807509796553]], [[0.8341542524355555, -2.121676742499162, 0.5386817206884129], [0.6656745871486833, -2.0078457477489247, 0.7902843201299957], [0.723887928480172, -2.0238396725238728, 0.5935911791433484]], [[0.9070435095300121, -2.2801904383210054, 0.31797942608434615], [0.5742504319916021, -2.1216394550674833, 0.3194279241422403], [0.6234611875458749, -2.098745698348078, 0.01222372382349235]]]}