{"bodyId": "h0", "timestamp": 1609488374211000000, "continuousState": [[[-1.13867949267045, -2.33001540420462, 1.88733596350958], [0.2564451548877922, -1.0614542783980465, 0.7986896272842161]], [[-1.13867949267045, -2.33001540420462, 1.88733596350958], [0.21471487720142535, -0.9967738864561466, 0.8824175856018399]], [[0.11675666758715364, -1.1310204199676592, 0.9070296423081154], [0.30437789726313214, -1.1351545697664278, 0.8476949480979206]], [[-0.09780885027764641, -1.1792416429848656, 0.6829376022205376], [-0.024409211142098375, -1.224780467289574, 0.6760954460408424]], [[0.22184240017045775, -1.246899918405366, 0.7534177119965215], [0.33635311103224663, -1.2497770958696843, 0.6612699078003039]], [[-0.1682867735179413, -1.2511912297700984, 0.46264225058755115], [-0.06244139930252368, -1.1937125084006894, 0.420946628409788]], [[0.2176925547888675, -1.3371725298489097, 0.5590303041661278], [0.3355929539024367, -1.2873378994723077, 0.33328099761113106]], [[-0.12592793513160094, -1.1866039615673387, 0.12133399109037857], [-0.13829712106813496, -1.1950364767107853, 0.1286652851480643]], [[0.08249509683038769, -1.3691647100367477, 0.5171619969175385], [0.3310807609983444, -1.0766882708331813, 0.1751263986976508]], [[-0.05582859186006317, -1.3217971321521393, 0.2428150253203083], [0.022643882733535126, -1.1074846243022507, 0.13228517906634285]], [[0.12399306630648343, -1.3669639827224944, 0.24077621310729302], [0.263904381568564, -1.0642085478957624, 0.1732356334751337]], [[0.0685422432681082, -1.2809224261187147, -0.2612673103529013]], [[0.28163972432896256, -1.2606596300523518, -0.25791763939387913]], [[0.11771152224477888, -1.3845527982604637, -0.5867502793113533]], [[0.2629902383020313, -1.428795183198434, -0.5272217324268367]], [[0.051944766794620234, -1.216888249606856, 0.7301680560690829], [0.23786829797811215, -1.0941397300300495, 0.7139200246391009]], [[0.06201677494640567, -1.2130707806951158, 0.7181776571085295], [0.15597194994507413, -1.2372787815796291, 0.6686826769205731]], [[0.03408223722321013, -1.3443805574373169, 0.24179561921380066], [0.14327413215104956, -1.0858465860990065, 0.15276040627073828]]]}