{"bodyId": "h0", "timestamp": 1609488382117000000, "continuousState": [[[1.42604589871181, -2.80473854757645, 1.69753131829218], [-1.13867949267045, -2.33001540420462, 1.88733596350958], [0.5284633096105824, -0.5029297272486613, 0.6372847197221674]], [[0.3500104268659291, -0.5727709521147473, 0.7929274362708794], [0.33393270830256694, -0.49611666893311224, 0.7809369066560783], [0.5494152897671751, -0.46996019957934254, 0.7775143013476448]], [[0.5464560703307159, -0.5991080051312718, 0.7841287503966299], [-1.13867949267045, -2.33001540420462, 1.88733596350958], [0.6166920033526175, -0.5909426805019578, 0.6541188414490511]], [[0.21315356954589637, -0.6779808391555535, 0.6050470446642655], [0.23504298076773578, -0.7390283643961788, 0.7135081735241007], [0.5371870609842722, -0.47502316090435914, 0.767082279300272]], [[0.5731711268246276, -0.6190928828050406, 0.547809501695314], [0.4447895657177088, -0.6621491613000468, 0.6516865533116225], [0.663759092336754, -0.5825702276699738, 0.540696080439905]], [[0.18406711243952234, -0.9823903597325092, 0.42767036895907484], [0.14762357955293814, -0.9192714629696903, 0.4994307652996737], [0.4088194698692649, -0.5746358811585879, 0.5604419898600044]], [[0.6180937586898684, -0.48471428318907517, 0.33697284433669883], [0.19591448575745873, -0.8245011737455434, 0.6024842053925559], [0.6294502851112103, -0.3797833623769873, 0.24922429695266013]], [[0.28600748190378167, -0.955550803583266, 0.3367939594959566], [0.12352542668944966, -0.8411812255967692, 0.24442627153718455], [1.66027482299516, 1.38843386113612, 1.58287607042858]], [[0.6041880725842034, -0.6287447032965152, 0.5739530235233317], [0.4614176252520261, -0.17052964960981498, 0.18379958098715798], [0.5179871007628774, -0.2061121374857351, 0.10661483504298985]], [[0.25763128841820837, -1.07196397117576, 0.1515457458123941], [0.2449899145169272, -0.932204734196578, 0.1655092201977415], [0.2122787497205132, -0.7982052357097791, 0.09307925542631468]], [[0.4575638829337423, -0.9145064509723002, 0.05620118448051015], [0.29083541241459376, -1.0351398204852602, 0.27152780618485983], [0.563560521886687, -0.4617707925194916, 0.2472080460136381]], [[0.17768279458017577, -1.0616856731989552, -0.19484509403752126], [0.15902708508293606, -1.0600737018679243, -0.20501183124287659]], [[0.5008308170007751, -1.0669941118003012, -0.05731831705304358], [0.2637522160484467, -1.0550757485203737, -0.0979386898142498]], [[0.15246935142826534, -1.185599420771264, -0.6703577883485488], [0.1509810626012822, -1.28644536793248, -0.5484802110320097]], [[0.39556107182743827, -0.9454083370422621, -0.7542304846411914], [0.4139091793293632, -1.0588041215871298, -0.6894228243700682]], [[0.4342644857715181, -0.7141026716732626, 0.6242878335305975], [0.3275815774281039, -0.7111847088177949, 0.6907360584071087], [0.606539244552579, -0.4888702495502304, 0.6814356695690544]], [[0.39316234818526197, -0.6485368609802971, 0.5764282731797897], [0.3399162732427223, -0.7005887628481128, 0.6825973634178616], [0.6004730766605131, -0.5287966942871665, 0.6538891798700885]], [[0.3575975856759753, -0.9932352110740301, 0.10387346514645213], [0.2679126634657605, -0.9836722773409191, 0.21851851319130067], [0.3879196358036001, -0.6299880141146353, 0.1701436507199764]]]}