{"bodyId": "h0", "timestamp": 1609488054954000000, "continuousState": [[[1.42604589871181, -2.80473854757645, 1.69753131829218], [-1.13867949267045, -2.33001540420462, 1.88733596350958], [0.3662533842826792, -0.6919820205107015, 0.7039103421987569]], [[0.2778502482640357, -0.7637661840544907, 0.8459577783530372], [0.20167166061732766, -0.6066235778294589, 0.8190261918822062], [1.66027482299516, 1.38843386113612, 1.58287607042858]], [[0.43703034411008257, -0.7265903622448047, 0.8270228515345239], [0.323539655062112, -0.7046745051042329, 0.8645041623146448], [0.5458694566423112, -0.6464114148874278, 0.7622844468180359]], [[0.10806687738122678, -0.833479263245424, 0.6181944644773611], [0.17474157368419796, -0.8288973692553938, 0.6874123760436528], [0.3214235515516599, -0.7422378645358059, 0.655854596702542]], [[0.5040830909734941, -0.8366035183673604, 0.6404209360199535], [0.3397748801895376, -0.819594375021174, 0.7236486817892591], [0.48886709003198336, -0.8471375430326549, 0.5158411577407831]], [[0.08625866986441655, -1.0572871751931088, 0.4001904795315139], [0.05754300950654345, -1.0115706438556604, 0.4694956126793042], [0.42380238753688704, -0.4519296995121451, 0.6019027434885167]], [[0.5775442743662537, -0.5840269226382775, 0.3444003482382545], [0.13770573048381096, -1.0022792792232413, 0.6398522404269325], [0.5732089350301277, -0.5873161626405305, 0.26603084825418066]], [[0.23575430287197308, -1.0871855083718502, 0.3637614788669479], [0.11314423338994084, -0.7799373584862783, 0.1739341931099443], [0.41476140223723856, -0.4096704149737518, 0.4532295161370954]], [[0.5736733833479081, -0.8395481233261242, 0.5865338838982679], [0.049996841360020916, -0.9020597617553296, 0.629821753123224], [0.5056340381604374, -0.38215937858949567, 0.09126722471104376]], [[0.22635577881633462, -1.1290715917280016, 0.16655784342439794], [0.03678802808976811, -1.131906224153044, 0.3404822120736355], [0.20475178522444937, -0.8026422338671417, 0.13161758852288385]], [[0.3974183622473677, -0.9462411536854243, 0.0671158714757758], [0.21496742310621464, -1.0829382830714442, 0.28140057312597766], [0.47859023862801653, -0.6052335403227072, 0.21076804373117541]], [[0.09169895253764437, -1.0862992406481422, -0.33710805004980315], [0.09375163618711269, -1.1327610493213858, -0.16761059102532028]], [[0.501611867058245, -1.2125688802004808, -0.040630810420617225], [0.2478110872950332, -1.0725273760618048, -0.17427003068739833]], [[0.05210242634623996, -1.1391301043280635, -0.7771503271388192], [0.10455665104437095, -1.2147539408598127, -0.6407621204465461]], [[0.30691186526389913, -0.9578163872994958, -0.7868861274222132], [0.2875309930242629, -1.1432844919054717, -0.5308864198686327]], [[0.30131110469596, -0.8215373653329672, 0.6138071983692708], [0.26127851332473795, -0.8141299046956139, 0.6947009487005804], [0.47975732120084924, -0.6977098134450441, 0.6482735006190248]], [[0.30607498417736045, -0.8350413908063922, 0.6293077002486573], [0.2572582269368678, -0.8242458721382839, 0.705530528916456], [0.40514532079182164, -0.7946877037842304, 0.5858478772216625]], [[0.31188707053185116, -1.037656372706713, 0.11683685745008687], [0.12587772559799137, -1.1074222536122442, 0.3109413925998066], [0.34167101192623295, -0.7039378870949244, 0.17119281612702963]]]}