{"bodyId": "h0", "timestamp": 1609488529919000000, "continuousState": [[[1.42604589871181, -2.80473854757645, 1.69753131829218], [-1.13867949267045, -2.33001540420462, 1.88733596350958], [0.23447703264688502, -1.136297687127152, 0.8485172823248115]], [[1.42604589871181, -2.80473854757645, 1.69753131829218], [-1.13867949267045, -2.33001540420462, 1.88733596350958], [0.10927887513937384, -1.2100889860864552, 0.9048095080345584]], [[0.169004796765593, -1.394804650219721, 0.8054372187580394], [0.04743872619590861, -1.3079370563945343, 0.9537747571094279], [0.27309331554614813, -1.228102111710309, 0.8854596584196195]], [[-0.09725757229251486, -1.4619416310441564, 0.6203455267221027], [-0.1790706342197409, -1.330405122465943, 0.7165370416681058], [-0.046944807791321264, -1.2758216752368692, 0.7204238259679883]], [[0.2593715264687093, -1.4955136055722957, 0.6093012495535608], [0.19369708525262475, -1.3737136547108362, 0.7175829883700005], [0.312035769806841, -1.3134264290539157, 0.7076523809158102]], [[0.029457622486614987, -1.5659921842275593, 0.4688306730255938], [-0.2136872782159568, -1.3433387188099344, 0.4232871787160144], [-0.07716367868797369, -1.2300092974937915, 0.4605702226764776]], [[0.338922978189254, -1.5078245391468563, 0.35822434271897285], [0.18223029989387562, -1.470256963932156, 0.533409628479609], [0.2784801133128354, -1.3996886611390005, 0.3681853723505131]], [[1.42604589871181, -2.80473854757645, 1.69753131829218], [-0.1879275164541705, -1.3083992232106902, 0.15211839871357058], [0.4683477308425623, -0.35436055146821666, 0.6753630211500846]], [[0.3612122023929434, -1.4224513012052966, 0.10542599446235013], [0.04304347280636889, -1.5004949152579212, 0.4836269952199046], [0.269826355367905, -1.3321585177675432, 0.10852501288396943]], [[0.059889498546541464, -1.520900038113786, 0.06128923652733298], [-0.12219618372387542, -1.439537220242777, 0.24626962170668487], [0.1013086583671341, -1.0273267688422367, 0.26974107027253513]], [[0.19677474289949726, -1.4847603980881199, 0.0768274878059787], [0.04733231642644742, -1.5030501104989287, 0.2179031582709523], [0.18058275286132286, -1.2542091581069845, 0.16996929917521975]], [[0.011123087014385025, -1.435445853931632, -0.3960283512601268], [-0.005980880765101615, -1.4662526846917459, -0.2160370087047112]], [[0.2375308052045848, -1.3848442868756279, -0.2202577112427031], [0.12398664540286886, -1.4423500411270251, -0.1561570627001494]], [[0.05277273746928368, -1.4818448918595593, -0.7370931601539601], [0.07163226471693673, -1.5361922167257178, -0.6316900525100191]], [[0.25595566155556515, -1.2376716752616284, -0.7261253944388089], [0.052864401407778594, -1.4918445397754883, -0.2535625751498054]], [[0.12343612556542882, -1.514260451666714, 0.6404151141410863], [-0.04245120402997449, -1.3862143984190405, 0.7590174593407266], [0.13895042233342947, -1.283445380042258, 0.7175499343358067]], [[0.08105697708809723, -1.478727618308226, 0.6148233881378318], [0.0073132255164419235, -1.3520593885883896, 0.7170600150190531], [0.13254548100775987, -1.2946240521453924, 0.7140381034418992]], [[0.12833212072301936, -1.502830218100953, 0.06905836216665584], [-0.037431933648714, -1.4712936653708528, 0.2320863899888186], [0.14094570561422848, -1.1407679634746106, 0.21985518472387744]]]}