{"bodyId": "h0", "timestamp": 1609488652327000000, "continuousState": [[[0.0869464814348897, -1.7412176874505112, 0.7768340458035814], [-1.13867949267045, -2.33001540420462, 1.88733596350958], [0.08760263309415217, -1.5807091680537149, 0.8941437062373891]], [[1.42604589871181, -2.80473854757645, 1.69753131829218], [-0.19182726428289132, -1.665719930593207, 0.9740135046007334], [-0.1671090957714063, -1.89686235704983, 0.9146538114581002]], [[0.12658948708751305, -1.8737706676515726, 0.8263463035651395], [-1.13867949267045, -2.33001540420462, 1.88733596350958], [0.1266189979694745, -1.6962795446448322, 0.9342923901991718]], [[-0.12828127130658684, -1.9728978940379607, 0.6633571171165225], [-0.2621275976212373, -1.7717452637074809, 0.779362920412543], [-0.15372373506266923, -1.7168220308308848, 0.7828965500572393]], [[0.18671855621975664, -1.9491830995319104, 0.6025334098701778], [0.042495921034639395, -1.8492291219245045, 0.8080738821767064], [0.14200872875295567, -1.8134095615184196, 0.7344916371653076]], [[0.0012854888337150427, -2.0417070607268113, 0.5110753972792665], [-0.34095952044408184, -1.8223819956857077, 0.5203477079059025], [-0.3055540406370991, -1.8163421408564853, 0.4966930706481232]], [[0.2529533603913876, -1.9379390263409, 0.294054941394152], [-0.07408683461264243, -1.9200764076305576, 0.700925155611908], [0.18667812867941147, -1.7815825712643654, 0.46529559755988315]], [[1.42604589871181, -2.80473854757645, 1.69753131829218], [-0.3622046554206144, -1.776368951209157, 0.24116985628435428], [-0.3245791993500211, -1.642681860832179, 0.27254127163511876]], [[0.22121349332088136, -1.8112917069116266, -0.01262996747284939], [-1.13867949267045, -2.33001540420462, 1.88733596350958], [0.07635340943127766, -1.825361047306324, 0.14580524294585073]], [[0.06985826208209334, -2.0441981593978715, 0.21563727266037702], [-0.29113603025049994, -1.9008297645168168, 0.42033198491631896], [-0.19293083145073164, -1.7310061842071764, 0.21857505059042426]], [[0.15673739117172558, -1.9701096517948962, 0.13355802097840153], [-0.1499826050794153, -1.9670154393092092, 0.3831544070625086], [0.03737765008430749, -1.7112244656696407, 0.2269576135439335]], [[0.023939642297981623, -1.9871953440641958, -0.04999646747264119], [-0.20604085492680047, -1.8915446514571785, -0.09892033140840462]], [[0.10371295045640294, -1.876808515795283, -0.3020643302367809], [-0.004044051257388048, -1.9234660769843908, -0.06569298680436764]], [[-0.18060888741435122, -1.9082836011306552, -0.7874575808278896], [-0.19280925248724845, -1.9647737913540233, -0.578512068834564]], [[0.09755455840112948, -1.8928519765337044, -0.8198568648073573], [0.08366244374830356, -1.9873928163395098, -0.5667159948853573]], [[0.06060575979106986, -1.9699539967929367, 0.6447961685085188], [-0.1408950519067833, -1.8207634353836648, 0.8157367608646061], [0.026215015724113222, -1.6983074102842375, 0.7809068302799127]], [[0.029218642456584898, -1.9610404967849355, 0.6329452634933501], [-0.10981583829329894, -1.8104871928159927, 0.7937184012946247], [-0.00585750315485678, -1.7651157961746522, 0.7586940936112735]], [[0.11329782662690946, -2.007153905596384, 0.17459764681938927], [-0.22055931766495762, -1.9339226019130131, 0.40174319598941377], [-0.07777659068321208, -1.7211153249384086, 0.22276633206717888]]]}