{"bodyId": "h0", "timestamp": 1609488652595000000, "continuousState": [[[1.42604589871181, -2.80473854757645, 1.69753131829218], [-1.13867949267045, -2.33001540420462, 1.88733596350958], [0.10671889168212934, -1.5843694682116154, 0.8822220930384186]], [[0.07581060484347812, -1.8891185792478105, 0.8202989641944578], [-0.11998096605685304, -1.6508288020064334, 0.9485932311818965], [0.08994175681567662, -1.5513384685926903, 0.9713704366349356]], [[0.1564553050784807, -1.8328581874817487, 0.799018875779989], [-0.10967653393988419, -1.7702075756852742, 1.055091285731989], [0.20464296412613825, -1.6234355660361612, 0.9366801392495006]], [[-0.08208494322903004, -1.9580068898461604, 0.6554271754899677], [-0.20624729212087667, -1.7449515770031614, 0.7540835688410761], [-0.11291574078728961, -1.7294508533045903, 0.7668855491135651]], [[0.21521722107102415, -1.9231842529247707, 0.5866832405488895], [0.0820403640799956, -1.8472743259958506, 0.8195447685098041], [0.1658774156288194, -1.8801520978577835, 0.6929902860113344]], [[0.05524903397217007, -2.0178695186613282, 0.5416032820046113], [-0.3157222590441292, -1.8051960214779041, 0.5476396487987398], [-0.2754426911427812, -1.7863362123285398, 0.4947961901045943]], [[0.27121413175926423, -1.915250243587411, 0.25552145484116706], [-0.02736733452055784, -1.91567995964527, 0.7022273656826095], [0.14434181355282538, -1.9164194645144017, 0.3710586770369273]], [[1.42604589871181, -2.80473854757645, 1.69753131829218], [-0.34671274923691087, -1.763862125057062, 0.26152069408768086], [-0.3562452171110073, -1.7158221188886271, 0.2544477569867567]], [[0.22314184430015316, -1.79026503549541, -0.03871864424400173], [-1.13867949267045, -2.33001540420462, 1.88733596350958], [0.14180361008986697, -1.814378334552085, 0.1420106706401687]], [[0.0973121262510459, -2.026027384292967, 0.18280524070889448], [-0.2696381413813238, -1.8916124492410549, 0.4060450424425004], [-0.17430766872354875, -1.723469428968118, 0.22276318389464111]], [[0.17923156637715043, -1.9375011910398159, 0.12069234116863248], [-0.15554437504122642, -1.9655583188262518, 0.44651682699438267], [0.04977896137361526, -1.7333303481086613, 0.20716304665626617]], [[-0.08193045385650666, -1.9189091657031008, -0.2948478441966338], [-0.2041955528515318, -1.8974177922947415, -0.09132421084282694]], [[0.13436604322622325, -1.869489481782414, -0.27268238655624977], [0.01785637350702096, -1.9164101830226854, -0.04707484988170507]], [[-0.2166526966932747, -1.897375861120024, -0.8615161418820997], [-0.20342313066155482, -1.9758606378765062, -0.5359080069994571]], [[0.07415281525924744, -1.8768224301745513, -0.8640887642299466], [0.08249319058890103, -1.9878978135156413, -0.5635861265981272]], [[0.08943336665035262, -1.9504502573372977, 0.6353845017401103], [-0.09662054513593565, -1.7992573898170976, 0.8053142961037114], [0.09944039863243348, -1.6663868210960269, 0.7766536585263952]], [[0.06656613892099705, -1.9405955713854657, 0.6210552080194286], [-0.062103464020440535, -1.796112951499506, 0.7868141686754401], [0.026480837420764902, -1.8048014755811868, 0.7299379175624497]], [[0.13827184631409817, -1.9817642876663912, 0.15174879093876348], [-0.2125912582112751, -1.9285853840336533, 0.42628093471844153], [-0.062264353674966744, -1.7283998885383896, 0.21496311527545364]]]}