{"bodyId": "h0", "timestamp": 1609488659965000000, "continuousState": [[[0.1422805462629224, -1.1196825632820009, 0.7899861505896262], [-1.13867949267045, -2.33001540420462, 1.88733596350958], [0.21883198294252315, -0.9929025935887641, 0.8300576034218501]], [[1.42604589871181, -2.80473854757645, 1.69753131829218], [-0.10426117011766678, -0.9939829748080813, 0.8403199994206358], [0.07983808556322325, -1.0341195905686318, 0.8827291564861768]], [[0.11468863491105674, -1.2472451432784695, 0.8559122285559295], [-0.01930294199826399, -1.1206165981484626, 0.9148706224114351], [0.28299597264514254, -1.0282560289747933, 0.9327614966666444]], [[0.006825852554316558, -1.2800687918860174, 0.7164084664367003], [-0.21357605127765522, -1.0167029053512489, 0.657081851846113], [-0.014211098949515888, -0.9850655163820472, 0.738482949174941]], [[0.08083406978314667, -1.3676111763363066, 0.6412807830345084], [0.006476335803957012, -1.2845037623248146, 0.7384620104691759], [0.17146567731142803, -1.2451805881685056, 0.7300845015354347]], [[0.016902010312352056, -0.9597103090887935, 0.42317935557681596], [-0.15683203663391554, -1.1457848038500533, 0.5493374057014004], [0.09646093161605296, -0.8379513134552286, 0.5475136783617696]], [[0.14322569092126747, -1.4560588009412512, 0.3325387023309805], [0.04584564648942924, -1.4274936508993572, 0.46669655598279935], [0.16075104787516015, -1.3178858113953726, 0.4376700562864235]], [[0.08761472086218092, -1.12633166182775, 0.719651536596914], [-1.13867949267045, -2.33001540420462, 1.88733596350958], [0.14567707848827127, -0.9736447601179399, 0.7534579684656628]], [[0.23977392303247735, -1.3227145150322424, 0.10852664568586112], [-1.13867949267045, -2.33001540420462, 1.88733596350958], [0.1474092153303348, -1.3682644160504633, 0.17009914030509732]], [[0.21287360820384027, -1.3714073302401442, 0.20440768068645276], [-0.12654883035004594, -1.1837481094171602, 0.16302496607056938], [0.42742927731009517, -0.4109556550849216, 0.5309206415226846]], [[0.17018201359607654, -1.3759981626544922, 0.1264405711699792], [0.021616403081484048, -1.3451912657547227, 0.2131899864577198], [0.19144805150908661, -1.1260937380812885, 0.18835535666500514]], [[0.16258330091475126, -1.324911974332243, -0.19519164446598825], [-0.010026407755352018, -1.1640099579042489, -0.24266925821818797]], [[0.08738836486198132, -1.3746817983782784, -0.38567200873182195], [0.137912334725812, -1.3882147261246116, -0.2550743434418896]], [[0.12605673830469533, -1.3689329172385993, -0.46226599963185766], [-0.016704036450076565, -1.2440441997466993, -0.6187585838770853]], [[-0.01259730144767679, -1.4694223313048054, -0.798633779556059], [0.037499561454957364, -1.5755592756506143, -0.585980678410422]], [[0.06152474492677351, -1.3383273745021713, 0.6891491245614041], [-0.13048678197846253, -1.2031065178463143, 0.742694719832022], [0.15959622624002545, -0.9872634302213819, 0.7589130801353356]], [[0.04382996116873161, -1.3238399841111619, 0.6788446247356044], [-0.1035498577368491, -1.1506033338380317, 0.6977719311576445], [0.07862728918095607, -1.1151230522752764, 0.7342837253551878]], [[0.1915278108999584, -1.3737027464473182, 0.16542412592821598], [-0.052466213634280945, -1.2644696875859416, 0.1881074762641446], [0.3094386644095909, -0.7685246965831051, 0.35963799909384486]]]}