{"bodyId": "h0", "timestamp": 1609488673700000000, "continuousState": [[[1.42604589871181, -2.80473854757645, 1.69753131829218], [0.2365002564744625, -1.1011795235997808, 0.8048464008601721]], [[0.14645169957308424, -1.3408810131561326, 0.8686311724081315], [0.14514241574521747, -1.1374725311962335, 0.8779973711850981]], [[0.2576160004874326, -1.2716437270865883, 0.845402889492544], [0.3131083398908585, -1.1267472143223225, 0.8773278233461483]], [[-0.0638607006385219, -1.327075821369773, 0.6246690246037567], [0.01605462128210955, -1.1638597661705812, 0.7072480110064814]], [[0.3227538403219101, -1.3848608626948267, 0.6410409396062822], [0.32338769156149283, -1.2776786291700817, 0.6615508478305274]], [[-0.028053812503488595, -1.4133869125493037, 0.4658647795439508], [-0.11622599613597173, -1.192764366710029, 0.4514137410066281]], [[0.40266592744260543, -1.4151177197011113, 0.32434951786709854], [0.32133098493477097, -1.3727926544558198, 0.3603271433335029]], [[0.1825784088088105, -1.479285290283415, 0.48815772628549503], [0.4289922737181022, -0.4469185299137455, 0.6128756791523529]], [[0.3347017835264996, -1.2239534781928403, 0.24314455773595323], [0.2580413643171924, -1.1135166309744065, 0.23462264086578566]], [[0.08282491627493882, -1.4272731028009358, 0.07589509009891593], [0.15156791272960324, -0.9456724107044958, 0.302767230071441]], [[0.2564382695905958, -1.3723072673772019, 0.06230868516266286], [0.25453363862778566, -1.136315897531036, 0.21219237098064125]], [[0.0906343545212851, -1.366963266212834, -0.2737655647778381]], [[0.21726098292674823, -1.3151968518582873, -0.36844288308881534]], [[0.06059722096678488, -1.342150003303301, -0.72989308284655]], [[0.1215521326837461, -1.362810536512984, -0.8582320970799509]], [[0.18436097832207077, -1.405863920235671, 0.6735313007614372], [0.1849955607378162, -1.1880352713713123, 0.6909705460496385]], [[0.12944656984169411, -1.3559683420322999, 0.6328549821050194], [0.1697211564218012, -1.2207691976703314, 0.6843994294185044]], [[0.1696315929327673, -1.3997901850890688, 0.0691018876307894], [0.20305077567869445, -1.0409941541177659, 0.25747980052604114]]]}