{"bodyId": "h0", "timestamp": 1609488697494000000, "continuousState": [[[1.42604589871181, -2.80473854757645, 1.69753131829218], [0.401183361724744, -0.7045299071935396, 0.8004404128024816]], [[1.42604589871181, -2.80473854757645, 1.69753131829218], [0.3777614578326889, -0.6579217777948494, 0.8809292534708866]], [[0.3715457773479527, -0.8370811279248409, 0.8604604585124342], [1.66027482299516, 1.38843386113612, 1.58287607042858]], [[0.03059996095254447, -0.8940088580850867, 0.5935128861008259], [0.17693545543436318, -0.8882360891853185, 0.7014754802124641]], [[0.43465593804474356, -0.849582788128417, 0.6294152440985483], [0.5290099766324494, -0.7741820866057809, 0.6456207890267205]], [[0.07515125418336455, -1.0736839088114707, 0.35337004546217], [0.4527514534110044, -0.39103812644022895, 0.6649145226009445]], [[0.5375789577679122, -0.8713856989831601, 0.31135737372834993], [0.5222394745145256, -0.8446374529594323, 0.3162790854392248]], [[0.15482436670434718, -1.042231137232104, 0.3478589350937118], [0.39510433663868194, -0.3707346190395271, 0.46213622523325637]], [[1.42604589871181, -2.80473854757645, 1.69753131829218], [0.422183941612875, -0.6946846002954061, 0.1283932459638688]], [[0.16850539315189894, -1.0616985202409994, 0.10280790902531445], [0.15160316467324741, -0.7815461649467537, 0.12395716729117989]], [[0.3991071843659024, -0.9974477478086827, 0.11673786544940645], [0.4023385320591264, -0.6999760910964008, 0.14195055478453078]], [[0.051115441908207604, -0.9588090480284066, -0.3602958031624901]], [[0.49236596440760727, -1.1883856629106961, -0.03134650184470833]], [[0.04614468806643579, -1.0155459875347699, -0.776710520267595]], [[0.3288920512147733, -0.9512287048354047, -0.770461694896384]], [[0.26160567368802057, -0.9062404633443908, 0.6320420534473283], [0.3530011858396507, -0.8419821633598634, 0.6623454919553975]], [[0.23262794949864402, -0.8717958231067519, 0.6114640650996871], [0.3529727160334063, -0.8312090878955497, 0.6735481346195923]], [[0.2838062887589007, -1.029573134024841, 0.10977288723736045], [0.2769708483661869, -0.7407611280215772, 0.13295386103785534]]]}