{"bodyId": "h0", "timestamp": 1609488698231000000, "continuousState": [[[0.19762179347840414, -0.9261327023333907, 0.831844367702387], [-1.13867949267045, -2.33001540420462, 1.88733596350958], [0.26475457427249016, -0.775774292846187, 0.8317206148054208]], [[1.42604589871181, -2.80473854757645, 1.69753131829218], [-1.13867949267045, -2.33001540420462, 1.88733596350958], [0.13806779773838218, -0.8368052066960288, 0.8806022756743814]], [[0.15291007125469092, -0.9930622085291205, 0.852670139805209], [0.015610845012114849, -0.9503143993353942, 0.9346722723555723], [1.66027482299516, 1.38843386113612, 1.58287607042858]], [[-0.1763151233684077, -0.9874378114264999, 0.6007373837200032], [-0.15755038545628886, -0.9138708089564056, 0.6327527654924638], [-0.011106821954363078, -0.8977537444757981, 0.692459876929407]], [[0.26488824363761054, -1.0740524556117639, 0.6586428207744255], [0.15854467474303613, -1.0193443524407557, 0.7156562518867768], [0.31452469084758317, -0.976058232823116, 0.6824839943100807]], [[-0.14946773399516178, -1.0507817599691314, 0.3540824199507737], [-0.20609154080262493, -0.9850830739457361, 0.35517505145840667], [0.3626123325973549, -0.27734107161215515, 0.708191083555924]], [[0.315037586189133, -1.0883920948802963, 0.32357728560533316], [0.2148355904379926, -1.0963588774968098, 0.45710899682503525], [0.3255126537081898, -1.0643470087335296, 0.33791658471566266]], [[0.10667051545471917, -1.1746063225858785, 0.4750956676322724], [-0.12014085090792737, -0.9987812591941718, 0.30099685210527505], [-0.04136238345151999, -0.7847674940212601, 0.1782151299390231]], [[0.3331760403685484, -0.9615684135435494, 0.0968267403320684], [0.14572958860250584, -1.1080677820840745, 0.3252056686448981], [0.2986426235207589, -0.944213107435738, 0.14322978233329997]], [[0.0017562024722181935, -1.0829148625025693, 0.03794792662829982], [-0.0650569776932044, -1.0432396430646889, 0.16189337529896042], [0.34733373348848184, -0.37718203630397396, 0.4172339635488229]], [[0.23060466485335107, -1.1005416552936407, 0.1252785683819384], [0.09190592492771987, -1.159176210497091, 0.25114976729832605], [0.29995676037589414, -0.7966459321153372, 0.19169604339263935]], [[-0.010249352448129745, -0.9881116093952078, -0.3643512006513363], [0.014515599575519733, -1.0407733906476322, -0.2673597954999758]], [[0.26544795977193925, -1.0157633200406537, -0.26383371692043966], [0.2492427459431683, -1.0738399258838642, -0.281004666936284]], [[0.06517783272297328, -1.0453992690148706, -0.7517904055931797], [0.08405109195384064, -1.108076249459714, -0.6520323252526055]], [[0.2473909597023487, -1.0688458338029032, -0.7589277303099529], [0.2136650997781966, -1.1843410039939488, -0.6124609226467448]], [[0.10735717127683952, -1.1014607073456244, 0.6724954278583004], [-0.022030124539137663, -0.989566169487146, 0.6983627848820946], [0.19431353234606563, -0.8617707147385802, 0.71203566229515]], [[0.044286560134601416, -1.0307451335191318, 0.6296901022472143], [0.0004971446433736371, -0.9666075806985807, 0.6742045086896203], [0.15170893444661004, -0.9369059886494571, 0.6874719356197438]], [[0.11618043366278463, -1.091728258898105, 0.08161324750511911], [0.013424473617257737, -1.1012079267808899, 0.20652157129864324], [0.323645246932188, -0.5869139842096556, 0.30446500347073113]]]}