{"bodyId": "h0", "timestamp": 1609488741379000000, "continuousState": [[[1.42604589871181, -2.80473854757645, 1.69753131829218], [0.22617190959005695, -0.6506619606342279, 0.781923590891908]], [[0.07882606366855671, -0.8426234873549368, 0.8751531065998215], [1.66027482299516, 1.38843386113612, 1.58287607042858]], [[0.23491771895564217, -0.7746593551647458, 0.8526121725025944], [0.3290173695150107, -0.7143427291982127, 0.8368725871038012]], [[-0.03533961323998169, -0.9043193781495908, 0.6560424745352491], [0.10198583607829548, -0.7251671054034317, 0.6967737908646252]], [[0.3427252410810555, -0.9757977593120064, 0.6605670487690289], [0.3794853725308369, -0.89675583385013, 0.6508638266473417]], [[1.42604589871181, -2.80473854757645, 1.69753131829218], [-0.10241643876660333, -0.7044728641638802, 0.4418168098439448]], [[0.41815359731262225, -1.0463797601159288, 0.3442375733251479], [0.4194216742923482, -0.9624109552833462, 0.38321258470403974]], [[0.10535345141343844, -1.0372703323389665, 0.5919268996048108], [-0.2075001728342476, -0.536397929630831, 0.22267685359806766]], [[0.4093653985782276, -0.7779717742409717, 0.30839855328160004], [0.6389854095601653, -0.3822333667987401, 0.5242531893857875]], [[0.02572555811120214, -1.0102149531168012, 0.06582989506514969], [0.5297358875001135, -0.13670224073480552, 0.5988587831434387]], [[0.28920065362946645, -1.0334000958043466, 0.13014573236787053], [0.6014534965551792, -0.2974640496631853, 0.5003130880208759]], [[0.025762385849933844, -0.9636259752259064, -0.2839882783515839]], [[0.37018895379548056, -1.1191870374535802, -0.15180617145962527]], [[0.013394602873683104, -0.9488669361613722, -0.7639770497766918]], [[0.3566682343977987, -1.047120576493299, -0.6990253520972667]], [[0.15756170098034672, -0.9540247470055612, 0.6563953418951769], [0.27575174307478023, -0.7349296598154103, 0.7005760524639588]], [[0.1536928139205369, -0.9400585687307986, 0.658304761652139], [0.2407356043045662, -0.8109614696267808, 0.6738188087559834]], [[0.1574631058703343, -1.021807524460574, 0.09798781371651011], [0.5655946920276463, -0.2170831451989954, 0.5495859355821573]]]}