{"bodyId": "h0", "timestamp": 1609488770256000000, "continuousState": [[[1.42604589871181, -2.80473854757645, 1.69753131829218], [-1.13867949267045, -2.33001540420462, 1.88733596350958], [0.14761625581466697, -1.1168443084488389, 0.8189990954060307]], [[1.42604589871181, -2.80473854757645, 1.69753131829218], [-0.13920662838076048, -1.1260814800489003, 0.8693158181679554], [0.01815128428281021, -1.1945034180777756, 0.8931892784941631]], [[0.08926550988653537, -1.3436720973272938, 0.8226644566198527], [-0.05274793175591208, -1.2495666216292236, 0.9607703113491983], [0.20790873470725946, -1.161868357640387, 0.8970027252975299]], [[-0.13101703797133113, -1.408814702087219, 0.6593566385251148], [-0.2699975941223637, -1.235781655444702, 0.6923445162978077], [-0.0691600139039179, -1.1399872809721634, 0.7246612519454199]], [[0.15336282628549713, -1.4647927155730094, 0.6147034055739569], [0.06875261256328646, -1.3451572944715842, 0.728516579492051], [0.21334942607638574, -1.2814679803238407, 0.7086696676135456]], [[-0.009133794220865354, -1.5261674938460674, 0.5056908824674413], [-0.3153698765213955, -1.2828438318846962, 0.41576588999161235], [-0.25613777131277815, -1.2282180019195839, 0.41872266651520174]], [[0.2320832820244647, -1.502205260899219, 0.3176989291159744], [0.10764133333388104, -1.4554136329135718, 0.4818595135635497], [0.21124527679500726, -1.383667095891494, 0.392477585624053]], [[0.19849991678380352, -1.5132861914129667, 0.5395778918427252], [-0.28547446204741755, -1.212716911847984, 0.08318968222349943], [0.4204738939059425, -0.2894523157494562, 0.6538040116465184]], [[0.2639615302697549, -1.4067618170366902, 0.009719842505942156], [0.21890605056592793, -1.398712603046858, 0.14354642625068648], [0.18794477401885734, -1.3666751673318787, 0.11760715625110807]], [[-0.004494602795026337, -1.5001334223597866, 0.11903078843115722], [-0.1939644929423341, -1.3625840007146948, 0.22179893647496884], [0.44408223823903636, -0.4022815457593294, 0.6029247776585053]], [[0.1342529793274938, -1.4864551730538378, 0.12350375156602733], [-0.031871480810435227, -1.4817247506657152, 0.2846761788595249], [0.15142863737693602, -1.1685819631204275, 0.2189113545754977]], [[-0.03936885692945302, -1.4022985695702022, -0.290654564072107], [-0.08414726463320044, -1.3516557373497335, -0.20029436213552354]], [[0.21363929997746323, -1.3512830682351054, -0.29053432662229417], [0.11777805594797486, -1.4162634691114502, -0.16585650056431067]], [[-0.03164750325069221, -1.3953853192248005, -0.7435580250678333], [-0.037438008660554134, -1.4552619529817836, -0.5916378799254194]], [[0.20994846009332324, -1.451491772156536, -0.7626545876116786], [0.20199335536054908, -1.5292823975977299, -0.5809851140496312]], [[0.03324488167327222, -1.4649743669200566, 0.6530437401008284], [-0.17107369300066666, -1.340026591081097, 0.7709693051474613], [0.058066062672236685, -1.2301920943031366, 0.7151202995927521]], [[0.011172894157083002, -1.4368037088301142, 0.6370300220495358], [-0.10062249077953861, -1.2904694749581431, 0.7104305478949293], [0.07209470608623392, -1.2107276306480022, 0.7166654597794827]], [[0.06487918826623373, -1.4932942977068122, 0.12126726999859228], [-0.11291798687638466, -1.422154375690205, 0.25323755766724687], [0.2977554378079862, -0.7854317544398784, 0.4109180661170015]]]}