{"bodyId": "h0", "timestamp": 1609488778430000000, "continuousState": [[[1.42604589871181, -2.80473854757645, 1.69753131829218], [-1.13867949267045, -2.33001540420462, 1.88733596350958], [0.2809656782983967, -1.0538082065963954, 0.8014401750806217]], [[1.42604589871181, -2.80473854757645, 1.69753131829218], [-0.004289776686077218, -1.0395112573041834, 0.8886148199802852], [1.66027482299516, 1.38843386113612, 1.58287607042858]], [[0.22808272217823533, -1.222285867047482, 0.8192001949620267], [-1.13867949267045, -2.33001540420462, 1.88733596350958], [0.35111973430300547, -1.120069377565575, 0.8519828863938281]], [[-0.02282397987773832, -1.3048843179514353, 0.6725505426557781], [-0.1307649157057118, -1.1394895931893443, 0.7015089448476883], [0.03441749032651731, -1.1155993444853083, 0.7134825508989646]], [[0.2660964496679903, -1.3468826346636398, 0.623383243546312], [0.13461411327785822, -1.305789445198509, 0.7607224556101542], [0.3099192885288262, -1.24299507900969, 0.6637217207574588]], [[0.06294926597766048, -1.4106720978727005, 0.5472794249926751], [-0.1902694357918513, -1.1668527490450236, 0.42486338644529864], [-0.052929424802097724, -1.056244785814252, 0.46731767285007786]], [[1.42604589871181, -2.80473854757645, 1.69753131829218], [0.22054562365204555, -1.3493193734386613, 0.4202582920536071], [0.3497247760934017, -1.2440645001351833, 0.38405807367198785]], [[1.42604589871181, -2.80473854757645, 1.69753131829218], [-0.18319884323727487, -1.1586027630130238, 0.23914944695784524], [-0.0930064069668266, -1.0336354685734848, 0.1777380051079407]], [[0.37186780528519714, -1.2366978782455864, 0.07850969059415824], [0.04777019005725536, -1.3971609749010172, 0.4682441803294526], [0.3082648102935852, -1.1606678649090354, 0.13048367311322706]], [[0.07371582300414325, -1.3770251346792834, 0.09196242662223031], [-0.19733899928768883, -1.3945106356831094, 0.4035594667555822], [0.30510006204987605, -0.6348455151653805, 0.41310721073251533]], [[0.26866444956614655, -1.3686470533532729, 0.1251206897178032], [0.05870561499883453, -1.3817424621432823, 0.2538155014209842], [0.2928770058027115, -0.9950793808293352, 0.21211194238043007]], [[0.008957776225127834, -1.2714394220289194, -0.3357830377329556], [-0.006309674734947146, -1.2766439110418282, -0.24503315517435453]], [[0.21051308941558466, -1.2785182365849013, -0.3047567420731814], [0.171340098678761, -1.2920340621436142, -0.2641329037751112]], [[-0.03850883388733317, -1.3564900773140192, -0.765740873149579], [-0.007640449921322512, -1.4276638384272624, -0.6302156802253018]], [[0.17416808727124033, -1.2376255911860512, -0.7566888482061271], [0.15417596952926615, -1.347887914265664, -0.604315940707344]], [[0.17424068827278982, -1.383700921188775, 0.6884238641739842], [-0.025044617719471418, -1.2434610231305632, 0.7546971916461618], [0.16421564805342093, -1.2031663696757138, 0.6757960028976657]], [[0.12163623489512598, -1.3258834763075376, 0.647966893101045], [0.0019245987860732061, -1.2226395191939265, 0.7311157002289213], [0.17216838942767176, -1.1792972117474991, 0.6886021358282117]], [[0.1711901362851449, -1.3728360940162783, 0.10854155817001676], [-0.06931669214442715, -1.388126548913196, 0.3286874840882832], [0.29898853392629376, -0.8149624479973578, 0.3126095765564727]]]}