{"bodyId": "h0", "timestamp": 1609488836050000000, "continuousState": [[[1.42604589871181, -2.80473854757645, 1.69753131829218], [-1.13867949267045, -2.33001540420462, 1.88733596350958], [0.17968395954116256, -1.4449529118926279, 0.8268896828412442]], [[1.42604589871181, -2.80473854757645, 1.69753131829218], [-0.055314440153910516, -1.4306269914591314, 0.9179218301491441], [0.1540254419732754, -1.3357254989482017, 0.9439606168763668]], [[0.22272043322155222, -1.5909970382832372, 0.8005806172348238], [-1.13867949267045, -2.33001540420462, 1.88733596350958], [0.28017433925080026, -1.47170134418238, 0.8935006558958898]], [[-0.03152928223913665, -1.6971328957236806, 0.6209482685138932], [-0.15186521331740155, -1.5511891468265504, 0.7565069536895597], [-0.010368108546938037, -1.485391058702565, 0.7378791320034954]], [[0.33222029398553365, -1.7093040080521265, 0.5915246962373437], [0.15218273880771305, -1.6315107038147412, 0.788606803932008], [0.3100563247090229, -1.560804185561667, 0.6488482281545249]], [[0.00655389578222354, -1.7682568951912874, 0.3668874730103513], [-0.23717730258989866, -1.5893611338371703, 0.4538115505533493], [-0.18086954049182324, -1.5830764123062662, 0.45865684529247086]], [[0.3647384605851314, -1.6998274942899263, 0.24859366804960836], [0.14340594419552688, -1.7124615656895297, 0.56905663912168], [0.2625505580623084, -1.6575593423535586, 0.3430387451584791]], [[0.1084451164791762, -1.7967981283704346, 0.3426877978153551], [-0.24133754640581562, -1.5380396382300243, 0.18060796409358137], [-0.3222649999334841, -1.6128247027607068, 0.1830153279275084]], [[0.35293501719066, -1.5972965630764553, -0.030340417286837784], [0.020921177901291443, -1.7298287123335112, 0.46958642698268527], [0.25586536867701937, -1.5677155118155544, 0.1014800221880634]], [[0.11292961562727144, -1.7986606963700134, 0.19713952486949382], [-0.12627397483058211, -1.6474548405821048, 0.2819966888512848], [-0.03338214884905111, -1.4356010521325329, 0.23021770719235124]], [[0.26073059883423144, -1.7593070923931482, 0.17220699195555444], [0.01760446817490746, -1.7335485619720699, 0.2680871716713873], [0.11945597768616523, -1.5460110963582294, 0.15834842241813707]], [[0.17986759070904412, -1.788085421104549, 0.05378484298822639], [-0.1493196344995653, -1.5566797890527053, -0.13810657637260393]], [[0.15136256163436634, -1.678195847704806, -0.29722588608998723], [0.07937110834348515, -1.7098034037284753, -0.16901719987574726]], [[-0.059023508957824156, -1.6600259807998983, -0.6083244705840538], [-0.1710200124078456, -1.6138919737321569, -0.61221439003817]], [[0.06767447153677186, -1.6725880389136187, -0.7566053298682718], [0.02618358987659719, -1.7650473816287084, -0.5693828462847104]], [[0.16296522057020302, -1.7146224742130545, 0.6162181687000305], [-0.02597179442323516, -1.606293978715197, 0.7981652789680087], [0.1546338841323378, -1.5298561308962864, 0.6905281340633804]], [[0.1503455058731985, -1.7032184518879037, 0.6062364823756184], [0.0001587627451557494, -1.5913499253206458, 0.7725568788107838], [0.14984410808104243, -1.523097622132116, 0.6933636800790102]], [[0.18683010723075144, -1.7789838943815808, 0.18467325841252413], [-0.054334753327837326, -1.6905017012770873, 0.27504193026133605], [0.04303691441855706, -1.490806074245381, 0.19428306480524415]]]}