{"bodyId": "h0", "timestamp": 1609488926366000000, "continuousState": [[[1.42604589871181, -2.80473854757645, 1.69753131829218], [1.66027482299516, 1.38843386113612, 1.58287607042858]], [[1.42604589871181, -2.80473854757645, 1.69753131829218], [1.66027482299516, 1.38843386113612, 1.58287607042858]], [[1.42604589871181, -2.80473854757645, 1.69753131829218], [1.66027482299516, 1.38843386113612, 1.58287607042858]], [[1.42604589871181, -2.80473854757645, 1.69753131829218], [1.7038433605991072, -1.2771860739448873, 0.7243559544417342]], [[1.42604589871181, -2.80473854757645, 1.69753131829218], [1.6984729653775654, -1.2854503647019266, 0.7217306635574534]], [[1.42604589871181, -2.80473854757645, 1.69753131829218], [1.5778142800190091, -2.0188548524812076, 0.2111809004666758]], [[1.42604589871181, -2.80473854757645, 1.69753131829218], [1.5779428405483942, -2.018835202319573, 0.2109578248550532]], [[1.42604589871181, -2.80473854757645, 1.69753131829218], [1.5748555500437378, -1.9935162583001484, -0.011411799885231222]], [[1.42604589871181, -2.80473854757645, 1.69753131829218], [1.574902810899322, -1.9935738390350752, -0.011382148790026081]], [[-0.11669224346025331, -0.8049692018698793, -0.045305099938554916], [1.66027482299516, 1.38843386113612, 1.58287607042858]], [[-0.09834830366858549, -0.7993089029049043, -0.04515886450096751], [1.66027482299516, 1.38843386113612, 1.58287607042858]], [[-0.4355954075789985, -0.42566680202252005, -0.6638912282723013]], [[-0.43579785314879516, -0.42578599732991895, -0.6639532847764429]], [[-0.38927404680617483, -0.6518522427230153, -0.7282540421643904]], [[-0.4076969984233476, -0.6885355707538743, -0.7315085087176361]], [[1.42604589871181, -2.80473854757645, 1.69753131829218], [1.7046197309731728, -1.2816942440106343, 0.716119487248106]], [[1.42604589871181, -2.80473854757645, 1.69753131829218], [1.7011581629883363, -1.281318219323407, 0.7230433089995938]], [[-0.1075202735644194, -0.8021390523873918, -0.04523198221976121], [1.66027482299516, 1.38843386113612, 1.58287607042858]]]}