{"bodyId": "h0", "timestamp": 1609488958459000000, "continuousState": [[[1.42604589871181, -2.80473854757645, 1.69753131829218]], [[1.42604589871181, -2.80473854757645, 1.69753131829218]], [[1.42604589871181, -2.80473854757645, 1.69753131829218]], [[1.42604589871181, -2.80473854757645, 1.69753131829218]], [[1.42604589871181, -2.80473854757645, 1.69753131829218]], [[1.42604589871181, -2.80473854757645, 1.69753131829218]], [[1.42604589871181, -2.80473854757645, 1.69753131829218]], [[1.42604589871181, -2.80473854757645, 1.69753131829218]], [[1.42604589871181, -2.80473854757645, 1.69753131829218]], [[-0.7952276703678902, -0.4999224942353231, -0.1848076873720812]], [[-0.7955090277117036, -0.4998796671174619, -0.18467179606848072]], [[-0.8282683345776845, -0.5175404173577451, -0.3979392640530537]], [[-0.7973382896328445, -0.563297892703853, -0.35937216546846584]], [[-0.9018828302811852, -0.4529389484088351, -0.657064261621549]], [[-0.7282523418576363, -0.624146205674577, -0.5136905011114596]], [[-0.915888902415696, -0.3557722324205208, 0.0523724049122789]], [[1.42604589871181, -2.80473854757645, 1.69753131829218]], [[-0.7953683490397969, -0.4999010806763925, -0.18473974172028096]]]}