{"bodyId": "h0", "timestamp": 1609488179462000000, "continuousState": [[[1.42604589871181, -2.80473854757645, 1.69753131829218], [-1.13867949267045, -2.33001540420462, 1.88733596350958], [-0.03265521393983506, -1.577899187809872, 0.8483349496181556]], [[-0.020589676277848135, -1.8749308078642342, 0.8289397624024797], [-0.2270902283151196, -1.6586960363867616, 0.9310405409191354], [1.66027482299516, 1.38843386113612, 1.58287607042858]], [[0.06612936716872841, -1.780743904135653, 0.8102159610181985], [-0.12769224234619925, -1.707321156957339, 0.9795652894787377], [0.0906562314498669, -1.5870798891997988, 0.9427330285194033]], [[-0.17750616858841983, -1.945360298414534, 0.6007735827228082], [-0.2925020708726245, -1.7678480585991654, 0.7529439158446307], [-0.19600291875512177, -1.7195887473861478, 0.760723333619955]], [[0.15863211650806464, -1.9291608537195613, 0.6059480379409456], [0.04434496027876089, -1.8102705180745589, 0.8040060408593754], [0.18595508628400959, -1.6965785973696499, 0.7657381363038513]], [[-0.09562134202461081, -2.029140550769057, 0.43736436348502883], [-0.3392336029690116, -1.8490911008612445, 0.43086789715126406], [-0.2916071688722264, -1.7842826329147372, 0.47046528579290636]], [[0.28173637160369536, -1.704058385847415, 0.42480633742694507], [-1.13867949267045, -2.33001540420462, 1.88733596350958], [0.18068333916828205, -1.6761962503733088, 0.5129823196294776]], [[1.42604589871181, -2.80473854757645, 1.69753131829218], [-0.32990520149808056, -1.8712546898741065, 0.14744973206924605], [-0.38389649135205417, -1.838492164324668, 0.16469449454152785]], [[0.12832011995228632, -1.7278881164826758, 0.6401269194694055], [-0.14814316588880483, -1.7368402246875392, 0.961989305696287], [0.1438773051543869, -1.5940220748374658, 0.7649024335006245]], [[0.02257719292634519, -2.006951126531727, 0.1193898851065669], [-0.23520310180446313, -1.8972929423588747, 0.3468413201146612], [-0.1578317436689296, -1.6445309509510948, 0.23093165675343963]], [[0.13638630740980306, -1.9062619228677784, 0.14827347042309813], [-0.12080107755424319, -1.9383899544898262, 0.41760664834143], [0.08123058076768785, -1.5981051853651278, 0.25235238374010094]], [[-0.09746167920288706, -1.886089331074443, -0.33717924839593993], [-0.2827112483506866, -1.900337371694604, 0.24043024448677897]], [[0.11162423087416795, -1.7504188921417656, -0.2297778460993094], [-0.30788290061155166, -1.8604983338781067, 0.526839770858347]], [[-0.03147512351185888, -1.8950766961193504, -0.7643779148004092], [-0.07728409030204841, -1.9517885943787923, -0.5161649680974978]], [[0.125549061600444, -1.634475248065821, -0.7225943854719235], [-0.35774832491499886, -1.852310735473455, 0.36436036161447993]], [[0.05129436657042352, -1.9651540421101892, 0.6588817738019099], [-0.1573940633976314, -1.7956067800831605, 0.7969456063134948], [0.008298686568486646, -1.686232865573093, 0.7740878445592423]], [[-0.009437026040177598, -1.9372605760670476, 0.6033608103318769], [-0.12407855529693179, -1.7890592883368621, 0.7784749783520031], [-0.005023916235556092, -1.708083672377899, 0.7632307349619032]], [[0.07948175016807413, -1.9566065246997526, 0.1338316777648325], [-0.17800208967935316, -1.9178414484243504, 0.3822239842280456], [-0.038300581450620874, -1.6213180681581112, 0.24164202024677028]]]}