{"bodyId": "h0", "timestamp": 1609488032665000000, "continuousState": [[[1.42604589871181, -2.80473854757645, 1.69753131829218], [-1.13867949267045, -2.33001540420462, 1.88733596350958], [1.66027482299516, 1.38843386113612, 1.58287607042858]], [[-0.14972626644519638, -0.9916286484042098, 0.7508122362768159], [-1.13867949267045, -2.33001540420462, 1.88733596350958], [1.66027482299516, 1.38843386113612, 1.58287607042858]], [[0.052433794105000375, -1.0174961963000366, 0.8364280515034599], [-0.03996750526828885, -0.9179216527224003, 0.8372684443614682], [0.16400369933493808, -0.9036497440880749, 0.8585260436469628]], [[-0.1374887803921181, -1.1116704737864769, 0.5935504599449792], [-0.21177218995338876, -0.991925592928254, 0.6321755103641775], [-0.06188361998192082, -0.9221162219154939, 0.6333119432303145]], [[0.19174118109370375, -1.201039825332719, 0.6739695252580289], [0.11652166253737484, -1.0611437126532408, 0.6907504362729888], [0.19206406450864155, -1.145447297620887, 0.656726114598196]], [[1.42604589871181, -2.80473854757645, 1.69753131829218], [-0.28789038709126813, -0.7999105949104766, 0.3989346016700761], [-0.16218237331973517, -0.7660853071136322, 0.42788101286842295]], [[0.2878487286707694, -1.2934793362326409, 0.39503966823409997], [0.17601379021056318, -1.253710785497236, 0.5104535045489536], [0.3215615607493354, -1.1444354494860154, 0.4544774775943625]], [[1.42604589871181, -2.80473854757645, 1.69753131829218], [-0.2843140673820491, -0.49246751804491984, 0.09419814285590955], [-0.22682580948290565, -0.555418068119357, 0.2516927698803568]], [[0.3311462085051169, -1.2164168187219833, 0.10420608891592642], [0.2816637527482413, -1.1917160542823253, 0.1818329363999347], [0.24857508550491936, -1.2348816752169889, 0.10842509062800998]], [[-0.010577529346954773, -1.2150797231178256, 0.019272817379966556], [-0.07351374350507278, -1.2093957211518338, 0.16229873675546558], [-0.05381190358943044, -1.050406544050117, 0.11674738880022106]], [[0.19760661018564618, -1.2474106151313673, 0.10803792250193056], [0.06350863439795718, -1.2915169465087364, 0.2541278044533686], [0.18802583636664272, -1.0209949087005463, 0.16339830348244333]], [[-0.061414737424887234, -1.2398168331493236, -0.3767575234350886], [-0.03869820551628944, -1.2371953425670421, -0.3316769915289284]], [[0.21392235293693673, -1.152945801468656, -0.20047958589473192], [0.09683837815073049, -1.1993785505679468, -0.11741923764076345]], [[-0.0036467439919063427, -1.4373081926541262, -0.7732721208132975], [0.02442971075150613, -1.5710830048028814, -0.49534756924965295]], [[0.018258535992547786, -1.0053947513060866, -0.8302552471051285], [-0.025741562573107224, -1.2652577495887973, -0.3684127939621997]], [[-0.039445042741061975, -1.078622000191109, 0.591326515268199], [-0.07586731305481487, -1.0592081365018389, 0.6909044253482362], [0.11845140564273926, -0.9634664816131153, 0.6818707953434016]], [[0.02712620035079283, -1.156355149559598, 0.6337599926015041], [-0.04762526370800696, -1.0265346527907475, 0.6614629733185832], [0.06509022226336036, -1.0337817597681904, 0.6450190289142552]], [[0.0935145404193457, -1.2312451691245965, 0.06365536994094856], [-0.005002554553557803, -1.250456333830285, 0.20821327060441708], [0.06710696638860614, -1.0357007263753317, 0.1400728461413322]]]}