{"bodyId": "h0", "timestamp": 1609488366056000000, "continuousState": [[[1.42604589871181, -2.80473854757645, 1.69753131829218], [-1.13867949267045, -2.33001540420462, 1.88733596350958], [0.40201840429575664, -0.741076156070424, 0.63430677999022]], [[0.3489379644639703, -0.7709333586083715, 0.8633899950304973], [0.2636674735364768, -0.6214597028786617, 0.8112754060031746], [1.66027482299516, 1.38843386113612, 1.58287607042858]], [[0.5044337117515997, -0.7532413219056491, 0.8293654387501572], [0.3526047467144484, -0.7236708343752083, 0.8817458541188379], [0.6078375811117, -0.6341475948612414, 0.7539769016554478]], [[0.16266921960930647, -0.787481402162058, 0.5703973162757756], [0.23869577346668192, -0.84070288214307, 0.6983384989552301], [0.5036087446472637, -0.5824477746552155, 0.761337141567108]], [[0.550509504194187, -0.795226935921598, 0.6112674656558119], [0.42557985034332557, -0.8059079818347457, 0.7013252186454644], [0.6191537064732717, -0.7258027539348721, 0.5707703891439488]], [[0.16155352059528605, -1.0799493514318266, 0.3638580254596837], [0.10191594555821815, -1.0656304728570727, 0.4958013047946972], [0.2511701663715682, -0.859669525846557, 0.43401227305346124]], [[0.5869846605612362, -0.619272827167278, 0.2858651511344481], [0.18732624615334847, -1.0233114427292906, 0.6174423232460524], [0.6079768983279776, -0.6351654516323455, 0.23538006228633135]], [[0.2706957790875466, -1.031310828731716, 0.33429122501769526], [0.12656747695270854, -0.8375356241542748, 0.24067516232469544], [0.21410797092832623, -0.797470962479575, 0.24021171400552555]], [[0.6002400146566522, -0.8570630313464775, 0.523444093075385], [-1.13867949267045, -2.33001540420462, 1.88733596350958], [0.5347084239541366, -0.4389135458498825, 0.06947807344133561]], [[0.24785060410314186, -1.0459083071568858, 0.11961112416339481], [0.19349443692882162, -0.9897076728270735, 0.19115015760446918], [0.18762511166311224, -0.849389620859301, 0.04912702408238934]], [[0.46911674038857787, -0.9346283453121427, 0.08491332802539464], [0.28997936072207, -1.0427497934656818, 0.23553896779657824], [0.48027929002707337, -0.6391932126776376, 0.14294993134308354]], [[0.14642195258609902, -1.0127009217279117, -0.2852214368479562], [0.1449285812771468, -1.0649058980557577, -0.21710796866403803]], [[0.5100222142534849, -1.2134870837288407, -0.04879534849295597], [0.2908939849151082, -1.047873573558282, -0.15959205404444754]], [[0.030116345953481893, -0.9776338031313712, -0.7595986808468469], [0.09965209901766614, -1.0893964563900702, -0.6552840737719734]], [[0.3130498611419694, -0.9683885949946807, -0.7731907882648297], [0.3599240906234855, -1.09540833572815, -0.6400864254980387]], [[0.38110770931696214, -0.8288165588363101, 0.6118696549417013], [0.3215264345082287, -0.8339279725035202, 0.6952490064617964], [0.5412034171298332, -0.7129431110935338, 0.6460044295575906]], [[0.3565893619017467, -0.791354169041828, 0.5908323909657938], [0.33213781190500374, -0.8233054319889078, 0.6998318588003473], [0.5613812255602677, -0.6541252642950438, 0.6660537653555284]], [[0.35848367224585986, -0.9902683262345142, 0.10226222609439473], [0.2417368988254458, -1.0162287331463777, 0.2133445627005237], [0.3339522008450928, -0.7442914167684693, 0.09603847771273644]]]}