{"bodyId": "h0", "timestamp": 1609488379791000000, "continuousState": [[[1.42604589871181, -2.80473854757645, 1.69753131829218], [-1.13867949267045, -2.33001540420462, 1.88733596350958], [-0.0807317064899824, -1.1975511392188194, 0.7863830689996185]], [[-0.17357060387884315, -1.2238244731427006, 0.7294835817103955], [-1.13867949267045, -2.33001540420462, 1.88733596350958], [1.66027482299516, 1.38843386113612, 1.58287607042858]], [[0.08938549771761917, -1.276581824710104, 0.852220312936818], [-0.10038808815591005, -1.2117429277116316, 0.9555297442768282], [0.12250660632064525, -1.1581480385082876, 0.8726304416548365]], [[-0.008565886769524855, -1.4958137654998969, 0.603676580459098], [-0.1148321993711916, -1.4076474669985686, 0.7034507918984623], [0.13863145410841993, -1.1155438107192406, 0.7531990252114469]], [[0.16018513015944302, -1.1737843024394594, 0.6158896491793973], [0.036528483360849684, -1.160174439819012, 0.7770028658658099], [0.17342794833586206, -1.157058445862123, 0.6422389854278734]], [[-0.05342272903211742, -1.533088802909687, 0.27315562964884266], [-0.08953361929095571, -1.49556788736821, 0.4249425256655801], [0.09025290306250922, -1.1039130139908961, 0.477415473896073]], [[0.24589412213206052, -1.1294704634119632, 0.346871654395992], [-0.12173105119491023, -1.2762741107051188, 0.6738891723193905], [0.19627555632858962, -1.0354606433616602, 0.3495622674280303]], [[-0.11113997870659187, -1.5175994685914986, 0.008964299619696803], [-0.14999610338413105, -1.5051088158529389, 0.1650457552199247], [1.66027482299516, 1.38843386113612, 1.58287607042858]], [[0.25749952218746897, -1.3182137180787339, 0.5085781998756382], [0.03032189139825414, -0.8779562952825533, 0.1591018057881195], [0.04229509939216225, -0.8550714241614936, 0.250525143315373]], [[0.06353053511523576, -1.4282350694319141, 0.03917026791921385], [-0.146549086849455, -1.4242176682906087, 0.3876230504873266], [0.15099174196255527, -1.046882647656459, 0.23278764304666222]], [[0.2337628189910661, -1.323723713921452, 0.11835604340499728], [-0.1326826700678485, -1.3311848804623354, 0.3706662973992856], [0.10804143599797111, -1.0101322281380773, 0.18066796707285748]], [[0.033060338880017026, -1.4053822938225682, -0.3964663929370116], [-0.10684203925888824, -1.5286539368034702, 0.052330862911927456]], [[0.1178362652114815, -1.2267146953718766, -0.19439703974584743], [-0.020842948948176065, -1.180027585026014, -0.1518629033415666]], [[0.134214908113377, -1.4621018386596796, -0.796041794194368], [0.18133160754122102, -1.5419997383204251, -0.6591860684540036]], [[-0.011140652329910905, -1.0452763284359992, -0.7301685226300658], [0.004159448055745418, -1.1052784067959645, -0.664767834179814]], [[0.11848914512773123, -1.3909449611546676, 0.6387483978582826], [-0.06005134980796312, -1.3005184169574766, 0.7614632136417918], [0.1476127696337599, -1.1588679260369605, 0.6907827810725402]], [[0.07580962169495908, -1.334799033969678, 0.6097831148192476], [-0.03915185800517096, -1.2839109534087902, 0.7402268288821361], [0.156029701222141, -1.1363011282906816, 0.6977190053196601]], [[0.14864667705315093, -1.3759793916766832, 0.07876315566210557], [-0.13961587845865175, -1.377701274376472, 0.3791446739433061], [0.1295165889802632, -1.028507437897268, 0.20672780505975985]]]}