{"bodyId": "h0", "timestamp": 1609488423408000000, "continuousState": [[[0.1864350097091021, -1.609197156887354, 0.7389710615387093], [-1.13867949267045, -2.33001540420462, 1.88733596350958], [0.2135137340874591, -1.4631680319463607, 0.8307745175001355]], [[0.12974389646428497, -1.7780104710237061, 0.8016971572875975], [-0.054106556134813744, -1.5466642769747931, 0.9258637291103655], [0.08945580903880535, -1.554442944460837, 0.8907437128704103]], [[0.23659335944468718, -1.7319856504562867, 0.7985060395351162], [0.03480192409167504, -1.6255930722753928, 0.977745141054309], [0.2567101351797203, -1.5660000502640703, 0.8799761532098489]], [[-0.04951641470700752, -1.8476287626114933, 0.5890434739791188], [-0.12634639553977056, -1.7015639733957284, 0.7398144992817899], [-0.04727839932787181, -1.643041419327205, 0.7344085495497903]], [[0.32739998768142375, -1.8051958990308672, 0.5941271387798612], [0.15343271799772973, -1.7359465135694485, 0.833315537072838], [0.2950917903384158, -1.6585425815123898, 0.7005698571231043]], [[-0.06199120517376544, -1.8881307257697135, 0.31201851569392725], [-0.2045033022985503, -1.7668337121874214, 0.4334825204338808], [-0.15537289446183356, -1.7310678810621056, 0.4779668371481951]], [[0.43423640365696703, -1.801456513720757, 0.2750998821391044], [0.09527259274887157, -1.8166485034196498, 0.7354890297880485], [0.2738194572497006, -1.856484481113095, 0.3595877568115682]], [[0.1686502452477865, -1.9272879526691054, 0.41323489851954487], [-1.13867949267045, -2.33001540420462, 1.88733596350958], [-0.08723131434086384, -1.568732296377945, 0.26640040817753174]], [[0.4397136325682296, -1.7988287433557053, 0.3015755545071439], [-1.13867949267045, -2.33001540420462, 1.88733596350958], [0.1959011792591694, -1.6658377042722181, 0.16064935712959438]], [[0.13295899980672266, -1.9020588318317406, 0.06857623274212887], [-0.10731436487881707, -1.8208632539549596, 0.36186879166903974], [-0.040128650160045076, -1.599660357160988, 0.17110186580847597]], [[0.314891285933236, -1.825925409548953, 0.08385123398360661], [0.06454122474376778, -1.8513464871154413, 0.3492400313670112], [0.1892592981262633, -1.5564587052133563, 0.1949785043592842]], [[0.04875151089650753, -1.7990745673824802, -0.3871187815633772], [-0.03443256273477502, -1.7970040344844893, -0.014082940563564295]], [[0.2780216174600276, -1.7069324000345985, -0.28619364512342105], [-0.181449364121528, -1.7392797051162758, 0.4205526956725023]], [[0.11062497948183703, -1.825125889219347, -0.7982662207649129], [0.09561571835740734, -1.8988912261148154, -0.5603399189112619]], [[0.22907178079169976, -1.5582898904852491, -0.7943142562760876], [-0.041461133752061397, -1.7785132601941522, 0.00710717169742181]], [[0.12863376165391305, -1.817299971878486, 0.5701919949042711], [-0.017230945576419465, -1.7267852218370874, 0.800083643947761], [0.14513862395231114, -1.6051197233777215, 0.7202450014440649]], [[0.13894178648720812, -1.8264123308211802, 0.59158530637949], [0.013543161228979583, -1.7187552434825886, 0.786565018177314], [0.123906695505272, -1.6507920004197973, 0.7174892033364473]], [[0.22392514286997933, -1.8639921206903467, 0.07621373336286774], [-0.021386570067524646, -1.8361048705352006, 0.35555441151802547], [0.07456532398310911, -1.5780595311871721, 0.1830401850838801]]]}