{"bodyId": "h0", "timestamp": 1609488534092000000, "continuousState": [[[1.42604589871181, -2.80473854757645, 1.69753131829218], [-1.13867949267045, -2.33001540420462, 1.88733596350958], [0.3007765651117853, -1.7208574928717733, 0.8169087897545582]], [[1.42604589871181, -2.80473854757645, 1.69753131829218], [0.09829284092976653, -1.7562868381327021, 0.9604791717592558], [0.26822303630211897, -1.6906761061775646, 0.9069413558395489]], [[0.41800024864210295, -1.9000493809105445, 0.7721843954661561], [0.1610188148528766, -1.832682380301772, 1.0091608100493548], [0.40381152757649574, -1.7627485969922738, 0.8711888292043126]], [[0.17544022816337868, -2.0487355326564805, 0.6062994334310312], [0.03976897942762592, -1.8642181178464594, 0.7562305133589045], [0.09887761867725864, -1.8787879889366612, 0.7174223244025986]], [[0.49354868432231713, -1.9993251992084755, 0.5419356805572018], [0.31130051925809865, -1.9296228698680342, 0.818745968973738], [0.43720422071394216, -1.8833301270827705, 0.6310227011676448]], [[0.2086233933374635, -2.109031216972865, 0.4685757039861367], [-0.046031745215358466, -1.944997888949379, 0.49168457905060103], [-0.042618552868076476, -1.9305129310154423, 0.43521060554676927]], [[0.5606485233966252, -2.01866035068527, 0.23051899849213875], [0.21024368251864045, -2.0003080027781364, 0.7154923794027115], [0.4162033266169536, -1.954562342200501, 0.32891791664858294]], [[0.2883709279473967, -2.1180997046223364, 0.4093934449003229], [-0.07598655393573606, -1.8945539764796944, 0.21012519890739512], [-0.20074011350068965, -1.957988147547622, 0.11339465768391577]], [[0.5293990723003572, -1.901553310998695, -0.07302380229052696], [-1.13867949267045, -2.33001540420462, 1.88733596350958], [0.3923402054248857, -1.8857474168323054, 0.07952188808404803]], [[0.31159963137353874, -2.1122313892581266, 0.24811654002344397], [-0.03719914503830424, -1.9606691755684098, 0.40571352120079296], [0.05975149728411999, -1.811326878590226, 0.17578227950479652]], [[0.4501303232713443, -2.0612493421084777, 0.18468994880023115], [0.06775709922148154, -2.03190725687551, 0.40505744506950947], [0.23616005140859175, -1.8971079979568977, 0.08870822725228655]], [[0.4070449836819574, -2.0837493014644117, 0.16855410003080507], [-0.01624996965315617, -1.8744485714494705, -0.08277853448785488]], [[0.45836067479347253, -1.997833572651911, -0.05108842902240385], [0.25350806132489434, -2.009728589804272, -0.13833145505884437]], [[-0.04341441931018242, -1.9238917350656297, -0.8585722663923198], [-0.06079887177992749, -1.9970298197103893, -0.5076647590079235]], [[0.2550460819041269, -1.9650298498299974, -0.7617741739454037], [0.20914380329469506, -2.0501176076536023, -0.5087054898847805]], [[0.3618057276498472, -2.040425746729864, 0.595760734523834], [0.14037710758814148, -1.9049753135812333, 0.8263697180168947], [0.29282112229776613, -1.843447054918781, 0.6782129625746123]], [[0.3344944562428479, -2.024030365932478, 0.5741175569941165], [0.17553474934286228, -1.8969204938572468, 0.7874882411663212], [0.2680409196956004, -1.8810590580097157, 0.6742225127851217]], [[0.3808649773224415, -2.086740365683302, 0.21640324441183756], [0.015278977091588652, -1.99628821622196, 0.4053854831351512], [0.14795577434635587, -1.8542174382735617, 0.13224525337854154]]]}