{"bodyId": "h0", "timestamp": 1642440993704000000, "continuousState": [[[-0.006557740200632711, -1.0529258071071539, 0.7271323399204632]], [[0.1420379255118856, -1.1341412773786244, 0.7652098059355856]], [[0.20316896718858302, -0.9511943567571436, 0.6965438471670644]], [[0.37344705887705093, -1.170073057126865, 0.5745573268266025], [0.39618435565736165, -1.0400897282581965, 0.5913334513351733]], [[0.06566943627618788, -1.0714668179002063, 0.562544338846489], [0.18762139793450072, -1.0556292521364723, 0.43783231495832375]], [[0.5272483293705855, -1.2543894048555064, 0.3467787069399808], [0.4452995992996607, -1.0039932684574298, 0.40192916946381674]], [[0.051396467912505184, -0.9044642212044964, 0.24685794255887117]], [[0.6998295794517553, -1.3020366195532, 0.16381472520821494], [0.67883354242668, -1.156169284885543, 0.16640240592150835]], [[0.09564800151308989, -1.1685685594741724, 0.23618345253561257], [-0.012950239309404754, -0.7569891074994639, 0.04837722027910152]], [[0.32680015012612307, -1.26776280457781, 0.10538542039467003], [0.2968932764830934, -0.975250472635267, 0.10626295712552536]], [[0.12081792921123935, -1.2215124170939973, 0.07482405540696768], [0.08639073152693189, -0.8848879900587825, 0.1632494384036337]], [[0.27727421709624156, -1.242237743964048, -0.3981508236180552], [0.010539569978159857, -0.754362588418491, 0.035462338421343054]], [[0.06157349096673903, -1.292775210552426, -0.29653256131635963], [0.006256621879251245, -1.0111922466998302, -0.09583729526837192]], [[0.24022113808852258, -1.239026038463149, -0.7225678485581515]], [[0.370184299699432, -1.2738993145893855, -0.5875566673373434]], [[0.23114603578687837, -1.1665493252044628, 0.5941090749944419], [0.24897363667712935, -0.9737943535969252, 0.5496499246198366]], [[0.2195582475766194, -1.1207699375135356, 0.5685508328365458], [0.2919028767959312, -1.0478594901973344, 0.5145828831467485]], [[0.2238090396686812, -1.2446376108359036, 0.09010473790081885], [0.19164200400501263, -0.9300692313470247, 0.13475619776457953]]]}