{"bodyId": "h0", "timestamp": 1642441033971000000, "continuousState": [[[0.019080122827964674, -1.0494962118705438, 0.7328878886473098]], [[0.14140074309012168, -1.1485174741137112, 0.7604759298212107], [0.14535433260449449, -1.096796798783187, 0.7846765140164418]], [[0.18655539966134915, -0.9775081762899076, 0.6983025832711255]], [[0.3616362120110641, -1.159741273515219, 0.5717135707002136], [0.3306341539809333, -1.1388103868351633, 0.6215040823160078], [0.39743488153574336, -1.0286309949093195, 0.5866641510213566]], [[0.07041344669903538, -1.1076676703026251, 0.5761522367748213], [0.05162275878960043, -0.9722081255804125, 0.5625227763458756], [0.14094779601016505, -1.0020621098023028, 0.48583521974106214]], [[0.5249638653660975, -1.272024101950205, 0.36795691991034263], [0.5500352742797503, -1.1679776390356098, 0.3749210348251548], [0.4936833836483079, -1.061276044741127, 0.37466123107088845]], [[0.09493881132938359, -1.1880420693591003, 0.3625813263255646], [0.004375358675901997, -0.8968926771815673, 0.3260791455774741], [0.075587214817326, -0.9027781082950791, 0.24284524955898856]], [[0.7019097774855905, -1.2908864483007796, 0.15257375969279274], [0.7282553231179749, -1.2484996678599134, 0.1830585757602956], [0.7022363129015015, -1.1825993370099206, 0.15173185592577743]], [[-0.03466391699599325, -0.7713383294147236, 0.04910123160668256], [-0.011275070527090536, -0.7479833977889896, 0.05324034620755114]], [[0.32246253601066044, -1.246142790219446, 0.09954341808126266], [0.30426360441140976, -1.2351068355019146, 0.12402007340993126], [0.28941237727209157, -0.9646808408361643, 0.10415979782891949]], [[0.11956381706486624, -1.1938291750504504, 0.04939606369698302], [0.13967847707546277, -1.090066280389067, 0.06250681847596384], [0.058177772368026126, -0.8550173652987235, 0.1687386540129001]], [[0.2825830623887452, -1.2373564591496395, -0.3904776573080335], [0.24193652911423846, -1.2476353391122075, -0.24278453450499704], [-0.024133155407927598, -0.7134667568688169, 0.0392585162370922]], [[0.067007048124474, -1.2891056538131405, -0.27732458549114325], [0.05108830549042742, -1.276273474650671, -0.20276473764595426], [-0.14315321318621388, -0.7826133611073656, -0.006048272891909456]], [[0.2409606667867979, -1.2428830321113271, -0.7161885017916587], [0.2590671507049742, -1.2069493148864203, -0.6885429843246547]], [[0.37714648176481025, -1.2730330848264433, -0.5854579731930464], [0.38160873988098, -1.2777007132837521, -0.5158502198952668]], [[0.22440441281680967, -1.161822898846741, 0.5956814098941478], [0.17045245935921105, -1.0786002853324688, 0.6056032657043349], [0.26396508311534883, -0.993904279747165, 0.5419061576624561]], [[0.21602482935504974, -1.133704471908922, 0.5739329037375174], [0.19112845638526688, -1.055509256207788, 0.5920134293309417], [0.2691913387729542, -1.0153465523558112, 0.5362496853812093]], [[0.22101317653776334, -1.2199859826349482, 0.07446974088912284], [0.22197104074343627, -1.1625865579454908, 0.09326344594294755], [0.17379507482005885, -0.9098491030674439, 0.1364492259209098]]]}