{"bodyId": "h0", "timestamp": 1642441037656000000, "continuousState": [[[0.0028958615084858086, -1.1122966207873468, 0.7134148377763688], [0.014467484098298677, -1.0464592749605672, 0.7284555599762019]], [[0.13577493474621355, -1.146429235893602, 0.7583758560280041], [0.14825784848498802, -1.0930353063302132, 0.7824036329325674]], [[0.17135226719678753, -0.9553865240477728, 0.6984995071293926]], [[0.36697620163051836, -1.16176158208657, 0.5739917303871853], [0.3306842193863896, -1.1388880997098303, 0.6214862223802635], [0.37560408767021847, -1.0132359531323483, 0.5933735998441769]], [[0.06549974499769085, -1.0897569683424475, 0.565843676717287], [0.05690314958491316, -0.9624282194245695, 0.5503066851420062], [0.16405630966579365, -1.022966684678278, 0.46772963993700034]], [[0.5278607890860032, -1.2361794670790793, 0.3317762578472351], [0.5440288652897696, -1.1650837258572277, 0.37670268681276053], [0.48997086952501556, -1.0568525475286499, 0.3767165422401]], [[0.02975731835505724, -0.850476109255627, 0.28167679010770263], [0.07160088131969733, -0.8965489399074904, 0.24632264943999005]], [[0.7002082723365949, -1.2998118032256183, 0.16157211941500804], [0.6627746547694612, -1.2848376488555375, 0.23385991932880335], [0.6723458393059745, -1.1491466365024967, 0.17047234276144752]], [[-0.03505755268898869, -0.7719446385331268, 0.049816947042092385], [-0.0021081164227827465, -0.7611908948843431, 0.04294501410694118]], [[0.3198042674097897, -1.2248583635550951, 0.07800226008658129], [0.318060913321333, -1.2134926388082532, 0.10226177369376876], [0.2825284186743888, -0.9550011428919357, 0.10221178643620055]], [[0.1213424475994005, -1.2008444104960376, 0.05638630128808941], [0.12866709051388003, -1.0942413902065824, 0.07280458115077315], [0.06856658202135546, -0.8691857029118495, 0.15172634853972067]], [[0.2820977946140196, -1.235029126440752, -0.39394789543676423], [0.24515901339057833, -1.244231366216121, -0.25847748077290045], [-0.03161393913655686, -0.7137614521375015, 0.0338357904645028]], [[0.05899739516827074, -1.2860068230394937, -0.27410837342051964], [0.04225017632022343, -1.2863132254446048, -0.18617434522051934], [-0.14097136933847132, -0.8134567118479195, -0.017881339651285355]], [[0.2406708175901408, -1.2467073665110675, -0.6979751183779479], [0.2578524491769809, -1.2085094652483597, -0.6862287576775519]], [[0.39140419242092267, -1.2779978291876326, -0.5701278858487864], [0.37830227344847756, -1.2806024537593241, -0.5102776344024411]], [[0.22964960831750575, -1.157951686150134, 0.5890124441714996], [0.14293223189029736, -1.1119199929647423, 0.6238460937436152], [0.2633315842781401, -0.9930995676117415, 0.5419804688694996]], [[0.2162379733141046, -1.125759275214509, 0.5699177035522361], [0.19379368448565137, -1.0506581595671998, 0.5858964537611349], [0.26983019866800606, -1.018101318905313, 0.5305516198905886]], [[0.22057335750459509, -1.2128513870255664, 0.06719428068733535], [0.22336400191760653, -1.153867014507418, 0.08753317742227096], [0.17554750034787214, -0.9120934229018927, 0.1269690674879606]]]}