{"bodyId": "h0", "timestamp": 1642441074104000000, "continuousState": [[[-0.330168120663481, -0.9314667381569764, 0.7066814702746345]], [[-0.3731548341386467, -0.9861227595432902, 0.7371133769712762]], [[-0.2641996679955849, -0.9177917967066058, 0.7692126886082871]], [[-0.5124852940631096, -0.9989545148408974, 0.5074210289886734], [-0.45800807546581757, -0.9735993294789673, 0.5362813988998459], [-0.3736149541011424, -1.0941201730965324, 0.5403908453686782]], [[-0.1270335148927455, -0.9279370257451394, 0.5449513809248867], [-0.10462554482835129, -0.9215366726725325, 0.5590287964853948], [-0.061679173500977624, -0.9054357855480287, 0.5320603065101638]], [[-0.5051822988344685, -1.0714935680377644, 0.29781722161118207], [-0.5359889171849053, -1.0489168223735166, 0.3197102161540657], [-0.45279305688343163, -1.0309128465483215, 0.2849368529733691]], [[-0.13246915663726883, -0.9637652515716826, 0.3086074427508516], [-0.1731188892411325, -0.769037122830001, 0.3129193957507953]], [[-0.43921188197112715, -1.0589601164912077, 0.3264441414707777], [-0.3736714399786658, -0.8549203082672963, 0.09003034441297775]], [[-0.22032193417780754, -0.7556674277332887, 0.05491489499655611]], [[-0.384484418316156, -1.1095238971356185, -0.03301491457221317], [-0.3728818297482558, -1.1365840030802679, 0.14749296949143664], [-0.38777130620355227, -0.8716053730216851, 0.11283119921021112]], [[-0.15601500658213024, -1.0730779318586694, 0.017055354103708842], [-0.18515254643798584, -1.1796772581543955, 0.19706700640266006], [-0.2113793338719504, -0.8046052612340557, 0.1038651355586434]], [[-0.3339950816478042, -1.1219938814481216, -0.4071852825951221], [-0.34839472787624537, -1.1383535545092962, -0.2109729096199282], [-0.29441767726610857, -1.001687521062526, -0.4621203555475779]], [[-0.17178928621296152, -1.0911354319307704, -0.38843094702901526], [-0.1770692647463039, -1.122063829579948, -0.22988741837088855], [-0.35176980028877547, -0.4780706605263674, -0.010077512675871758]], [[-0.2597761706171029, -1.1734774326898034, -0.7365212546006853], [-0.29245817814649544, -1.1726867649525088, -0.6742329718852368]], [[-0.18781183742523377, -1.1344582328428459, -0.7551458999274034], [-0.1995430012165561, -1.2109881430095915, -0.6426892945408048]], [[-0.33067686962430465, -0.9568529189837087, 0.5240906186187198], [-0.30277570766468503, -1.0019608071816197, 0.5661458840209747], [-0.2483032956807283, -0.935681097089018, 0.5619497275582659]], [[-0.31975940447792756, -0.9634457702930184, 0.52618620495678], [-0.28131681014708443, -0.9475680010757499, 0.5476550976926204], [-0.21764706380106003, -0.9997779793222805, 0.536225575939421]], [[-0.2702497124491431, -1.091300914497144, -0.007979780234252165], [-0.2790171880931208, -1.1581306306173316, 0.17227998794704835], [-0.29957532003775134, -0.8381053171278704, 0.10834816738442726]]]}