{"bodyId": "h0", "timestamp": 1642440380252000000, "continuousState": [[[0.07320865895695272, -1.150672310638123, 0.6619485773182461], [0.15702716843459674, -1.1653554642522508, 0.5986876158505521]], [[0.1364799462105874, -1.2837724241330895, 0.7298864769888133], [0.14529957483133804, -1.219651686091048, 0.7519200957608789]], [[0.26231268392600415, -1.0958559220376207, 0.6615099838036063]], [[0.23565608914687808, -1.4326956037717078, 0.5648439990456939], [0.31363418146640176, -1.3744922516162852, 0.5975306517181227], [0.140075356662678, -1.12606085970155, 0.6265599978964081]], [[0.3192164694723212, -1.226557928578616, 0.588425085041467], [0.12371813673821241, -1.2137274825034465, 0.6137426937268273], [0.28563654566667096, -1.0185151463412225, 0.492272389798212]], [[0.26718113258181625, -1.5898705432244022, 0.35249822826051946], [0.316360759657926, -1.5465219133822208, 0.3751209487745497], [0.10599491506158354, -1.1567942617198623, 0.4630163847683719]], [[0.20083653633447052, -1.0282814066407342, 0.3700176198900902], [0.34030816100983063, -0.9577743091721895, 0.22239012684502413]], [[0.22225895367586856, -1.6761203973175638, 0.0902781676593114], [0.2675207127007595, -1.6471527091905025, 0.137792287105029], [0.24148050966750212, -1.4990163064718334, 0.12527087845511942]], [[0.25045399935433943, -0.811759590977726, 0.09608881856607399], [0.26679477279027175, -0.7460223433380682, 0.05814552978333998]], [[0.31250647832389555, -1.5870709838539565, 0.1464880246904332], [0.1844695841682864, -1.5514281168023807, 0.23783890895374626], [0.2409867500705829, -1.3813375742023632, 0.020952910659000734]], [[0.37158408507906876, -1.5240659998681394, 0.18342321432933661], [0.11827905317088883, -1.3841961430148704, 0.17581043507479066], [0.3051576733029322, -1.2369873210558158, 0.01722082330618746]], [[0.30111212081487054, -1.5601761742087412, -0.24985834479715108], [0.2572994079353983, -1.5541668859936606, -0.24462389128130924], [0.24791089336365468, -1.2296016449025986, -0.2771218891965972]], [[0.3320847652683631, -1.547553356741134, -0.14914165138300928], [0.17032966561522256, -1.3694977739464231, -0.25822418576463924], [0.18965224672232361, -1.2668584805417324, -0.27315375127315866]], [[0.3535515247381975, -1.4769452122904687, -0.7239460815095419], [0.31261138838590274, -1.500457746684307, -0.6571360401188979]], [[0.3568608812675187, -1.492196155400088, -0.5444477705023438], [0.29341547438275395, -1.4880942768080596, -0.5054509672155894], [-0.1885510595598454, -0.5428112215351979, -0.0007049125396943468]], [[0.272987091647238, -1.355538346066936, 0.5807655778581163], [0.21641567555757468, -1.2977676553335913, 0.6107430040383786], [0.2857183543463304, -1.1577653374091854, 0.5300427198402651]], [[0.27743627930959963, -1.3296267661751617, 0.5766345420435804], [0.2186761591023071, -1.2941098670598659, 0.605636672722475], [0.21285595116467448, -1.0722880030213862, 0.5594161938473101]], [[0.3420452817014822, -1.555568491861048, 0.1649556195098849], [0.15137431866958762, -1.4678121299086255, 0.20682467201426846], [0.27307221168675755, -1.3091624476290895, 0.019086866982594097]]]}