{"bodyId": "h0", "timestamp": 1642441193230000000, "continuousState": [[[-0.29956935525615025, -1.1365237904722307, 0.6325269128433979]], [[-0.3502471137027837, -1.2327227690688585, 0.7032528458564984], [-0.3378753328845428, -1.2031726758907673, 0.7262550417268218]], [[-0.22123814589938146, -1.2009803305080713, 0.7142583548317722], [-0.1360740614243665, -1.1427074917661662, 0.6356798859246453]], [[-0.30862803910972664, -1.4241121453694874, 0.5363709255014757], [-0.2331947080812944, -1.4003916406576482, 0.588317931647654], [-0.3020161183298039, -1.149125053496249, 0.6221486081309938]], [[-0.1391919619706154, -1.195778150878, 0.5255232301095745], [-0.29212103083268975, -1.2525490867020175, 0.592099728008333], [-0.12866671374723082, -1.0686557422040783, 0.500897611954972]], [[-0.28697306121951205, -1.5537201883334244, 0.3192568790083652], [-0.23230094754563602, -1.5945217097360733, 0.3850676981066711], [-0.22324024870502268, -1.4202000655830715, 0.35475499166629854]], [[-0.21857143897994574, -0.8217595826822848, 0.013837252101366326], [-0.322919366840262, -1.3497973681113142, 0.45088681567386335], [-0.1725406812578334, -0.9191726318921802, 0.25644545003966224]], [[-0.31277133617236885, -1.6081203892303502, 0.09896706149041101], [-0.300066444086614, -1.6035054695893023, 0.1595601062177039], [-0.24080530681779555, -1.483856310611476, 0.16916700950401387]], [[-0.20871352206798233, -0.7405770990919764, 0.017543621613961724], [-0.20019097046404644, -0.778721486092828, 0.042703353160881696]], [[-0.17506988480050556, -1.58180935162248, 0.15599032995995388], [-0.3019162495980048, -1.570931453457673, 0.25554613863535125], [-0.2480721051163326, -1.3087532109870843, 0.07375375848354548]], [[-0.1005057570264224, -1.4326066007029432, 0.08814610802273615], [-0.35597915248630574, -1.4276649697702068, 0.20022839308443485], [-0.20290903312200315, -1.089937799469539, 0.1197321324067292]], [[-0.18493263522264303, -1.522290035572459, -0.3177828708913709], [-0.23372191975477952, -1.5354855080839505, -0.2690265774369831], [-0.21537194562629713, -1.2758867720561726, -0.23290992074880834]], [[-0.247065910232514, -1.5218586855255656, -0.29378104074988176], [-0.36631306741170344, -1.4062535970724415, -0.20178935664251418], [-0.2312084281600223, -1.3216401170480612, -0.21927418106908714]], [[-0.1492634390514136, -1.4424913702560467, -0.8218302143680033], [-0.20115824371399738, -1.6796015199531968, -0.5237851178436054], [-0.14512882363795487, -1.3215050355897444, -0.6051986501219789]], [[-0.22708188697971565, -1.6353087129387196, -0.6832399031285984], [-0.215718478934529, -1.6086839314679968, -0.5240057355631667], [-0.23962244464035942, -1.3402759313027404, -0.441696702990095]], [[-0.21019153891967102, -1.341472753728402, 0.5475023086099362], [-0.2735230586408024, -1.3429441917535556, 0.6033036516673147], [-0.17206205759554738, -1.1794073178988476, 0.5313034789028769]], [[-0.22391000054017102, -1.3099451481237439, 0.5309470778055251], [-0.2626578694569921, -1.326470363679833, 0.5902088298279935], [-0.21534141603851736, -1.1088903978501636, 0.5615231100429829]], [[-0.13778782091346398, -1.5072079761627117, 0.12206821899134501], [-0.32894770104215526, -1.49929821161394, 0.22788726585989305], [-0.22549056911916787, -1.1993455052283117, 0.09674294544513734]]]}