{"bodyId": "h0", "timestamp": 1642441226931000000, "continuousState": [[[-0.3139278774905656, -1.1196715809547872, 0.6530668733760876]], [[-0.3445155437505874, -1.24171013538257, 0.7081214938708249], [-0.31840977723374586, -1.2236864431350403, 0.7444798776692584]], [[-0.22379889774826145, -1.1963191009265708, 0.7062058205264256], [-0.14759362574172552, -1.1363530940133577, 0.6530480609367242]], [[-0.31316672038331284, -1.4175459999465023, 0.5313509285053588], [-0.2233566246857258, -1.3850562913544335, 0.5735361576731706], [-0.29511205048110345, -1.165787239878058, 0.623788100494113]], [[-0.14453585638150135, -1.1839067408312678, 0.5175991823981443], [-0.29659284220753773, -1.234816314062497, 0.585413890634195], [-0.13155558234953113, -1.0779895318489028, 0.4906099139684237]], [[-0.2785385494465363, -1.5461090152890082, 0.32933946732222186], [-0.22343979517952506, -1.5635002684450843, 0.3514819722342851], [-0.2328327847408893, -1.3953492259203122, 0.3647665766951471]], [[-0.23287274905272137, -0.8257606520760998, 0.031470311892612735], [-0.3246500451327139, -1.3643154074213293, 0.46837639483564475], [-0.15052279209191433, -0.9597442532478624, 0.2180533908411324]], [[-0.3357006547176402, -1.5870640172886477, 0.07554100807303721], [-0.30200930216961586, -1.6028739829109546, 0.13611225786454484], [-0.239153856271629, -1.5110801593908367, 0.13091612948715303]], [[-0.20156479848021652, -0.760199498528402, 0.02334158320742552], [-0.2001253257079143, -0.7786417585751542, 0.04255101621363144]], [[-0.18233050994007594, -1.5760043546716607, 0.17054308982088706], [-0.3010506045022342, -1.5718956444014494, 0.27042209869111233], [-0.23980345180054452, -1.3501292247971193, 0.061129427897470445]], [[-0.08994174793004805, -1.451901591066292, 0.1276210999008598], [-0.36800769375597175, -1.4532839053134592, 0.24424897274134127], [-0.21330772476665227, -1.0685629467825466, 0.1404605773862463]], [[-0.20610501798949454, -1.4968780630117164, -0.32976739617062], [-0.22822705107289232, -1.5420448993732718, -0.2233177999413991], [-0.19688352793013753, -1.277753161204927, -0.24818327827155806]], [[-0.24302929681335805, -1.5275486778753973, -0.2842248055113551], [-0.3687211495879157, -1.4111771739473165, -0.1925387363138481], [-0.22497830461313661, -1.337447212732131, -0.23036214880698402]], [[-0.14606421093942734, -1.4486668384003538, -0.8093371057714595], [-0.2198322174661853, -1.602519746018444, -0.5554836662637721], [-0.10856945719777333, -1.4041951282754304, -0.6871416809695161]], [[-0.22643615208471202, -1.637988100355216, -0.6917221127054288], [-0.19440049205646148, -1.6479283705085541, -0.5287847823818509], [-0.19740762008504031, -1.515754581484527, -0.5808926392199635]], [[-0.21707037247665806, -1.3293219398151996, 0.5387905499231038], [-0.2706740643741046, -1.3333913503823844, 0.6068280917518573], [-0.16757997108022094, -1.2051551611396893, 0.5227016703047965]], [[-0.2288512883824071, -1.300726370388885, 0.5244750554517515], [-0.2599747334466318, -1.3099363027084654, 0.5794750241536828], [-0.2133338164153173, -1.1218883858634805, 0.5571990072312684]], [[-0.136136128935062, -1.5139529728689762, 0.14908209486087343], [-0.334529149129103, -1.5125897748574544, 0.2573355357162268], [-0.2265555882835984, -1.209346085789833, 0.10079500264185837]]]}