{"bodyId": "h0", "timestamp": 1642441229678000000, "continuousState": [[[-0.29590550705479957, -1.1627451599748484, 0.6323428477122061]], [[-0.3455690421050705, -1.240051900551681, 0.7072703088293717], [-0.31770794797240226, -1.2219764143045748, 0.7433530185635662]], [[-0.22325000718884935, -1.1970658176989404, 0.7067275997709148], [-0.16643324599886755, -1.1129241320349683, 0.6539480430244116]], [[-0.31171325574087105, -1.419699228192995, 0.5330880911038095], [-0.22428978303445735, -1.386416350020332, 0.5747386979068569], [-0.29378043984345836, -1.1694226102568317, 0.622583086930628]], [[-0.13358449845306986, -1.2084191491333605, 0.5274852773165839], [-0.29381709467216327, -1.2471036907515365, 0.5903482996110787], [-0.12537539111175877, -1.0746188515753436, 0.49091887654165767]], [[-0.2695479062333634, -1.5565277769421497, 0.34772288424837283], [-0.21839220338149634, -1.5709348218874468, 0.3529621527769028], [-0.23434639701511184, -1.3919079132480037, 0.36629833129374956]], [[-0.22141154753039038, -0.8344740192957882, 0.021725625633840506], [-0.32775118064854325, -1.368262981649694, 0.46736954430533173], [-0.14970996979260565, -0.9613787754956795, 0.21709339275172368]], [[-0.3356560113177167, -1.5870332988150602, 0.07556504325518776], [-0.3109733074514561, -1.6088767892775482, 0.16159386911259033], [-0.24890888749379392, -1.484736264356852, 0.14367802493045534]], [[-0.2104460856791639, -0.7369073266684465, 0.014525909880172438], [-0.20712803010198588, -0.7663139359222622, 0.051890925175666625]], [[-0.18937724246661758, -1.5745350539781828, 0.16649119773697874], [-0.3089274532392735, -1.565885836676126, 0.258131075193472], [-0.23073528350640493, -1.352641899589125, 0.0754637915061539]], [[-0.0951833574739519, -1.4424865661946251, 0.1083972942683673], [-0.36667176797412426, -1.4389968719084294, 0.22179634982135732], [-0.21564444687431505, -1.0642221939542815, 0.16644140772809746]], [[-0.19359584199272062, -1.5187479445121779, -0.31543515186037885], [-0.2556233663584059, -1.5497187452663965, -0.18719485468448305], [-0.2055208395914232, -1.2787283166512156, -0.22840155181857646]], [[-0.2427307651706596, -1.5281647786408459, -0.2834578143929656], [-0.35772469681420593, -1.3795092505024074, -0.23582971517718443], [-0.2265765771031304, -1.334104375087429, -0.2370114078111093]], [[-0.14310815579921976, -1.4545428807599379, -0.8111218453427794], [-0.2117651671242904, -1.6384051547020695, -0.5416471599922691], [-0.28675540770658825, -1.0069570363134406, -0.33209880762422384]], [[-0.22450028988094295, -1.6383124275147776, -0.676388505363342], [-0.19530751480783892, -1.648852493189688, -0.5257435676575215], [-0.20271843699413528, -1.502804516517864, -0.5704034745989082]], [[-0.21897045121609549, -1.3268436715697105, 0.5310585024427004], [-0.2711592175895441, -1.3403098894694407, 0.6057067642369321], [-0.17716476716416618, -1.1843565185575993, 0.5303607362956532]], [[-0.22264887709697045, -1.3140591886631778, 0.5302866842101968], [-0.25905343885331034, -1.3167600203859342, 0.5825434987589678], [-0.20957791547760857, -1.1220207309160877, 0.5567509817361429]], [[-0.14228029997028474, -1.508510810086404, 0.13744424600267302], [-0.3377996106066989, -1.5024413542922777, 0.23996371250741466], [-0.22318986519036, -1.2084320467717031, 0.12095259961712568]]]}