{"bodyId": "h0", "timestamp": 1642440395126000000, "continuousState": [[[0.13135635523581635, -1.0681352776610362, 0.6047453566521943]], [[0.08528527270834574, -1.2043489122742974, 0.7237717491006763]], [[0.2530455344120861, -1.0843447369591197, 0.6734354285897668]], [[0.31156146678074037, -1.3550808824103062, 0.6312973969542741], [0.13985138050564538, -1.1242761223112607, 0.6114309010948755]], [[0.11938825732135805, -1.1744966308788363, 0.6173651174533739], [0.32497636733740776, -1.064475810075146, 0.5282146230328456]], [[0.2927358026500907, -1.5391173530496398, 0.43158655409624425], [0.25209933288673314, -1.3155507483429976, 0.37434881655854235]], [[0.19132112705669613, -0.9879356598775038, 0.38517928257172795], [0.3427622075356267, -0.9636759041416685, 0.24398206210406503]], [[0.3025236207866059, -1.6192283905539528, 0.16327224633441406], [0.23966109535873392, -1.3969634605927852, 0.21165941441178704]], [[0.24361362855094149, -0.7864187083590986, 0.08724217013323377], [0.26480463673936394, -0.7329397001383919, 0.058023291845039515]], [[0.21382897498134956, -1.4867459987260538, 0.21187091140261471], [0.2560498762435852, -1.3720762112910307, 0.022181447140355748]], [[0.17052733146844068, -1.3083030854626825, 0.09484852234481655], [0.30218798958130955, -1.2044923037021968, 0.0509078610887328]], [[0.2475301472908673, -1.5185789348577141, -0.21387313666689023], [0.22326628888576994, -1.306862301450477, -0.2654846141520649]], [[0.21376587125969193, -1.411260731568408, -0.24251926669284996], [0.2408268380380849, -1.1864738667510946, -0.25999352366908723]], [[0.3152298187864093, -1.4985014890541095, -0.6624860984725767], [-0.15720558347876312, -0.5850157577895525, 0.022807235890815625]], [[0.305874394001439, -1.4442448391176073, -0.5875737920383899], [-0.12059517484673132, -0.5609567123631674, 0.005960178197530364]], [[0.21257873847561948, -1.2601009291561107, 0.6210390648492188], [0.23409444863448559, -1.0733089036194556, 0.5842281224314814]], [[0.2154748620510492, -1.2647887566445712, 0.624331257203824], [0.23241387392152657, -1.0943759661932033, 0.5698227620638605]], [[0.19217815322489512, -1.3975245420943683, 0.15335971687371563], [0.2791189329124474, -1.2882842574966138, 0.03654465411454427]]]}