{"bodyId": "h0", "timestamp": 1642441405821000000, "continuousState": [[[-0.28746885614388173, -0.8183321303558985, 0.6831772411434991]], [[-0.314424925820189, -0.923787205752908, 0.7272633962230652], [-0.28626398605298986, -0.9296214406524155, 0.7366751200574436]], [[-0.18032367230003676, -0.8585949280117364, 0.75730051746979], [-0.1707353880530783, -0.7828645891792804, 0.7303829583727484]], [[-0.406173801568778, -0.9823156284701533, 0.5412276863054328], [-0.365549647989502, -0.9860017857415546, 0.5809553586387576], [-0.286788743525054, -1.0420488705730837, 0.5531088653524495]], [[-0.06797482199035798, -0.8477034240780132, 0.5200235897755181], [-0.05252641451477302, -0.9090643750194367, 0.5837592446279356], [-0.019079190280735236, -0.8573297016745522, 0.5213310297450152]], [[-0.5288982393636723, -1.0487699180692271, 0.21453456162898088], [-0.46095369802271363, -1.1517517387840623, 0.3478880110150121], [-0.34761890864246814, -1.2001535511070351, 0.31952028400665666]], [[-0.009143918661121297, -0.9982593653578942, 0.2907410667957788], [-0.08336908197648696, -0.7087374444062496, 0.3148240300653684]], [[-0.7008205046470523, -1.0270332658831616, 0.19126060720685834], [-0.6516615703324826, -1.104274879943362, 0.29621639466595007], [-0.5585910639828766, -1.0651584256186268, 0.25507884833588734]], [[-0.016265092052660524, -0.9501787202156213, 0.2420646252076566], [-0.11013246798070475, -0.6639072177632486, 0.05695423310438735]], [[-0.30601041658346034, -1.1026411005023704, 0.040156543115870136], [-0.3081857187667145, -1.1501012297973405, 0.1658736068771598], [-0.27103983032170764, -0.9896272996800175, 0.08502813913794127]], [[-0.10352766286492404, -1.035839579478031, 0.048358906491673626], [-0.11699436586158862, -1.1552803940842375, 0.1588305274346491], [-0.14623791713046708, -0.8146911077289192, 0.11820755933784988]], [[-0.24436675409257735, -1.1128332572551396, -0.37079284346991437], [-0.2420072375705118, -1.1191589026877196, -0.2832570467056372], [-0.31919298126686724, -0.8232151475038629, -0.1442626229277616]], [[-0.09844679030680792, -1.067992084619893, -0.3734020671588192], [-0.10131146947483505, -1.1252240039654242, -0.260327754217619], [-0.2745620229411442, -0.5836093956819488, -0.014116461333091301]], [[-0.18196112687768962, -1.1665299244321394, -0.7236215240622855], [-0.197407682787905, -1.1572761508364866, -0.6825504584454944], [-0.31322095466992306, -0.8186394329202245, -0.4747565222309623]], [[-0.0746845909095607, -1.1289919951505332, -0.7915901378926309], [-0.078597220850942, -1.1958046106748488, -0.7076911826112265]], [[-0.26172460020309724, -0.8808513765509505, 0.5037344604246825], [-0.22466009558488853, -0.9660124551544169, 0.5893491513034046], [-0.19409242876466049, -0.8712888455393059, 0.5625283575846822]], [[-0.237074311779568, -0.9150095262740833, 0.5306256380404755], [-0.20903803125213752, -0.9475330803804957, 0.5823573016333465], [-0.15293396690289462, -0.949689286123818, 0.5372199475487324]], [[-0.2047690397241922, -1.0692403399902006, 0.04425772480377188], [-0.21259004231415157, -1.152690811940789, 0.16235206715590444], [-0.20863887372608736, -0.9021592037044683, 0.10161784923789557]]]}