{"bodyId": "h0", "timestamp": 1642441437378000000, "continuousState": [[[-0.28080766168367727, -0.9852554777659466, 0.6367117697861069], [-0.2024612245109807, -0.9898182787717136, 0.6355681792683557]], [[-0.23210763031535825, -1.0910403494820176, 0.7133068347359348], [-0.20785922854491518, -1.0695917859557573, 0.730738263612176]], [[-0.10065770419815356, -1.0648930342521188, 0.7148626683674206], [-0.06999447815106974, -0.9826039587412913, 0.6509975385233288]], [[-0.1704970980466176, -1.292631542576361, 0.5533216761355283], [-0.1332236558899289, -1.2973891664652022, 0.6110596863765111], [-0.17612551674523536, -1.1223423434136606, 0.6012060562871394]], [[-0.03373626628988474, -1.0954092630636556, 0.5467959696893405], [-0.17150544240241228, -1.0400325733775457, 0.5007767771112215], [0.0020040252672199887, -1.010003879972857, 0.4726870670742007]], [[-0.11546218709585615, -1.4872426839468658, 0.39931927735814665], [-0.10554502570775937, -1.4786970363039065, 0.3988992590210194], [-0.15588957691782768, -1.2263850260036488, 0.4120372065995107]], [[0.025102014627706115, -1.1257555435568722, 0.36683614786308727], [-0.23382359048516532, -1.0228853235610236, 0.3797715111000499], [-0.059340272641521974, -0.8659050398004386, 0.21267977705613073]], [[-0.20830735048433024, -1.5040063192750488, 0.11216516112751718], [-0.18878945982013062, -1.4940867090985206, 0.17094660410139917], [-0.17083188154547724, -1.3343615042007189, 0.1754348087392814]], [[0.024686558580957585, -1.085501248222876, 0.35527045369802046], [-0.13249578023058406, -0.6252251882922462, 0.018596521084017326], [-0.1272653935842969, -0.6367185912035416, 0.06464158614223642]], [[-0.06787003034898642, -1.4808066785948202, 0.18731322928814098], [-0.18894726266905093, -1.4672795479474847, 0.24161991444547448], [-0.14365451624962233, -1.2215459743352217, 0.14319776819114216]], [[0.022685186533941082, -1.3660313079188373, 0.1578389372561504], [-0.25446592528722756, -1.330668149225219, 0.18990688762289243], [-0.11075989189191149, -1.0035091023198113, 0.1885203180991949]], [[-0.07147569492500794, -1.4142078957320492, -0.3221715226951929], [-0.10981830937433479, -1.4313492647093895, -0.3020457287949332], [-0.1962116935089009, -1.079270449870649, -0.04694002276887865]], [[-0.11949229943458861, -1.440677119620132, -0.22519340624039041], [-0.22925617130013742, -1.2645687984155365, -0.2719347771579783], [-0.13451991039925804, -0.9608455521228321, 0.011176779450115415]], [[-0.02438642066835084, -1.3838101090426962, -0.762589080805274], [-0.07583989091681342, -1.525768526687634, -0.597285840048784], [-0.34162343939214246, -0.8842749834434283, -0.2023574226399356]], [[-0.1159592604349079, -1.4707063289183782, -0.7403674188934802], [-0.08527512874814325, -1.480489759614696, -0.5604731541538562], [-0.30302132443184293, -0.764860889459817, -0.1391614220205154]], [[-0.07699292435634941, -1.2430849508555553, 0.5720085586729178], [-0.1720962424432092, -1.2128112278883119, 0.5909906682950649], [-0.08835954470348817, -1.0722087232139033, 0.5390310649899863]], [[-0.10211668216825118, -1.1940204028200083, 0.5500588229124344], [-0.1523645491461706, -1.168710869921374, 0.5559182317438662], [-0.08706074573900768, -1.0661731116932587, 0.5369465616806701]], [[-0.02259242190752267, -1.4234189932568286, 0.17257608327214569], [-0.22170659397813924, -1.3989738485863519, 0.21576340103418346], [-0.1272072040707669, -1.1125275383275164, 0.16585904314516853]]]}