{"bodyId": "h0", "timestamp": 1642441444681000000, "continuousState": [[[-0.2717126592379628, -0.9625759431262977, 0.6223767926865384]], [[-0.2311042312670194, -1.0926804194881388, 0.7141970864673792], [-0.2102373192231472, -1.0770571860616194, 0.7395932542174135]], [[-0.09947729695127244, -1.0674358796050736, 0.7161997298835094]], [[-0.1507705026099056, -1.3194356635916922, 0.5787618472276124], [-0.1296313234886428, -1.2933962860542607, 0.6124982415959404]], [[-0.03386153015548826, -1.094404092780892, 0.5464608137496936], [-0.1782733532212425, -1.076055616306281, 0.5516685607967411]], [[-0.1181543926594959, -1.4816223115067326, 0.40069752862849084], [-0.12334954804568299, -1.4853312640407563, 0.4167493385119313]], [[0.00985948100749462, -1.0982734711513311, 0.3522483141765196], [-0.22702407694087412, -1.0396513790299735, 0.42482727783473795]], [[-0.18930228280667905, -1.5209342142122915, 0.15186747097171138], [-0.18943460967170622, -1.4870159696479903, 0.16530737239585247]], [[0.02690802074125176, -1.1137762673007232, 0.38127865776879744], [-0.13939575119917202, -0.6630448531856068, 0.05462178505818649]], [[-0.07196698854020189, -1.4718332576719098, 0.185169901070517], [-0.18929402140961538, -1.4764419186105158, 0.25680421017133614]], [[0.0028919763844150737, -1.313489862458204, 0.11069138765515318], [-0.25690691176955893, -1.3372505699686998, 0.20533426131929122]], [[-0.0760778387870864, -1.4040536247126931, -0.3374017323762445], [-0.10700259052472616, -1.4279606547520676, -0.30913975209252964]], [[-0.11089352714836742, -1.4439968545803785, -0.21741954481950698], [-0.21627558066917407, -1.2413794818477306, -0.31105031262803995]], [[-0.02598048217575799, -1.3608549677096857, -0.8151188278032546], [-0.07709867167797912, -1.5271803120578447, -0.5934058581650518]], [[-0.10816289103409016, -1.4726991922952073, -0.7601331903704373], [-0.08432933904974371, -1.4785300700344632, -0.5776045057428764]], [[-0.07739054646281474, -1.2417050871744135, 0.577142821394024], [-0.17446890744602306, -1.2205280518180066, 0.6071109493336834]], [[-0.09231601638269693, -1.2069198781862922, 0.562611330488653], [-0.15395233835494265, -1.1847259511802708, 0.5820834011963407]], [[-0.03453750607789341, -1.392661560065057, 0.1479306443628351], [-0.22310046658958715, -1.406846244289608, 0.23106923574531368]]]}