{"bodyId": "h0", "timestamp": 1642441508800000000, "continuousState": [[[0.044204329392512065, -1.0907281245338607, 0.7516080969321932]], [[0.1547196474006492, -0.992010252409725, 0.7609808879398143]], [], [[0.3225231405528867, -1.087020240158579, 0.6019948619892903]], [[0.026049453227792063, -1.004468405879778, 0.5661673345814098]], [[0.44900288595312016, -1.0269033570167148, 0.26310156367162474]], [[0.0267205875337565, -1.0754418397227297, 0.3786888255502492]], [[0.5235357524077111, -1.163119918352408, 0.09090537518360575]], [], [[0.308371141170264, -1.140010201983481, 0.06375992509610917]], [[0.09347916830708669, -1.128197551435536, 0.02562642233243606]], [[0.308183458494262, -1.1734823545352533, -0.3694035839656915]], [[0.0754291234526111, -1.2501466141718685, -0.28847574274338816]], [[0.2699075072752618, -1.1281501957220323, -0.7633496916206591]], [[0.39107691400587263, -1.144961895218758, -0.637197173995048]], [[0.18843514129954297, -1.0867904118929017, 0.6032870692668395]], [[0.1742862968903394, -1.0457443230191785, 0.58408109828535]], [[0.20092515473867534, -1.1341038767095086, 0.044693173714272616]]]}