{"bodyId": "h0", "timestamp": 1642441524880000000, "continuousState": [[[-0.07501990738142444, -0.9729792516040219, 0.7072624389588213], [-0.03996317994234433, -0.9393471689119515, 0.7186826037721534]], [[0.07372609062262414, -1.0223265690747734, 0.7525341150251699], [0.08516198511800277, -0.9900465646770131, 0.768477155687453]], [[0.10973626367320444, -0.8646309811399192, 0.685474997517257]], [[0.31727425031522677, -1.0962386567847477, 0.6117780708983295], [0.29066820097446877, -1.0046085887055942, 0.6095269385011555], [0.36267647810957215, -0.9329506355977478, 0.5634391331666893]], [[0.006873554879460064, -0.9370588303929066, 0.5292881377683432], [-0.029522173081295677, -0.883399333208231, 0.5516389271580009], [0.06233131328966901, -0.8931184222133421, 0.4750185415183429]], [[0.4361551352921158, -1.040863601772747, 0.2775892058088496], [0.4592753472665768, -1.053001187942663, 0.3476056324551493], [0.40067898087008835, -0.9309040030169259, 0.2719498063511293]], [[0.013936197941061879, -1.0348519132979295, 0.3650150309783571], [-0.07503695358330953, -0.7677530452603882, 0.29922293598241567], [0.026352008507241065, -0.8727861577920077, 0.19787098452187346]], [[0.5228370104945175, -1.1817171613523862, 0.10872383369819438], [0.49250608364969173, -1.1716192162469588, 0.16618443052883491], [0.22873416846257877, -0.8615150491283095, 0.2538975715173364]], [[-0.003924168871510425, -1.0174724490134666, 0.32714430176359777], [-0.1261280825342853, -0.6568662322184573, 0.059575756797636936], [-0.11507089570522933, -0.6558911416666762, 0.05639464214746398]], [[0.3074001225631031, -1.131786099735674, 0.05638700415645115], [0.23211352731010793, -1.201716472015743, 0.1517861843141386]], [[0.10031056857850962, -1.1329680173422418, 0.050160804988793384], [0.1043608493753252, -1.0296911789231329, 0.03160020255503637], [-0.03638020370639139, -0.7320859264375741, 0.16456720543722114]], [[0.30978382158441164, -1.179282388562523, -0.3722894521712594], [0.23468385769466393, -1.1741073373122624, -0.29323623142122757]], [[0.06239848377219015, -1.2309105319036566, -0.3157646233183231], [0.025118465047761718, -1.226690809560739, -0.22080313139549634]], [[0.2705714502078924, -1.1334564843154729, -0.7554901892877166], [0.26153365257041394, -1.1296574730382123, -0.6433703116442555]], [[0.3934943880936115, -1.1641117205570686, -0.6210844302316172], [0.3573540239048275, -1.2068889888501249, -0.4673802523979609]], [[0.18061851819190783, -1.0503419065556419, 0.5893512072350298], [0.1001117445431211, -0.9878559778320994, 0.5959808118168843], [0.22623017689261093, -0.9368428471933378, 0.5032653280142022]], [[0.16207390259734342, -1.0166487435888272, 0.5705331043333364], [0.13057301394658655, -0.9440039609569126, 0.5805829328295782], [0.21250389569962058, -0.913034528905545, 0.519228837342516]], [[0.20385534557080637, -1.1323770585389579, 0.053273904572622266], [0.16823718834271656, -1.115703825469438, 0.09169319343458748]]]}