{"bodyId": "h0", "timestamp": 1642441545248000000, "continuousState": [[[-0.08231869025338479, -0.9855014790833749, 0.6988341509147968], [0.013579881805470873, -0.9914671788454599, 0.6682800155182023]], [[0.058180962694762306, -1.02703474313685, 0.7516777393732368], [0.07078709789614845, -0.9913133803229548, 0.763337505879935]], [[0.11192726315518553, -0.8780587043350878, 0.6746748481086735]], [[0.30989137698443114, -1.078251666386795, 0.6007304970955669], [0.28203930051972903, -1.0146142249132257, 0.6158826135196902], [0.351855239857638, -0.9431863661865558, 0.5698901146428453]], [[0.01036485371641832, -0.9500089325419563, 0.5364607501695493], [-0.040341498158722344, -0.9029165008780347, 0.5639741405143885], [0.061635605157240425, -0.8923652095268785, 0.47515199208274095]], [[0.42340744868718894, -1.0063351115149597, 0.24811404202317422], [0.407385581648523, -1.095032879903588, 0.38278230977613403], [0.4413956643454273, -0.980535692749933, 0.26091162755678576]], [[0.037900096205638, -1.029276385509702, 0.3674982732882186], [-0.06810904474352475, -0.7587550470290769, 0.2758334311694175], [-0.005037563627501074, -0.7777775849749854, 0.25060051149426876]], [[0.5243025676669106, -1.147396590427431, 0.07600695350301145], [0.485343452497616, -1.1774942893385936, 0.18130067212268663], [0.2928055868557846, -0.8831546401156496, 0.2234312991056553]], [[0.0010789100665223317, -1.032056844947319, 0.3301384041614406], [-0.12653578767529072, -0.653056486332924, 0.04869858806095673], [-0.10934116882673695, -0.653060666844073, 0.049362452867734496]], [[0.30226028169440267, -1.1401797044571957, 0.06225875908183154], [0.24188893968973346, -1.1917491273848044, 0.1478198920302729], [0.21896209229894859, -0.8506003648788885, 0.07042663234816016]], [[0.09674424902637019, -1.1434037873394611, 0.05787005701731007], [0.10345612991964004, -1.0306729651342383, 0.033109992307948755], [-0.04641157333961443, -0.6923191118345515, 0.1668553962086971]], [[0.3080980861224595, -1.1654577153453836, -0.3904100630966343], [0.23627216090798453, -1.1631193423192154, -0.29263400070663326]], [[0.07005795640953072, -1.233686203465292, -0.2988182727335811], [0.050002153867564236, -1.1941208230989864, -0.27154301999646346]], [[0.2790207127825651, -1.1930101010226704, -0.664346180892761], [0.24988983484530225, -1.1414541653454928, -0.6333513991614788]], [[0.39377092866832347, -1.1689573108525813, -0.6141580142676024], [0.3611583982628389, -1.20242814217912, -0.4862778875089959]], [[0.17206455586055774, -1.038308525844837, 0.5875841408899511], [0.08111287403313971, -1.0150290955056398, 0.6138210684457537], [0.20426006159940124, -0.9095309060506609, 0.5301944953082005]], [[0.16012811535042473, -1.0141302994643757, 0.5685956236325581], [0.12084890118050334, -0.9587653628956302, 0.5899283770170394], [0.2067454225074392, -0.9177757878567172, 0.5225210533627931]], [[0.19950226536038643, -1.1417917458983284, 0.060064408049570805], [0.17267253480468675, -1.1112110462595215, 0.09046494216911083], [0.08627525947966708, -0.77145973835672, 0.11864101427842863]]]}