{"bodyId": "h0", "timestamp": 1642441573790000000, "continuousState": [[[0.07707052360812883, -1.0595414516151238, 0.7784200887951602], [0.08911566277353378, -1.0291038874506777, 0.7885199529858267]], [[0.15858373790461888, -0.9619406310548686, 0.761438177585835], [0.17490241449313104, -0.824939394320959, 0.7451079288799661]], [[0.009670219615662501, -0.91997885534685, 0.7421284829562609]], [[0.31436037861011634, -1.0190960456930003, 0.5703679316454773], [0.2891046483764683, -1.0155593396991527, 0.6194024672394409], [0.3831589348832445, -0.9577059034907713, 0.5537704192712598]], [[0.0001399379501171305, -0.938914610409944, 0.5487909341438431], [-0.04335415970380185, -0.9035745695687136, 0.5535908821332225], [0.06001034096571245, -0.8900547401367142, 0.47628778359741264]], [[0.42686714603178666, -1.0334738330195585, 0.2538652563046291], [0.4607898306661329, -1.042912351178127, 0.3355527915440868], [0.4248697613962653, -0.9578877180764102, 0.23989764629857524]], [[-0.0001511534775683887, -1.0300043468348032, 0.35111952887766096], [-0.07457161851727445, -0.7553053080396139, 0.2702136051820929], [-0.010822567181794085, -0.780171090284109, 0.24343189975534396]], [[0.5246935025843315, -1.1376692133254018, 0.06680366661537174], [0.5048866162932377, -1.1606855420011084, 0.16207334313365074], [0.27750915099679774, -0.8873643743391898, 0.22474835435736096]], [[-0.1308135514560581, -0.6579900239130487, 0.04599833206126047], [-0.12829634001402734, -0.6359642369506799, 0.07246853915467227]], [[0.30217315458381055, -1.146125902450311, 0.07610723033898781], [0.24131886444402917, -1.1927898979304312, 0.15700609555390788], [0.22993237084635765, -0.8395747840353163, 0.05729173522449571]], [[0.09185282849004511, -1.127606654749437, 0.05145034568359552], [0.10266297979105588, -1.0317247637526865, 0.034657500364453364], [0.024780445837512488, -0.7816240921574849, 0.08501595529585437]], [[0.307488624590282, -1.1716893591255568, -0.3718391718371379], [0.24603488998220135, -1.1621270659721603, -0.3122940143586319]], [[0.05952068545323075, -1.222760516285169, -0.3160632069156881], [0.035644338090943806, -1.2127673366966354, -0.2420487898478234]], [[0.27028962737005113, -1.1239276413604635, -0.7827303903319863], [0.2502636179537723, -1.1416018309150515, -0.6212400450824549]], [[0.38756154353014616, -1.181775309871612, -0.5987571265867176], [0.3614736874530362, -1.2027588725352336, -0.48627113993091275]], [[0.17002252317358674, -1.0267172045377262, 0.5815098274848538], [0.10000265885380255, -0.9879364506584936, 0.5958320327628388], [0.19320776003613083, -0.8942453716443667, 0.5293904215356999]], [[0.15725015828011674, -0.9790053280514721, 0.5595794328946602], [0.12287524433633323, -0.9595669546339332, 0.5864966746863317], [0.22158463792447847, -0.9238803218137428, 0.5150291014343362]], [[0.19701299153692783, -1.136866278599874, 0.06377878801129166], [0.17199092211754252, -1.1122573308415589, 0.09583179795918062], [0.12735640834193507, -0.8105994380964006, 0.07115384526017504]]]}