{"bodyId": "h0", "timestamp": 1642440422194000000, "continuousState": [[[0.048090224510916935, -1.1826857360283156, 0.6354385590240834], [0.055845180493155455, -1.0861104807986655, 0.62327179843127]], [[0.11552586104151558, -1.3077674331786233, 0.7000422793930531], [0.12630713859293552, -1.2639496478569885, 0.7285890249237749]], [[0.21607598052572516, -1.2445649460159771, 0.7221141174604246], [0.22744778005675337, -1.126052522222857, 0.657570048564258]], [[0.21948044698213903, -1.4106343996363881, 0.5683124654436597], [0.30169595139257044, -1.3712952692822027, 0.5902678595605095], [0.15041987067702012, -1.1404693035406321, 0.6061295069844151]], [[0.3193245192126843, -1.1894697403719938, 0.5727170897928172], [0.10228699361626215, -1.246767068132842, 0.6475553305368869], [0.3374882869260667, -1.0895551937912409, 0.4788082912310203]], [[0.23590925919178646, -1.5785632771285358, 0.3293730159684993], [0.26451033018414893, -1.553693712037588, 0.36351430243348304], [0.24682009303207897, -1.4051402308187966, 0.3635264040657076]], [[0.17592158542669223, -1.0553412760439662, 0.4293422733578891], [0.3449483361043102, -0.9636782089708474, 0.21905643622611648]], [[0.17214555638375179, -1.6563797121814907, 0.09858759711735177], [0.1980488056858971, -1.6477023310551173, 0.17053408151337512], [0.23590591235441316, -1.5466150836975057, 0.1365191521240563]], [[0.249245738197844, -0.790139842401238, 0.08602589942374572], [0.269925088162734, -0.7485028987128632, 0.04805261453973886]], [[0.29368893305196764, -1.6043174999747132, 0.18334643687307284], [0.16963376595041235, -1.528742990061757, 0.24883312423704385], [0.23366094241786284, -1.3683374468807368, 0.018908399691955236]], [[0.3724910232565599, -1.4994682203234644, 0.17142847681423168], [0.12783100319972052, -1.3599654938261028, 0.1764205305301434], [0.2989509295053099, -1.2131732143450318, 0.029254833854374218]], [[0.28239600819593375, -1.5474140848918518, -0.21630756517893635], [0.26106946530803377, -1.5191669337363374, -0.2689121523228273], [0.24833907275202116, -1.227483252462969, -0.30468344544430903]], [[0.3221216340864672, -1.5420217485649974, -0.12259523430429953], [0.1445917010147444, -1.3481311354780858, -0.2406572137248184], [0.192849617344089, -1.2530846093152799, -0.2947091792132386]], [[0.3397111102536854, -1.485432676643054, -0.7022697453329942], [0.32222809351867454, -1.4936110776768583, -0.6754953287064689], [-0.17341009891541215, -0.5127342759689955, 0.014733408470283649]], [[0.3663035789457534, -1.4527792266478297, -0.6093752741147875], [0.288095346346976, -1.4380042119396839, -0.5361897925774743], [-0.2115179898311843, -0.5284386738933617, 0.0031939144151964527]], [[0.2667283982917893, -1.3075695778704963, 0.5775030511977949], [0.21878583798369355, -1.2884378420672857, 0.6062624008700095], [0.2971887318909825, -1.173363197862281, 0.5160578978375915]], [[0.26940248309741166, -1.3000520700041909, 0.5705147776182384], [0.2019914725044163, -1.3090311687075222, 0.6189115950486982], [0.2439540788015434, -1.1150122486659364, 0.5424688991077178]], [[0.3330899781542638, -1.551892860149089, 0.17738745684365226], [0.14873238457506643, -1.44435424194393, 0.21262682738359362], [0.26630593596158636, -1.2907553306128843, 0.024081616773164727]]]}