{"bodyId": "h0", "timestamp": 1642440508959000000, "continuousState": [[[-0.21567841543569666, -0.8348301383403501, 0.6372531531397221]], [[-0.2703890930021818, -0.9503482028857899, 0.7254672993131825], [-0.21470103794940354, -0.8849765023291235, 0.733230415168771]], [[-0.10791316056704425, -0.9331781696234533, 0.7105908388641355]], [[-0.44281625520553036, -0.9252539702233975, 0.5363274266962361], [-0.314293737659021, -0.9787932159058003, 0.5838788880762259]], [[-0.059997184940638715, -0.9652094715230493, 0.4878680314198005], [0.018551327088316194, -0.9125420035250745, 0.45286883994395755]], [[-0.693063929378481, -0.8070670791649339, 0.376316337893841], [-0.5355985404680349, -0.9233716602857048, 0.438026852407861]], [[0.12078277922471026, -0.8777194787184597, 0.2786246363228284], [0.1363822603349616, -0.8430918375047789, 0.2647859021663258]], [[-0.6945777963130563, -0.7785150514729513, 0.42572529837271356], [-0.6893609682183683, -0.7546918063368857, 0.36346930422730694]], [[0.27794313145458593, -0.827902274110754, 0.09199457268267386], [0.2542937792858333, -0.7295920446174764, 0.0545950913696438]], [[-0.4240673441952007, -1.1301312346126675, 0.00801049656829278], [-0.30864716177314033, -1.1352194492674408, 0.03292799090686993]], [[-0.1918736504714721, -1.1111022491375895, 0.018649858207024028], [-0.15162877163506527, -1.0219560772289968, 0.013982812236424946]], [[-0.3892827421682369, -1.1439455415116186, -0.38238743711181833], [-0.36096599345453284, -1.0169365264002357, -0.2724251910394989]], [[-0.21884878529197516, -1.1681146409742966, -0.3469491871204182], [-0.3233528580421279, -0.6451560924845263, -0.026575640860137195]], [[-0.3294088615420895, -1.220599568195528, -0.7746546301066813]], [[-0.25407052721962453, -1.1938976029617903, -0.8032809616284907], [-0.3251502330091376, -0.763263809626787, -0.4228230193505995]], [[-0.2528547215225291, -0.9476838339230893, 0.52176883713221], [-0.17280504145613595, -0.9099666476908777, 0.5327029054660383]], [[-0.2514067200730845, -0.9452317208732234, 0.5120977290580183], [-0.14787120528535241, -0.9456676097154374, 0.5183738640100917]], [[-0.30797049733333637, -1.1206167418751285, 0.013330177387658404], [-0.2301379667041028, -1.0785877632482188, 0.02345540157164744]]]}