{"bodyId": "h0", "timestamp": 1642440538975000000, "continuousState": [[[-0.08218096053597351, -0.8578060625958503, 0.6363721619210894]], [[-0.2191787884851925, -0.9527210402583401, 0.7107632119903267]], [[-0.10771948175299567, -0.9152199463423278, 0.6855869701554884], [-0.10927336972144464, -0.9053527823849563, 0.6970529898345119]], [[-0.4193666147448686, -0.9423025912244312, 0.5482431173509941], [-0.37380516492574867, -0.9433958957251862, 0.5764857901521939]], [[-0.06597744440809944, -0.927826352544161, 0.4745081166686964], [-0.05682866314997004, -1.0034464088559698, 0.5346889157466899]], [[-0.7113092734570338, -0.7784225848214206, 0.3674363747641365], [-0.6220031207297433, -0.886235468154339, 0.46617794047720007]], [[0.11348023523321688, -0.8432047736784865, 0.2555478108862794], [0.2523815202178643, -0.7838608856985243, 0.07242296343018739]], [[-0.8130884885907363, -0.5832520060719824, 0.3277985135777972], [-0.7661484430410577, -0.7447154308833306, 0.361948499433435]], [[0.2738475344988281, -0.8008084988013637, 0.07984578446735324], [-0.10362644956525768, -1.067525677348454, 0.4248152016575548]], [[-0.4185766943429714, -1.1432333718305214, -0.006937513040346843], [-0.3666095982101024, -1.176751574329049, 0.10898010125570345]], [[-0.18008326784001316, -1.1370321881216316, 0.03466964672701622], [-0.19344504447238242, -1.245505270112297, 0.14089178738098052]], [[-0.38854796401837866, -1.1499751690340498, -0.40983432271120224], [-0.3832125621790481, -1.155555674562149, -0.305724651877324]], [[-0.2130467960395267, -1.1844300982680829, -0.3823992609996487], [-0.21606293837114243, -1.202338585237582, -0.2621741378738027]], [[-0.3249637740029163, -1.2152289052086596, -0.7939149409379768], [-0.35327451652091824, -1.2543737577071186, -0.6909788453870741]], [[-0.25794875733964673, -1.2040315578582181, -0.8049133892720562], [-0.24376492838510644, -1.2806707978240577, -0.7189288146403223]], [[-0.22955467162898685, -0.9852672959012503, 0.5374350251540152], [-0.2198039600549091, -0.979251449428501, 0.55800371016603]], [[-0.242672029576484, -0.9350644718842961, 0.5113756170098452], [-0.21531691403785935, -0.973421152290578, 0.555587352949442]], [[-0.2993299810914923, -1.1401327799760765, 0.01386606684333469], [-0.2800273213412424, -1.211128422220673, 0.12493594431834198]]]}