{"bodyId": "h0", "timestamp": 1642440629827000000, "continuousState": [[[0.06889388252885409, -0.8117421037842897, 0.6429139299120968]], [[-0.06764630079307626, -0.9648657310205098, 0.7756130721881072], [-0.06988441749049884, -0.8694384852260806, 0.7544367372677971], [-0.014029121139194745, -0.8877667773969878, 0.7395202273690833]], [[0.07739593147554341, -0.9074587399294922, 0.7333980012888948], [0.047875618134460396, -0.9537975777808847, 0.8057566210182259]], [[-0.2241741890283137, -1.0133047838800713, 0.5316129122090114], [-0.166991484334162, -0.9892069312173175, 0.5649699416566079], [-0.14095971426561227, -0.986804793986968, 0.558657165079068]], [[0.1688045121958764, -0.9945675501531084, 0.5714953710274027], [0.1662539006007665, -0.9857757235144136, 0.6034123569311025], [0.18265609900289848, -0.8811673690897007, 0.5499427972594989]], [[-0.2291243942016205, -1.1293823927350624, 0.29592056319193816], [-0.24682369670860216, -1.1011764680312888, 0.37299900094355887], [-0.16697636328865095, -1.0581081937626098, 0.29142574477148253]], [[0.1578273677584513, -0.9751350982714242, 0.3031546071660658], [0.7836244280622289, -0.5071848455386838, 0.06524076075030094], [0.08452563028443394, -0.7208509535350952, 0.3518872020551211]], [[-0.235793616899925, -1.0915705867664098, 0.05251291853053974], [-0.23849187827917218, -1.0178947882577585, 0.06535985994069371], [-0.1942095530803586, -1.0367308262217947, 0.057179897424392334]], [[0.12747632246781948, -0.74798281910335, 0.06905530805132676]], [[-0.08560004376419539, -1.1205036780450794, 0.03289405845370852], [-0.09336688211595923, -1.09035774734768, 0.07923406518234133], [-0.0878937360525982, -0.9171602183800205, 0.07844397442571627]], [[0.12702324345317578, -1.0568416111050185, 0.028952201374049524], [0.04968048630799593, -1.1848299596228578, 0.1762064256987972], [0.08033821504757221, -0.8063372042902315, 0.11127798466811323]], [[-0.037592996427313174, -1.0774847241737215, -0.38543930297796725], [-0.031374555458645204, -1.0764970755685186, -0.30566243294902384], [-0.21542605405114945, -0.5801466055340851, 0.003036505050040106]], [[0.10988308657854506, -1.0976205735635285, -0.3276603481115212], [0.09422046104877146, -1.1140290596829285, -0.21877445706190013], [0.028782886757319215, -0.6998305953593464, -0.15920219980223504]], [[0.02536101197268592, -1.1392352042857792, -0.7436396730372324], [-0.00455356677634744, -1.132342823442953, -0.659661654980672]], [[0.11503341346232288, -1.0956263020954582, -0.7606223594899891], [0.06344316525798122, -1.188064033155974, -0.6002918555630763]], [[-0.03599445673076235, -0.9636014032757323, 0.5328324972891649], [-0.01809254093195345, -1.0038360383515597, 0.5940653862514003], [-0.012590551415651019, -0.8862855648487243, 0.5740636560345387]], [[-0.02768483841621866, -1.0039361670165898, 0.551554141618207], [-0.00036879186669774855, -0.9874913273658655, 0.5841911492938552], [0.020848192368643104, -0.9339860815383343, 0.5542999811692835]], [[0.020711599844490197, -1.088672644575049, 0.03092312991387902], [-0.021843197903981648, -1.137593853485269, 0.12772024544056926], [-0.0037777605025129946, -0.861748711335126, 0.09486097954691475]]]}