{"bodyId": "h0", "timestamp": 1642440708619000000, "continuousState": [[[-0.08138162413544336, -1.222439031964396, 0.6199481051164787], [0.0063708668387381095, -1.2076153944642707, 0.5793800177127114]], [[-0.010136119230168661, -1.299132308893087, 0.6960466844238349], [0.001922042012023617, -1.24946511587974, 0.7237007271845298]], [[0.06294007530182832, -1.1163142091912037, 0.6523599028183803]], [[0.06714614647539036, -1.3732460685605337, 0.5206614165408324], [0.10878687613821902, -1.4119930609763425, 0.6195578617807951], [0.036937135213396255, -1.1548211801880446, 0.5909030565582117]], [[0.18088622130440735, -1.1935115546127024, 0.5667895650424499], [-0.04005498650609529, -1.2643144117296843, 0.6502502785859059], [0.1671465161920591, -1.045259495731638, 0.5068437052136856]], [[0.09354463134905011, -1.536508672672277, 0.24832439425967756], [0.1429243584126123, -1.5577872674553763, 0.37822214376277885], [0.10267820169857922, -1.3562779478594946, 0.3896887699460434]], [[0.17884324761344295, -1.3085024552116922, 0.4428283994488945], [0.039906266889043085, -1.0356768815529847, 0.40254084737635587], [0.17922444693371387, -0.9400242486318882, 0.22903117762335956]], [[-0.07097614048988465, -1.4866762001111047, 0.19241707375049266], [-0.053714075514901816, -1.4797305805643417, 0.2836378499194221], [0.05512305216215041, -1.4541807655721528, 0.21999137146631875]], [[0.08817983009298014, -0.794048041841497, 0.08828040737569975], [0.13028937295555165, -0.7731276095313881, 0.046646438737335094]], [[0.15620880006105564, -1.5552379149704436, 0.17009145845130436], [0.06978553960279676, -1.530940985116915, 0.2289250171183821], [0.10732081351548595, -1.3220667407238935, 0.06445380898103203]], [[0.23884826077075527, -1.4659751465336894, 0.16028907331654785], [-0.05500108648063662, -1.4310392567046029, 0.2789525659001757], [0.1418716317163724, -1.1215687356851465, 0.08739498624078712]], [[0.16692898149541413, -1.4938958935909314, -0.30317140979773627], [0.12489993331126881, -1.5061201376388405, -0.27101150093933946], [0.005219138538263612, -1.0861708699308155, -0.1123860538869792]], [[0.08702078157012061, -1.5296671178381946, -0.24842588550475397], [-0.02031165841818172, -1.3372312039257988, -0.23485279313642948], [0.026529677594335555, -1.172449431045702, -0.1491272829458946]], [[0.2301734271066087, -1.446438713503523, -0.8174669154182942], [0.1252141021724973, -1.5302513844496861, -0.5958211451984374], [-0.22282084204263086, -0.5924396383412547, 0.011025183573490582]], [[0.14000009988661144, -1.570114735133635, -0.6552322480983045], [0.16108397425188703, -1.6048576685327371, -0.5036422561900502], [-0.2690903207784875, -0.607552920329768, 0.002118258904079795]], [[0.12979206009897343, -1.3116658490929818, 0.5579236568427404], [0.05338763022626958, -1.3075768161478556, 0.606975148628238], [0.14520836753605448, -1.1401590688336838, 0.5278032274720615]], [[0.12401618388989885, -1.283378811586618, 0.5437254907916411], [0.034365944816061866, -1.3381537363530134, 0.6349040701833505], [0.10204182570272768, -1.1000403379598414, 0.5488733808859487]], [[0.19752853041590546, -1.5106065307520664, 0.1651902658839261], [0.007392226561080073, -1.480990120910759, 0.2539387915092789], [0.12459622261592918, -1.2218177382045199, 0.07592439761090958]]]}