{"bodyId": "h0", "timestamp": 1642440731935000000, "continuousState": [[[-0.40407066546463144, -0.8040687995509516, 0.6523716760424907]], [[-0.43709475364488626, -0.9167604432902499, 0.7136269659892276]], [[-0.32599313612928293, -0.8434762027055087, 0.7040987109019681]], [[-0.6269569540867732, -0.8775543014354141, 0.49557730844010517], [-0.5377686853889267, -0.9352381177079139, 0.55864125018284], [-0.4490388534224923, -0.9846836019380105, 0.5466996048881481]], [[-0.23333001725337815, -0.8660008596018316, 0.49513435448012855], [-0.1913974126271888, -0.92880753523617, 0.5444054228717552], [-0.14785317373120999, -0.8570509393076858, 0.4992180006928649]], [[-0.7884370444014996, -0.8188368746165837, 0.29759321406290007], [-0.7310381439747395, -0.8816616013916261, 0.38432213251682534], [-0.5866111144962731, -0.9443450476529094, 0.3652206138157009]], [[-0.033424675229720646, -0.8853906947869128, 0.3092797704274579], [0.09205395637971203, -0.7754521392449116, 0.07559013922944535], [-0.03506876476504628, -0.7952120061486287, 0.27792446975524754]], [[-0.8402033287867958, -0.8795930594302772, 0.4718241877810023], [-0.7588226728054608, -0.6936839209050247, 0.3817492674012111]], [[0.10668255912371993, -0.7872169046443511, 0.06936156585302022], [-0.022946965328583646, -0.7960150201671234, 0.14136292889885804], [0.10986700515976766, -0.7448957747371237, 0.05247941623046426]], [[-0.48619628105044826, -1.1517730201456522, 0.033782859882277805], [-0.4727509446327421, -1.1493509161049547, 0.121116650491502], [-0.4581063360877077, -1.0167182459957183, 0.05687380508910456]], [[-0.2858724863783834, -1.0996538891743712, 0.025902989266248788], [-0.26758959523603554, -1.1862860991649966, 0.11791216424103856], [-0.27554736640923694, -0.942237908140215, 0.012725890679374796]], [[-0.4976332421382659, -1.1165326150308796, -0.3062447425617443], [-0.5259878440778154, -1.163490877205895, -0.18292098427063785], [-0.45344899101996217, -1.0744771360488783, -0.3480571977302682]], [[-0.3220391995617454, -1.1436293287452932, -0.3792835845509066], [-0.29306741340956044, -1.157121649423555, -0.30990978106025024], [-0.3317300649850803, -1.028472980451912, -0.36592790165058287]], [[-0.4626825766236905, -1.1664371028865264, -0.6388479799237159], [-0.48355022204707576, -1.1513294884355827, -0.6773030370393361], [-0.6704428169629197, -0.4627080438868749, -0.023050550571092565]], [[-0.3528797226415804, -1.1607737327042094, -0.8245638606830246], [-0.33427560146724644, -1.2582135835001031, -0.7157319542018425]], [[-0.4091541481148793, -0.9092513774859934, 0.5290982780550537], [-0.37508073808191666, -0.9502858311626743, 0.5687861976013661], [-0.3401365604368781, -0.8422223355165186, 0.5672514675853019]], [[-0.43014348567007565, -0.8717775805186229, 0.49535583146011686], [-0.36458304900805777, -0.9320228264720419, 0.5515233365272976], [-0.29844601357685113, -0.9208672706228482, 0.5229588027905065]], [[-0.38603438371441584, -1.1257134546600116, 0.029842924574263296], [-0.37017026993438884, -1.1678185076349756, 0.11951440736627028], [-0.3668268512484723, -0.9794780770679666, 0.034799847884239676]]]}