{"bodyId": "h0", "timestamp": 1642440802084000000, "continuousState": [[[-0.36884296465211974, -0.7676438303931967, 0.6349646464209844]], [[-0.43052811026679005, -0.8789189108207167, 0.7116013304276876], [-0.4215534486915785, -0.8771680818993635, 0.7052990221338913], [-0.3921105693668059, -0.8051184763164871, 0.7299709966379417]], [[-0.2846305054579807, -0.8302806280636925, 0.694119894572518]], [[-0.5960792443048379, -0.8764566586644214, 0.5082027170482337], [-0.5224599795588445, -0.8739091638667511, 0.5277183939724613], [-0.4473787290040663, -0.9357913110070456, 0.5565574187877421]], [[-0.23161071073391565, -0.8536852378350774, 0.4756511450799905], [-0.18000999040450744, -0.9215686606459752, 0.5471438768487449], [-0.13387407472511326, -0.8686678142138634, 0.4928262704997094]], [[-0.7345862415057145, -0.8699681673524688, 0.3338078766774568], [-0.7335021203464156, -0.8845788906971914, 0.3816253219998115], [-0.609053997392534, -0.932863768401763, 0.35531531492681817]], [[-0.03194453859201318, -0.8164619331852832, 0.2528630048928602], [0.09065253497378245, -0.7800940551467053, 0.08735732740690438], [-0.03110489862249266, -0.8021734678231633, 0.28117797083633245]], [[-0.7417191533030295, -0.6653256781487493, 0.3653896426849139], [-0.6830656814031952, -0.6627568043267806, 0.36799598281096924]], [[0.10083532272102036, -0.758155405850832, 0.047155024408332524], [-0.02730542300176464, -0.8037962050035616, 0.14837738238884168], [0.11576240375389268, -0.7408236076580061, 0.04555755101263492]], [[-0.5077401774631138, -1.1051110073536414, 0.00929275766868165], [-0.46798206756219823, -1.1366643840458632, 0.13003993895777732], [-0.5061117061655132, -0.8987086753538374, 0.1498760236076696]], [[-0.2950153700906811, -1.0490763290418863, 0.010481065071563433], [-0.2687507916011732, -1.1865268960659132, 0.14361047961455808], [-0.2687143135662108, -0.9421855566074946, 0.026085307027547522]], [[-0.5183649056596428, -1.0745750987065252, -0.36472910829324245], [-0.5464974103771101, -1.1274627009725182, -0.1769241647738642], [-0.43980542110989274, -1.1356625547625034, -0.39691453630343976]], [[-0.32598828412677416, -1.1188615177352825, -0.3845764657892623], [-0.2855433405448705, -1.1443596234016278, -0.3210486575168463], [-0.31140480973968, -1.003707209645845, -0.34648253908844884]], [[-0.45372788499967676, -1.1695282840631671, -0.6570941478160595], [-0.4833849805340431, -1.150646569984719, -0.6781460929083745], [-0.6732260493876316, -0.43948749199896064, -0.0021273787285866486]], [[-0.34865662509378936, -1.1663395157031688, -0.8018168103347614], [-0.33724362764205895, -1.260330393868494, -0.7227052571518832]], [[-0.38954058266778, -0.907414839728105, 0.5184822839128351], [-0.36600937605501604, -0.9267721976113723, 0.5580387311678949], [-0.34294065798776263, -0.8066657095122763, 0.5611526792430102]], [[-0.41384497751937677, -0.8650709482497494, 0.4919269310641121], [-0.35123498498167594, -0.8977389122563632, 0.5374311354106032], [-0.29062640186458977, -0.9022295626104545, 0.5246918446437258]], [[-0.40137777377689743, -1.0770936681977639, 0.009886911370122542], [-0.36836642958168575, -1.1615956400558882, 0.1368252092861677], [-0.38741300986586197, -0.920447115980666, 0.08798066531760856]]]}