{"bodyId": "h0", "timestamp": 1642440894343000000, "continuousState": [[[-0.12415749549433008, -0.8846479148723285, 0.6439607083034604]], [[-0.2526352018205993, -1.0405881662479783, 0.7652673340215024], [-0.2643053712868279, -0.958188518578742, 0.7329876448402867], [-0.17842231554121735, -1.0133583573210312, 0.7164458587655971]], [[-0.11631255406180796, -1.0081483401260138, 0.7371218538353963], [-0.13019971521874363, -1.0203137083695366, 0.7799775469866145]], [[-0.4161051306131641, -1.0598250509839742, 0.5143253282236253], [-0.36597279697734053, -1.0324160625837397, 0.5531878838047884], [-0.2777839641851916, -1.0965392664932958, 0.5340524061039642]], [[-0.0549415654538411, -0.9975553258093013, 0.491478677776672], [0.023945915716322763, -1.0056627981810549, 0.5209389017566375], [-0.023809946788531544, -0.8807756703870552, 0.5699325559410204]], [[-0.4309462429286992, -1.153225951584068, 0.2972012457220474], [-0.4420289901959516, -1.1169546627536244, 0.341676046395895], [-0.36024999874857844, -1.1252246248252034, 0.246434867158135]], [[-0.0035072796222521685, -0.8336430602475116, 0.08947571327692616], [-0.012291037873760624, -1.0656646996640102, 0.3288110242203366], [-0.0927193972779794, -0.7217116345601489, 0.35897892062895614]], [[-0.3966338411878896, -1.1602265880704248, 0.11848651837091584], [-0.44066511693408494, -1.0520078941082311, 0.06378809949407316], [-0.38451226878574607, -1.0588048868357536, 0.029922752180672196]], [[0.03347275628056534, -0.8984111246657649, 0.1959101275448616], [-0.009813192110284863, -0.7613279365375292, 0.04488121795482669]], [[-0.3068852070198532, -1.1240168199945353, -0.015842377709832878], [-0.2950275608040219, -1.1554399058250033, 0.10099660287087708], [-0.2433188567360357, -0.9984709380825518, 0.05005982456654767]], [[-0.09001009901386636, -1.0708102685442635, 0.00827741884210531], [-0.07246122525839183, -1.1615725972037998, 0.10373795815189424], [-0.12364291308409814, -0.8034001493915408, 0.14808089499330335]], [[-0.2088148861532032, -1.1012674888337428, -0.3923871620345081], [-0.21962083991250592, -1.1230820974717464, -0.23828205059013974], [-0.28682541764982916, -0.7666144494128424, -0.17610302172090064]], [[-0.052739210662391955, -0.9414204042989822, -0.4307989993433865], [-0.052739751869684826, -1.078497933461008, -0.26188422006804957], [-0.22840314248852034, -0.5455808568293066, -0.0029931256247964777]], [[-0.08516314262077185, -1.1469785185446313, -0.7583694369627202], [-0.1175529286636523, -1.1599771245508392, -0.6437705994788777]], [[-0.004513525502817695, -1.1045964886538615, -0.7641382343448473], [-0.01582956909231026, -1.1896776684444914, -0.6537621304787983]], [[-0.2624493028996916, -0.9618489645095429, 0.47110159239260097], [-0.19083883246778477, -1.0357086367874615, 0.550952215309964], [-0.1792648467258171, -0.9290736762118552, 0.5750479450040515]], [[-0.2355233480335026, -1.0286901883966377, 0.5029020030001486], [-0.17101344063050888, -1.0190394303823973, 0.5370633927807129], [-0.15079695548686156, -0.9886574684401754, 0.5519924810224923]], [[-0.1984476530168598, -1.0974135442693993, -0.0037824794338637835], [-0.18374439303120688, -1.1585062515144016, 0.10236728051138566], [-0.18348088491006692, -0.9009355437370463, 0.09907035977992551]]]}