{"bodyId": "h0", "timestamp": 1642436697394000000, "continuousState": [[[-0.012578484071702423, -1.0572646397516812, 0.7727533053104663], [0.0050089080025332855, -1.025597721600059, 0.7767020190944924]], [], [[-0.1582547397506333, -1.0236220957553679, 0.7640740984750021], [-0.14221969559810488, -0.995150835359194, 0.7712737313953311], [-0.10374461766625886, -0.9438430743637014, 0.7478070648381127]], [[0.06969225109306598, -0.8858220279854148, 0.5175045144308072], [0.07261699869648497, -0.940897460628709, 0.5777160822960041], [0.11289276069353371, -0.8665376940556628, 0.556331878590829]], [[-0.2962221153590817, -0.9522156524761698, 0.5694597282122378], [-0.26036717267078624, -0.9219279716979916, 0.5816459165245418], [-0.19500335873043262, -0.9416543883795011, 0.5800595074260372]], [[0.1596077027414397, -0.8414411269257407, 0.2820606359856952], [0.02062351224600767, -1.0972897151533392, 0.42258328419972924], [0.21898819026057947, -0.8597359898868151, 0.2491807721074918]], [[-0.5501289549123451, -0.8379976887473659, 0.3647343893352335], [-0.46483341811517576, -0.8767953065841756, 0.4246967600912692], [-0.4079752301944205, -0.8982617536808348, 0.41808338108702603]], [[0.24901047362653841, -0.7917255900021327, 0.08457816709572641], [-0.004457014387248881, -1.1122136445364086, 0.30613723172814655], [0.2517658353235699, -0.7268902449502963, 0.05673615372957985]], [[-0.7299420864013731, -0.7648182585355712, 0.29234137594583576], [-0.6966891836654552, -0.8370550384154596, 0.3517791206606917], [-0.5963653429688548, -0.8346185453179669, 0.3208919331464732]], [[-0.0012356452405788976, -1.1005832925671186, 0.06976346512740261], [-0.02798499118438158, -1.1318519060370966, 0.12482741518133467], [0.0019563461044120878, -0.9513701132008543, -0.002724021270875454]], [[-0.22307143146958436, -1.1501457625345128, 0.07638144423004567], [-0.22458141916734387, -1.0801608890317063, 0.10880404183872172], [-0.1997554963027578, -0.975664435593721, 0.05143288819412628]], [[-0.007260005205763087, -1.0961399304695083, -0.3646800380971864], [-0.02650587633657797, -1.1276330820975695, -0.277564952192507], [-0.28196404693502386, -0.5721679409077749, 0.010115267578338416]], [[-0.252111759222595, -1.0835221926746106, -0.43954114105301545], [-0.23885485192635736, -1.1359933242721745, -0.2814342737511992], [-0.3180395585532795, -0.826654273165744, -0.10888677138007419]], [[-0.009289906865179942, -1.0880353038798314, -0.8023756593447072], [0.003526093356558624, -1.1080252005872628, -0.6944472815492965]], [[-0.20531340086284577, -1.0307087930464998, -0.7862635754150755], [-0.21289963524029742, -1.1086740644556454, -0.6779433377311542], [-0.3127215693487527, -0.81932890929368, -0.4755049433564077]], [[-0.07391982632408745, -1.021380549854702, 0.5987090333447278], [-0.12957199519186013, -0.9630358421514202, 0.5940688986672034], [-0.04495016227110815, -0.909717690472766, 0.5636675184771381]], [[-0.11326493213300787, -0.9190188402307923, 0.5434821213215225], [-0.09387508698715064, -0.9314127161633503, 0.579680999410273], [-0.041055299018449454, -0.904096041217582, 0.5681956930084331]], [[-0.11215353835508163, -1.1253645275508157, 0.07307245467872414], [-0.12628320517586272, -1.1060063975344014, 0.1168157285100282], [-0.09889957509917285, -0.9635172743972876, 0.024354433461625413]]]}