{"bodyId": "h0", "timestamp": 1642436733909000000, "continuousState": [[[0.19119255126320622, -0.810460232857332, 0.7261018493537459]], [[0.0846185842314231, -0.87199406526336, 0.7621163736958113]], [[0.13372739367062547, -0.9817488391819009, 0.8214792292252904]], [[-0.07934179539071717, -0.8555532582766765, 0.5322289754663063], [-0.021282513163842776, -0.907459667289616, 0.5398675693071541]], [[0.2292783148829255, -1.059276577872921, 0.6453974210559212], [0.25888214401915155, -0.9188349725508573, 0.5878117488963772]], [[-0.04783250223176261, -0.9574180076329528, 0.2994237672271367], [-0.018823006756023553, -0.8353844510109455, 0.28521085990975437]], [[0.4602873505456925, -1.171191899302288, 0.45182406811165987], [0.23525100447707126, -0.8357984203104969, 0.36385242147286745]], [[0.09737793660390293, -0.7516044254477114, 0.05985259242463803]], [[0.3991524229319314, -1.1073510217273008, 0.2580940629095161], [0.33844800032701494, -0.9253735756868795, 0.078825918060758]], [[0.036640655497952035, -1.0285382345978822, 0.07895911931636235], [0.04728728757790712, -0.8641831650050154, 0.04164959112589994]], [[0.22684850571505089, -1.1068743127960585, 0.12491850772111923], [0.21433697002429097, -0.8448656261366576, 0.07438947235208138]], [[0.08688253676828339, -1.0880864166686646, -0.24247138910697097], [-0.12469974287440388, -0.5097838782397168, 0.0004923065898226886]], [[0.23348309975253823, -1.1071301112954277, -0.25729271811298204], [0.05088321878541646, -0.5052482706681669, 0.0021724884065476013]], [[0.13695231277591557, -1.1419404506860042, -0.6342608919220822]], [[0.21925551173315583, -1.1586502463267847, -0.6517035592849383]], [[0.039055447491178064, -1.0143594609097701, 0.630934143064432], [0.08111469117204595, -0.858550045289439, 0.5779285318980952]], [[0.07496825974610416, -0.9574149180747987, 0.5888131982611138], [0.11879981542765439, -0.9131473199202367, 0.5638396591017656]], [[0.13174458060650146, -1.0677062736969702, 0.10193881351874079], [0.13081212880109905, -0.8545243955708365, 0.05801953173899066]]]}