{"bodyId": "h0", "timestamp": 1642436741413000000, "continuousState": [[[0.19203697731967506, -0.8089880380231553, 0.7058358161320377]], [[0.026486913356819075, -0.8601405411630587, 0.7604751889445029], [0.08821803958702645, -0.8752224403538753, 0.7472407461903412]], [[0.1374126744920845, -0.9729279297423103, 0.8027813132990835]], [[-0.07809971486164469, -0.8529982989477578, 0.5306843928867999], [-0.006453772847160311, -0.9309213437131294, 0.5227708047380729]], [[0.2315588780288742, -1.0481211546018867, 0.6407260428072454], [0.2447915009330286, -0.9004200962149477, 0.5949843586768793]], [[-0.05359553689923202, -0.9544258544973179, 0.29402645283195783], [-0.01873898212093872, -0.8353200918041255, 0.28514940415370305]], [[0.4707853549608556, -1.1539587400081783, 0.4404924893453326], [0.2612626366266577, -0.8584474622391951, 0.35768194819197985]], [[0.14445473354574, -0.8022219669643953, 0.018923110345909322]], [[0.3890340440629476, -1.116949363190112, 0.2605699955474312], [0.4234590334929862, -0.9929903039095866, 0.03534312723986388]], [[0.04161836277874176, -1.0212118768383842, 0.07061428712888529], [0.055294004122717455, -0.8883885242711209, 0.026207664434479416]], [[0.24916053859774678, -1.090276995145366, 0.09287430751354919], [0.21265516049991073, -0.8418161627369873, 0.06861399959190173]], [[0.1121468838652977, -1.0556130721487569, -0.27956605705090376], [-0.12937370920203306, -0.4936122711435005, 0.01337357695000263]], [[0.22668144262827816, -1.1055049508792687, -0.24220857134453166], [0.031540290211072186, -0.49956631144382846, -0.0019470145420549256]], [[0.13015071932970868, -1.138673529321472, -0.629862808853364]], [[0.22235339700409384, -1.1560868917001652, -0.6442896011695405]], [[0.038541800466592724, -1.0131987317695266, 0.6254306028746222], [0.08117991183785755, -0.8584871764690195, 0.5778350819823767]], [[0.07672958158361476, -0.9505597267748223, 0.5857052178470227], [0.11916886404293414, -0.9156707199640386, 0.558877581707476]], [[0.14538945068824427, -1.055744435991875, 0.08174429732121724], [0.1339745823113141, -0.8651023435040541, 0.047410832013190574]]]}