{"bodyId": "h0", "timestamp": 1642436777995000000, "continuousState": [[[0.13760489214612576, -1.2386635262367867, 0.7402803891800289], [0.16603965647543406, -1.183069633032951, 0.7425591635732225]], [[0.1182728767369916, -1.0879899954603613, 0.7369544129637952]], [[0.00686742616599878, -1.238420724062606, 0.7717620298506673], [-0.00703172857092893, -1.1186835382226472, 0.7478277922875063]], [[0.08131116141521832, -1.1592887222103776, 0.5618667707804601], [-0.06832391976772922, -1.1033844965438349, 0.6007774280787124], [0.12247239399844667, -1.0569523436128128, 0.5015242519029582]], [[-0.09333558262451258, -1.3863929667033077, 0.5546699356111573], [-0.04233785155190617, -1.3506865225355345, 0.625222875628581], [0.03275218347906117, -1.4119810118679923, 0.5529502696523898]], [[0.15477672234086282, -1.2508768912613306, 0.46237785260566444], [-0.10259323808317278, -1.1617413538469066, 0.4412778080751403], [0.14002161441224303, -0.961318219375003, 0.2351241937179478]], [[-0.25039385609201525, -1.4935666737477433, 0.27971384649197395], [-0.13641941420405979, -1.5238438249787514, 0.4889779088044902], [-0.04903087041021026, -1.5837263651838205, 0.3721457674827795]], [[0.1783191777761849, -1.105165688332495, 0.3199716333133926], [0.11914898418949993, -0.7588336304791261, 0.057542752871809766]], [[-0.09680637723116325, -1.5645139821152982, 0.13589235402402244], [-0.11038811295779605, -1.5895010203489017, 0.33407204444132976], [-0.02102371391994229, -1.472060008876484, 0.20765066785236785]], [[0.16573183160144578, -1.3659206038645249, 0.08531161126114895], [-0.2098052739294215, -1.4906267898055696, 0.4038661333559884], [0.0649510669247475, -1.0989869062069233, 0.0890527041481538]], [[0.034198905651124045, -1.4433393335597855, 0.05710708212144855], [-0.16241795823829652, -1.5944155742682555, 0.428313568453903], [-0.0031963845603171226, -1.3241821104993723, 0.041021091138339405]], [[0.14630993345186682, -1.4808011465368764, -0.20474412355248872], [0.0038330821364525036, -1.3331234530875875, -0.2107292832495975], [-0.11168413846517855, -0.8365830788420823, -0.032591789421225426]], [[0.10230624032634861, -1.5518517063987862, -0.30414221097415217], [0.09495158696571626, -1.5230064393070704, -0.233446934546109], [-0.17676098497653392, -0.8790326532341664, 0.022249371032707188]], [[0.14694515328624408, -1.5437246504854145, -0.3952070430775876], [0.042292608591669945, -1.3924533588550383, -0.648811828014836], [-0.3031899272814259, -0.5452951302322426, 0.0024461279819587567]], [[0.042044995675374564, -1.5851988120531375, -0.7601918607211959], [0.03661420729682607, -1.6067206372291554, -0.6132599458477235], [-0.31697011318504864, -0.714420687832739, -0.019392202100151135]], [[0.0025501889950034218, -1.316403195687962, 0.5834986695415371], [-0.05425042043714157, -1.240228674445548, 0.6196064122253568], [0.05072650558446723, -1.1904703189830221, 0.5396655475530167]], [[-0.006012210604647128, -1.2728408444568426, 0.5582683531958087], [-0.0553308856598177, -1.2270355095396845, 0.6130001518536468], [0.07761228873875392, -1.2344666777404025, 0.5272372607776741]], [[0.09996536862628491, -1.4046299687121553, 0.07120934669129875], [-0.186111616083859, -1.5425211820369125, 0.4160898509049457], [0.03087734118221519, -1.2115845083531478, 0.0650368976432466]]]}