{"bodyId": "h0", "timestamp": 1642436802852000000, "continuousState": [[[-0.2173762451162734, -1.1186725354371343, 0.7491527040334671], [-0.1942622023699268, -1.084882723030942, 0.7600560878036399]], [], [[-0.3230233653828951, -1.022480440630701, 0.7533602754461077], [-0.2404617014048932, -1.0247885543048114, 0.7468510513708115]], [[-0.11751455798150084, -0.916643516833958, 0.5003714589703026], [-0.10549388306092011, -0.9828081091982179, 0.5554966475316894], [-0.041059608990750895, -0.9264515715287247, 0.5219580994869254]], [[-0.4829660120904264, -1.001606552888583, 0.5616179029709263], [-0.43879098842046155, -0.9943005991418121, 0.5929032196170347], [-0.3562240558497851, -1.0137010446946777, 0.5784435594564584]], [[-0.029293879625612418, -0.8971324302314052, 0.3013911766350166], [0.09723202962428057, -0.7663509009595404, 0.06725116460150393], [0.025629499386522703, -0.8537153929948998, 0.2752104273570244]], [[-0.7077531095954452, -1.0127117003738206, 0.33425185380456934], [-0.6240077598450233, -1.097166872806467, 0.4416521780134893], [-0.5407931587988999, -1.1166167293869607, 0.40158988404984]], [[0.1024245264983672, -0.7714715189444303, 0.06594504051971062], [0.12993692683349778, -0.748309694054482, 0.07301500244692471], [0.10097257027386797, -0.7326974726804685, 0.05434725561317344]], [[-0.8164326556744883, -1.2790827776533702, 0.2563582315907349], [-0.7625451385388633, -1.3216280470943007, 0.37092454721681023], [-0.7862186966901483, -1.0003846260918574, 0.49002569883703667]], [[-0.1790817607243475, -1.1368882359442918, 0.07053768050856535], [-0.23239178646181535, -1.1827235668021743, 0.17441373786972525], [-0.20211002305299752, -0.9375357963059212, 0.049656145935616514]], [[-0.42717273255401406, -1.1342635457443508, 0.028389190040861934], [-0.4212118900362992, -1.1387042570682495, 0.15296170164123102], [-0.34571552731472743, -1.0811974012786179, 0.023100628398302736]], [[-0.18468336686557452, -1.1176974730455425, -0.3766429724496827], [-0.16653302229894562, -1.1402868397045185, -0.367656550764194], [-0.278647386602338, -0.7827057917136755, -0.19068476546905833]], [[-0.42676496691740995, -1.0969866969921123, -0.4455244015333568], [-0.4085265354798667, -1.1721009225624166, -0.2671318598566479], [-0.34259136151889114, -1.1414720611685456, -0.4177669436268149]], [[-0.14895773375260735, -1.1007131627385724, -0.7958213041799012], [-0.1347419070479572, -1.1611847001973827, -0.6898829911414311], [-0.3201372190701609, -0.7585970952136807, -0.42105727289236916]], [[-0.3887178174323682, -1.0658332171944878, -0.8100304958523855], [-0.3743076105259908, -1.1664850546097547, -0.707527412385662]], [[-0.2541812854704203, -1.0567720046774187, 0.5850445877073576], [-0.28677869937115535, -0.9966245108506344, 0.5890661536461935], [-0.20587716459939298, -0.9635639875578639, 0.5608683387143643]], [[-0.3002402850359636, -0.9591250348612704, 0.5309946809706144], [-0.27214243574069086, -0.988554354170015, 0.574199933574362], [-0.198641832420268, -0.9700763081117012, 0.5502008294716919]], [[-0.3031272466391808, -1.1355758908443212, 0.04946343527471364], [-0.3268018382490573, -1.160713911935212, 0.16368771975547813], [-0.2739127751838625, -1.0093665987922695, 0.036378387166959625]]]}