{"bodyId": "h0", "timestamp": 1642436951927000000, "continuousState": [[[-0.26345162095688757, -0.6446616108764451, 0.6336521449407009]], [[-0.2449184639367198, -0.9106499423631025, 0.7559264579681712]], [[-0.20233596697421646, -1.0325528598972673, 0.7426370678950371]], [[-0.4469806904959085, -0.9830841595975621, 0.5404258501227406], [-0.429167050261576, -0.9264997186680128, 0.5354216411457678], [-0.3353967121263465, -0.9450464136511056, 0.5437378422328265]], [[-0.10701128588881725, -1.0481075679032252, 0.5530111467150374], [-0.064376390936011, -1.0418072407973775, 0.5727630729767608], [-0.0345620143629235, -0.9696309443993886, 0.5791086957929774]], [[-0.3457324627711057, -1.0472200160141363, 0.3746833466999038], [-0.3694119805699819, -1.003541280642772, 0.39032407444356654], [-0.3018114684258416, -0.8528327002383008, 0.30033813842779433]], [[0.01121114493142733, -1.1184161248421614, 0.3216272340061037], [0.05038382745518377, -1.1086334113703633, 0.30703648789355853], [0.05798920384186057, -1.0049628254287153, 0.31912335472988906]], [[-0.25220555235319464, -0.7230115041001013, 0.07670834264296145]], [[0.0810238306126071, -1.0986383332131628, 0.08476467285246114], [0.06446191672464774, -1.0849378459961678, 0.09486423594743365], [0.12170359742098458, -1.0398059605370338, 0.046235791460809694]], [[-0.2925416540646351, -1.1452135253150049, 0.051120734332798845], [-0.29591148355664054, -1.1011903377387087, 0.10081399874048302], [-0.2965703375714487, -0.8567258425318507, 0.16982179586206936]], [[-0.08717307048010536, -1.1692858252026161, 0.11625401230913313], [-0.12477552091938027, -1.1771971000104926, 0.1718224159966184], [-0.08805265088030678, -0.8919931392827307, 0.12275921914928567]], [[-0.2091898098041034, -1.135287012942379, -0.34491441249192345], [-0.24006716222812918, -1.1387372334429158, -0.27702763777329786], [-0.3305526184360359, -0.7856911366912274, -0.06976489499416572]], [[-0.09018512808627077, -1.088903557464141, -0.3597612957243035], [-0.06989449520867763, -1.1210845558739486, -0.3062810692572331], [-0.2380507273324911, -0.6394642149793248, 0.005280899648044124]], [[-0.1709778975979307, -1.172992028817242, -0.7369342564468315], [-0.18385057164666407, -1.1606361729896821, -0.6964489967804808], [-0.3149114904648045, -0.7843500603877558, -0.44489099590864967]], [[-0.07132524797045159, -1.1146716440827609, -0.7959954718746456], [-0.07148316517502562, -1.2001390549365762, -0.6977387921957277], [-0.08024958102973856, -1.011169695237256, -0.7356712840866209]], [[-0.27443428669117, -1.0028675927287565, 0.5495780843657478], [-0.26731934360932136, -1.0237741839896413, 0.58591030214006], [-0.21174748994278314, -0.9371626171043412, 0.5769460679831558]], [[-0.2769959881923629, -1.0155958637503937, 0.546718498418889], [-0.2467717205987935, -0.9841534797326952, 0.5540923570612644], [-0.184979363244635, -0.9573386790252472, 0.561423269012902]], [[-0.18985736227237024, -1.1572496752588104, 0.08368737332096599], [-0.2103435022380104, -1.1391937188746006, 0.13631820736855071], [-0.19231149422587773, -0.8743594909072907, 0.14629050750567751]]]}