{"bodyId": "h0", "timestamp": 1642437009614000000, "continuousState": [[[-0.21888830243284885, -1.2068290974378306, 0.7061570055587358], [-0.09800886123234909, -1.192378398035847, 0.7156885937232008]], [[-0.21999025677873496, -1.100082553370054, 0.7197024170617844]], [[-0.3697557489055695, -1.2511603746566549, 0.6962808422088946]], [[-0.2945062225413067, -1.077770054880855, 0.5014129782610004], [-0.22038455548693037, -1.0711609384910536, 0.4910249764654726]], [[-0.4174145739088649, -1.3964943275461033, 0.5425236599398193], [-0.32747886029969664, -1.4067506753146928, 0.5520299988797587]], [[-0.22305892907201474, -1.0326962149974497, 0.32031010688994876], [-0.19467356907188516, -0.9827902454732692, 0.2539937326828189]], [[-0.5755668278747039, -1.4878990079074692, 0.20913350014276788], [-0.36103714633192774, -1.5028799128085273, 0.3034495973500332]], [[-0.2261000262416047, -0.7613668454572613, 0.036396169509344434], [-0.2427912208988139, -0.7416931339255013, 0.0695732075588737]], [[-0.38333405245660856, -1.5930813577074703, 0.07200882618575033], [-0.3189166058149049, -1.2756348319679656, 0.2842646337632383]], [[-0.19780487358010523, -1.2874323743356926, 0.026887564313005763], [-0.2610246258970068, -1.1013384042350294, 0.09509489074010846]], [[-0.3220792184053318, -1.420255681251618, 0.029941454217901953], [-0.32697369101760576, -1.2738529460367694, 0.07383373513464664]], [[-0.2056834626046442, -1.3716508369885925, -0.284105868591479], [-0.24434914894391624, -1.204879412320771, -0.2617885281972613]], [[-0.2550306022088853, -1.532301101951266, -0.3484920189228974], [-0.27470118780197383, -1.3649568182430458, -0.2690930244059795]], [[-0.27556334502365487, -1.3197476886255635, -0.8150499098076553], [-0.255885482739699, -1.250621338463422, -0.6494109736287441]], [[-0.33669791094250756, -1.5776730392206926, -0.8126733802321877], [-0.2792662438596494, -1.5509918867246253, -0.7437487068031127]], [[-0.33061581042853355, -1.2904075262010952, 0.552477472018456], [-0.28849100642839154, -1.197988148986307, 0.52521938107688]], [[-0.3559603982250858, -1.2371321912134792, 0.5219683191004099], [-0.2739317078933135, -1.2389558069028732, 0.5215274876726157]], [[-0.25994204599271853, -1.3538440277936554, 0.028414509265453858], [-0.2939991584573063, -1.1875956751358994, 0.08446431293737755]]]}