{"bodyId": "h0", "timestamp": 1643051960172000000, "continuousState": [[[-0.34074873710793574, -1.1717100800242728, 0.6661878638170042]], [[-0.2862865044689946, -1.084389387978519, 0.6912303743498339]], [[-0.39885543844087035, -1.168501011832394, 0.7136148641005149]], [[-0.5590400252022605, -1.052529259561945, 0.6106853193254673], [-0.34190774969783577, -1.0553869836497398, 0.5058977609309854]], [[-0.4873317521146978, -1.2807459683358622, 0.5121345069370169], [-0.4342021223832204, -1.2612847090587187, 0.5613382846418754]], [[-0.492872221186054, -1.2573190933119962, 0.5609019205187622], [-0.334087663387992, -0.9346498692290194, 0.3042294413729669]], [[-0.514667501447977, -1.4108291032128093, 0.2533510262335803], [-0.4000563448636385, -1.1567136829438882, 0.3612160850616989]], [[-0.4184092255946008, -1.3155013770097415, 0.4493744276040026], [-0.20361774909785113, -0.838801025418842, 0.1276645789630355]], [[-0.2662270664630525, -1.353757303739038, 0.20701828237151232], [-0.27692764405345505, -1.0176047453510577, 0.3644295096928042]], [[-0.5755910796649208, -1.323511706342491, 0.1912919932923023], [-0.3826245548577776, -1.030872182950358, 0.10042183648339353]], [[-0.497978133083539, -1.3789324692248277, 0.13882440797690232], [-0.4552949308554757, -1.0730020849087356, 0.14986339762457712]], [[-0.4947238454314613, -1.3510181431120851, -0.06351210438655941], [-0.36293495200237325, -1.1044461629085212, -0.3027507645745777]], [[-0.3871297879040454, -1.351386604390147, -0.2906160257961752], [-0.4197329646025538, -1.0613443237109497, -0.20018230675682758]], [[-0.4408022219571862, -1.303919590830282, -0.547117997687774], [-0.37209389032342544, -1.082019626792376, -0.6865274233088432]], [[-0.4018991293991758, -1.3709413432143132, -0.7175285617716879], [-0.43289078325040664, -1.1732292380883176, -0.6528540789999516]], [[-0.5374315920271018, -1.195633942276904, 0.5720271563984538], [-0.40151716432301776, -1.1520098273641215, 0.5391327557587964]], [[-0.5231858886584791, -1.1666376139489036, 0.5614099131312421], [-0.3880549360405281, -1.1583358463542293, 0.5336180227864304]], [[-0.5367846063742299, -1.3512220877836594, 0.1650582006346023], [-0.4189597428566266, -1.0519371339295467, 0.12514261705398533]]]}