{"bodyId": "h0", "timestamp": 1643051966939000000, "continuousState": [[[-0.1332667536313627, -1.0319057718060713, 0.5835562240156948]], [[-0.27442215039564466, -1.1034900809667616, 0.7269146126244854]], [[-0.2094768023204211, -1.1997089165826003, 0.7018499426534062], [-0.1986795801127187, -1.17914821664807, 0.7331982286363845]], [[-0.21609877317394832, -1.1977936060556633, 0.6330796494471269], [-0.3931121344549746, -1.0681466910109576, 0.5743971458281156]], [[-0.2575266553334764, -1.3708243754696854, 0.5344280363255658], [-0.24692584501293235, -1.3280150410011864, 0.5857018988143188]], [[-0.1544336146358789, -1.3320994965004622, 0.48754972190049295]], [[-0.20637025345347543, -1.508116740592947, 0.27247242943593064], [-0.23078373500805527, -1.4634909383493022, 0.3442347778115611]], [[-0.10771159431287525, -1.1802619326521533, 0.3505543988292077]], [[-0.005843440244615694, -1.4046219173131238, 0.1169166909344852], [-0.0969648533940668, -1.446321213295169, 0.2547492702482157]], [[-0.07900995540269373, -1.3332434443034524, 0.21222879245121895], [-0.33094399331806335, -1.1926050471562857, 0.08402987812760299]], [[-0.12994235930185305, -1.4698127850761311, 0.2121256107852605], [-0.26355901914361546, -1.3611879585302529, 0.16332465448872568]], [[-0.03867664140517024, -1.2405558972889374, -0.14370738142678396], [-0.2642926239244212, -1.376264512280168, 0.04190075818233119]], [[-0.1520143258496881, -1.3361633729201028, -0.2863943313859174], [-0.1996337107229862, -1.3240076959380767, -0.2169522799919621]], [[-0.08837939931644678, -1.1862940067029637, -0.6879085093946904], [-0.11280000888121267, -1.2231782510843774, -0.5228006784339914]], [[-0.15385269060747975, -1.3116287493031058, -0.7048361814046906], [-0.16399045449008165, -1.3030385581610617, -0.6886549720653506]], [[-0.24698854087358507, -1.2651970201730234, 0.572852166857071], [-0.31510856795515263, -1.2020156272654394, 0.5853750392344996]], [[-0.23681271425371236, -1.2843089907626744, 0.5837538428863464], [-0.3200189897339535, -1.198080866006072, 0.5800495223212172]], [[-0.10447615735227339, -1.4015281146897918, 0.21217720161823972], [-0.2972515062308394, -1.2768965028432693, 0.12367726630816434]]]}