{"bodyId": "h0", "timestamp": 1643051998228000000, "continuousState": [[[-0.1336528969353551, -1.1385056798499464, 0.572923104702894]], [[-0.4496740019802904, -1.0581957505676765, 0.7020063790234887], [-0.26945515162852485, -1.034002678871384, 0.6814677177207126]], [[-0.364803562636273, -1.14722809052706, 0.7117590156271125]], [[-0.5908914553014757, -1.0592936330448317, 0.5347559897742578], [-0.45238693410764186, -1.0255156612801917, 0.5056973443444458]], [[-0.3686255468322842, -1.279566696038368, 0.5469508536228744], [-0.2963113205844756, -1.114595104274438, 0.5781177373091781]], [[-0.5609814878381321, -0.8205688391368879, 0.06049753507772082], [-0.48928314087375346, -0.9429587058034453, 0.241034321116681]], [[-0.34704262471072966, -1.414653534073004, 0.350063779469282], [-0.3396513207541024, -0.9845006891232314, 0.4026416212722841]], [[-0.6018100545052556, -0.7873340695979776, 0.02924511162424137], [-0.532230307619767, -0.8070321501839368, 0.0418204596515358]], [[-0.20783128363035674, -1.4399736270315437, 0.11497004999698368], [-0.22235815504806355, -1.050094947358403, 0.231590564232258]], [[-0.4841311538378916, -1.128251987934089, -0.03558524163347143], [-0.38361262922844463, -0.9684529200759686, 0.08862144347653778]], [[-0.3925757449331101, -1.3337337174941977, 0.12910735391323724], [-0.2269552229316122, -1.0513893389187559, 0.05321684247628555]], [[-0.3993496216759298, -1.154345838440749, -0.32493588385657035], [-0.42849688583515877, -0.8406915313320926, -0.108957896185636]], [[-0.21994985336636264, -1.2937621575782468, -0.296455089590959], [-0.3134025725928684, -0.9706365523723837, -0.17040031804333255]], [[-0.3345545169684988, -1.2316077041140523, -0.7415412275327123], [-0.35992368102343775, -1.0882525464075914, -0.6888829785148688]], [[-0.27133155463478253, -1.3777878211155232, -0.692400153686697], [-0.3152728899697391, -1.1091833497869568, -0.5667438496045946]], [[-0.49142924891370565, -1.1858524590052526, 0.5449313565026837], [-0.3704789924815409, -1.0913517645893571, 0.5375642124105877]], [[-0.47975850106687995, -1.1694301645415999, 0.5408534216985661], [-0.37434912734605874, -1.0700553827773147, 0.5419075408268119]], [[-0.43835344938550086, -1.2309928527141434, 0.046761056139882906], [-0.3052839260800284, -1.0099211294973622, 0.07091914297641166]]]}