{"bodyId": "h0", "timestamp": 1643052038026000000, "continuousState": [[[-0.13094908118769955, -1.3143373890170071, 0.6394862757856481]], [[-0.24064197944171495, -1.3455216753584076, 0.7049923202430919]], [[-0.31448242732857823, -1.454926761053188, 0.6712477096335643], [-0.32047706355353567, -1.4579529904022144, 0.7192471381738013]], [[-0.468209315137541, -1.4331729866898573, 0.6428593524453499], [-0.5383039650988408, -1.3053735711443264, 0.5697816885990734], [-0.3555058243907454, -1.3325078265475818, 0.511728882345479]], [[-0.3633956930644978, -1.615396158486973, 0.49570848476719265], [-0.3618436915200286, -1.6098012109746627, 0.5677841913088407], [-0.24036516738884095, -1.3715690610006481, 0.5351008955653063]], [[-0.33484878555360026, -1.2559689992943817, 0.44082750762117917], [-0.2854937498569715, -1.0986514036885602, 0.33766342614444755]], [[-0.27873634893925914, -1.7050765185616412, 0.22681547888398668], [-0.30021752949162395, -1.6768539443906985, 0.32097121286518004], [-0.24329322295734168, -1.1824226828494997, 0.34928133931461947]], [[-0.2604593660333159, -0.9762294753781038, 0.11660383821693143], [-0.22323404683217396, -0.9522128244476931, 0.13551440959190575]], [[-0.18171065146879395, -1.7149702412787164, -0.021886401334973993], [-0.19632807992096124, -1.6968664695951612, 0.0976419535154518], [-0.19356668813466227, -1.1336944138627865, 0.237260548267906]], [[-0.2412810486512379, -1.5214658429030332, 0.12650257449766023], [-0.5175684054500228, -1.489071137636478, 0.1396217014085097], [-0.29415886052988804, -1.3424970598955963, -0.001565963687547356]], [[-0.23213483762386883, -1.6766629566337912, 0.16802691237511724], [-0.408493455220457, -1.6218861402709925, 0.16489691390953554], [-0.24360833398586612, -1.2901717548150629, 0.034512163823093855]], [[-0.2282911585121093, -1.4166144619943455, -0.11172931112006612], [-0.4491688608013302, -1.5276350746644891, -0.023070189423179732], [-0.28695998015486046, -1.192009968619773, -0.25525436869397466]], [[-0.18144078156557808, -1.7049276814461458, -0.03529672079904267], [-0.3567693163775244, -1.5796855616667103, -0.12047955568723401], [-0.3207403187924477, -1.2644506265107103, -0.23721806142677615]], [[-0.1292083439068552, -1.6534409297509596, -0.08268783126673585], [-0.3644158636167393, -1.4755900343989459, -0.5694443524759102], [-0.27729696782809654, -1.2778388259603644, -0.7247706130501856]], [[-0.33992161446380864, -1.5041950990308934, -0.803113673359605], [-0.3035343845156442, -1.5280744227345702, -0.6607687139078687], [-0.30692157597296377, -1.3361774469813115, -0.6491650019268749]], [[-0.4044303293090059, -1.4971481953187795, 0.5566651149136816], [-0.45616713712163137, -1.482587282902751, 0.5820874812983737], [-0.3008178359318533, -1.3447556392850089, 0.53021872306467]], [[-0.4158025041010194, -1.524284572588415, 0.5692839186062713], [-0.4500738283094347, -1.4575873910594945, 0.568782939953957], [-0.2979354958897932, -1.352038443774115, 0.5234148889553927]], [[-0.23670794313755336, -1.5990643997684122, 0.14726474343638873], [-0.4630309303352399, -1.5554786389537352, 0.15225930765902262], [-0.2688835972578771, -1.3163344073553296, 0.01647310006777325]]]}