{"bodyId": "h0", "timestamp": 1643052050153000000, "continuousState": [[[-0.5023747385400531, -1.1072283204503137, 0.6435731706465413], [-0.474662171099706, -1.0843580962801744, 0.6470601710702979]], [], [[-0.6323905318368119, -1.0968975273862294, 0.7057871242893903], [-0.6012990431009896, -1.0877213885328068, 0.7004412110506701]], [[-0.4749297763121476, -0.9773323468214186, 0.5242217878978181], [-0.5086094978415582, -1.0372835934434441, 0.5268689960604018]], [[-0.781609079999914, -1.1657345458044162, 0.5145927190062174], [-0.7776185169393455, -1.1287021337746246, 0.5153929493837317]], [[-0.3941894981542995, -0.8601394393355348, 0.26703599377169485], [-0.4403121945621622, -1.098846188731661, 0.32099395461962255]], [[-0.8380679160100729, -1.2875190907780132, 0.29720416261579974], [-0.8175820967881233, -1.336220537139892, 0.33320527536186795]], [[-0.26163726137332516, -0.772987815462091, 0.052207683179126496], [-0.2542501707169057, -0.7958337249420788, 0.05276496869126679]], [[-0.7353080470371732, -1.497553423339119, 0.29752018312912454], [-0.7312655849170413, -1.5327316631762837, 0.3553449153653916]], [[-0.4601423660407559, -1.1963653210746434, 0.044250098050258924], [-0.6460152470925284, -1.6039802771055773, 0.4454307970310366]], [[-0.6700223550040314, -1.2809447831297942, 0.015099879651575776], [-0.7544926209421131, -1.4972040097963188, 0.31580855633027716]], [[-0.4852043462110299, -1.2144039984494335, -0.39344636625987817], [-0.5065135724446301, -1.266101714345572, -0.2949052341529037]], [[-0.6420227253023507, -1.3559406103114313, -0.3921251682334954], [-0.6439770928417325, -1.3906856395175828, -0.27564599221874997]], [[-0.503648412229141, -1.224747156945413, -0.8348202943128027], [-0.48586774303992675, -1.2643407452002284, -0.7009639249767196]], [[-0.593515065721467, -1.3110207333771418, -0.7752909130576049], [-0.5980657087578407, -1.3478505862894994, -0.6947280757089448]], [[-0.5959910866311101, -1.1001108201243848, 0.5403028456961749], [-0.6430138147143357, -1.093486401400455, 0.5346520859150801]], [[-0.6282694281560308, -1.0715334463129174, 0.5194072534520178], [-0.6431140073904518, -1.0829928636090345, 0.5211309727220668]], [[-0.5650823605223937, -1.2386550521022188, 0.02967498885091735], [-0.7002539340173208, -1.550592143450948, 0.3806196766806569]]]}