{"bodyId": "h0", "timestamp": 1643052056116000000, "continuousState": [[[-0.7294331677948007, -1.2816519932876285, 0.6708962252058948], [-0.7055663338690641, -1.2465254320245798, 0.6887384978449542]], [[-0.6294538945219955, -1.1701348670612843, 0.7349066600355871], [-0.6096995338383382, -1.1607103240060646, 0.7408998770031454]], [], [[-0.4262058218057688, -1.1378717059986914, 0.5245286884148801], [-0.4365736647368338, -1.1473828061494247, 0.554105975032793]], [[-0.787752752438229, -1.190597070353877, 0.475891029284937], [-0.7838632769004759, -1.1396179889356786, 0.48209679692850727]], [[-0.3316841480832386, -1.0621869583825312, 0.18960098811843906], [-0.30001539952968637, -1.14408503364451, 0.2849087550792746]], [[-0.8802799433369238, -1.3009487084615357, 0.252685704033375], [-0.8483256740795946, -1.32084742977699, 0.3236146465151917]], [[-0.2185085915783902, -1.1912909332850943, 0.017125625485838736], [-0.20864290251754747, -1.2012735778730583, 0.07202611916158097]], [[-0.9312763450697832, -1.5104392938658453, 0.29600401915501706], [-0.8879003552024918, -1.5842415289615857, 0.44268454001223156]], [[-0.3864770126839038, -1.3117749735947568, 0.08281042645836689], [-0.4760265439056859, -1.350023981721904, 0.11669899294021979]], [[-0.6219014801118485, -1.3236864495780738, 0.03951019240157727], [-0.6831708158519603, -1.3648605655141872, 0.151914304882103]], [[-0.4129059351446853, -1.233366599764487, -0.4254057414454864], [-0.43419575814489064, -1.236582265557839, -0.3928528189967708]], [[-0.7159197562934012, -1.319571251268804, -0.41740518919825575], [-0.6829168701884802, -1.3862479732629152, -0.2797117008075616]], [[-0.43729485125822043, -1.2135883561370393, -0.8271752140563924], [-0.42144167528527654, -1.2259365419484014, -0.728243282580103]], [[-0.641593438675885, -1.2666547677481672, -0.7838397955608782], [-0.6316512389474084, -1.3602883555520475, -0.7245591779872269]], [[-0.5987236583859188, -1.1745248627149913, 0.5073685997747921], [-0.6333172970810304, -1.1895003433321627, 0.5497890784498369]], [[-0.6069792871219989, -1.1642343881762842, 0.5002098588499085], [-0.6102184708186549, -1.1435003975425517, 0.5181013859806501]], [[-0.5041892463978761, -1.3177307115864152, 0.06116030942997208], [-0.5795986798788231, -1.3574422736180456, 0.1343066489111614]]]}