{"bodyId": "h0", "timestamp": 1643052120436000000, "continuousState": [[[-0.3040967875239304, -1.1848014590959397, 0.617860946541871]], [], [[-0.41147618677442804, -1.2391742243916062, 0.6800007555485232], [-0.3841020390193254, -1.2120414517106668, 0.7070027907611818]], [[-0.5252740789288426, -1.2081796202452528, 0.6399710174658646], [-0.6032778560707028, -1.1205548113474597, 0.5538228887136118]], [[-0.4454897529705655, -1.354289796939207, 0.4692932963148009], [-0.3923064082447131, -1.3381378329712308, 0.5401776539008767]], [[-0.6425750960748229, -0.8378887153258594, 0.3999736902755642]], [[-0.3342481376509261, -1.495223211972646, 0.25040807061351344], [-0.3795857242942705, -1.4829977965767385, 0.340123449266849]], [[-0.6973211582029899, -0.6088898271762986, 0.29326601429226384]], [[-0.2266301471926268, -1.5221951331775063, 0.022993505258236846], [-0.251891729463691, -1.5199035062014703, 0.10908093515419126]], [[-0.2811911545305715, -1.308222127538533, 0.11176604497356268], [-0.530659495725257, -1.2219964044264013, 0.05379562661052484]], [[-0.2835178229468786, -1.4742958600842102, 0.1772034739157482], [-0.4350179965049923, -1.4151527078499206, 0.1415890649366629]], [[-0.21612189297871326, -1.421345369031604, -0.05916053553386358]], [[-0.22148654784538496, -1.5382717628888551, -0.03582335709025819], [-0.38257858685237656, -1.3602897519950274, -0.19030804956693936]], [[-0.3539002682445832, -1.1525622523530525, -0.7494762585855073], [-0.42193026317962556, -1.272504317131102, -0.5397279864766446]], [[-0.3895678593885933, -1.3022740782968, -0.8035994661524799], [-0.3756217875401303, -1.330562430958034, -0.6871076817750676]], [[-0.4843913469899225, -1.2709700474728858, 0.5590721967822436], [-0.516601000696217, -1.2541889115618554, 0.5790719372095263]], [[-0.48538191594970403, -1.2812347085922298, 0.5546321568903327], [-0.49779213215770796, -1.2293463221593453, 0.5470002713072443]], [[-0.28235448873872504, -1.3912589938113715, 0.14448475944465544], [-0.4828387461151246, -1.318574556138161, 0.09769234577359387]]]}