{"bodyId": "h0", "timestamp": 1643052141608000000, "continuousState": [[[-0.2845325189092146, -1.0330429107617616, 0.6140041326802419], [-0.16327568056388708, -1.0157133397968972, 0.6291985261158828]], [[-0.24048684313792934, -0.9572174450491855, 0.7167332037046438]], [[-0.4087098426993073, -1.0874053863111215, 0.6923861321189584], [-0.3898813187769752, -1.0606697302426562, 0.687459504782487]], [[-0.3721832635300977, -1.0852568573032975, 0.6437059632104751], [-0.533705557482816, -0.8533026533847003, 0.5329486545298374], [-0.37716211738116046, -0.9651177111676937, 0.4980340472828104]], [[-0.430530104084639, -1.1740266780747957, 0.4872434658575051], [-0.3860410166634469, -1.1354058806558327, 0.5060286996265488], [-0.361718840855338, -0.9812652135080914, 0.5980485876626319]], [[-0.3431239425656937, -0.8679487730799631, 0.3509889739786274], [-0.32513173572209975, -0.7969535067152946, 0.3218386731334958]], [[-0.33664855079450495, -1.2978944318686847, 0.2710442868949263], [-0.3616144604816869, -1.2701424885115726, 0.28366517622930965], [-0.32083259629145433, -0.8289566272317715, 0.39038289195867804]], [[-0.2633463188842373, -0.7712262506022742, 0.07887386783781403], [-0.2436501756877204, -0.7577564977012823, 0.05963668998113225]], [[-0.23476575548135925, -1.3334354350350597, 0.013201757723022123], [-0.2372517317449495, -1.3140453997620054, 0.062259944937394174]], [[-0.2948760102925433, -1.2597528477278408, 0.1989959554874261], [-0.5184973422243722, -1.0521029150231083, 0.010369706862689121], [-0.4153718606002408, -0.8853466633771909, 0.09918955087064141]], [[-0.272483280254948, -1.20351529737551, 0.13709479062653607], [-0.3943197745582947, -1.1913392453364777, 0.09019879891259541], [-0.3383416596061337, -0.9004699459124473, 0.11868773905457852]], [[-0.28576756286740845, -1.3239649789135108, -0.007595432586686046], [-0.4408330774102678, -1.0614103284108392, -0.3676162606972948], [-0.42396957095078214, -1.0346267812396588, -0.43557767153569915]], [[-0.08865526277300334, -1.3125897792668306, -0.02083802481250885], [-0.2441069220957256, -1.1523726786862023, -0.1729891517803408], [-0.3246462802716026, -0.7866562797610247, -0.15100136499576944]], [[-0.3803557009224352, -1.141354472097739, -0.7633568899481205], [-0.3930091108828728, -1.149509173840019, -0.6982772186402021], [-0.37933662611001706, -1.0214364458430514, -0.7143816845913198]], [[-0.22258755720713586, -1.1373829964996225, -0.7705784604012775], [-0.21851084420985467, -1.1686074065170473, -0.7083471842286269], [-0.2975370998598382, -0.7701269778537359, -0.42718586635301325]], [[-0.415863931837615, -1.1023718110975536, 0.5503700534357225], [-0.48129041466521383, -1.0635027319903405, 0.5625721730583242], [-0.3625512464487437, -0.9831943299236791, 0.541942893172576]], [[-0.40135668380736833, -1.1296417676890464, 0.5654747145339901], [-0.45987328707313146, -0.9943542670202665, 0.5194886770781931], [-0.36944047911824923, -0.9731914623378926, 0.5480413174727212]], [[-0.2836796452737457, -1.2316340725516755, 0.16804537305698108], [-0.45640855839133343, -1.121721080179793, 0.05028425288764227], [-0.37685676010318725, -0.8929083046448192, 0.10893864496260997]]]}