{"bodyId": "h0", "timestamp": 1643052149648000000, "continuousState": [[[-0.2267488712914134, -1.1441154711420454, 0.6053762246206958]], [[-0.3267393024105594, -1.171815000448916, 0.6826300612141613]], [[-0.397652351297062, -1.2654250015592758, 0.6712670262726848], [-0.3939842043442279, -1.2577617870304583, 0.6928233876911909]], [[-0.4311370482279019, -1.2604740373272567, 0.618189776937849], [-0.6014849850378549, -1.1131815018587754, 0.5434168240857296], [-0.4406520318197038, -1.190080932433132, 0.5150456017867803]], [[-0.5312033105610133, -1.3916032509208585, 0.42516093352612594], [-0.44638160790805337, -1.407923132186451, 0.5194226848748222], [-0.3622950258969785, -1.210894412258602, 0.5867649465260661]], [[-0.4063468469375233, -1.0554690389242947, 0.3525215456995747], [-0.3130586831554494, -1.048383913736774, 0.31638853740674655]], [[-0.4192893055824109, -1.530240806068053, 0.22254683993493352], [-0.42159014763113556, -1.509841217464366, 0.29848577231359186], [-0.31411310871980846, -1.0821614917783604, 0.3560294100602671]], [[-0.3010963787849956, -0.9187801475617066, 0.07198662396349764], [-0.2211501603563809, -0.9343010687620765, 0.102847544165238]], [[-0.29342677644353143, -1.5109795840767501, -0.021810232701537036], [-0.32704721922031743, -1.5550168921557406, 0.12078166166220972], [-0.3088323533378291, -0.9958280595668454, 0.26162215002396405]], [[-0.33063575245198373, -1.3104262378814233, 0.13938363404514842], [-0.6097294293612205, -1.3170571496866357, 0.12601660167955875], [-0.41436731401470506, -1.1554856331342793, 0.08332484480489555]], [[-0.3668493344101998, -1.459405750839001, 0.12913265947135377], [-0.5084299365285471, -1.4629282155582402, 0.14121095170209408], [-0.3692352178050574, -1.128632530373837, 0.09702524104669186]], [[-0.31049302430221065, -1.1418055140513454, -0.3026060535898354], [-0.45934295255811686, -1.5175800561717376, 0.16935368758526992], [-0.34976581270192764, -0.9813802219590733, -0.1779113637521904]], [[-0.2871239745233853, -1.5176289611299407, -0.0820635867663222], [-0.4715377762492732, -1.4686052207627933, 0.02959696480555296], [-0.40735175253874645, -1.1300136917620403, -0.21857275370977836]], [[-0.3811336268996749, -1.354120073034845, -0.6385967764627472], [-0.3636707480464978, -1.395630417317802, -0.5996866038061899], [-0.323382532059559, -1.3286041914491993, -0.6690401031266129]], [[-0.4022873359049024, -1.4058647678012246, -0.6688218062453788], [-0.45265500517537327, -1.3562385701274282, -0.6896571586478837], [-0.4168672667540698, -1.2734195435818618, -0.730862126044317]], [[-0.5116280191239431, -1.2811649220479326, 0.510683093259712], [-0.532364687866415, -1.269083891318549, 0.5521751764598477], [-0.40526821117339207, -1.1716024408341514, 0.5551917558754955]], [[-0.4811701793944576, -1.3260386441240577, 0.5216753552319875], [-0.5239332964729542, -1.2605523170226132, 0.5314197544802759], [-0.40147352885834114, -1.200487672345867, 0.5509052741564232]], [[-0.3487425434310918, -1.3849159943602123, 0.1342581467582511], [-0.5590796829448839, -1.389992682622438, 0.1336137766908264], [-0.39180126590988124, -1.1420590817540581, 0.0901750429257937]]]}