{"bodyId": "h0", "timestamp": 1643052156013000000, "continuousState": [[[0.21810460172150686, -0.8770336052260799, 0.693561547003835]], [[0.06286637445943002, -0.9775261849340295, 0.7564789910889087], [0.03313218761097736, -0.8897868289010633, 0.7193460835453334], [0.14952456898768984, -0.8544257782930559, 0.6866772868839841]], [[0.1780949230423935, -0.9585087839432276, 0.7550170046884725], [0.2664124284755701, -0.8269669652704525, 0.707598924928174]], [[-0.029062887771053314, -1.0295025054781712, 0.5545185844800935], [-0.02181158493737112, -0.9174641380812376, 0.49254526125285314], [0.026567113167707213, -0.931118819951557, 0.4849817964715355]], [[0.3017627175616416, -1.1045157745684204, 0.6111951664083286], [0.30380921598064703, -1.044071364688762, 0.6083756046234967], [0.25896288194979933, -0.860951396762481, 0.5917375954760653]], [[-0.19047178056217418, -0.8067807589232037, 0.07809681200850416], [-0.1292494596988536, -0.8525806646121625, 0.23638212042452156], [-0.04527253673238252, -0.8747124124752982, 0.2261014646018058]], [[0.42586157436021227, -1.1510878465297538, 0.38042721530129353], [0.4708354687127392, -1.0834403671702193, 0.32313550044136674], [0.4352124929694483, -0.9421861384591779, 0.34067083937368614]], [[-0.2705696973664141, -0.7265566605764311, 0.02830717189436549], [-0.19812644006310665, -0.7307828417551616, -0.0021773607250963334], [-0.16621221798419872, -0.7715575039637237, 0.04545493937065059]], [[0.5623180660308171, -1.0477762876869638, 0.15956240156457469], [0.5213982858205313, -1.0150331258823895, 0.17127248710705456], [0.6119607031834988, -0.99682545627943, 0.07146268587291593]], [[0.1702781721314045, -1.1611407143961283, 0.11861174946056674], [0.09674717709970926, -1.0712089485178482, 0.11811082349592761], [0.1493729968697317, -0.8583900002836506, 0.04444423561762467]], [[0.33659472923995865, -1.1645726164496475, 0.16274019895862102], [0.26578756550751426, -1.1707953076183697, 0.173072543540028], [0.3757045456763315, -0.8596815843930994, 0.055151215582444735]], [[0.2128557851309834, -1.0695207539485996, -0.28357715527120964], [0.2043956053102105, -1.0566251479208195, -0.2947675827786751], [0.011001531932973263, -0.5265200584835101, 0.0025642442502259444]], [[0.45698237587703944, -1.245496931706081, 0.0379859669368241], [0.4443975378963263, -1.024276833551881, -0.204596142592538]], [[0.2722861801707803, -1.0997177892925067, -0.7068268166502987], [0.27236755378254784, -1.0982532401092726, -0.6851476354935919]], [[0.5063563247284075, -1.0809976410114999, -0.6908890404311445], [0.4952204772941031, -1.0547042192652327, -0.6589527640236132]], [[0.1444123098789269, -1.089528106268165, 0.5862670657448765], [0.11900609813169227, -1.0129113239253178, 0.5788319391712617], [0.1548877562955151, -0.9127650976250936, 0.5255017066761088]], [[0.13634991489529413, -1.0670091400232957, 0.582856875444211], [0.14099881552163795, -0.9807677513849998, 0.5504604329381749], [0.14276499755875327, -0.896035108357019, 0.5383596959738004]], [[0.25343645068568155, -1.162856665422888, 0.14067597420959388], [0.18126737130361176, -1.1210021280681088, 0.1455916835179778], [0.2625387712730316, -0.859035792338375, 0.049797725600034703]]]}