{"bodyId": "h0", "timestamp": 1643052177118000000, "continuousState": [[[0.25698453526978315, -0.39436005991439527, 0.4362149175953516]], [[0.07911160092750469, -0.8876311729688227, 0.7284835741102174], [0.2216946540740068, -0.8436577602818837, 0.6843400227802566]], [[0.18735501572345642, -0.9846875921568263, 0.739444205114905], [0.19233164333917252, -0.9515283300958339, 0.7528633618828071]], [[-0.029682493452460212, -0.9852716940638135, 0.538333033808899], [-0.00460050149827218, -0.879229238476162, 0.5066300589950024], [0.11395067166848127, -0.9878220657252086, 0.4737642217967821]], [[0.2884262692921802, -1.1023656716961523, 0.5938294657100258], [0.2808326908469254, -1.053267232827612, 0.5970260437356272], [0.3254097384475936, -0.9214358469484543, 0.5317518672339432]], [[-0.20574741708366917, -0.786773054527754, 0.05990979682178921], [-0.13179532286384388, -0.8595708593569544, 0.272920593056335], [-0.053273211273628274, -0.8482378250271294, 0.2432847453024125]], [[0.4731909932510389, -1.148077438202216, 0.35006538803508747], [0.4484462307270698, -1.1281175162975943, 0.37515318322227853], [0.5678705703824853, -1.010492307254954, 0.2181605608283228]], [[-0.2532249178408066, -0.7290702124497435, 0.04527664649749186], [-0.22413196237374744, -0.7853986823586807, 0.05188399978200131], [-0.1735101445214302, -0.7619468629873829, 0.030391933696450213]], [[0.6767504605754199, -1.1382832859149987, 0.1424281820964668], [0.6740895682534553, -1.0891155162838493, 0.17771621239734103], [0.717533218608255, -1.0284576657364193, 0.09517975050105432]], [[0.17090341999441905, -1.1512366282231254, 0.09204667558400814], [0.10427421398918424, -1.0630839778128438, 0.0924474938154567], [0.1828475453692957, -0.8678025918319797, 0.015538235855686366]], [[0.33855501523701176, -1.1479664928354358, 0.1306343976919666], [0.26454902241419376, -1.175699634909005, 0.1505687703886487], [0.3646989212103757, -0.8466800807389305, 0.057677681278429205]], [[0.2142878024807514, -1.0788073462318686, -0.2729371078450884], [0.18922635146089295, -1.0872280382762332, -0.27393189302241927]], [[0.46126006837778866, -1.2260811009694346, 0.05784341132484205], [0.4734781029784787, -1.0138987027431898, -0.26822212285502633], [0.19135568967475058, -0.5128254944256195, 0.0024332533093345265]], [[0.27326050717440437, -1.1096549893345764, -0.6923430475212919], [0.2852601176518026, -1.0847241934936716, -0.7065169177615946]], [[0.4991745277090668, -1.0742659398000216, -0.7047134973054938], [0.5066600530559386, -1.0464712671666563, -0.6863142089964138]], [[0.135545138341294, -1.0472245042045216, 0.5669880236252463], [0.12073488625503903, -0.9895216994858007, 0.5755615744629785], [0.1780251710279348, -0.898654191362167, 0.5305147717181247]], [[0.12937188791985998, -1.043818682879983, 0.5660812497594624], [0.13811609467432662, -0.966248235651887, 0.5518280513653148], [0.21968020505803743, -0.9546289563368314, 0.5027580445153627]], [[0.25472921761571543, -1.1496015605292806, 0.11134053663798738], [0.184411618201689, -1.1193918063609245, 0.12150813210205269], [0.2737732332898357, -0.8572413362854552, 0.036607958567057786]]]}