{"bodyId": "h0", "timestamp": 1643052261471000000, "continuousState": [[[-0.2580487251464838, -1.0920319176211861, 0.6280014290377316], [-0.25798899892567284, -1.0886440376079747, 0.6303787406738535]], [[-0.1802216284832241, -0.9871126953403667, 0.6772369926431661]], [[-0.39887574403764364, -1.0925049986016189, 0.7024949496080517], [-0.3798983590353261, -1.0756085856848319, 0.6916410813790228], [-0.2839711510863664, -1.0851821102048038, 0.7038555390214044]], [[-0.2758316345650579, -1.0521267423000942, 0.5724813306029073], [-0.47313875330978616, -0.9518674953381416, 0.5424599243944721], [-0.28547722768685335, -0.9165186163097816, 0.4726295351700416]], [[-0.4815415890440636, -1.204321728225801, 0.504323819686127], [-0.4397903576689154, -1.2182312874945034, 0.5445872726310765], [-0.36711612005350047, -1.2142499196974896, 0.5498982275650167]], [[-0.25782167318213334, -0.8301554547647632, 0.3284126819184179], [-0.22440319416044463, -0.7743714217988873, 0.23867175879213554]], [[-0.4164885756165208, -1.3716181996506824, 0.2744194810385492], [-0.43803044335688446, -1.381017058403276, 0.3415328224883545], [-0.3285306538701821, -1.0357371560044557, 0.5597337965453508]], [[-0.16292261115840473, -0.6489278231297164, 0.04990553030555733], [-0.17058860508606688, -0.6023251675936723, 0.06617019137497193]], [[-0.33914662805201806, -1.47871046065849, 0.07751364919555503], [-0.3249384361204968, -1.47352810941994, 0.1115375723702885], [-0.23517292006335044, -1.0074894265494667, 0.6110762185680584]], [[-0.23208249731070763, -1.1609093508055657, 0.044041873579928836], [-0.4671673344771301, -1.234592300101879, 0.08825174128564339], [-0.3098912824511586, -0.9963775330191929, 0.07160880740432163]], [[-0.3127994334982161, -1.3337457977294782, 0.11191882877048376], [-0.4275493001395583, -1.3589590685158213, 0.13744863826474996], [-0.37279322510343416, -1.1241480896661522, 0.08337071283845598]], [[-0.14862364562040942, -1.4527464722538725, -0.01387284698294966], [-0.412551877777817, -1.2220707448526535, -0.1669335756453103], [-0.35251803125488446, -0.9631472422328315, -0.19075496847646256]], [[-0.25038565221840603, -1.3676274771686465, -0.2772847915038059], [-0.24917193375258406, -1.3369556968974277, -0.28673678447473616], [-0.32836248400768286, -0.9555399724972782, -0.09614320370719243]], [[-0.2526184645884423, -1.344476798526216, -0.5207278531019481], [-0.3655353453270792, -1.2129568143210425, -0.6584414164822878], [-0.37707854672394303, -1.0184606911800043, -0.6113384452728813]], [[-0.35632496827893734, -1.3461965977638346, -0.7991717230794744], [-0.3267069951646039, -1.3646253104758255, -0.7002934703035354], [-0.36543445308150047, -1.0872356988117764, -0.5827151396842651]], [[-0.38153971606212145, -1.141539298936472, 0.5446236330003305], [-0.47263550192581355, -1.1295478734236442, 0.5630696184719217], [-0.35208309188311804, -0.9906389601998856, 0.5424599320988126]], [[-0.37868661180456076, -1.1282242352629477, 0.5384025751445172], [-0.4564645554893508, -1.0850493914163226, 0.5435235985127743], [-0.3262966738701769, -1.0653842680036356, 0.5112638813675292]], [[-0.27244096540446183, -1.2473275742675218, 0.0779803511752063], [-0.4473583173083442, -1.2967756843088503, 0.11285018977519667], [-0.3413422537772964, -1.0602628113426724, 0.0774897601213888]]]}