{"bodyId": "h0", "timestamp": 1643052338856000000, "continuousState": [[[-0.39050621715516765, -0.9817487231116566, 0.6134196365086053]], [[-0.3203349403447201, -0.9161574513691497, 0.6817342137917134]], [[-0.5231390531367326, -0.9888422847787013, 0.6857143187061847], [-0.42322984123868246, -0.9830349931205725, 0.7093897193790729]], [[-0.4123542181640112, -0.8813486536210913, 0.5298984871798076], [-0.3646551444940699, -0.8882824418959212, 0.40710933712079433]], [[-0.6325887788087287, -1.1087111700851984, 0.5011945048100324], [-0.5189933268386665, -1.1315018297606678, 0.5493525127382493]], [[-0.33849490577538865, -0.7496434909334466, 0.3048929563927789], [-0.303990643844423, -0.6616764919169593, 0.26688031069388496]], [[-0.5986297119542523, -1.2579594789734454, 0.25420808541004636], [-0.5173945338371675, -1.006998419903916, 0.407510742879755]], [[-0.19706632956094583, -0.6044634957392365, 0.05062589102808035], [-0.19013739132996388, -0.5858279581870051, 0.05673238566354599]], [[-0.4141651005679281, -1.2966084233350406, 0.12330380937599306]], [[-0.37693112428673453, -1.058386240994864, 0.03377637300800873], [-0.46084813855029194, -0.8651448917118865, 0.10202221251517651]], [[-0.4265710239179996, -1.2874724653208443, 0.1294649862113817], [-0.5663506715020175, -0.9212608707595316, 0.1643888739018906]], [[-0.3261465979611234, -1.2086754709810636, -0.17601966300559457], [-0.4730260767011767, -1.0035125888935879, -0.3788476366167388]], [[-0.40202660243433613, -1.2597634126645259, -0.33006335248360963], [-0.4207195667938407, -0.9174402110513821, -0.11024223807308076]], [[-0.42095187406014967, -1.183112633439825, -0.6049658163442018]], [[-0.43090410844365135, -1.2443794116493965, -0.8131563471452241]], [[-0.5137000363797439, -1.0145211275263608, 0.5330497285911595], [-0.45921022938220823, -0.922970834463336, 0.5246380568963248]], [[-0.5224714984863699, -0.9950299118531448, 0.51554649599492], [-0.4418242356663682, -1.0098921358282946, 0.4782309249295218]], [[-0.4017510741023671, -1.172929353157854, 0.08162067960969521], [-0.5135994050261548, -0.893202881235709, 0.13320554320853356]]]}