{"bodyId": "h0", "timestamp": 1643052410479000000, "continuousState": [[[-0.2877462888007484, -1.0550300587477954, 0.6170758904903375], [-0.1512081043608854, -1.0385637536342218, 0.6250762234109432]], [[-0.24259417779258885, -0.9576987656022944, 0.697552002675515]], [[-0.4228198526545215, -1.0731165198328336, 0.6897828285061971], [-0.4099433268432782, -1.0551557540265963, 0.6903890043255276], [-0.31098489649110506, -1.0576135768938109, 0.7059715323510364]], [[-0.28520480609321386, -1.0466602154388296, 0.606955531654009], [-0.5101639164137515, -0.9359312953366721, 0.5644376754799567], [-0.27370674601973444, -0.9608230523913792, 0.44135865557959175]], [[-0.5371589963420106, -1.1705763335499473, 0.4998592717956858], [-0.4916466892043405, -1.176586899753515, 0.5518586424617891], [-0.42058308227520547, -1.144991555247856, 0.5698763028502468]], [[-0.28961888846293915, -0.7289378515644267, 0.27226666219433837], [-0.24868856317393828, -0.6897768821009758, 0.3055085346135522]], [[-0.46358842225188973, -1.3612412476598457, 0.2902885135344928], [-0.5042024544036199, -1.3273868847830281, 0.33407334033632075], [-0.40283301648038883, -1.089019421186554, 0.3857416871415349]], [[-0.1658368789607398, -0.6458819508080706, 0.06678688699703916], [-0.15833362813811558, -0.6209885816375326, 0.05466286911311402]], [[-0.31128693272947544, -1.3353267817112344, 0.11414466290254999], [-0.3009715828847169, -1.332897644387479, 0.1686607949167085]], [[-0.28158700078560406, -1.1545517834947014, 0.048360370619141335], [-0.5217173177323666, -1.245717701224955, 0.13574813019862098], [-0.3409948321538959, -0.9955336194389708, 0.07746099417750718]], [[-0.3400649271812545, -1.3624148483688023, 0.13467261840015188], [-0.44382646095722644, -1.3049074188808356, 0.11713294741475888], [-0.425004056764663, -1.1394946220674531, 0.06269870380713072]], [[-0.25320725789087134, -1.2583416120509734, -0.22612816517474443], [-0.4413940643336667, -1.2334663348937833, -0.1567287529964494], [-0.3566744504657613, -1.0138842670351647, -0.2952985253148154]], [[-0.29201487431571493, -1.352228982292908, -0.29300927095627993], [-0.29103224899230684, -1.313383136875664, -0.3029685501750572], [-0.34045607256132426, -0.9158575916980641, -0.08849834047612049]], [[-0.27201571169411065, -1.3205686664828213, -0.48209700273262346], [-0.3910595003775186, -1.1425039272142095, -0.7352354654054141], [-0.4023542287397923, -0.9933969608359325, -0.6370230649801155]], [[-0.3113256495946194, -1.3398461040516103, -0.7953985768740466], [-0.3299094907041038, -1.3566562597408476, -0.6812618037497803], [-0.3779019639238609, -1.0157615190641267, -0.6079253551475706]], [[-0.41853077734000105, -1.0849177330991358, 0.5408375653690609], [-0.493888004493157, -1.0792688547561753, 0.5681356552753085], [-0.3679750586124746, -0.9891535309606441, 0.5341021953209683]], [[-0.4111819012176122, -1.1086182744943884, 0.5534074017248474], [-0.500905302809046, -1.0562590975450936, 0.5581481589708729], [-0.34714491414746995, -1.0529073038196177, 0.5056174792149193]], [[-0.31082596398342927, -1.258483315931752, 0.0915164945096466], [-0.48277188934479653, -1.2753125600528952, 0.12644053880668993], [-0.38299944445927947, -1.067514120753212, 0.07007984899231895]]]}