{"bodyId": "h0", "timestamp": 1643051395831000000, "continuousState": [[[0.22714450611618198, -1.0287304514980633, 0.6163009676002387]], [[0.01648078073158188, -1.0983636265579466, 0.7342986605949333], [0.13080208519136538, -1.0898418050891454, 0.6916486561949107]], [[0.14934138778781963, -0.9018599992174083, 0.6135743209235198], [0.13148115295046292, -1.1658914833621066, 0.7860106258501109]], [[-0.020153379701535523, -1.2911709755692709, 0.5802198735403288], [-0.027129442768732415, -1.1721861234942013, 0.5346811519154135], [0.07896218094473761, -1.1772656879659724, 0.5050921452209152]], [[0.30694759828826085, -1.3128931461055324, 0.6047431363752898], [0.31280263773378114, -1.2698037962401043, 0.5965797150116283], [0.32688913627809746, -1.081214667408183, 0.5749873424370435]], [[-0.22502163843306344, -0.9630426193326065, 0.0817498733763462], [-0.13919552928525503, -1.072661738218528, 0.31517229443394523], [-0.009095529963937032, -1.038016821008406, 0.2965401285428009]], [[0.4604767222653542, -1.2476644254651805, 0.2394451492882872], [0.3737644955971935, -1.3368566636495527, 0.3864455304474552], [0.45733675496193604, -1.144878640931649, 0.335725504340747]], [[-0.19614099030203813, -0.9413777399220264, 0.10342355886639676], [-0.130899674332422, -0.9364844537485972, 0.09539982655176527]], [[0.3942279808241351, -1.0677645937698614, 0.2624602685155175]], [[0.08775041493423097, -1.3624049083737417, 0.07115910338700115], [0.10200941580555534, -1.2925099834499751, 0.08605166836225187], [0.13820893956712266, -1.0713061641363848, 0.049733551749971516]], [[0.2993978394853714, -1.3923870658296507, 0.10178868891628579], [0.30625417095389196, -1.3768687643372477, 0.1049427082567469], [0.34226980288309816, -1.1111048848318081, 0.014308993048290253]], [[0.2774777767379961, -1.4304723262529078, 0.029052419586047762], [0.12993328355709743, -1.2006952800888024, -0.16576342018152124], [-0.027387824228319646, -0.7075890480625746, -0.013785902662737937]], [[0.30265232253539, -1.4282054064447212, -0.061155122909063886], [0.26262010357641774, -1.347230260169052, -0.18099856137737014], [0.018107506875271184, -0.7572410335759967, -0.008679211307415224]], [[0.39978284475999065, -1.3323907720944927, -0.5998020137077953], [0.3509652127997007, -1.344832109069262, -0.4319163372094732]], [[0.29782348910857714, -1.3225362884986436, -0.7045334693603825], [0.30372212177691815, -1.3192238774872564, -0.6762376385907327]], [[0.15548686185584956, -1.3113492160116316, 0.6063164646218144], [0.094936168893199, -1.264029959160891, 0.5998435971946796], [0.20473689338178702, -1.1250295505056767, 0.5409032307114792]], [[0.14339710929336266, -1.3020320608374016, 0.5924815049578093], [0.14283659748252436, -1.2209949598671528, 0.5656304334635209], [0.20292565861141754, -1.1292401776870777, 0.5400397438289793]], [[0.1935741272098012, -1.3773959871016963, 0.08647389615164347], [0.20413179337972365, -1.3346893738936114, 0.09549718830949938], [0.2402393712251104, -1.0912055244840966, 0.032021272399130885]]]}