{"bodyId": "h0", "timestamp": 1643051442195000000, "continuousState": [[[0.43877657120833535, -1.61536230293193, 0.552561367389828]], [[0.1130811117226157, -1.5904719499903313, 0.8167407784513423], [0.3106842818033595, -1.5412522484057565, 0.6778733323335018]], [[0.20881774677805423, -1.7595667963367267, 0.7150259579196787], [0.19117338061692923, -1.7051591299967785, 0.7635907190970725]], [[0.0722006736689153, -1.689053733274155, 0.6940158216943504], [0.2466661717402937, -1.4996635795688622, 0.46882548692549]], [[0.07605660253445762, -1.8950330598185854, 0.542818460447295], [0.07205160745462291, -1.8350494005808242, 0.6116323418068926], [0.2126643830435212, -1.8078316279306113, 0.4869157097077468]], [[0.2037660907555663, -1.6784176942868463, 0.5266732651057154], [-0.02372932263940808, -1.5461390504326675, 0.3992809661805552], [0.205460904313149, -1.3545305772012695, 0.23877015416520186]], [[0.11893809939485828, -1.993483113045526, 0.276674255557519], [0.13098376442129522, -1.9354286600041013, 0.3101267927358162], [0.14180620937391386, -1.486229364220126, 0.37682227142944424]], [[0.26189505994778395, -1.7369142218420521, 0.4334840106235113], [0.2867325569192749, -1.3532090862369655, -0.032165375047984224]], [[0.3066142786088627, -1.8265778503744678, 0.2137389351667771], [0.12569760224505888, -1.94619354930057, 0.36438060423668506], [0.29011989523569903, -1.4434412571306376, 0.3374637644537648]], [[0.2516867968816935, -1.8417665542367785, 0.3269274259095384], [0.012281367046127478, -1.6588983803221171, 0.1423389797163659], [0.17179531357363387, -1.3993743801938208, 0.0985078399669892]], [[0.1955405178858674, -1.9128562974303933, 0.2710723234149903], [0.06106260943506148, -1.8293239070028042, 0.18160690682472858], [0.14288658311983693, -1.5650243832571307, 0.04727133698493313]], [[0.26518887290652504, -1.841219198600198, 0.04315775903471386], [0.13888212694520075, -1.6279021371616302, -0.19500441259387036], [0.2409318512644587, -1.4912640403567483, -0.3909243634702455]], [[0.223392143634503, -1.8707868534784728, -0.20315504444619514], [0.18459373787734235, -1.81431207626496, -0.23170469917039727], [0.19000323410256148, -1.5495861118417147, -0.24233826175612605]], [[0.27182989803343854, -1.8338462685730548, -0.2229537430692159], [0.21471401931445122, -1.5998298715391939, -0.6711082999022503], [-0.18331967533352533, -0.7120090060587969, 0.01937704177876487]], [[0.16635241441921367, -1.8486856556246873, -0.6937674551665192], [0.1935595236910561, -1.8346654979764137, -0.659125815002503], [-0.21507597050623461, -0.8454619823148959, 0.045371528215620405]], [[0.09122639490390683, -1.7810627146105364, 0.6104296383779909], [0.0710740208983629, -1.662011436157001, 0.6033843044521814], [0.21255974522655274, -1.6060900246542948, 0.48457174351719057]], [[0.07412863810168646, -1.7920433965463702, 0.6184171410708227], [0.22966527739190745, -1.6537476037497367, 0.4778705983166184]], [[0.22361365738378045, -1.877311425833586, 0.29899987466226435], [0.03667198824059448, -1.7441111436624608, 0.16197294327054723], [0.1573409483467354, -1.4821993817254757, 0.07288958847596116]]]}