{"bodyId": "h0", "timestamp": 1643051234964000000, "continuousState": [[[0.451757233937648, -1.0396033777536733, 0.5771086783576842]], [[0.35670772451152377, -1.0112918892816, 0.6912949990144783]], [[0.3098341756428921, -1.1723684558004506, 0.7538582274958519], [0.3014275064173999, -1.1204501936084432, 0.7801222007108801]], [[0.17599079949705393, -1.1588285960896056, 0.6801874600675135], [0.12861540575734465, -0.9462907208564222, 0.5704807776990268], [0.2796673103792855, -0.9987365865078769, 0.5044966507467694]], [[0.21648182346123854, -1.3429094663214205, 0.5779409203048413], [0.23060147853501434, -1.2530753520018818, 0.591073466288935]], [[0.09061991234796107, -1.0177811508295607, 0.2981515798256047], [0.2739300989426634, -0.8954169761460459, 0.2493197680270165]], [[0.2435131233990507, -1.468845221559222, 0.3157094369044129], [0.29274088077114757, -1.358020756515003, 0.29693702295785096], [0.1914083164531284, -1.0138426183317977, 0.44772739303014264]], [[0.2514898037692592, -0.7385345666215565, 0.051635600618197275]], [[0.4250384921479304, -1.2304555437618976, 0.25037953866094687], [0.29107420719349986, -1.3372993898719479, 0.43581044353164256], [0.3931223799242398, -1.0289214024404831, 0.3293071865938293]], [[0.2383453910763367, -1.459402597704201, 0.24787316763629863], [0.12894976642226852, -1.1365912825230686, 0.09300192274950492], [0.23938419742611727, -0.9745707698989085, 0.08647942751767368]], [[0.28916721128425965, -1.4196541276220254, 0.17974804491085528], [0.17449532051426075, -1.3556281642470458, 0.18216916440552544], [0.2406484142078651, -1.1626730967009928, 0.03812895903822078]], [[0.281317809732549, -1.3501142672067776, -0.17193602910723804], [0.23137227175693154, -1.1137406467495552, -0.28655520283695446], [-0.0011812133509814249, -0.7547881531103582, -0.015144186908997659]], [[0.3578573489335635, -1.3855779508056685, -0.24129988581927497], [0.3220000755995276, -1.3571854939068742, -0.22604333782684338], [0.12369842731320957, -0.7700746808108254, -0.014357158389828317]], [[0.33130393900319055, -1.3904055570594136, -0.442363707663161], [0.2550740648601517, -1.2114757782636443, -0.6452938869165636]], [[0.2952019851749869, -1.376976235802508, -0.7427511938680551], [0.30468214185515197, -1.378816089580231, -0.655196001946343]], [[0.20409203096657796, -1.2490717867363317, 0.62501646121719], [0.15885681491992232, -1.139973449764813, 0.6009116933369636], [0.2663683169555635, -1.098762758263919, 0.5392790513192847]], [[0.19623631147914622, -1.250869031205513, 0.6290641901861774], [0.1796084421461795, -1.0996830364291519, 0.5807771219939809]], [[0.2637563011802982, -1.4395283626631132, 0.21381060627357695], [0.15172254346826464, -1.2461097233850573, 0.13758554357751518], [0.24001630581699118, -1.0686219332999507, 0.06230419327794723]]]}