{"bodyId": "h0", "timestamp": 1643051621755000000, "continuousState": [[[-0.372427966699326, -1.355704047602851, 0.5956395906105969], [-0.1983043318577974, -1.3624505345051672, 0.5734468606612588]], [[-0.2918732469969011, -1.2744124814245095, 0.6716702480927356]], [[-0.4904594693306545, -1.4049113608859058, 0.6580621073556574], [-0.46893537575791744, -1.3893032453097036, 0.6906912510391462]], [[-0.3780967693974592, -1.3449440236525216, 0.6008653095844498], [-0.6023984563575127, -1.2536988664295459, 0.6038190396330659], [-0.37678237313581364, -1.2317112980672573, 0.4932875909121939]], [[-0.6129064853941335, -1.5066431973219103, 0.47420906422102593], [-0.5718501126907982, -1.4915334072312834, 0.5406848684779793], [-0.48374784716421204, -1.4289874527996245, 0.5331433201724419]], [[-0.38312449425667755, -1.0607283095885693, 0.29880567752867115], [-0.5872679298293592, -1.436024879173552, 0.5951279801335183], [-0.30140192155699774, -0.9944038285093861, 0.3224905921670628]], [[-0.5722264264824348, -1.637998526191771, 0.21464166025495168], [-0.5847078370720848, -1.623019489387503, 0.2771916426972173], [-0.5112263953866958, -1.3028525004220244, 0.38403611324170095]], [[-0.26620274888638723, -0.9045307346843918, 0.08275243672454602], [-0.5064708195708411, -1.449769620321987, 0.5590370865897972], [-0.21511163134278988, -0.9010261942872724, 0.11171391890765525]], [[-0.38132507356360523, -1.5447956308102284, 0.0685524678304299], [-0.3865795271332124, -1.5622987695840485, 0.16513784275258825]], [[-0.3918071222406135, -1.3572440013808942, 0.08282163631685346], [-0.6558496481936325, -1.5258848436282757, 0.32213937006556814], [-0.4015401288442746, -1.2353531370779693, 0.04936818859022618]], [[-0.4639541060056693, -1.5726743421847333, 0.12254276453020818], [-0.6282299850996071, -1.5634687315942608, 0.2545656652743089], [-0.5465095513710791, -1.1639641420120312, 0.14585713538442802]], [[-0.29178569244970887, -1.318595543984959, -0.2838375303362719], [-0.4679335045763586, -1.5677490525424853, 0.02499765246724661], [-0.28985270058038115, -1.1337600898371476, -0.25224391108425037]], [[-0.48805654037940016, -1.474508913668298, -0.46216730278893303], [-0.5382556901388021, -1.5251063546614918, -0.12733593112172148]], [[-0.5010168066137601, -1.4890180163478874, -0.7161874348254049], [-0.43853095907601813, -1.4997001955516167, -0.5807989549769051], [-0.43160159375036344, -1.3903637141304186, -0.6103133256415436]], [[-0.4419847568814551, -1.4510351110259234, -0.7646851189334203], [-0.5099882577492885, -1.4395704515681378, -0.6634685427283296], [-0.4874398644289488, -1.2598737049737248, -0.662352510353948]], [[-0.5285810420664149, -1.3749920117291965, 0.505969750595817], [-0.5955776640018804, -1.3910709561028205, 0.5814219798144459], [-0.4458603717261793, -1.2777449827140428, 0.5440563229590648]], [[-0.49550162739579634, -1.425793610487216, 0.5375371869027379], [-0.5871242845241554, -1.3726161368304146, 0.5722519540555226], [-0.43026511015001284, -1.3303493754334408, 0.5132154555423178]], [[-0.4278806141231414, -1.4649591717828137, 0.10268220042353082], [-0.6420398166466198, -1.5446767876112681, 0.2883525176699385], [-0.47402484010767687, -1.1996586395450004, 0.0976126619873271]]]}