{"bodyId": "h0", "timestamp": 1643051655657000000, "continuousState": [[[0.13588858680072496, -1.4989846561992346, 0.634591664233895]], [[0.16481508852738203, -1.349132503406503, 0.6799977437325349]], [[0.05228121996307622, -1.5638300651717756, 0.7180360535278673]], [[-0.07223550461835265, -1.512472236360378, 0.6813931986439896], [0.08671286174891502, -1.438165068570437, 0.46974945107304755]], [[-0.007172422601931627, -1.7302939138496345, 0.5363596970441001], [0.06757484658974533, -1.5002291977723639, 0.5685836677141982]], [[0.012868014068162958, -1.2400666782450698, 0.24277969981199754]], [[0.023695397848066457, -1.8044864390715367, 0.26491505116762637]], [[0.0426913675728291, -1.1749930067487417, -0.003153772275015898]], [[0.10191725823819875, -1.8001427951478453, 0.0024037481177452413]], [[0.0942996954753395, -1.6344056359884358, 0.24110816216369435], [-0.021330044854090957, -1.2666739126348467, 0.11660815191455187]], [[0.08016741818278739, -1.7197626138641362, 0.19905287923273796], [-0.0338505934140223, -1.3398161406912195, 0.13298759399520588]], [[0.10642651962375699, -1.6481273102267684, -0.02142717756531054], [-2.529047942267937e-05, -1.2766080441807284, -0.20088201952879947]], [[0.08931890021471467, -1.6793886642191531, -0.07222566978142853], [-0.014524455763496924, -1.2248992238696916, -0.1334759219723307]], [[0.1589659792077558, -1.7765508683749929, -0.0376426056858119], [-0.2560950850473237, -0.7200627432180597, 0.009466853394300423]], [[0.03922594976150395, -1.5680883240695145, -0.7307349517788672], [-0.25901500296789226, -0.8303815868255456, 0.009105779392746371]], [[-0.03527997193340793, -1.6151990947303296, 0.6081444267162792], [0.08740652492780454, -1.5001324387550703, 0.5030831857116507]], [[-0.03970396361014214, -1.6213830751050062, 0.6088764478440449], [0.07714385416933017, -1.4691971331714004, 0.5191665593936229]], [[0.08723355682906345, -1.677084124926286, 0.22008052069821615], [-0.02759031913405663, -1.303245026663033, 0.12479787295487887]]]}