{"bodyId": "h0", "timestamp": 1643051834681000000, "continuousState": [[[-0.13133922009423443, -1.179623118530684, 0.6076883315437656]], [[-0.08111794313797382, -1.061804555537318, 0.6618470969443895]], [[-0.2392629935401635, -1.2124154824803448, 0.7006993962925026], [-0.1670220618190391, -1.1158232715912937, 0.7114404952106194]], [[-0.16393137904612431, -1.2040161147348591, 0.6121508793354788], [-0.14512677891470682, -1.0187913354142613, 0.5067909466030234]], [[-0.4415873283143434, -1.303887342192621, 0.528957509862005], [-0.30619233111619026, -1.2599975548018283, 0.5758251067283034]], [[-0.15572879957921226, -0.9538314299514781, 0.3313748660208715], [-0.11129613525129678, -0.8631766150815031, 0.2979302938138968]], [[-0.4543473842851123, -1.4359835778463863, 0.28556021605812787], [-0.3717221170270413, -1.2876773272818487, 0.34112005221753683]], [[-0.04515217369217639, -0.8240878531997555, 0.07087495863594184], [-0.04983581998821318, -0.777129252098271, 0.036660738847329455]], [[-0.2535753997441498, -1.4259898860258216, 0.1808393614526509], [-0.3157550125432068, -1.1013180747884537, 0.3868286636132443]], [[-0.1381854826519528, -1.2728411355281688, 0.12858616283201107], [-0.18437661229066105, -1.107424733591133, 0.010589976170398918]], [[-0.2706861775579966, -1.4479835377481458, 0.16755417454660093], [-0.33342916849814563, -1.2117228780813107, 0.02457447784097999]], [[-0.20150676951827762, -1.1893595689449787, -0.3811997132473419], [-0.3334289681594568, -0.8173960195531871, -0.038042031683932165]], [[-0.31504824150457256, -1.4066667595580986, -0.3136573975003478], [-0.29879512060265223, -1.289417625899219, -0.35957425559929657]], [[-0.2115310468571885, -1.1839312158031745, -0.749007008073932], [-0.2598387085522851, -1.0443992862318465, -0.6662660932356287]], [[-0.3850660157119492, -1.326982103638209, -0.7816313849150971], [-0.35914383120272, -1.2548490162539272, -0.7380488224846944]], [[-0.29913388894109466, -1.2377811411979043, 0.5567530501837483], [-0.25078621087896347, -1.0903761671400292, 0.5652669735054862]], [[-0.3027593536802339, -1.25395172846374, 0.5705541945987419], [-0.22565955501544854, -1.1393944451080449, 0.5413080266656634]], [[-0.2044358301049747, -1.3604123366381573, 0.148070168689306], [-0.25890289039440334, -1.1595738058362217, 0.017582227005689455]]]}