{"bodyId": "h0", "timestamp": 1643051863558000000, "continuousState": [[[-0.0051521748599477335, -1.1846256999652307, 0.6236025226422077]], [[-0.1780113769192444, -1.1378562056227666, 0.7123878534299459], [-0.018064661017562544, -1.1424790965730591, 0.6645740358751332]], [[-0.07110307038744279, -1.263557932138386, 0.684183586406566], [-0.06938941023788014, -1.22562632879419, 0.7096284104642134]], [[-0.1451017431322124, -1.274357472372431, 0.6109546954199776], [-0.2764964562337646, -1.134598625042735, 0.5462203028404813], [-0.08449332236292773, -1.1084479174827644, 0.4533628082533703]], [[-0.19518477112535648, -1.444613923196281, 0.5482336405890837], [-0.16839928890163514, -1.4038238633257303, 0.5876768674252548], [-0.11988358480614991, -1.3189228671446789, 0.5811026454186194]], [[-0.08390724037706238, -1.22103337591794, 0.4789348353310463], [-0.32968394208702934, -1.2794560821818879, 0.43757571533217066], [-0.06284499251384723, -0.9336152215799177, 0.24376471249079124]], [[-0.14648611162238162, -1.6088721885734987, 0.30292813006792585], [-0.1702730521124255, -1.5474734262232084, 0.3827777280182316], [-0.17707413426724872, -1.2579389948489228, 0.44290386412916716]], [[-0.04311190557081118, -0.8309754504020013, 0.07642350072310267], [-0.05781804043403804, -0.7521185348823096, 0.05650379699833219]], [[0.023050042617631272, -1.5952388689502206, 0.0986424367062495], [-0.04792918610498553, -1.603578589652507, 0.2414388556543039]], [[-0.0018659726717722425, -1.4295370884349834, 0.10736902537649518], [-0.23862994443222352, -1.3382094970335139, 0.06506369298277326], [-0.09789363350030489, -1.151925785881557, 0.0941437066067854]], [[-0.05364403876682022, -1.6183955236931236, 0.2007918264986157], [-0.15954207812700805, -1.4739779288606367, 0.12461009716676297], [-0.13700176833289657, -1.2750850386765586, 0.09248112645870821]], [[0.009942108677678196, -1.5364559823924606, -0.11099403393604468], [-0.14055084194647827, -1.3394886600102756, -0.2720075220993339], [-0.25456017261184993, -0.8510989733663518, 0.009914446199583926]], [[0.00327462790832167, -1.5630173381258103, -0.261416932818487], [-0.032099368222677116, -1.5184853302892356, -0.2731866084280614], [-0.19830295668538545, -0.8782843951375021, 0.01610521194174941]], [[0.024730482594002123, -1.5543413442808283, -0.3985483294011012], [-0.0898302829242581, -1.3630144618502615, -0.6921358673676569], [-0.31972253792988414, -0.8011598693972817, -0.1835977121929192]], [[-0.05332258688648939, -1.5510291042178146, -0.770460886742729], [-0.051820410677468454, -1.554446297567183, -0.6864725595793925], [-0.33223547330533, -0.812062035764545, -0.06918737535137742]], [[-0.17018922397275443, -1.373654629691324, 0.5868259805009839], [-0.24414906732575004, -1.3144118288944997, 0.5957527042473811], [-0.10659836842055503, -1.1975226637510192, 0.537130112707952]], [[-0.17014325712878445, -1.359485697784356, 0.5795941680045307], [-0.22244787256769988, -1.2692112441842327, 0.566948585132868], [-0.10218845358453882, -1.2136853923137216, 0.5172327268359949]], [[-0.027755005719296233, -1.5239663060640534, 0.15408042593755544], [-0.19908601127961578, -1.4060937129470754, 0.09483689507476811], [-0.11744770091660073, -1.2135054122790578, 0.0933124165327468]]]}