{"bodyId": "h0", "timestamp": 1643051874680000000, "continuousState": [[[-0.3325804304466796, -1.2150485689190003, 0.632393547925542]], [[-0.49836516032816824, -1.2091018965962306, 0.7319035128703327]], [[-0.39646976659498323, -1.2980345037226626, 0.6869028619543167]], [[-0.41967742223367804, -1.2755722806107106, 0.5780280335744155], [-0.5897156767950797, -1.1924927053853842, 0.5709806666935913]], [[-0.5675200401446961, -1.416930626566027, 0.43726736641509345], [-0.4283302325225766, -1.3953898819481347, 0.49778190014428736]], [[-0.38414530993722995, -1.0586248185580283, 0.305492016834797]], [[-0.4724049281561898, -1.5558594449875527, 0.18185537870940616], [-0.4440988443588959, -1.5628306279087052, 0.2915728790490888]], [[-0.2622618467654068, -0.8939454511510663, 0.07709901558551291]], [[-0.2720062138710174, -1.5135394613800557, 0.04947010427058096], [-0.2662896228616002, -1.5265326165481785, 0.14817198928179187]], [[-0.3291405999625543, -1.3772961072670977, 0.07056655068789719], [-0.5830338687685185, -1.4351884389425682, 0.16233167166067952]], [[-0.35050079848682764, -1.5057193995667542, 0.09884170575454654], [-0.49085898305442477, -1.5492941650593948, 0.19584203179448023]], [[-0.35624202543478717, -1.4961454045894835, -0.1305106275861172], [-0.49505889385486, -1.3438877268628664, -0.2491163940446821]], [[-0.21222732752161788, -1.4633294511040678, -0.31990827570449754], [-0.3457464611390332, -1.5173414775475331, 0.010667931082989135]], [[-0.5211067076627329, -1.3547940547210742, -0.8109721763389124], [-0.4995833702426642, -1.3926203898873, -0.6740861882866573]], [[-0.07086367225673584, -1.3937171665699895, -0.7424057080242126], [-0.12273088566055868, -1.4362979885443072, -0.5768710406646409]], [[-0.5002515822263016, -1.3354271874232697, 0.4975427697723396], [-0.5262860388505861, -1.331284237636698, 0.5574778182582076]], [[-0.49359873118918707, -1.3462514535883687, 0.5076476999947545], [-0.5090229546588282, -1.2939412936667596, 0.5343812834189393]], [[-0.33982069922469094, -1.4415077534169258, 0.08470412822122186], [-0.5369464259114716, -1.4922413020009815, 0.17908685172757988]]]}