{"bodyId": "h0", "timestamp": 1645468197684000000, "continuousState": [[[-0.20408929547488702, -0.7854576065951959, 0.6763712689530788]], [[-0.17407501559554056, -0.9319832602303701, 0.7853137999430302], [-0.2663944325409072, -0.9713353406116361, 0.6987564870710792]], [[-0.1310307075811601, -0.9060948856434823, 0.719983905002175]], [[-0.25023069835620754, -1.0724505054708982, 0.6371392009795149], [-0.30682787557262503, -1.0822272741294605, 0.5403408219313774]], [[0.07533531858002018, -0.9580643020186845, 0.6565723454194536], [-0.0318345916123145, -0.7537509602497183, 0.4590495785281845]], [[-0.3125822654285545, -1.1384068494510042, 0.3486814529683129], [-0.357389528764255, -1.1589638072045478, 0.26876142874539677]], [[0.00879715413012705, -0.9275604632874008, 0.29801286583333386]], [[-0.45511597848621, -1.0343087804027347, 0.19078269246888557], [-0.21757582349966187, -1.1792577557964155, 0.33305544254945074]], [[0.00647610212495775, -1.008160261673113, 0.2085107135534996]], [[-0.20654381988004455, -1.182455580793238, 0.19483946969679056], [-0.19909813290508416, -1.1843956267156124, 0.0883328349996062]], [[-0.04209010927363466, -1.1845445608625345, 0.21128730391553496], [-0.05019185306910956, -0.967147803485161, 0.007275359553809313]], [[-0.15413420666020183, -1.0656275605203989, -0.35267370105418183], [-0.21623571594024382, -1.053739067693195, -0.4183846975840979]], [[-0.10439966340949025, -1.1211448403082285, -0.16225062507254062], [-0.038963023284609655, -0.9043535816915909, -0.4418855383496436]], [[-0.1520508063631324, -1.213024710314519, -0.6916079834977418], [-0.0898287864053503, -1.161328103913774, -0.7101552172690021]], [[-0.06626134218282909, -1.1957543447442287, -0.6594948351933798], [-0.016354327883150166, -1.0713240646160602, -0.7670188808545548]], [[-0.08003652649253862, -1.0149181883013891, 0.6412815033904558], [-0.17991147984246952, -0.9264323272596131, 0.4894266632032904]], [[-0.08744768988809368, -1.0152574037447915, 0.6468557731994843], [-0.16933123359246977, -0.9179891171895894, 0.499695200229781]], [[-0.1243169645768396, -1.1835000708278862, 0.20306338680616276], [-0.12464499298709686, -1.0757717151003867, 0.04780409727670776]]]}