{"bodyId": "h0", "timestamp": 1645467580346000000, "continuousState": [[[0.004067873047248094, -0.8351781463656205, 0.6240196226888866]], [[0.051260237765375694, -0.933343664599068, 0.780201880266872], [-0.04031478498721236, -0.9883520455476675, 0.7111458623712268], [-0.0681487105524895, -0.8270997390114964, 0.7426977858733463]], [[0.08415016172467865, -0.9135800272618839, 0.7203937048713036], [0.08420497350196554, -0.7923924688522221, 0.7173441680635274]], [[-0.001155934108605594, -1.044102817648853, 0.6254725518838156], [-0.0750229779756838, -1.0977780811250748, 0.5696930448510007], [-0.044630929418958964, -1.0458056442368213, 0.5344156794436558]], [[0.3104923696991291, -1.002288228166115, 0.6634571752010805], [0.241083459678618, -0.9577559054352129, 0.5659999160589975], [0.252311882818258, -0.8842536291366192, 0.5551710048647476]], [[-0.0902334798623795, -1.1172043496317159, 0.3541012171523641], [-0.1479254442396869, -1.1269977716982345, 0.261399340097102], [-0.13707136405646014, -1.0129408586733935, 0.3038577280037609]], [[0.2407809674207813, -1.117688062111338, 0.503011954899131], [0.2574649003439883, -0.8005702237871906, 0.06967888791344401], [0.2832864293981243, -0.8373144853365134, 0.28888438650461523]], [[-0.22723800944792766, -1.088007146289041, 0.11988385599166884], [-0.20711735907468398, -1.0861607511264846, 0.10304166827385619], [-0.2215121321428971, -1.0289021007829937, 0.07180327581528967]], [[0.29088919005347313, -0.7348728140556013, 0.03368856823053146], [0.25724631527091324, -0.7392039792706939, 0.05430635022801478]], [[-0.018615800223244716, -1.1886696785108943, 0.2365076236553123], [0.0022351262949903417, -1.0914845279678953, 0.04101012559416395], [0.021050591830807264, -1.0063571446680886, -0.03245044314226886]], [[0.15291177325786853, -1.19240084955027, 0.22152255927220565], [0.18569682682933292, -0.918330438363586, -0.04522342687227954], [0.19253906221564887, -0.8994172493517574, -0.010277897476323461]], [[0.09499832993135837, -0.9980771880472863, -0.38124932737370165], [0.05589718668986732, -1.0954494245737374, -0.301701153986492]], [[0.16990557763462144, -1.0823808175008898, -0.24484501464407993], [0.20815441260811396, -0.9195292341950259, -0.398154241141615], [-0.04199083779897461, -0.4871489643307749, -0.002679050189597021]], [[0.021227105054003825, -1.2120844365380652, -0.6011452152042265], [0.1215306514276493, -1.0967769743760503, -0.7302442393692107]], [[0.18747146656763403, -1.1813864833108405, -0.6840656373192415], [0.23804470664452626, -1.0420648963011874, -0.7577416528535168]], [[0.13723792319370398, -1.0249832391633504, 0.6386797408756106], [0.0936141318634825, -1.040738908771831, 0.5602541919333901], [0.012808747839636148, -0.8251457323771292, 0.6182362951064914]], [[0.15466821779526174, -1.0231955229074838, 0.644464863542448], [0.0830302408514671, -1.0277669932801439, 0.5678464804549991], [0.10384047669964952, -0.9650296366867203, 0.5447933421542017]], [[0.06714798651731191, -1.1905352640305822, 0.22901509146375898], [0.09396597656216163, -1.0049074831657405, -0.0021066506390577944], [0.10679482702322807, -0.952887197009923, -0.02136417030929616]]]}