{"bodyId": "h0", "timestamp": 1645468224149000000, "continuousState": [[[-0.17184522994435292, -0.8157423528944352, 0.6603761510474367]], [[-0.1122860552119529, -0.9217230176338091, 0.8017118991359704], [-0.23274656171172603, -0.7892327733995206, 0.759195081476301]], [], [[-0.1737228160853191, -1.0767729501155077, 0.6712608141079885], [-0.21155115979698957, -0.9762174805404331, 0.6203885556771437]], [[0.12496250449527208, -0.9319917927416175, 0.648036059819332], [0.056280313204697174, -0.8137714059168869, 0.5693792926440561]], [[-0.22154375215015631, -1.205568952422258, 0.4245579634433665], [-0.2799973201902196, -1.0959277944477361, 0.4215774781651205]], [[-0.016887292919276264, -1.108583371223399, 0.5133048139772702], [-0.019346691240866187, -0.7264981175607148, 0.3428269651288348]], [[-0.2563826985696237, -0.9765932590895816, 0.41172111379044996], [-0.2603888645077198, -1.0058297554414164, 0.3536187211970703]], [[-0.21729036753612468, -1.1222566407857244, 0.5572920604405573], [-0.029492569262621338, -0.8008400698337401, 0.04552436698108708]], [[-0.16595628878113988, -1.1635914117195472, 0.19898815390464852], [-0.23122677320316942, -0.9227912970001411, 0.21322216120960558]], [[-0.0019646187081263644, -1.1564864176824379, 0.2025203222761569], [-0.0882660118525167, -0.8094310294886993, 0.19817382408329753]], [[-0.1494105976369141, -1.0732178692475651, -0.2972460638407455], [-0.29552277252334425, -0.7877474046714334, 0.025067672431386412]], [[-0.029555153616439123, -1.0934431025953488, -0.2592174963012879], [-0.13485811929245273, -0.6667030988702072, 0.005531489685630997]], [[-0.1598691920134222, -1.21251650934258, -0.6835890664946895]], [[-0.06990837744911849, -1.2011489531018444, -0.6642990123594019]], [[-0.024065266785994577, -1.0051603388574222, 0.667569958751993], [-0.0972960140098611, -0.853183698156598, 0.6099018758564729]], [[-0.024380155795023506, -1.0043823714285627, 0.6596484369636603], [-0.0776354232961462, -0.8949944432286601, 0.5948839241605999]], [[-0.08396045374463312, -1.1600389147009924, 0.20075423809040271], [-0.15974639252784306, -0.8661111632444202, 0.20569799264645156]]]}