{"bodyId": "h0", "timestamp": 1645468260061000000, "continuousState": [[[-0.22215568333750724, -0.8800585710282376, 0.6463988534784028]], [[-0.17714548482013692, -0.9878819211323402, 0.786770657117353], [-0.2650578343590149, -1.0319196549779053, 0.7109258032843941], [-0.27484775670824146, -0.8529247695059695, 0.7387762317462316]], [[-0.14346782254490764, -0.9571237954196232, 0.7255760800382385], [-0.10720712454973924, -0.8877238484104293, 0.6963544960196936]], [[-0.2462583432545123, -1.1416651709511967, 0.6732785837632385], [-0.33384836537813867, -1.1243188265132706, 0.5270558548961464], [-0.2619721134217514, -1.103591830756527, 0.5495810920961217]], [[0.06904034363611589, -1.0219933103633387, 0.6418747537366571], [-0.02179543624741509, -0.9125412836879447, 0.5112981338417435], [-0.013353184060638457, -0.8589719914992823, 0.5727622274361757]], [[-0.35269063010662244, -1.2517402763272794, 0.4139784602144785], [-0.46618671744680995, -1.1811991394666634, 0.2553512038095329], [-0.3569270486895797, -1.2066922486920555, 0.35252128259070137]], [[0.007443274242398101, -0.9831570615680898, 0.2698415644417329], [-0.016123604266780278, -0.8149614386661157, 0.3157580533621708]], [[-0.32182477881090976, -1.0200275183758385, 0.35130069545508036]], [[-0.007792923532888629, -0.9775528865008749, 0.16791532145286125], [-0.043926413940929, -0.7779701464882436, 0.06486663571682993]], [[-0.22846744999913632, -1.2222661135287478, 0.23383714142960677], [-0.2265248859052973, -1.1425724485858362, 0.03935130603866943], [-0.2544860600844506, -0.9994654949995171, 0.1330957406371046]], [[-0.04379950312392222, -1.1833191052044232, 0.19315670473557578], [-0.0739655256842886, -0.9317185784388875, -0.05550706396711824], [-0.14184246418535174, -0.8108112777063304, 0.19364892038523596]], [[-0.17893078725067202, -1.0955211283739128, -0.2874373764397882], [-0.21365455346329942, -1.063904715432174, -0.386100005333045], [-0.3244095323814824, -0.7595422869835793, -0.04681103136249232]], [[-0.08383386446475327, -1.123848175222418, -0.18756083929972722], [-0.046807240081553236, -0.9315759301564372, -0.4237243831382056], [-0.15834375582146953, -0.6308018946634861, 0.001328394660857879]], [[-0.15815677946120976, -1.1901727192988387, -0.6993749138952197], [-0.09170748359861025, -1.129727447335517, -0.6801690952074001]], [[-0.06920890229141852, -1.1998280970342021, -0.6670517000780929], [-0.013107403450529298, -1.1059235748695904, -0.7274411908701167]], [[-0.12325029228512191, -1.1217733297473194, 0.6803720052925375], [-0.17582550246506162, -1.0193789498867043, 0.5201191218928087], [-0.16984546278731338, -0.9060521534077582, 0.5977591498499939]], [[-0.0886089998091982, -1.0818292406572678, 0.6575766687499478], [-0.17782190081277688, -1.0184300551006076, 0.5191769943689449], [-0.13766264874119494, -0.9812819111279045, 0.5611716597661487]], [[-0.13613347656152927, -1.2027926093665855, 0.21349692308259127], [-0.15024520579479295, -1.0371455135123617, -0.008077878964224405], [-0.19816426213490118, -0.9051383863529238, 0.16337233051117028]]]}