{"bodyId": "h0", "timestamp": 1645468269307000000, "continuousState": [[[-0.21012309987056632, -0.8633072515932494, 0.6422363909968549]], [[-0.1695493794284758, -0.9660010657770108, 0.7977677115870683], [-0.25386879535807544, -1.013301931663751, 0.7143922469205557], [-0.2742068701763569, -0.8261414175970319, 0.7458441808518009]], [[-0.14580064832113615, -0.9025852253056297, 0.7152223732022993]], [[-0.25584747240673583, -1.0953727163419253, 0.6584025542738521], [-0.3211680081491984, -1.0982590774494159, 0.5490806639206045], [-0.2260657479974475, -1.1381857353153237, 0.5282285224763728]], [[0.07131787745156326, -1.0108929379963718, 0.6555460299369344], [-0.028166401138360775, -0.849044106915515, 0.4836687870005125], [0.016932905933331854, -0.8592982836963932, 0.5646162977163272]], [[-0.34174037470373436, -1.2148482525583844, 0.3854696285788499], [-0.42856151031923984, -1.1647798605007322, 0.29363110659302216], [-0.35372927801353193, -1.1962401008441137, 0.3480905029726188]], [[0.00927354398764868, -0.9391761679686113, 0.2798781887060482], [-0.05821087707721162, -0.7356215293971287, 0.3583248883414265]], [[-0.3217553186480734, -0.9889901782260866, 0.34233251844911683]], [[-0.001643118622341344, -0.978660878416987, 0.17968577348775439], [-0.03442043733152533, -0.7929905595965792, 0.05223742467367809]], [[-0.18683971468492488, -1.1094406295207526, 0.12069830554444216], [-0.2077051453421157, -1.1692799766369297, 0.08345216329796257], [-0.24900556102994653, -0.9774861448449692, 0.14277463523845013]], [[-0.037598163794025585, -1.175325314690849, 0.20143122956652726], [-0.06166840236381155, -0.956457214350255, -0.0046097629344989954], [-0.13417816701668284, -0.8119041916207004, 0.18236854470590902]], [[-0.19269414462522394, -1.1443710842530348, -0.20026063126421745], [-0.1999360798590335, -1.060798849109559, -0.358651416524022], [-0.3231472756179369, -0.7577426409738562, -0.022124947904644254]], [[-0.07050621244400879, -1.111172006587605, -0.21020687155608142], [-0.02750553051458815, -0.9397110804705595, -0.40528481797737426], [-0.21206126010891235, -0.6145781674765863, 0.013424834213965453]], [[-0.16073828691459935, -1.1968430826972307, -0.6878634908991563], [-0.0962808070459319, -1.1172832709258573, -0.6962267300287052]], [[-0.06815744775991917, -1.2153033527655035, -0.648690929962378], [-0.013839331904645591, -1.1032052073251677, -0.7304910365136492]], [[-0.12193071021408852, -1.1162631236515976, 0.7018102062674823], [-0.15360636159085883, -1.0416367778626927, 0.5432959550885288], [-0.14903673102682624, -0.8921251984355997, 0.5902956974785661]], [[-0.09226479747758629, -1.0531328271691485, 0.6569742921053933], [-0.17466720464377958, -0.9736515921824654, 0.5163747254605585], [-0.10456642103205782, -0.9987420095058585, 0.54642241009635]], [[-0.11221893923947523, -1.1423829721058008, 0.1610647675554847], [-0.13468677385296363, -1.0628685954935924, 0.039421200181731786], [-0.19159186402331468, -0.8946951682328348, 0.16257158997217958]]]}