{"bodyId": "h0", "timestamp": 1645468276543000000, "continuousState": [[[-0.2276455522690124, -0.8957034877249966, 0.6494727552432137]], [[-0.171714608278753, -1.0029488013168972, 0.7915234740016068], [-0.2677284142052359, -1.040341671048949, 0.7126474646068626]], [[-0.13016721976261425, -0.9747592974422641, 0.7345536649166642], [-0.11087210245296031, -0.8894373767913124, 0.729468525042697]], [[-0.2349117943764953, -1.1379916885705803, 0.6663372604146773], [-0.3279327743923199, -1.1218401051009972, 0.5278911190348763], [-0.24913401905240906, -1.0977741710868978, 0.5552536716554889]], [[0.08146223220098492, -1.0127923402626808, 0.6396391155798646], [-0.003884762637953676, -0.9480505176839105, 0.5313191495704337], [0.020298932929269542, -0.8772776705786259, 0.5578258457683657]], [[-0.33778523717096826, -1.2539813383768743, 0.4062758792353127], [-0.41149691430651114, -1.2022725202592508, 0.2789843753289558], [-0.33524649950167706, -1.2259632485959662, 0.33804469314810015]], [[-0.0033278828843624764, -0.9346488698207371, 0.25594700223328126], [-0.052552824104396656, -0.7564474239361273, 0.34685662460801614]], [[-0.3184556703045059, -1.0787131671752468, 0.4579125602660141], [-0.3233277342370816, -1.0313406004125891, 0.35404502936701066]], [[-0.005080297635068232, -0.9894136785536463, 0.18421334112217846], [-0.04212963087656285, -0.7808072364897936, 0.06239040700182674]], [[-0.2190769555568322, -1.216988409382691, 0.23240093207098922], [-0.24503162070109363, -1.104940730163277, 0.006826193525204971], [-0.2526835427916202, -1.003324273330673, 0.13025459085713276]], [[-0.039838687739133904, -1.1776482306875202, 0.195589828840244], [-0.07006316321048589, -0.947076050129777, -0.03397730415634004], [-0.13717865983887467, -0.8201879389010491, 0.17920128516667244]], [[-0.1820482230738254, -1.1090708689607163, -0.25778004767625595], [-0.23348827739043465, -1.0275074541274118, -0.39338514788806433], [-0.3294113628753025, -0.7341386343192158, -0.034301532962053405]], [[-0.07910072104197385, -1.1123468268420127, -0.20251325908663875], [-0.03762678196670022, -0.9343621427446482, -0.4160559372906101], [-0.19465169126339188, -0.6319999470544455, 0.0010815858339473516]], [[-0.15663399815368984, -1.1867169600932672, -0.7055914083255554], [-0.09859609981221706, -1.1125679317211437, -0.7026492717093985]], [[-0.05523741250423919, -1.188462322765335, -0.6957933222403534], [-0.015331025998230774, -1.0988440888943058, -0.736177076702346]], [[-0.10419699073991673, -1.1055332821152746, 0.6707638505171625], [-0.16382695578832912, -1.0311833504302002, 0.5285524228581662], [-0.13642191349291832, -0.9297299648838898, 0.5813378602847731]], [[-0.07672478108775518, -1.0753920144166305, 0.652988187997271], [-0.16590876851513678, -1.0349453113924538, 0.529605134302655], [-0.11441754306156976, -0.9875259208327618, 0.5565397587119273]], [[-0.12945782164798306, -1.1973183200351056, 0.2139953804556166], [-0.15754739195578976, -1.0260083901465271, -0.013575555315567533], [-0.19493110131524743, -0.9117561061158611, 0.1547279380119026]]]}