{"bodyId": "h0", "timestamp": 1645468279022000000, "continuousState": [[[-0.21850329236884858, -0.900502920602432, 0.645661953036404]], [[-0.16259196559234773, -0.9959224151767145, 0.7912026992994536], [-0.24388057192904944, -1.0458556681412756, 0.7140359590884409]], [[-0.1194906212997926, -0.9660308517028184, 0.7278576319629018], [-0.10097099648874064, -0.8830864376834585, 0.722496924939336]], [[-0.23691643939836626, -1.1446884906841457, 0.6712687706505756], [-0.3245820429531514, -1.1145594766981393, 0.526028360207847], [-0.2437629563180378, -1.0715727244257358, 0.5769970191915207]], [[0.07474860323118054, -1.0384049370612884, 0.6541112430804215], [-0.009064805499564565, -0.9061907897702624, 0.5054636157998318], [0.02433349560172471, -0.8712707809026385, 0.5591481220980447]], [[-0.33241307138588283, -1.2328088179415664, 0.40985755354439], [-0.4565885023555507, -1.1309013439495126, 0.23350020320469222], [-0.3408774839762443, -1.209743419504119, 0.3465153025348441]], [[0.04345657107359169, -1.1288382484257935, 0.48297188675894165], [-0.004446627176802775, -0.9079581256641216, 0.24139632076558937], [-0.055507934104672474, -0.7406529021459446, 0.3481679210546469]], [[-0.3003313099259375, -0.9486916662918763, 0.3759082997697506]], [[-0.0007253496702587237, -0.9779987917549473, 0.17126446764505587], [-0.038003356938945076, -0.7871898082746305, 0.05690615639933638]], [[-0.2288381437093302, -1.2276574514631604, 0.2476418315942306], [-0.2306398069106934, -1.1185104306284943, 0.021827734243333063], [-0.25063529476259283, -0.9937414691691935, 0.11836169616525483]], [[-0.030585086153208874, -1.1755243994779752, 0.1972930095446117], [-0.06250417385577, -0.9421691518301962, -0.04331494354001797], [-0.1445822296266558, -0.8068094883686133, 0.18138816778556355]], [[-0.18181163123876953, -1.1093180895537238, -0.2578157522056366], [-0.2090308490348738, -1.038210875716146, -0.3936463352574038], [-0.3316822912969465, -0.7288296040965196, -0.029836325275793607]], [[-0.08404890324032288, -1.1244107804466679, -0.18672167958457742], [-0.036950599529823935, -0.9357409544017976, -0.4147627210078402], [-0.19302923112070314, -0.6360192022446278, -0.018097240729597508]], [[-0.15975947555245573, -1.194164655212748, -0.692216968386435], [-0.09500743568116365, -1.1218251550831315, -0.6906182644268178]], [[-0.0685238049924346, -1.1982537146105734, -0.6696276579679941], [-0.01232425508584567, -1.1076309379506863, -0.7249005397110528]], [[-0.09788167050680535, -1.1201940130922148, 0.6818886037853551], [-0.16780628315316648, -1.002864322458971, 0.5093018171542185], [-0.10857042123121263, -0.9547518804722169, 0.5731039102695523]], [[-0.08108391808359286, -1.091546713872717, 0.6626900068654985], [-0.16682342422635799, -1.0103751332342008, 0.5157459880038394], [-0.10971473035815654, -0.9714217526641872, 0.5680725706447827]], [[-0.12971161493126954, -1.2015909254705677, 0.22246742056942115], [-0.1465719903832317, -1.0303397912293453, -0.010743604648342453], [-0.1976087621946243, -0.9002754787689033, 0.1498749319754092]]]}