{"bodyId": "h0", "timestamp": 1645467588453000000, "continuousState": [[[0.01612364674408484, -0.8192886104338902, 0.6191380762381531]], [[0.04752020008186425, -0.9298915390764506, 0.785964344290359], [-0.04344640406991751, -0.9603424932673497, 0.7012974265462828], [-0.06897727998675629, -0.7907527522730032, 0.7396617169383769]], [[0.08590871611506357, -0.8971521529229665, 0.7153806870601724], [0.08791483701184877, -0.7665204230732164, 0.7105467489386578]], [[-0.015756289974440396, -1.0354888777284588, 0.6269632070630562], [-0.08784996804713352, -1.0508166585698746, 0.5535349117490735], [-0.0492913663893817, -1.0221642880674189, 0.5431396209298325]], [[0.31061438942932157, -0.967330079772899, 0.6490128051691029], [0.2376944896391372, -0.9388717488643192, 0.5571148959784096], [0.24689017279024816, -0.8550972061241677, 0.5722475735675596]], [[-0.09248663696143034, -1.122044672905171, 0.35885599460907747], [-0.14134968515471702, -1.129483024860976, 0.2815334061832], [-0.08108632493670376, -1.1290596288342125, 0.2270006144359321]], [[0.2447838747749802, -1.1014030703444555, 0.5077076465036088], [0.25852536314133123, -0.8019660907287389, 0.09829870233415838], [0.28657707131316523, -0.830654130927787, 0.2906406276613249]], [[-0.22560736552250804, -1.0868381304728216, 0.12727220310127496], [-0.2226097428911844, -1.0523092464511974, 0.07590287395394868], [-0.21884200330077352, -1.0342774792506417, 0.06791971629228277]], [[0.29093551031480736, -0.7347772170406044, 0.03377582369188148], [0.2539602233446763, -0.7351191240645698, 0.05778688600258919]], [[-0.02364078544535053, -1.1846051943712326, 0.23639774056504947], [0.00789088799864357, -1.0871401478179008, 0.04087587362708578], [0.03633374244042109, -1.017089458050453, -0.035132903143518135]], [[0.16112649380095245, -1.1802470224970754, 0.21748253416140373], [0.19231041247000114, -0.9254625688188698, -0.02741103020905067], [0.1839014731970008, -0.8495450754055426, 0.045914592494004314]], [[0.09457517749608868, -0.9985311801071677, -0.3804584280577994], [0.07009652567602065, -1.1367591628698077, -0.2673939929189224], [-0.19747041637241436, -0.5369552899135037, 0.0022251506434392]], [[0.1673699074480849, -1.1030293788245547, -0.2131115055007038], [0.2055716995634299, -0.9056815475100515, -0.41208186639144184], [-0.035824005502034906, -0.47571202843928506, 0.010288777237801527]], [[0.03844351755176134, -1.1785905078024945, -0.6725484683237173], [0.11688301476052876, -1.107689151294085, -0.7216538072874206]], [[0.19217070962760552, -1.1740911159244318, -0.6965854811065619], [0.23949657591638263, -1.0210275798045378, -0.7672006837494996]], [[0.15083045215323632, -0.9911184045528321, 0.6317042928182028], [0.08786933690861792, -1.0070424243349785, 0.5574610341953676], [0.018901147890756143, -0.823180986571426, 0.6174180237440305]], [[0.1474290497274406, -1.0014094787506789, 0.6379880061160795], [0.07492226079600184, -0.9948442037170969, 0.5553249038637416], [0.09879940320043323, -0.9386307470957933, 0.557693597248696]], [[0.06874285417780096, -1.182426108434154, 0.2269401373632266], [0.10010065023432235, -1.0063013583183853, 0.006732421709017555], [0.11011760781871094, -0.9333172667279979, 0.005390844675243089]]]}