{"bodyId": "h0", "timestamp": 1645468289541000000, "continuousState": [[[-0.21973537806844706, -0.8280611153696387, 0.7074977970847747], [-0.23542165382743463, -0.8927526051284104, 0.6590547459233452]], [[-0.16456324482283158, -0.9821190964581463, 0.8028611144173066], [-0.24831910589006223, -1.0385479414037935, 0.7174151224467664]], [[-0.120597686659635, -0.8620170670682278, 0.7129513961006906]], [[-0.25108971983951256, -1.1245764497071602, 0.6662247584716083], [-0.33644891586987813, -1.0957473074133195, 0.5365255102829609], [-0.2682596820808054, -1.070458941890097, 0.5619665487617926]], [[0.07418755507865116, -1.0010038314656238, 0.6368867518329628], [-0.017894649232527038, -0.8818329829632034, 0.5000850118590674], [-0.004674492485680526, -0.8369693356811122, 0.5775476669906064]], [[-0.35409858175278147, -1.282087077013227, 0.4462207784133079], [-0.4280415775636106, -1.2145488934762594, 0.2869416209633695], [-0.35516606912100745, -1.2288053760161097, 0.3591588143482364]], [[0.005477311971379573, -0.9583795699932955, 0.2638429432455831], [-0.06364378768078272, -0.7383388455429889, 0.3588499677979675]], [[-0.3492941034421162, -1.0524717794283387, 0.4111680733411527], [-0.3262523844487366, -1.0283560844445794, 0.34120519172698793]], [[-0.001127744300206901, -0.9981128944653452, 0.18288881301523108], [-0.04653861375995083, -0.7736320526448601, 0.06847746150544032]], [[-0.224546375341725, -1.215288342228356, 0.2344365157941204], [-0.20246256913604088, -1.1782907377487666, 0.0826050335574553], [-0.27253098648970486, -0.9636624617813402, 0.12668083307196987]], [[-0.03057292213833318, -1.1627903055733455, 0.1969400082500985], [-0.047658973620989364, -0.9933483067972753, 0.01631088544876569], [-0.14557474254635505, -0.8065005443094658, 0.1740999055488447]], [[-0.1912038505383894, -1.129582557625783, -0.2410736309239081], [-0.21481110478121412, -1.0470119106673534, -0.37823705612816516], [-0.3343193887669781, -0.7239238845722265, -0.03308202084254308]], [[-0.07638585061617253, -1.0921279461569178, -0.2123242707448285], [-0.038910728487430934, -0.9298939566538107, -0.42002318628813073], [-0.20369774057733292, -0.6178267150997284, -0.00034129381453973373]], [[-0.15374614004222475, -1.199720350231586, -0.6912088496858946], [-0.10079401300277757, -1.106221548080665, -0.7105837116088364]], [[-0.06131436937963852, -1.1827893165845418, -0.6967546360393617], [-0.016752288896150214, -1.0951510874655495, -0.7410112052335539]], [[-0.11929916608401547, -1.1201007620850567, 0.696468052275629], [-0.1519721712390309, -1.0437669250166046, 0.5378435108926987], [-0.15973194837384885, -0.9130001733782724, 0.586230685306622]], [[-0.0884510823804307, -1.062790140586392, 0.6515557551522856], [-0.17717178255120258, -0.9887901451882615, 0.5183052610710142], [-0.13646708728324297, -0.9537141387856045, 0.5697571078761996]], [[-0.1275596487400291, -1.1890393239008508, 0.21568826202210944], [-0.12506077137851512, -1.085819522273021, 0.049457959503110493], [-0.20905286451802996, -0.885081503045403, 0.15039036931040728]]]}