{"bodyId": "h0", "timestamp": 1645468302673000000, "continuousState": [[[-0.16688884903502776, -0.8518509254590054, 0.6479986168278294]], [[-0.17792745885701772, -0.9511161175146379, 0.7827749285853787], [-0.259526448155068, -1.03012699853139, 0.7180706524328928], [-0.25279353634263235, -0.8587479993135898, 0.7318895736874561]], [[-0.06692018115197418, -0.9838922897465063, 0.8241640228193952]], [[-0.23968526955525898, -1.1372412925118232, 0.668104998180473], [-0.3037588301972231, -1.141069519902925, 0.5500556083125738], [-0.25274837880386647, -1.1082706221541105, 0.5455761420356322]], [[0.08996357973585811, -0.9965773756774474, 0.6290668365126717], [-0.0045064982321557645, -0.9253824063651765, 0.5218129462408903], [0.03322591054646229, -0.9094192394641274, 0.5584896277545508]], [[-0.3452871574053247, -1.2623512058354787, 0.41767175776457965], [-0.4650748356719522, -1.1696851302888036, 0.24986931423662084], [-0.3517045420284468, -1.219080187265177, 0.3539518850470652]], [[0.06515444175522467, -1.0885685934976082, 0.4497034038523633], [0.016295234817511495, -0.8904042152032292, 0.21473069698176706], [-0.05704096391253022, -0.7476730093684756, 0.37390917359174936]], [[-0.33349862848160505, -1.0307528752884805, 0.4104846970598248], [-0.41354336570122785, -1.1942183117789402, 0.39900698191395834], [-0.33094544464870945, -1.016894768418436, 0.34800776698570446]], [[-0.003569543802561026, -0.9027421174171919, 0.13511679339536897], [-0.05057247525702313, -0.7661625255393315, 0.07427942680554989]], [[-0.2173100354014913, -1.2163645684599054, 0.23947392133044954], [-0.20654971897071928, -1.1697295195421786, 0.07522244318473215], [-0.27134960088047344, -0.9220660085217766, 0.19615118803371112]], [[-0.0299660953944485, -1.1762191392739305, 0.20684506001828518], [-0.05446650915096951, -0.9517947997628018, -0.014010986266109082], [-0.1491722903533379, -0.7948190141124152, 0.22010566073584414]], [[-0.19431580278066607, -1.1531346086679217, -0.17724554811663684], [-0.20118317124170437, -1.055168203608192, -0.37500797766131444], [-0.3344157951466046, -0.7200308748595747, -0.006470279536830104]], [[-0.07167451552416837, -1.0988970810968346, -0.20885471759324226], [-0.03696483723612043, -0.9356646361130956, -0.4146588152363986], [-0.18863313891323275, -0.6530510519701005, 0.007043248991345563]], [[-0.15251317971219214, -1.2011077247765598, -0.6748721623277074], [-0.09730433420932827, -1.1150339593188476, -0.6996616918400608], [-0.2848430872966261, -0.7613598519343601, -0.42975725419730737]], [[-0.07025246778779437, -1.2015422870457568, -0.663415183655103], [-0.0130408011697698, -1.1049070992788104, -0.7279539046702327]], [[-0.10956920894636546, -1.1208015077289823, 0.6867157930029817], [-0.15953350004018135, -1.0252936399361845, 0.5277896808796889], [-0.17653640252267966, -0.8777715577047642, 0.615520326425189]], [[-0.07486084490970044, -1.0669093340946354, 0.6485859173465723], [-0.15413266421468944, -1.0332259631340508, 0.535934277276732], [-0.10976123412870209, -1.008844930809119, 0.5520328848950915]], [[-0.1236380653979699, -1.196291853866918, 0.22315949067436736], [-0.1305081140608444, -1.0607621596524903, 0.030605728459311532], [-0.21026094561690567, -0.8584425113170959, 0.20812842438477763]]]}