{"bodyId": "h0", "timestamp": 1645468371080000000, "continuousState": [[[-0.10737982934318513, -1.100761216764979, 0.7608105831014809], [-0.12450570548319739, -1.1241170986031177, 0.6783830578039747]], [[-0.011690163753720062, -1.2092855682489465, 0.8217156823837659]], [[-0.005429080147276721, -1.0833325471647757, 0.6693464390674816]], [[-0.005339354782059935, -1.4045880893838425, 0.671608839456254], [-0.10102563039588541, -1.289700549726295, 0.5829770664631306]], [[-0.025404515105413472, -1.1497547364573364, 0.6162366354521625], [0.04804123947716743, -1.0849664890684299, 0.48255445901700567]], [[-0.04262189994414889, -1.5796060010100919, 0.44871398783272487], [-0.12021153323787281, -1.4210235958046915, 0.38959004309277034]], [[-0.07857786720307336, -1.2208978972729077, 0.5508866252582327], [0.01208271460766186, -0.9666218840401837, 0.2452551432451765]], [[-0.1617087111051223, -1.5412600897150714, 0.25985040427732353], [-0.1272226842411549, -1.5029655188537732, 0.15190505734163984]], [[-0.027594369518754158, -0.7782855466885277, 0.05829050178606554]], [[-0.035378180159298056, -1.5613563688245784, 0.28120416445885166], [-0.0702683486906619, -1.3500617531302463, 0.06004750769107203]], [[-0.18044009107139947, -1.5653251538614432, 0.42988136242149166], [-0.05129594905656498, -1.1021973225792836, 0.13565938521814447]], [[-0.013667754285084044, -1.49195590282319, -0.24518794866392923], [-0.13872996542957017, -1.100065308730896, -0.07019893772695962]], [[-0.18091571789997507, -1.3110769796624133, -0.2887664904285967], [-0.2540430445163364, -1.0433103651625801, -0.08908117201716248]], [[-0.035030322703521244, -1.4992062661267236, -0.6342351306955152], [-0.21007129279154713, -0.704499869390302, -0.003302939462689891]], [[0.007625103773270303, -1.5891323150988694, -0.5203613008818764], [-0.32887461495978476, -0.7397052513066007, -0.15290255884987158]], [[-0.03198305472084351, -1.3055141074142025, 0.6710649902292543], [-0.025963594594389794, -1.1840575666384021, 0.5325759622543504]], [[-0.015371934943736704, -1.2771714129205893, 0.6439227374542082], [-0.02649219545935899, -1.1873335193973624, 0.5327657627400681]], [[-0.10790913561534876, -1.5633407613430108, 0.35554276344017166], [-0.06078214887361344, -1.226129537854765, 0.09785344645460825]]]}