{"bodyId": "h0", "timestamp": 1645468379924000000, "continuousState": [[[-0.09486369309108111, -1.065240930963656, 0.6581601835865808]], [[-0.09712848391156581, -1.222155494318119, 0.7308528162671717]], [[0.027279000575218426, -1.175175010515895, 0.7316476673981395], [0.028382222398430357, -1.0594276778789986, 0.6607846827619187]], [[-0.016353792228996022, -1.4262599142082732, 0.5693428753147882], [-0.09525266846945746, -1.065480035123785, 0.6583016608266353]], [[0.04430180772882508, -1.1316990177680228, 0.5359433347320468], [0.09971794314494264, -1.117290835886629, 0.45075115286026024]], [[0.020374512349528473, -1.550700554237581, 0.3494768532424922], [-0.04290077148546201, -1.2659706009733342, 0.4301277830560747]], [[0.09781562436703345, -1.3464268415281406, 0.43473273909119436], [0.0028992300216739153, -0.9503024688169377, 0.2634601597454518]], [[-0.08734124806129728, -1.5826714757534037, 0.161125874750492], [-0.06425807560858887, -1.4279341298010992, 0.2012373960202507]], [[-0.028323673989380405, -0.7766986756161725, 0.05931699022536718]], [[0.05023758733424155, -1.554897845213743, 0.20699777951518472], [-0.033934429464701044, -1.2916508113071639, 0.07559856638366103]], [[0.12048517964931771, -1.5127907202280846, 0.22762865524688136], [-0.0009474629673851265, -1.1885324697535948, 0.04114815179736486]], [[-0.02091146400213939, -1.4517411753241067, -0.28898780748771813], [-0.17583155311289567, -1.0041495221196048, -0.008636951801460402]], [[-0.0037493894244606807, -1.3539244270303468, -0.36582142567715603], [-0.2625315445368852, -0.9498973626944791, -0.02687331059958098]], [[0.05022717602979776, -1.560992037202125, -0.5648357917478426], [-0.26237814125701464, -0.6534765656894067, 0.0007473979684575749]], [[0.05584126514256593, -1.378914144410118, -0.7074438583709165], [-0.3395827898877999, -0.8183494555992379, -0.1406754066899426]], [[0.03181272237108823, -1.3314703197152462, 0.5784524704515606], [0.02201391212668513, -1.1640397437891967, 0.5344621288635076]], [[0.01397400774991453, -1.2789794659881482, 0.5526431050234175], [0.0022326373377425934, -1.0913854355052068, 0.5545264068434478]], [[0.08536138349177963, -1.5338442827209138, 0.21731321738103304], [-0.017440946216043085, -1.2400916405303795, 0.058373359090512944]]]}