{"bodyId": "h0", "timestamp": 1645468436204000000, "continuousState": [[[0.3491385549826471, -1.0982581561010558, 0.6916189941293771], [0.23834561992133463, -1.139868160595014, 0.6376306238764189]], [[0.321847597404607, -1.051915383241752, 0.6957459481314594], [0.3066066556499737, -0.8869064773423341, 0.721294319719977]], [[0.2610682849777841, -0.9878367379490789, 0.757095091956407], [0.2194426168041148, -0.9847329387905943, 0.6882161997224653]], [[0.47694557763775874, -1.0558475604217286, 0.6254831190790495], [0.40257548405005894, -0.9769343651986744, 0.5222869921537245], [0.4387985014178798, -0.9309905709385763, 0.5717523955985985]], [[0.1975800788896207, -0.8319216740584501, 0.5722439705113114], [0.1610046276592359, -1.0730268557776332, 0.6219105690907185], [0.19270914305977738, -0.839653083161719, 0.5113292720843298]], [[0.5845970800891658, -1.11102469369979, 0.3151293789212173], [0.4647197991989367, -1.225592418544332, 0.356089870770373], [0.2354479155105791, -0.8303090392738596, 0.4884480126768804]], [[0.06973362993960541, -0.8707713633741405, 0.35469412611362383], [0.07860380118786386, -0.9675038534811797, 0.3606629235909642], [0.08103006214426256, -0.8546216839433735, 0.2505817833837154]], [[0.5747909377825269, -1.2954897394437943, 0.11878229354471914], [0.5037897284693658, -1.288755074775122, 0.0758700794011875]], [[-0.02224766014565538, -0.8246505117937697, 0.09965233935637197], [-0.011201813956519757, -0.8524753196400265, 0.10232010353712573], [-0.023621532779662502, -0.7594709101219509, 0.06822931649736363]], [[0.40602374032576805, -1.0621527903731383, 0.071177092649231], [0.389244321662521, -1.197124104729486, 0.20712595401457268], [0.37500220676917384, -0.8144189628180823, 0.05551857933566717]], [[0.20464514569481151, -0.9920084016953845, 0.10123310048335776], [0.21712146152916556, -1.0561893488125635, 0.08589834811383978], [0.19817382002944606, -0.7753694548364467, 0.0809568195181406]], [[0.3756418272937554, -1.1886814768160539, -0.2834764752059973], [0.3411461631325026, -1.2429803864204316, -0.1141745150626512]], [[0.2895045414324444, -1.0953317895721617, -0.2929236338769412], [0.34518639695805786, -1.2608454509624802, -0.038903591419997774]], [[0.1730356813474796, -1.0590702978413244, -0.5619160128221787], [0.3930531772287623, -1.2151152131582839, -0.6716898617117918]], [[0.3357230516427002, -1.2838578166167085, -0.6251864458652545], [0.36691865223633485, -1.1132209402897688, -0.4591867694486025]], [[0.3025533211939211, -0.9999592084391666, 0.6381612792873765], [0.2906915558405942, -1.0897811435851215, 0.5955614954876389], [0.28987947055716745, -0.8564388086231729, 0.5470166788876996]], [[0.3372628282636897, -0.9438846172400893, 0.5988635447951804], [0.28179005585464745, -1.0249806104881538, 0.5720987806222215], [0.3157538222388286, -0.8853218270501477, 0.5415408338414641]], [[0.3053344430102898, -1.0270805960342613, 0.08620509656629438], [0.3031828915958433, -1.1266567267710248, 0.14651215106420623], [0.28658801339930995, -0.7948942088272646, 0.06823769942690389]]]}