{"bodyId": "h0", "timestamp": 1645467604399000000, "continuousState": [[[0.03409524484195492, -0.7991031975534739, 0.6546187626565689]], [[0.047791107848900116, -0.9360683540922465, 0.7705463473582117], [-0.012025251957661576, -1.0552090637116178, 0.7406672811986679], [-0.04255395218200464, -0.8346234587280825, 0.73530300009031]], [[0.18080670238019453, -0.9559890577527532, 0.7988982316221376], [0.09843811484032211, -0.9287476488312179, 0.7352137786207511]], [[0.004293532362059649, -1.0330099898102696, 0.6175755437225943], [-0.09668961294219869, -1.0561627774762805, 0.5390316159126765], [-0.05525589563324185, -1.0248058746245483, 0.5511791897920889]], [[0.31990581413691915, -1.009649925361372, 0.6500184043375183], [0.24176878291142267, -0.9416535647334665, 0.5181696722969944], [0.27167494404974546, -0.9099880235765203, 0.542272960113192]], [[-0.09688601559441401, -1.1261242681849468, 0.34763775597419544], [-0.19204294149573176, -1.1138165756979068, 0.177804036183546], [-0.11088126239182072, -1.0833258616351396, 0.26470761994760816]], [[0.22541433409434353, -1.1382722519053767, 0.4978744010744036], [0.25895538125250084, -0.7865733611289731, 0.04286040965394844], [0.2809948698525502, -0.8453939483698985, 0.28599903560879414]], [[-0.2412720701768708, -1.0702565788861038, 0.11457987982950968], [-0.2620052761675641, -1.0352503517950113, 0.03880339424497947], [-0.21973022906397488, -1.0308766586879716, 0.07831290803551871]], [[0.3006255425237574, -0.7430179241945418, 0.0343577696136681], [0.26005914136880826, -0.7425771035482991, 0.05141339626662744]], [[-0.02833914082011668, -1.1939946076139414, 0.2460025611472676], [0.00738728751786466, -1.131453849093034, 0.07957397769457053], [0.035167272127921034, -1.043897257851071, -0.03169312424409432]], [[0.1365701875128219, -1.2169314362719237, 0.2391739284581409], [0.1798830732540187, -0.9899926517015911, 0.0028842004202751514], [0.16952990360657072, -0.8905515316172479, 0.0463110474915287]], [[0.04245922235819122, -1.0967268349133528, -0.261667469667918], [0.045799460661955615, -1.0860209215644197, -0.3160691136336522], [-0.18524303435832867, -0.5667828514535356, 0.005005023517692608]], [[0.14887178030811787, -1.1035018987441392, -0.19991990899588896], [0.20099922879254462, -0.9198522340953335, -0.40239573772253046], [-0.03732674245574574, -0.5230116947166337, -0.007682757102224547]], [[0.03302884710624243, -1.1884946778806156, -0.6554625055944936], [0.1191480320799343, -1.1158980888687076, -0.710891852544723]], [[0.1932022164867273, -1.1727317034498344, -0.6991061256614624], [0.24012172340016935, -1.0243975135518917, -0.763159961928827]], [[0.1584683018480179, -1.0099667844537636, 0.6170660533560115], [0.05174052030186049, -0.9520284226517026, 0.5012818901421563], [0.05996448687680789, -0.8995248043105206, 0.5832896889396136]], [[0.1620996732494894, -1.0213299575858208, 0.6337969740300563], [0.072539584984612, -0.9989081711048735, 0.5286006441048354], [0.1082095242082518, -0.9673969491005343, 0.5467260749526405]], [[0.05411552334635261, -1.2054630219429325, 0.24258824480270424], [0.09363518038594168, -1.0607232503973125, 0.04122908905742284], [0.10234858786724588, -0.9672243947341594, 0.007308961623717192]]]}