{"bodyId": "h0", "timestamp": 1645468446120000000, "continuousState": [[[0.19526162617638693, -0.9514704247549735, 0.7253368086439724]], [[0.3339968181538287, -1.0008534218750655, 0.7785073345856517], [0.22735317351959294, -1.0565356756250885, 0.7169858808829398]], [], [[0.4807220829020931, -1.0303389280771058, 0.6132807008048242], [0.40196296872143633, -1.0313580998109766, 0.5485544893556578]], [[0.17485120717917796, -0.8616288206048277, 0.5932491510073568], [0.14230614269410846, -0.9890325639244031, 0.5743897058521723]], [[0.5535885345450301, -1.1360581375516072, 0.32479206154903983], [0.45960789661804125, -1.1975505035472687, 0.3269021208524019]], [[0.0706559735899307, -0.8748186174316137, 0.37304217781501947], [0.08690565837635722, -0.9899493882605233, 0.36013309599456345]], [[0.5764583404474385, -1.2941996030507008, 0.11660130209034558], [0.5037396720297524, -1.2888955232991535, 0.07572985274993194]], [[-0.015399219357738025, -0.8292457945611271, 0.1087907082384616], [-0.018582874991638354, -0.8530974510463691, 0.09958498702626817]], [[0.40710981217751163, -1.0602160960079823, 0.06911245642876551], [0.38343204026753, -1.1795078150159997, 0.15861162331924095]], [[0.24169560122101008, -0.9154934739262122, 0.03891900741406307], [0.2219959055281805, -1.0389451963222425, 0.03150323392000698]], [[0.357619997231409, -1.1976378675808943, -0.26237248048671447], [0.32969772202357334, -1.1992290218582693, -0.20251075151597164]], [[0.2843358077811152, -1.08827106003018, -0.29507761544330124], [0.3519013373309517, -1.2157931239269815, -0.11362203314038322]], [[0.1881446861513203, -1.0678613461434205, -0.5659899221026778], [0.3934134850264982, -1.2189959518546425, -0.6663784909897533]], [[0.36841331038422687, -1.2440482346514181, -0.667256073409972], [0.39250015227807644, -1.162669974004554, -0.6875478454792308]], [[0.30831069587880633, -0.9678190310335637, 0.6223479300155546], [0.270593259711481, -1.0345985669072348, 0.5633775942448942]], [[0.32778664504063554, -0.9459838743409668, 0.6032649259060905], [0.2721345557077724, -1.0101953318676897, 0.561472097603915]], [[0.32440270669926086, -0.9878547849670972, 0.05401573192141429], [0.3027139728978553, -1.109226505669121, 0.09505742861962396]]]}