{"bodyId": "h0", "timestamp": 1645468487392000000, "continuousState": [[[0.19527617735641872, -0.9879884564396617, 0.7456380164564067], [0.09308659096667854, -1.0570422925983727, 0.6836430710547081]], [[0.3341129582551523, -1.0010002361761148, 0.7784711759228262], [0.22953581008163187, -1.060930394746232, 0.7135419050893318]], [[0.2173563369844861, -0.8691371991152844, 0.675264980489029]], [[0.4403726997469413, -1.0285624945417924, 0.6257680010977256], [0.355885304981991, -1.0521413852177965, 0.5484857154931255], [0.34649183424173713, -0.8731822406875329, 0.5942923061864437]], [[0.16370152559581758, -0.860528205933873, 0.6176348462065926], [0.1384067754741452, -1.016305168633022, 0.577773892226944], [0.1556717575095692, -0.8332441562203434, 0.5228512793207997]], [[0.4827541452233483, -1.1407729480220101, 0.36636620862292335], [0.4245099773774159, -1.188447582578497, 0.34092528778856424], [0.20330608846708098, -0.8498238277784579, 0.6757778152941383]], [[0.07535159778291556, -0.8692552245946492, 0.3841453276732141], [-0.00343407933241735, -0.8331491575135972, 0.10377453362341238], [0.05744339566013634, -0.8309908084216938, 0.26937357914095816]], [[0.5237509388141411, -1.2928723116135625, 0.15436414283551936], [0.4976721193050563, -1.2432563770372775, 0.07412009953179988]], [[-0.019697197021278923, -0.8266568882687229, 0.11911062430113484], [-0.01811155356856564, -0.8544736673419233, 0.10101839646268118], [-0.024053291461146875, -0.758684712190087, 0.06868766440818186]], [[0.36242003414221335, -1.1074273984830791, 0.12467442374409199], [0.37226124606919575, -1.174687351734759, 0.1979221340245807], [0.3886420652414466, -0.8196144527762883, 0.0822203773015654]], [[0.20917113923580222, -0.9417330865978819, 0.07442704131582323], [0.218653202555795, -1.041751830629921, 0.08547661032282683], [0.19257314419146665, -0.7568298743706116, 0.11708967477899179]], [[0.33653692661843426, -1.1847566862368968, -0.2714187159963637], [0.31887765960199016, -1.202873715740694, -0.14629927513297614]], [[0.2641392850243104, -1.1018218271645424, -0.2938835152465584], [0.3220699026933872, -1.2048166038415054, -0.12323200853149308]], [[0.11946179544541835, -1.0883153308818305, -0.5747196828524204], [0.3605327606805864, -1.192940145738342, -0.6760039133269724]], [[0.30108491234896273, -1.2981502063375265, -0.6389321333967499], [0.3580796154456656, -1.1898343948930175, -0.6687972992534416]], [[0.2616420289255361, -1.0076757804773984, 0.6682485579384763], [0.2531882241381713, -1.0306757647476337, 0.555713133942447], [0.257581696063226, -0.8473241120293977, 0.5572990332692763]], [[0.30203711267137945, -0.9445453502378327, 0.6217014236521591], [0.2471460402280681, -1.0342232769254092, 0.5631298038600347], [0.25108179587565316, -0.8532131984539382, 0.5585717927536217]], [[0.2857955866890078, -1.0245802425404804, 0.09955073252995761], [0.2954572243124954, -1.10821959118234, 0.14169937217370376], [0.29060760471645664, -0.7882221635734499, 0.0996550260402786]]]}