{"bodyId": "h0", "timestamp": 1645468516872000000, "continuousState": [[[0.1667703463774039, -1.0287005670800404, 0.7273836524179385], [0.07820620952424345, -1.113104939811055, 0.6811929915822179]], [[0.2906771125651361, -1.0632558528998692, 0.7892185598511541], [0.2010393707216917, -1.089927567824711, 0.7036358110782903]], [[0.1853151569563415, -0.8914967761649855, 0.6903765590701901]], [[0.43427834581083835, -1.0370014965078227, 0.6241479807571961], [0.3393330432116277, -1.088051173759505, 0.5600002815510872], [0.32619542702465076, -0.9012698271579401, 0.6132947828099747]], [[0.1605961848441831, -0.878127816238568, 0.6194426527728611], [0.1449715922106833, -1.0320009438959574, 0.5729509051703534], [0.1509613287661109, -0.8377698400642727, 0.5228590126053934]], [[0.460544445791799, -1.1669217632343698, 0.381996819443853], [0.4100067883184819, -1.1426247439584925, 0.3262051336886582]], [[0.0725266538529391, -0.8723205651862693, 0.37878472545682507], [0.0024580072932262054, -0.8781397689711721, 0.13218303616315175], [0.048305793024916444, -0.8177194755264038, 0.27821527435699933]], [[0.5579600476435087, -1.247204470185176, 0.11474867736342187], [0.49580657438251674, -1.213466207628314, 0.07252839768642971]], [[-0.020804316247402976, -0.8289062997529326, 0.12093346254635162], [-0.013483630978298411, -0.8505354766736599, 0.10969552745484346], [-0.020913088714924255, -0.7636918339402998, 0.06444823311099834]], [[0.42026217631827556, -1.0300721932168913, 0.03148473589598555], [0.35913663721324895, -1.1794066038364834, 0.1542787947358586], [0.37920591945787385, -0.8418823593637988, 0.08274970703088358]], [[0.2202968702270759, -0.9338829585635888, 0.04274833257599875], [0.22120062458080336, -1.0602231712422272, 0.07300611337499485], [0.1920248178732884, -0.7561682787609566, 0.11771387315668791]], [[0.3239168370926919, -1.2008949026019076, -0.2854456053712702], [0.2740061598085778, -1.173266535160332, -0.19182290652653]], [[0.24911965026596383, -1.1347698014353194, -0.3037083036396191], [0.3163799076604307, -1.2023137428310264, -0.1680906428312936], [-0.015041070338744689, -0.8361597195629047, 0.03595614805616376]], [[0.13648995027273514, -1.151246683087576, -0.6103260954748431], [0.17869234451155092, -1.1119602183456836, -0.5957366821133316]], [[0.30163391533879347, -1.2972731864558433, -0.6407190989486282], [0.35866300380055693, -1.1767949633497845, -0.6979186156742867]], [[0.2597295123428443, -1.0198704306835507, 0.6609151321007509], [0.24416397731774536, -1.0709576235442895, 0.5705892098925744], [0.2250056529492377, -0.8481539197698663, 0.5656913713203592]], [[0.2974372653275107, -0.9575646563731953, 0.6217953167650286], [0.2421523177111555, -1.0600260588277313, 0.5664755933607203], [0.23857837789538083, -0.8695198336111064, 0.568076897707684]], [[0.3202795232726757, -0.98197757589024, 0.03711653423599215], [0.29016863089702616, -1.1198148875393552, 0.11364245405542672], [0.2856153686655811, -0.7990253190623777, 0.10023179009378574]]]}