{"bodyId": "h0", "timestamp": 1645468540858000000, "continuousState": [[[-0.31854044869970954, -0.8835958052463276, 0.689221739425049]], [[-0.24075107684611463, -0.97273119151739, 0.8127485232961853], [-0.3076803609587748, -1.0515221463063806, 0.7445128372416117]], [[-0.19032520400306452, -0.9676236864496133, 0.7490982543734344]], [[-0.3251754762994167, -1.0422558358882599, 0.6464229208384173], [-0.39514339004596755, -1.1176111173717054, 0.5901396723098802], [-0.35592182927826954, -1.02418031761392, 0.5998371186439159]], [[-0.044032293315261484, -0.9929779238849441, 0.6628462080845059], [-0.17541844893291003, -0.7761807213534642, 0.4548571995574484], [-0.0910833221727112, -0.8687071681517836, 0.5618848277847642]], [[-0.5185370032625813, -1.059893808138784, 0.42907315124583034], [-0.4959917752681754, -1.155202469618531, 0.3988721878886743], [-0.4554934559232131, -1.0981877717210544, 0.3740582239169936]], [[-0.23601985839630302, -0.5930452144443454, 0.023126773776964482], [-0.18577504755012808, -0.7329812806864753, 0.34513790879191064]], [[-0.6831034511948136, -0.8644250680726766, 0.4420729447131255], [-0.5687817704763063, -1.0382770637688246, 0.45930271676090606], [-0.6412397849153613, -0.8437350409053199, 0.39156443453945655]], [[-0.12579140373367548, -1.040252893112036, 0.22275746288275555], [-0.21723586743897183, -0.7894599540971703, 0.054972304412767015]], [[-0.32195353230214696, -1.2042580515523253, 0.228351308401477], [-0.32846903743134315, -1.1866327761653697, 0.07545560186409594], [-0.3597050673201826, -1.0109558185868908, 0.1161833130156743]], [[-0.16097481980287254, -1.224972873757439, 0.2276507616688772], [-0.19819103743178623, -0.9989786999274735, -0.021118973551087272], [-0.25679290010927824, -0.8227024201437838, 0.17552275176637988]], [[-0.48504041627493477, -1.0726112585792775, -0.1819934416887592], [-0.29385371583528197, -1.0746187829611462, -0.3664275859710058], [-0.4150310102235476, -0.9751381509312507, -0.3128347617475512]], [[-0.2420440590495463, -1.1425724686132674, -0.24583380312001135], [-0.2449292088335625, -1.023486566060593, -0.40319099889008925], [-0.3134189166061392, -0.7275678348983252, -0.15916548660280705]], [[-0.23628081431588577, -1.1569892155617434, -0.5211371238456601], [-0.10758568648177336, -1.118240024159435, -0.589783962793505], [-0.3224231410044571, -0.82799091607226, -0.633965985678347]], [[-0.2854253490846713, -1.2646923061856692, -0.717258252660508], [-0.2541706814302195, -1.1762730627355844, -0.7446947066941526], [-0.24231440806154336, -0.7617201539843761, -0.6449871580409873]], [[-0.20129688054570632, -1.078689926638359, 0.6833555266405338], [-0.2793094862068062, -0.9799131785780657, 0.5311559414175453], [-0.22870464620206044, -0.9332491495947118, 0.5899608917519917]], [[-0.18460388480733908, -1.017616879886602, 0.6546345644614616], [-0.2852809194894388, -0.9468959193625848, 0.5224984359336643], [-0.22350257572549037, -0.9464437428828518, 0.58086097321434]], [[-0.24146417605250975, -1.2146154626548822, 0.2280010350351771], [-0.2633300374315647, -1.0928057380464216, 0.027168314156504336], [-0.3082489837147304, -0.9168291193653373, 0.1458530323910271]]]}