{"bodyId": "h0", "timestamp": 1645468579249000000, "continuousState": [[[-0.4102449182385155, -0.8756012512855605, 0.6633582885268938]], [[-0.37775240577505736, -0.9616590649478534, 0.7823883293442813]], [[-0.2527182864285037, -0.9584823673139562, 0.7881722281271983], [-0.2953510179514782, -0.9663511112338949, 0.7363599452722682], [-0.2884304596554824, -0.8831622262213253, 0.7204139314770194]], [[-0.46462944962712394, -1.0602319155809397, 0.6375506949008667], [-0.579355914863418, -0.9855298407473227, 0.490200656717501], [-0.45963602175662066, -1.0345398210267418, 0.5681314491431705]], [[-0.13613632922379998, -1.0106735744590258, 0.6611188774649275], [-0.1998065366813433, -0.9451214879549026, 0.5348255384658342], [-0.20422853072409608, -0.8588750188859506, 0.5748827177158806]], [[-0.6866427360597633, -1.0580505195561605, 0.4627552014269254], [-0.7317367961473566, -1.019321044842953, 0.3208380194041034], [-0.6341019532209506, -1.0665288394528218, 0.3707730105603356]], [[-0.2158750727660953, -0.8158353224833821, 0.1274904891214801], [-0.21397724881388624, -0.787840361861986, 0.31348310486705466]], [[-0.7032663015024072, -0.797916137202249, 0.41337550679622104], [-0.6294830157680902, -1.01352471819061, 0.5011736732315701], [-0.6750877209094561, -0.7871653992901745, 0.3666333461089082]], [[-0.21197414981293994, -0.7858158213463391, 0.05676554116790533], [-0.23384211442244374, -0.7729881732687603, 0.05662366802802554]], [[-0.37043951274038406, -1.226540857670469, 0.2099372364125811], [-0.41614377132927693, -1.152004640102393, 0.014729164642592218], [-0.41678288088274407, -0.9997208037957336, 0.11979820695525856]], [[-0.17152065899612567, -1.2250902650152076, 0.2072617272126085], [-0.20120907687213097, -1.0866512300006956, 0.05190157476356938], [-0.276560716041901, -0.8268873172598991, 0.180657483073159]], [[-0.48494587634067543, -1.075941807169078, -0.20373413861500933], [-0.34609080452541174, -1.10639087007408, -0.29315406904977714], [-0.4711069629835223, -0.9601623006574687, -0.2645594353090247]], [[-0.25280970616334886, -1.1477439438231303, -0.24378107144562589], [-0.26591708226140665, -1.0227888656215989, -0.3813931114924263], [-0.31748991755033384, -0.8187097836902355, -0.2373478903739309]], [[-0.26081708316080376, -1.1533433076572566, -0.5155525534892866], [-0.11526187835677382, -1.144056740908717, -0.5579197331498567], [-0.32101117562243153, -0.7646131252520594, -0.2185717022425112]], [[-0.2889150630034839, -1.2759970177867905, -0.6958668686330045], [-0.23920595222478824, -1.1838509935771913, -0.6122474385854578], [-0.23025650271002696, -0.7567176861768072, -0.6767932713495802]], [[-0.31607561392730804, -1.058096460631007, 0.6639251958026835], [-0.3592415821424747, -1.0017011106268912, 0.5231520215222285], [-0.34007614273764397, -0.9228027478757133, 0.5758914961402979]], [[-0.300382889425462, -1.0354527450199829, 0.6493347861828971], [-0.38958122577238063, -0.9653256643511127, 0.5125130975916676], [-0.33193227624035837, -0.9467074199563462, 0.5715070834295255]], [[-0.27098008586825484, -1.2258155613428383, 0.2085994818125948], [-0.30867642410070395, -1.1193279350515444, 0.0333153697030808], [-0.34667179846232254, -0.9133040605278163, 0.15022784501420877]]]}