{"bodyId": "h0", "timestamp": 1645468590371000000, "continuousState": [[[-0.4172470462003487, -0.8563756078711753, 0.6716137477419551]], [[-0.4218997085943239, -1.0656425452363054, 0.7395883727758101]], [[-0.2993477909927714, -0.8581621692037121, 0.7302909368173847]], [[-0.5299992296832328, -1.0234396069375225, 0.5103800692018654], [-0.4520551908384224, -1.0405255871280237, 0.5571570807849325]], [[-0.20432249154458376, -0.9338826293309159, 0.5293159168584263], [-0.18888311710954775, -0.8887201274401461, 0.5672722308504597]], [[-0.734862791534279, -1.0280486918595086, 0.3483655720279577], [-0.6652127981972499, -0.9812674628344632, 0.4140260942770665]], [[-0.13767179177184374, -1.006093198743351, 0.2988273148259717], [-0.20269739448902557, -0.809128024794192, 0.3063508913625451]], [[-0.8511229553533246, -0.7614303608550457, 0.3503977156248794]], [[-0.17652645769155229, -0.9685904198256117, 0.15380248999831947], [-0.2260651325755152, -0.7874813526624584, 0.05192882255841691]], [[-0.33989874722601077, -1.197064966386661, 0.09435045604877534], [-0.39725266562231965, -1.0675744004464338, 0.04009092804991077]], [[-0.20449733096404932, -1.0491491748947785, 0.045271136128148814], [-0.2681506602302274, -0.8358158867991796, 0.14163964389137484]], [[-0.3111733542694992, -1.1029025245609074, -0.28803391912460974], [-0.4038053183175242, -1.0290312262068122, -0.35137772039934945]], [[-0.2423542513844238, -1.0533847622628807, -0.3435473845167827], [-0.30631809875175875, -0.7459649347422095, -0.19402612200657665]], [[-0.13224776784073045, -1.1062853013934273, -0.5930142739757517], [-0.36221906271585513, -0.7473905701624233, -0.5973937571669916]], [[-0.2524249488327517, -1.147876507817827, -0.7331717717278547], [-0.20132656400112747, -0.7207473024806459, -0.6774093771823796]], [[-0.34779870083224795, -1.0088448365777714, 0.5290944450871422], [-0.33065666016914586, -0.9457546154673846, 0.5651434037512569]], [[-0.3671608606139083, -0.9786611181342192, 0.5198479930301458], [-0.32046915397398507, -0.9646228572840849, 0.5622146558176961]], [[-0.27219803909503004, -1.1231070706407198, 0.06981079608846208], [-0.3327016629262735, -0.9516951436228067, 0.0908652859706428]]]}