{"bodyId": "h0", "timestamp": 1645468602096000000, "continuousState": [[[-0.4534407671300609, -0.8758308356146783, 0.6232013488368907]], [[-0.43846841919449786, -0.9608499327227622, 0.7816652335147753], [-0.5004182206483876, -0.996472925534915, 0.7016558377893398]], [[-0.3316178405455653, -0.9792666247594584, 0.8185659419530982], [-0.35658829108410106, -0.8360595814051273, 0.7194059639988493]], [[-0.49734244821476314, -1.0791863468112497, 0.6519992331764966], [-0.6034919903574426, -1.0133479017247062, 0.5012659644424895], [-0.5099088117655721, -0.9951958475726812, 0.596082223316855]], [[-0.17287721346518653, -1.0077039925899336, 0.6545676106442506], [-0.24263697465228473, -0.9641649808460402, 0.5364624116242458], [-0.2293170028012469, -0.8946260506710979, 0.5625766268001362]], [[-0.7132647182639793, -1.003341682646431, 0.4435831939425239], [-0.7266383853878519, -1.0388242631833555, 0.3554190267147961], [-0.6663961517949311, -1.0068726418256668, 0.3595795688519051]], [[-0.2097885109923826, -0.8952868405777263, 0.18906271163722166], [-0.22750499204137753, -0.8169566086420673, 0.3035782297497902]], [[-0.7992004927688768, -0.9237251121756875, 0.426974340447124], [-0.576126233017889, -0.8144795808223244, 0.2580853516017334]], [[-0.22861642859715348, -0.7626360205815661, 0.027549311291882983], [-0.22012762726749047, -0.7994540763775709, 0.04214317120029576]], [[-0.38965918635660324, -1.2135935836643954, 0.2117638061704823], [-0.38211812373504594, -1.2231168441423133, 0.09208708845016567], [-0.4782057231769319, -0.8686642133276543, 0.18078954359164723]], [[-0.22707770029306118, -1.2443997926344261, 0.23370292052174624], [-0.21177851408537784, -1.154752887516461, 0.12484552945302774], [-0.30471132137226786, -0.8525966135664611, 0.13065034233596406]], [[-0.502977514249448, -1.1342489408608603, -0.1675873427996406], [-0.3436828590960411, -1.1266201215425817, -0.2766501466328213], [-0.4726118810038449, -0.959682140445888, -0.2727949288349524]], [[-0.26139773861733717, -1.1462338405448218, -0.2507136194923494], [-0.26167644626819975, -1.0706102486869702, -0.3295019013306788], [-0.31300879294131856, -0.8104309490632531, -0.2243259824646182]], [[-0.24616330134230813, -1.1741301710920062, -0.519005095089552], [-0.10790465069885846, -1.1386806765156023, -0.569992808049857], [-0.3141575926967666, -0.7621923329654963, -0.2113795548616203]], [[-0.2848175410287074, -1.2633180853886237, -0.7200281542597853], [-0.24887935437665654, -1.2081497220703963, -0.6824131070567446], [-0.21290817186722522, -0.813219825304567, -0.6531468966837365]], [[-0.35075355155582477, -1.1074331383903653, 0.6936529610187703], [-0.40038800847187317, -1.028802993952923, 0.5568290188657956], [-0.4016431468695908, -0.8616770980371883, 0.6208201352256418]], [[-0.3351098308399748, -1.0434451697005915, 0.6532834219103736], [-0.42306448250486367, -0.9887564412853732, 0.5188641880333676], [-0.3696129072834095, -0.9449109491218896, 0.5793294250584956]], [[-0.3083684433248322, -1.2289966881494108, 0.22273336334611427], [-0.2969483189102119, -1.188934865829387, 0.1084663089515967], [-0.3914585222745999, -0.8606304134470577, 0.15571994296380565]]]}