{"bodyId": "h0", "timestamp": 1645468611208000000, "continuousState": [[[-0.45854626331110837, -0.8784717936985017, 0.6238985676742755]], [[-0.45034335485608656, -0.9534315686878299, 0.7825709597530797], [-0.5022941512308565, -0.9928969943934722, 0.6935303639247898]], [[-0.3278576528484676, -0.9622205633670236, 0.8098403028923595], [-0.36457877086169477, -0.83257019448256, 0.7164902568723814]], [[-0.5043011405717408, -1.05146673890876, 0.6320591586891995], [-0.5905490882654819, -1.0208862986111114, 0.5074425636070714], [-0.5125374991258674, -1.0114728171310687, 0.5844174123741568]], [[-0.17062510368542505, -1.0006262576700888, 0.650066815894957], [-0.23909348979156092, -0.9729383177307465, 0.540495616337771], [-0.2301425456748405, -0.9073412208844723, 0.558301712248785]], [[-0.7236616435365462, -1.0024427660091257, 0.4420075762823841], [-0.7135968600623652, -1.043888211077859, 0.36113933749701976], [-0.6698463213326613, -0.9899770734745716, 0.3688070486669146]], [[-0.21840781018797256, -1.1194773025627578, 0.4922593692829129], [-0.2012847579187267, -0.9343578641947072, 0.21269410502508945], [-0.24093353318228172, -0.8027355510815734, 0.32213559785483126]], [[-0.7685016931123461, -0.9291644315008447, 0.419711346572915], [-0.5767635439335991, -0.8118836066128683, 0.25961062605093577]], [[-0.2391805590481324, -0.7571517817713058, 0.02069224198464137], [-0.2217592314455331, -0.7985887268577079, 0.027367658556816887]], [[-0.3981370949740598, -1.2031535296438673, 0.2086688186854626], [-0.3820086605510149, -1.2230521070890155, 0.09209395685074928], [-0.4770211683826937, -0.8696220761447702, 0.1870429982643036]], [[-0.221335753805532, -1.2359042494896078, 0.2406797354472956], [-0.21178079550271367, -1.1547828772828546, 0.12480996555618096], [-0.30059151810008333, -0.858631648082492, 0.1408681259540303]], [[-0.5069053288010514, -1.1636112600879098, -0.12925666671482205], [-0.35720712693534173, -1.1028528348684499, -0.3020488455141026], [-0.47620961578856313, -0.974581943012585, -0.2914603509542918]], [[-0.2617546717386168, -1.1275176504701085, -0.3091470199373221], [-0.26721431501556236, -1.0774687061764943, -0.327379857177573], [-0.3125645349336681, -0.7959803174367885, -0.22175203000385946]], [[-0.2524388639210916, -1.1936202128665387, -0.4873365308351292], [-0.12008639224788076, -1.1327364575476668, -0.5717487831281616], [-0.3388858897094741, -0.7393029655046042, -0.18106701325136942]], [[-0.28755332218532026, -1.2716094796812745, -0.7042661236590904], [-0.2426507085890357, -1.2179458074307798, -0.6814402443981412], [-0.21244629700237194, -0.7982957994912543, -0.6489046520447879]], [[-0.35098452101488664, -1.0880929000901638, 0.6827734492971915], [-0.37787113031077757, -1.0683245624850977, 0.5705331219686791], [-0.4075637178265741, -0.8643597466245991, 0.6152364005809876]], [[-0.3374631221285829, -1.0260464982894244, 0.6410629872920782], [-0.41482128902852144, -0.9969123081709289, 0.5239690899724212], [-0.37134002240035396, -0.9594070190077706, 0.5713595623114709]], [[-0.3097364243897959, -1.2195288895667376, 0.2246742770663791], [-0.2968947280268643, -1.1889174921859351, 0.10845196120346512], [-0.3888063432413885, -0.8641268621136311, 0.16395556210916695]]]}