{"bodyId": "h0", "timestamp": 1645467626509000000, "continuousState": [[[0.12594709332902587, -0.8339006697960396, 0.608225872375587]], [[0.08703728593702714, -0.9212343885994432, 0.7584754878317541], [0.01528261898961858, -1.0317522673856974, 0.7462414404870936], [-0.008237305088020563, -0.8194241727911458, 0.7310602939516402]], [[0.20479646565863996, -0.9413831586044714, 0.8049537404704965], [0.12899320222552868, -0.9035562351663007, 0.728684867938266]], [[0.003942538949669949, -1.0795672425477179, 0.6607292405847052], [-0.08574849747531055, -1.0359534004486872, 0.5411817108198502], [-0.0210461535855081, -0.9995398658762049, 0.572908490538282]], [[0.34376269617792565, -1.0194022502414841, 0.6464621731951383], [0.26347787460205735, -0.9574696311644215, 0.5255002458608722], [0.29148082117263807, -0.891117178461589, 0.5580015664223941]], [[-0.09693869158970825, -1.1658339579333494, 0.39875218371965704], [-0.13998488119757158, -1.1631402779413407, 0.2924797002517543], [-0.06795712767594853, -1.1587454201555578, 0.29373830739844464]], [[0.27165148056183497, -1.2135584895473548, 0.5043463843553919], [0.3135460414651441, -0.9543861771737623, 0.24221715057465554], [0.22087431675956837, -0.7697871425416735, 0.3289958955741422]], [[-0.24608728921449396, -0.9778638329874629, 0.20413906774043888], [-0.2988401620516852, -1.005825768654212, 0.1602091725119399], [-0.23369092747787357, -0.9961840116045311, 0.19999641786019895]], [[0.2477490756281462, -1.0328044972866333, 0.19613173739516387], [0.27195364121365917, -0.7567286792510755, 0.03931297746714302]], [[0.04265105435778449, -1.14565652176008, 0.1866662389865088], [0.04731760945431229, -1.0952001867570396, 0.05630318388493194], [0.021063460296978143, -0.9173153379126946, 0.04353517950467878]], [[0.2316097236716942, -1.1518206363050763, 0.19581319565814437], [0.2185070512828855, -0.8983541637925743, -0.0528088534523945], [0.21415660680792437, -0.8539155264089902, 0.058177717686473174]], [[0.10744483876993205, -0.9994984836498664, -0.34975620932458074], [0.07002007225211171, -1.0108266265812593, -0.3669406407312137], [-0.12737815711314204, -0.5548418419592901, -0.005000467880281412]], [[0.23958477455637284, -1.0388444434820128, -0.2573318593284655], [0.25821096623901896, -0.894916105878441, -0.40118538090723743], [0.003806598674329642, -0.49711381499901963, -0.007553933533725687]], [[0.07562316622402021, -1.12588497178833, -0.6609355741326675], [0.13613728034348926, -1.0525796456376741, -0.7164060131013081]], [[0.219657448738668, -1.123889832493892, -0.6678627717781604], [0.2814824236091906, -0.9878233711446622, -0.7731885276451761]], [[0.1967779866923517, -1.0101176753826926, 0.6307921648944546], [0.1065427484552875, -1.017494757608627, 0.5475756229649036], [0.06664264623312421, -0.8500375619445908, 0.6044491037493401]], [[0.1738526175637978, -1.0494847463946009, 0.6535957068899217], [0.0888646885633734, -0.9967115158065544, 0.5333409783403612], [0.135217333793565, -0.945328522168897, 0.565455028480338]], [[0.13713038901473934, -1.1487385790325781, 0.19123971732232659], [0.1329123303685989, -0.9967771752748069, 0.0017471652162687201], [0.11761003355245125, -0.8856154321608424, 0.050856448595575976]]]}