{"bodyId": "h0", "timestamp": 1645468673987000000, "continuousState": [[[-0.2605665718227772, -1.098423044033563, 0.6519145244617757]], [[-0.2385552992922711, -1.2340277463543128, 0.7313737809193073]], [[-0.1433903544531352, -1.1835103938526061, 0.6922605198925431], [-0.11297529534751771, -1.0945458648884183, 0.6327798921102474]], [[-0.15402979790640692, -1.4480660615370085, 0.5982024658080228], [-0.2040780638757156, -1.0775094693485001, 0.6442955502743208]], [[-0.08854987087048555, -1.1926893797371982, 0.5579741175621298], [-0.14629250777964542, -1.0101782664462653, 0.4912919846684576]], [[-0.14537755953360676, -1.5835725354744998, 0.3834244183549447]], [[-0.04278537963933138, -1.440638054332827, 0.4967726035551977], [-0.18695714393885932, -0.9309955253423516, 0.23289354146200125]], [[-0.2165351349746254, -1.5991068884567359, 0.15990071994817034]], [[-0.23029008907126736, -0.7666697676625901, 0.05119711272454919]], [[-0.08498425487788575, -1.5943455363719694, 0.23310192252270667], [-0.2318364426075219, -1.2686331641666153, 0.08008618805799872]], [[-0.052407139647316914, -1.4705197628482547, 0.17295121373723066], [-0.2171640750176681, -1.1341124560938916, 0.09049116632225263]], [[-0.19293405406071107, -1.474379268538174, -0.29857591954554863], [-0.23493537146548327, -1.3152594890552305, -0.30733958163053376]], [[-0.14568929753133386, -1.4467009315885644, -0.2735072829279155], [-0.2563517886048562, -1.356748088472403, -0.3353792369255181]], [[-0.08997023788318015, -1.6145027342261051, -0.5665991960665788], [-0.3247060928032016, -0.7518528830073821, -0.08983564277703215]], [[-0.09219658113276408, -1.4181816363475785, -0.6898001476212839], [-0.28980831408244656, -0.7470365250917048, 0.0023354029581145186]], [[-0.11171995603147061, -1.3545774551561156, 0.5889157504966769], [-0.16239223464373342, -1.0752038140539812, 0.5403363807383014]], [[-0.12128983438844623, -1.3203777206371035, 0.5780882916850762], [-0.1751852858276805, -1.0438438678973827, 0.5677937674713892]], [[-0.06869569726260133, -1.532432649610112, 0.20302656812996867], [-0.224500258812595, -1.2013728101302534, 0.08528867719012567]]]}