{"bodyId": "h0", "timestamp": 1645468702797000000, "continuousState": [[[-0.2560816542229706, -1.1072632392130828, 0.6552972289143452]], [[-0.14879848935401913, -1.1865367116358714, 0.8095165570378835]], [[-0.13860885778208143, -1.0567287996917472, 0.6493446694218014]], [[-0.06701340158560998, -1.3979641172026507, 0.6773193906157045], [-0.20614697332253917, -1.0738018037108232, 0.6389444876370551]], [[-0.18723736156903203, -1.1538702628184212, 0.6023883321854093], [-0.14648821824521496, -0.991227650163665, 0.5129746907506179]], [[-0.08225964581018397, -1.616661719528475, 0.46779028662485045], [-0.21442447491568162, -1.2725206691615698, 0.3748341475882111]], [[-0.2314856797685716, -0.8467694109680337, 0.11682244141346976], [-0.1826173945754338, -0.9339866929656377, 0.26102841685548805]], [[-0.19240682760601935, -1.6216353637936782, 0.23196483577686755]], [[-0.27037721226179356, -0.7046444296985248, 0.03378299358649817], [-0.2328616076230744, -0.7625733198396735, 0.0471552326216369]], [[-0.1836478583380009, -1.5981192031606102, 0.29880711797183857], [-0.2282004720708165, -1.277616893330713, 0.07463595775969989]], [[-0.25834956791757313, -1.4177185150352902, 0.20520369665849514], [-0.1836608808227047, -1.1929931971931589, 0.057118218601901805]], [[-0.1286450765516559, -1.5092786936289375, -0.3464255978602695], [-0.23665566398288507, -1.1706461570285738, -0.1948316754505951]], [[-0.34192378771839804, -1.3796941942332919, -0.2621923094911922], [-0.3133315869233352, -1.1997813746962824, -0.21991929966601775]], [[-0.1993009392364693, -1.5351297176696876, -0.6742430601160818], [-0.29351059953718495, -0.6620061550866407, 0.00110428697963727]], [[-0.1253767221892984, -1.6271933637773301, -0.5192289075936443], [-0.2806753820215844, -0.6786688472690328, 0.0454226798502082]], [[-0.12691369061931623, -1.2856942396432827, 0.6452744127930057], [-0.15746792838318824, -1.066841128517775, 0.5563899841891073]], [[-0.127125381577321, -1.275917190010536, 0.6398538614005569], [-0.17631759578387707, -1.032514726937244, 0.5759595891938365]], [[-0.22099871312778702, -1.5079188590979502, 0.25200540731516685], [-0.2059306764467606, -1.2353050452619359, 0.06587708818080085]]]}