{"bodyId": "h0", "timestamp": 1645468704807000000, "continuousState": [[[-0.2652865668904335, -1.1050378965865195, 0.6512766868305966]], [[-0.16911292097379205, -1.1837463987038954, 0.8101518895762505], [-0.2659114895347803, -1.2305320083491855, 0.722933982167068]], [[-0.1506877166909072, -1.196155960035176, 0.7004789870061914], [-0.14330474380187375, -1.078090780177997, 0.6445719016043421]], [[-0.07403495016992223, -1.4057243423835941, 0.6604146960317108], [-0.17218216935990982, -1.4590077751742652, 0.5968083175335831], [-0.21489046020549607, -1.0707913651316925, 0.6418465610176314]], [[-0.1819780746212467, -1.08960246038738, 0.5558489288951198], [-0.10398722765026491, -1.1854628834542054, 0.5496291536126912], [-0.14904172226291856, -1.003135165922743, 0.5022153638563109]], [[-0.08661876064498453, -1.6222955466719948, 0.46790564601972506], [-0.16742380100294763, -1.559878843573007, 0.37916066052503417], [-0.21123898114087858, -1.299456794086419, 0.3722147780332362]], [[-0.275182275093362, -1.0547987550402438, 0.33049562385690345], [-0.04810807687072571, -1.4093581417323684, 0.4510268659806034], [-0.17199053939186237, -0.9705743778188409, 0.24757300522481585]], [[-0.19370176941097672, -1.62390064940883, 0.23504369338483633], [-0.24738559403883464, -1.5955997349220026, 0.1486356631626402]], [[-0.2605986993125371, -0.7773173470164101, 0.0820189856801834], [-0.22658766634149385, -0.7730116670676908, 0.05342434955265851]], [[-0.19813831666110515, -1.6000506879205592, 0.2954129113581845], [-0.1072337663446492, -1.5899732770797899, 0.225782072170436], [-0.23574624014999734, -1.276774014060041, 0.08662608031389474]], [[-0.26678761123033856, -1.3898898032442728, 0.17475479694186524], [-0.06575148097477501, -1.4447555813403812, 0.1550777055869772], [-0.1912771092026183, -1.1921627577475356, 0.0690619872877023]], [[-0.15270902899500294, -1.4954825797946634, -0.33865389556754066], [-0.1868517168197762, -1.4854879878354161, -0.27324925067298955], [-0.2093545399656601, -1.2998213565514583, -0.258158411911234]], [[-0.3551650436960089, -1.3953125834765292, -0.24026371674793312], [-0.1395867574380123, -1.4902986590730833, -0.18830758293332117], [-0.2738832371282699, -1.3612132826236873, -0.34096519433624883]], [[-0.18547822469451958, -1.5273028306577823, -0.6890708907173275], [-0.09044187836928486, -1.4340932695642832, -0.7072013524898715], [-0.32776546709198184, -0.8515596218246919, -0.19652432943345]], [[-0.13213766727641674, -1.6239561104641542, -0.5154781477727599], [-0.1286326457198429, -1.5439142462424744, -0.5310857956787385], [-0.27757858545787895, -0.741746063518498, 0.008586534947937485]], [[-0.13827003748662825, -1.2918686909133603, 0.6351669667450413], [-0.12763782140168622, -1.346267035009148, 0.5736061608096052], [-0.1593496320160387, -1.0791654318934514, 0.5528273591717466]], [[-0.12800651239558447, -1.247663401385487, 0.6081318124634153], [-0.13808469850508737, -1.3222353293142353, 0.5732187355731371], [-0.18196609123420732, -1.0369632655272176, 0.5720309624369712]], [[-0.23246296394572186, -1.494970245582416, 0.23508385415002486], [-0.08649262365971211, -1.5173644292100854, 0.1904298888787066], [-0.21351167467630783, -1.2344683859037882, 0.07784403380079852]]]}