{"bodyId": "h0", "timestamp": 1645468726180000000, "continuousState": [[[-0.22500226551071822, -1.0574217893575537, 0.605365885012258]], [[-0.20096552492632946, -1.1383522501101933, 0.7837174208529494], [-0.25513357498393696, -1.2236233698922854, 0.7052931311012132], [-0.26739008186599056, -1.06527304461114, 0.7187511179424287]], [[-0.12375975039174902, -1.1891616884982468, 0.7118267462827881]], [[-0.06691883381138564, -1.4163220940900727, 0.68191940698535], [-0.16160620013971405, -1.434209521896334, 0.5893501845904037], [-0.25430014056674144, -1.0606537933262818, 0.6614101725192162]], [[-0.1732165475984092, -1.131298553495394, 0.5832615484144152], [-0.09250139746310415, -1.1825678039846, 0.5524305898305322], [-0.15472704827020667, -0.9747920040027159, 0.5209061818564458]], [[-0.07970971482457156, -1.613286238373969, 0.47044318707105615], [-0.16032394895521496, -1.561161278178997, 0.3900801099229958]], [[-0.22872167886262196, -0.8747140670059332, 0.15476685458314465], [-0.05822279204646419, -1.405080690784446, 0.4648055860931499], [-0.20786903272852275, -0.8845153232795636, 0.27836073165815656]], [[-0.19008654115924328, -1.6187712097329015, 0.23548546038722362], [-0.21218069008359475, -1.616049458657589, 0.18261842165062925]], [[-0.26205911932660175, -0.7554248516781501, 0.06672100633893896], [-0.23741680920069463, -0.7525853123237716, 0.06304682320390032]], [[-0.19064102700667307, -1.5988556240218192, 0.29674111904475065], [-0.1127190225966701, -1.5566757710672683, 0.19816787423828597], [-0.2232883411030031, -1.2908045303285405, 0.06658633075573261]], [[-0.27032516150505664, -1.4184008502224992, 0.21533102600951382], [-0.04876226802460992, -1.46851630222109, 0.1971458312822736], [-0.21284065968598642, -1.0838295540467868, 0.1320558960368189]], [[-0.14679355452264775, -1.5006583095329211, -0.32359839443835714], [-0.1745126903603863, -1.50560101668849, -0.24598925376907643], [-0.25514426184192374, -1.1692398185421742, -0.19585884179912927]], [[-0.34336242480291634, -1.3841242377962564, -0.25525430435087304], [-0.15521690030353474, -1.4471289497922237, -0.24868766013818422], [-0.31360102911106347, -1.1999173401705907, -0.21989045680025954]], [[-0.19510521759261312, -1.5483114109292382, -0.6232318105650148], [-0.10387333366006846, -1.5927763312106238, -0.5701145536189306], [-0.301284025300779, -0.6852311782037234, 0.011149948267142773]], [[-0.1359207202565318, -1.6303621998590756, -0.500362085431368], [-0.09988826126778416, -1.4236982764065287, -0.6638749680449707], [-0.2681375101689183, -0.7159096908541588, 0.030027606398539186]], [[-0.12494343438385364, -1.2934454201060306, 0.6491084173873858], [-0.11254654821132715, -1.3420921018435907, 0.5893819267428895], [-0.18069995236589798, -1.0469533435455232, 0.5760287912257049]], [[-0.12006769070489742, -1.2738103237927334, 0.6325904776998826], [-0.1270537988014091, -1.3083886629404669, 0.5708903872104679], [-0.20451359441847405, -1.0177228986644988, 0.5911581771878309]], [[-0.23048309425586486, -1.508628237122159, 0.25603607252713223], [-0.08074064531064001, -1.512596036644179, 0.19765685276027978], [-0.21806450039449476, -1.1873170421876638, 0.09932111339627575]]]}