{"bodyId": "h0", "timestamp": 1645468732411000000, "continuousState": [[[-0.2676382614107421, -1.079407135228275, 0.6660910243185862]], [[-0.16589003416839643, -1.1760436448363136, 0.8053215394558884], [-0.23577778308765207, -1.251150714314862, 0.7376699116557985]], [[-0.14184785989237125, -1.2015796688365128, 0.7051132965280034], [-0.1454848325095961, -1.0570815181276316, 0.6510727322070965]], [[-0.08707334500820818, -1.4204857799676591, 0.6817120857512069], [-0.1684345674604888, -1.4547121133443048, 0.5961644431108287], [-0.20490274730056646, -1.0589998729739543, 0.6498145680222502]], [[-0.17003805279335255, -1.0951643442372936, 0.5674054025401409], [-0.0958753011163006, -1.174309296875241, 0.5476472839874922], [-0.14057816181999427, -1.0216615086201362, 0.48563281381846357]], [[-0.09391514588555461, -1.6153177401741263, 0.4671507471807672], [-0.17505568723664855, -1.5478092845429896, 0.3819377805442066], [-0.21379690517407435, -1.256564432343154, 0.4456772004341]], [[-0.23433668335932611, -0.9024876842939167, 0.18769284537826403], [-0.0555585563820401, -1.3997163138961606, 0.4696584189848485], [-0.1831448887794147, -0.9076754552961437, 0.2431686370583498]], [[-0.2008885364057872, -1.626166992462321, 0.24418552419602468], [-0.2378291048015324, -1.599288773022566, 0.1566614044260528]], [[-0.26657237926632127, -0.7469657993103491, 0.06322695984488114], [-0.2258094690054412, -0.775566578240656, 0.04369437883528593]], [[-0.1992781069450762, -1.5939931593419612, 0.30744435120523317], [-0.1040522468284032, -1.572920359996516, 0.2223158702074659], [-0.2269829199795257, -1.2809193887290442, 0.07262536638818928]], [[-0.2704498181436323, -1.4072820293289696, 0.21371181653739524], [-0.05786295647621731, -1.4493798916236182, 0.17858968561353783], [-0.21627834757478548, -1.1365724574974736, 0.08891454462907233]], [[-0.14923812247834845, -1.4903479629252325, -0.3355310619872367], [-0.18676501146654734, -1.4854494103279343, -0.2732595173406409], [-0.22743567822704025, -1.220798463611278, -0.24974812843698813]], [[-0.34720817515245017, -1.37578257879546, -0.2611903800115396], [-0.15520947776816985, -1.4312988397604198, -0.27397251800310496], [-0.3133621020864258, -1.1997539022541082, -0.22001599057833832]], [[-0.19076549383141228, -1.5397911943968499, -0.6433735005306807], [-0.11122283762963747, -1.5945497066455152, -0.5622175227378081], [-0.32646054872055874, -0.7848407896643594, -0.13869232855109592]], [[-0.1359273029709367, -1.6174097567737744, -0.5060985288333713], [-0.08696989900730068, -1.4310376684810173, -0.6574358436934523], [-0.28789450086645463, -0.6922591370310106, 0.0391033632356943]], [[-0.13153568359948986, -1.283972328699935, 0.6464632564578481], [-0.10968354108499867, -1.3701819278975795, 0.5906842447456846], [-0.1756210692679503, -1.0455512004077594, 0.5534126136103951]], [[-0.12855569890078036, -1.2578250621024765, 0.6245587441456739], [-0.1321549342883947, -1.314510705109773, 0.5719058635491605], [-0.17274045456028037, -1.0403306907970453, 0.5677236909203569]], [[-0.23486396254435424, -1.5006375943354655, 0.2605780838713142], [-0.08095760165231025, -1.511150125810067, 0.20045277791050187], [-0.22163063377715558, -1.208745923113259, 0.08076995550863081]]]}