{"bodyId": "h0", "timestamp": 1645468736364000000, "continuousState": [[[-0.26503974905133554, -1.087054778978362, 0.6564160132825495]], [[-0.1674192126485372, -1.1794312108620932, 0.807435209565295], [-0.23871832084265227, -1.2444913024875803, 0.7288938813930932]], [[-0.14532947132098417, -1.1940756028007165, 0.7011942576073673], [-0.13933270206851212, -1.0708037174673792, 0.6455956845244276]], [[-0.07981326458781868, -1.417139317543801, 0.676171671019991], [-0.16689362668072782, -1.4472544588384877, 0.5991813430005761], [-0.19966083263204015, -1.0542974895132817, 0.6499632765969852]], [[-0.17699967515024134, -1.1105390416755, 0.5726231817667304], [-0.09111405773552517, -1.1859159318570318, 0.5542633381467414], [-0.14592379522509313, -1.0097402384785745, 0.49892466182929784]], [[-0.09283210958293642, -1.6224873395447725, 0.472248710765383], [-0.18432094851114778, -1.5113144006582133, 0.35562957823089314]], [[-0.24578287619051775, -0.9569147096425916, 0.25146612777706], [-0.057287172587541124, -1.3958671298175331, 0.46694825378502514], [-0.1734678872094949, -0.9560780084684555, 0.23146585871484293]], [[-0.20090232046761547, -1.6261993815312898, 0.24415335703808738], [-0.20107044782083916, -1.6223426441188142, 0.1932857434010513]], [[-0.2623478736634609, -0.7834905071323879, 0.0874905748360213], [-0.23736854560683118, -0.7526397529703173, 0.06322537512638893]], [[-0.19163283917350504, -1.589322494948178, 0.2878972786048095], [-0.10974253904579323, -1.5637360852923836, 0.2202263815956631], [-0.23658784673432876, -1.255540090323937, 0.08852819745741314]], [[-0.27139160480171426, -1.4062622459520902, 0.20419951129736247], [-0.04109496501939536, -1.473137019604177, 0.2121837260154804], [-0.24803035255128436, -1.0781205380821963, 0.13066667654384556]], [[-0.14773723534176064, -1.4877093761949207, -0.3409761491274157], [-0.18677083267895656, -1.4855430201228776, -0.2733713954312613], [-0.2404091920626329, -1.2017026612408588, -0.20352504333812527]], [[-0.3472859914141614, -1.3758434532311983, -0.26128270294585865], [-0.16300881269432743, -1.417946289593261, -0.2815737431180132], [-0.26266340677570377, -1.3465728049346688, -0.3465817163751195]], [[-0.2009110849502388, -1.5571048595314063, -0.6180194778258876], [-0.11025553741582628, -1.5960619463690287, -0.559558691534257], [-0.3210248687766607, -0.8677575701625067, -0.2121188402403973]], [[-0.13630149714086537, -1.6182438004225919, -0.5041727993869913], [-0.09506025625592263, -1.4158822745900284, -0.6695139934891446], [-0.2737942623964804, -0.7187076096641184, 0.030501215926082015]], [[-0.1327443959313221, -1.284648394900502, 0.6410776455567482], [-0.12140341348647893, -1.3361190776262437, 0.5837130575571692], [-0.16400494119678344, -1.0694244981703898, 0.5499154773080808]], [[-0.12840646986903, -1.2638391796096506, 0.6243974263933607], [-0.1290038422081265, -1.3165851953477596, 0.5767223405736588], [-0.17279231392856664, -1.032018863995928, 0.5744439692131416]], [[-0.23151222198760965, -1.4977923704501341, 0.246048394951086], [-0.0754187520325943, -1.5184365524482804, 0.21620505380557176], [-0.24230909964280656, -1.1668303142030667, 0.10959743700062935]]]}