{"bodyId": "h0", "timestamp": 1645468741992000000, "continuousState": [[[-0.27588069713788477, -1.2115851082959688, 0.6703008843279492], [-0.2945353290064461, -1.21381836662852, 0.5817856245065688]], [[-0.17551760705513014, -1.24802614974184, 0.7882155613154318], [-0.28535366305600995, -1.2727602220590535, 0.6888850335430285]], [[-0.2418328486853043, -1.1064338436621841, 0.6520834782316541]], [[-0.07541070909526804, -1.419510327206146, 0.6757559822516062], [-0.15931050290197835, -1.4603532209468544, 0.6020651384734422], [-0.13650449898970474, -1.1406741235940279, 0.6325708377262322]], [[-0.19931019979374737, -1.2429980362898638, 0.6597405627466613], [-0.08875036834748357, -1.2363727348344853, 0.5765456342402826], [-0.15470097608712663, -1.0567027145533934, 0.469633591534243]], [[-0.11883546797274303, -1.6144706879457305, 0.4607705252232899], [-0.20483934642890844, -1.5714481247244954, 0.3346616949306429], [-0.2034055415552667, -1.2672280248501302, 0.49542010733428]], [[-0.23904764898057806, -0.9902101108265884, 0.28931507639304566], [-0.03339501759028474, -1.4170398945214826, 0.4679195623349226], [-0.17786660453576952, -0.918634932683786, 0.23582188678598448]], [[-0.27055584138885796, -1.4429058361131637, 0.4475656289873666], [-0.36836703771843593, -1.4278662503189083, 0.3455332339698949], [-0.24327039697067387, -1.3808187397067444, 0.3762326701828671]], [[-0.2587143846983213, -0.7875708662087861, 0.07843702787013163], [-0.23513177546385022, -0.7581201335897247, 0.05086351892060459]], [[-0.1322513457197657, -1.5280217046151725, 0.17698764355973662], [-0.16196703409279833, -1.5405744798396246, 0.1440433247146513], [-0.2330883548677869, -1.2771635786627313, 0.11240272809729801]], [[-0.24292499222661412, -1.3909571429097576, 0.156814588786248], [-0.06785810715805607, -1.4634128227448324, 0.14376400710586767], [-0.2084653661413408, -1.1467411772429843, 0.11547350969803116]], [[-0.14701980016564697, -1.4994959863679167, -0.339481806688243], [-0.18417087863980042, -1.5003472745410804, -0.28824296546089534], [-0.23511298114218737, -1.210229041425106, -0.1917467008015703]], [[-0.35024335121546046, -1.3633331654318432, -0.27606882807068844], [-0.13651449341011734, -1.4781553297846677, -0.2374542681319305], [-0.2739308320297369, -1.361058864190611, -0.34137613821742707]], [[-0.20725151577094647, -1.5507845545778625, -0.6366469394645244], [-0.08852216793859924, -1.6186749954065327, -0.536496354435381], [-0.31812646921118803, -0.7530476049256327, -0.11029835437554536]], [[-0.13208892083579238, -1.6380736722331335, -0.4939733402106481], [-0.09593840618173644, -1.4143131760239758, -0.6721621170313997], [-0.28504536712743, -0.7127206487299711, 0.02378132382591458]], [[-0.13107970228092347, -1.3163781891082376, 0.6589816546902381], [-0.12100137869913297, -1.3596149128298358, 0.5819907496447161], [-0.14604029318040535, -1.1065227715325423, 0.5482516479653866]], [[-0.1373604544445077, -1.331254181748005, 0.6677482724991337], [-0.12403043562473096, -1.3483629778906698, 0.5893053863568625], [-0.14560273753841568, -1.0986884190737105, 0.5511022146302376]], [[-0.18758816897318992, -1.4594894237624652, 0.1669011161729923], [-0.1149125706254272, -1.5019936512922285, 0.1439036659102595], [-0.22077686050456385, -1.2119523779528578, 0.11393811889766459]]]}