{"bodyId": "h0", "timestamp": 1645468749295000000, "continuousState": [[[-0.2722199705603708, -1.214497811953899, 0.6704162804460867]], [[-0.17118126400645783, -1.234730954333771, 0.774332475006589], [-0.2783698343951835, -1.2848746228440753, 0.6951122413441921]], [[-0.2391168329371366, -1.0804261657238499, 0.6521665187994712]], [[-0.0722346455833095, -1.4248551189892091, 0.6834743655246138], [-0.15826392961953173, -1.4403765447988601, 0.5932906738756395], [-0.1672676785262227, -1.0895281309542562, 0.6538699943361269]], [[-0.20069974811620123, -1.2497524312481771, 0.6705392529829952], [-0.08338517162746961, -1.2196591527374139, 0.5711996163477342], [-0.15293148525057076, -1.043125079882945, 0.4811667952475053]], [[-0.11344533922581768, -1.6077285259296066, 0.4662480707477077], [-0.18479061963363463, -1.5917525858179349, 0.34962857303402317], [-0.1959865311061243, -1.289555287567, 0.4700633097080541]], [[-0.23934276882484917, -1.083355312418305, 0.40350848561577224], [-0.05550516257263394, -1.410137731761025, 0.4619100528847284], [-0.1688168735853096, -0.936521285922913, 0.22388048597976384]], [[-0.2680279719410624, -1.4527373768135725, 0.4612828066865753], [-0.3296231760715933, -1.4520363633966045, 0.36737260784806436], [-0.27107280216844265, -1.2834837194211586, 0.4113926743951871]], [[-0.2614650456867018, -0.799061502127711, 0.08908252733944377], [-0.227615739485729, -0.7728791647092754, 0.038249810222542924]], [[-0.13331160183776503, -1.5339313288671008, 0.21211667488103614], [-0.12811548406253004, -1.5291279035061878, 0.16144371954426018], [-0.21774482381514904, -1.293214756922372, 0.10842019692821281]], [[-0.24692923414318402, -1.4106883645849604, 0.2076790926940515], [-0.05887525086607992, -1.4589374993172737, 0.1691716315985743], [-0.19062456377945436, -1.1680988625376774, 0.10726196518442044]], [[-0.12948631959813428, -1.5125059182375773, -0.32717704057427666], [-0.18205908022146955, -1.479402198896558, -0.27582857063000454], [-0.23900430446753718, -1.1795396680365164, -0.17110114648522778]], [[-0.3585622723367464, -1.4133945688881617, -0.19888299832271983], [-0.17909119006058272, -1.4465326582049691, -0.2647668215833834], [-0.26680081601265304, -1.3566098861599778, -0.34137044880665823]], [[-0.19772935213030696, -1.534422326901951, -0.6603141496747571], [-0.09100787446011593, -1.432942934306833, -0.7088508113324273], [-0.32118351411493185, -0.8322281178989641, -0.1850001451049882]], [[-0.13315306012802453, -1.639386151233435, -0.49005544109881183], [-0.1421409375056416, -1.5209035574800234, -0.5574308884794072], [-0.28734407103754966, -0.6792714840844447, 0.04795514507286269]], [[-0.12484072460759926, -1.3051327818428198, 0.655829783183719], [-0.10559268782120024, -1.3672873572267457, 0.5967045231883028], [-0.13694187342836717, -1.1258719109840611, 0.5397729372820457]], [[-0.13646719684975536, -1.3373037751186931, 0.6770068092538045], [-0.12082455062350067, -1.330017848768137, 0.5822451451116868], [-0.16009958188839674, -1.0663266054186007, 0.5675183947918161]], [[-0.19012041799047452, -1.4723098467260307, 0.20989788378754382], [-0.09349536746430498, -1.4940327014117307, 0.16530767557141723], [-0.2041846937973017, -1.2306568097300246, 0.10784108105631662]]]}