{"bodyId": "h0", "timestamp": 1645467636693000000, "continuousState": [[[0.16167958121150938, -1.0636957345657139, 0.637094184459464]], [[0.22333309788333083, -1.1940456693922483, 0.7780003111643583], [0.11033058436060339, -1.2359942498070875, 0.7026888202353179], [0.27062604900947984, -1.3492999090105227, 0.6155880753813175]], [[0.2468559338305925, -1.166923168814581, 0.729602261098561], [0.23932964393590228, -1.0124804408810868, 0.6998447655612774]], [[0.3607330335199685, -1.417645669669329, 0.6641195338596764], [0.25280855704832567, -1.4569565219065597, 0.5998416839933527], [0.20750982543522245, -1.2504025810493407, 0.579051393587861]], [[0.2684105199743486, -1.1293875124885835, 0.5985349987102586], [0.3265081161857062, -1.2065114644446289, 0.5876997206991739], [0.3181901517733736, -1.0552323802742765, 0.5342094601749172]], [[0.37766222132790805, -1.5669897676413056, 0.40893511603481714], [0.2943756118256592, -1.6134152528375791, 0.3819998077141489], [0.20071020147362928, -1.3229045137882065, 0.34711457394246836]], [[0.19375232398511988, -1.1025282505969345, 0.4617281171332128], [0.30538222346156063, -1.3989747409229947, 0.594988658761594], [0.29695984899703753, -0.959464581509919, 0.25792680807243773]], [[0.22231970681200397, -1.6138480154562593, 0.2170476038768363], [0.14099155300716704, -1.6144327090035575, 0.13134479293653012], [0.20346510689776642, -1.5410961674869643, 0.12644005870286334]], [[0.24753475885316956, -0.8499330983983211, 0.1236775830827912], [0.2665391617469308, -0.7614044543351729, 0.03891766824401144]], [[0.22389574450964755, -1.5428931351460327, 0.26441521654473754], [0.3016512824233394, -1.6060862602635997, 0.2688791004379505], [0.19999526800916811, -1.2841063369980907, 0.08794262745037473]], [[0.16239445999142488, -1.3680944866965516, 0.19141021616844056], [0.36788264982028696, -1.5620470026186037, 0.28423327933205766], [0.2445010172989346, -1.1127328131648393, 0.11315954649924131]], [[0.3261217442666372, -1.4326342345292646, -0.3970017255896383], [0.19747244387780927, -1.3977603083405392, -0.306142978196944], [0.20646202998951524, -1.1952948838155348, -0.2388606268741128]], [[0.13322527557390285, -1.249593162005065, -0.334427165183381], [0.2622642445477852, -1.425449601990181, -0.22843517627218168], [0.08022771428698916, -1.1309427096650415, -0.18251488558826734]], [[0.23978332006500458, -1.4697985117714065, -0.639006187742702], [0.3189236834089614, -1.5894492751740226, -0.5191789509439597], [-0.10883225407323138, -0.5490001998082275, -0.0015388463675759523]], [[0.2974116191008177, -1.5873520184389163, -0.5472250104176173], [0.3251758294634517, -1.436273353794847, -0.575462134339991], [-0.1551210559776306, -0.5571496241917607, -0.0017590317897206997]], [[0.29797487064553957, -1.289303850578047, 0.6379344440723274], [0.2850634999678134, -1.3325697120490527, 0.5871830937509456], [0.2490635820168795, -1.1082148873579785, 0.5672916528584168]], [[0.3145717767471585, -1.2735165910789563, 0.6313272662849675], [0.2896583366170159, -1.3317339931755943, 0.5937707023462633], [0.26284998860429803, -1.1528174806618086, 0.5566304268813891]], [[0.19314510225053622, -1.455493810921292, 0.22791271635658905], [0.33476696612181317, -1.5840666314411016, 0.2765561898850041], [0.22224814265405135, -1.198419575081465, 0.10055108697480802]]]}