{"bodyId": "h0", "timestamp": 1645468769998000000, "continuousState": [[[0.1378207957797134, -1.06767940979092, 0.6382128117221164], [0.07090569356094739, -1.0095113631970323, 0.48293666672392144]], [[0.22336478535097198, -1.0803001612886527, 0.7243594402848272], [0.18451165723753765, -1.0462753352981569, 0.6375514999253005]], [[0.08912864045702523, -1.0122907359119027, 0.7332203062648146], [0.10591181827495455, -0.8835145083212892, 0.6336466290874332]], [[0.4022404433355288, -0.9904064753648663, 0.5722028984781455], [0.35761451331199345, -0.9608724897349812, 0.49802761879901536], [0.37397994273947677, -0.8528812004385454, 0.5267997882135685]], [[0.0762769913934247, -0.90119319623434, 0.5895224298195465], [0.13367776644239604, -1.1038177147433887, 0.6003776528290918], [0.10873161604606651, -0.8027870282951269, 0.48147765855505087]], [[0.5310561607967005, -1.06144532887892, 0.3019542124867718], [0.4489349283717776, -1.0133501033073808, 0.21161194118684112], [0.3173516963740355, -0.7430011026831371, 0.3862452387296348]], [[-0.03754934956238848, -0.8232822090038572, 0.3083815245391852], [-0.005300057250321788, -0.916828147721765, 0.35176743620876016], [-0.04791641639965083, -0.806939791843192, 0.24653267191829764]], [[0.29207572921680713, -1.1146034969456464, 0.3528272923190805], [0.24864838400248573, -1.1221463198552921, 0.3006995173426106]], [[-0.19764587470051165, -0.7800580452003418, 0.08685028371026093], [-0.17059923692669265, -0.7895597156538563, 0.0848545440516808], [-0.18625290261994343, -0.7510927146721027, 0.0509634600687916]], [[0.38286009334126514, -1.0797816335205455, 0.09522374481434404], [0.3788821189380934, -1.0686950271799385, 0.08993994090833524], [0.3808279255570679, -0.8001289956141121, 0.08624838641631782]], [[0.16073473520392512, -0.9870910672699293, 0.0723451455353823], [0.20197755318513516, -1.0544888867795557, 0.08605053751316172], [0.18235459678422594, -0.7660809278870341, 0.07541941222898685]], [[0.43500342055095464, -1.1293350363515617, -0.3640211878803514], [0.39887701830420785, -1.1796662049260602, -0.25735501386118287]], [[0.17439070887828045, -1.124218744537067, -0.3224986083346939], [0.1322039992425469, -1.1011880085709813, -0.34774492106020594], [-0.12501207066135578, -0.7659262904895149, 0.024399598742915085]], [[0.3738730734852219, -1.3252008110393747, -0.7053219012475793], [0.4177596794737661, -1.237015375658733, -0.6738879674642296]], [[0.27727504050703733, -1.2129438388491127, -0.6520349003838626], [0.3321901071731447, -1.2078380108851252, -0.5805859191707732]], [[0.1446579057139683, -1.099093004462442, 0.6954797646135134], [0.2289471709083684, -0.9902434440936505, 0.5287606722310116], [0.2249253534224882, -0.7852730409270465, 0.5208619309318233]], [[0.23925871736447674, -0.9457998357996031, 0.580862664148846], [0.24564613987719475, -1.032345102239185, 0.5492026358140536], [0.24135577939277164, -0.8278341143668362, 0.5041387233843098]], [[0.27179741427259513, -1.0334363503952373, 0.08378444517486316], [0.2904298360616143, -1.061591956979747, 0.08799523921074848], [0.2815912611706469, -0.7831049617505731, 0.08083389932265234]]]}