{"bodyId": "h0", "timestamp": 1645468772343000000, "continuousState": [[[0.13158584821639002, -1.078662518991359, 0.645707941027271], [0.08384373455046346, -1.0344063695370527, 0.4987062124916757]], [[0.2233775532301982, -1.080268557034457, 0.7243904092345657], [0.1889224341612193, -1.0415566768051063, 0.6369873184869259]], [[0.08775346647181975, -1.0267467196140105, 0.7397739636044538], [0.09706829675301232, -0.870056971910486, 0.6396154872092874]], [[0.40446299865145524, -0.987475364460705, 0.5701807909104564], [0.3588317742883099, -0.9712129770152862, 0.5034034281364486], [0.3806945120135288, -0.8610055731189237, 0.5226385026848331]], [[0.07338066637629048, -0.907083328282861, 0.5931140318490622], [0.12685456130954015, -1.0988409930619851, 0.5955673646769941], [0.1348993903070601, -0.8290898497947659, 0.47167627992821126]], [[0.5247529230189862, -1.0575490450230514, 0.3023194808733898], [0.44358446567539567, -1.0103366503313311, 0.20683941894717162], [0.3189110184675161, -0.7445673971939308, 0.37779885703427474]], [[-0.04759503006146948, -0.82369603302724, 0.2963801782747235], [-0.010417392706122408, -0.9010616247719696, 0.3419077165236435], [-0.04770008787274582, -0.8081149147196206, 0.23849109676981228]], [[0.29718974978775603, -1.1073750780321896, 0.3460448115522192], [0.2503202465033393, -1.1304757388028233, 0.3065332192706314]], [[-0.19972377036020428, -0.771905723711793, 0.06249975836517607], [-0.18529899220188029, -0.793606672552428, 0.08105228911530804], [-0.18199034236168565, -0.7591374474814543, 0.04399402377038675]], [[0.37160168226922774, -1.0945282839229011, 0.10102940129368632], [0.37878729696145597, -1.0679108007179647, 0.089247935170639], [0.3875244021820645, -0.8073722693079681, 0.07175375511159854]], [[0.18532033549915605, -0.9411100946288853, 0.01598780646425313], [0.20069937656352332, -1.0713085213708384, 0.0885325494806406], [0.20295817983305153, -0.7930559467872262, 0.0447150604924369]], [[0.4412175222280875, -1.1216057990306245, -0.37529355860820424], [0.39999328819566415, -1.1897248302685168, -0.2463872156466338]], [[0.16810261753371203, -1.13165694485975, -0.3359514948650135], [0.13043472545472878, -1.0949337060299036, -0.35435456667851306], [-0.13503530476451964, -0.760418032576744, 0.04764118776544757]], [[0.3787638587256884, -1.31960935996138, -0.7162053877884729], [0.41954288217354796, -1.257043265759236, -0.6463655286059002]], [[0.2695357642188366, -1.2233665427242466, -0.6187772868174546], [0.3253588214761578, -1.176708701147424, -0.609981559117162]], [[0.14232471011740888, -1.103114571555193, 0.6980187846995782], [0.2214809661567521, -0.980641287849574, 0.5214743214449056], [0.21016329821562518, -0.7761766925274745, 0.5279161093221145]], [[0.23892183251387286, -0.947279346371783, 0.5816474113797593], [0.24284316779892504, -1.0350269850386358, 0.5494853964067213], [0.25779695116029444, -0.8450477114568448, 0.4971573913065222]], [[0.2784610088841919, -1.0178191892758932, 0.05850860387896972], [0.28974333676248964, -1.0696096610444017, 0.0888902423256398], [0.295241291007558, -0.8002141080475972, 0.05823440780201772]]]}