{"bodyId": "h0", "timestamp": 1645468781388000000, "continuousState": [[[0.06649574326892083, -0.9068337662042151, 0.6293421623672796]], [[0.2541411362265044, -0.9488709810723008, 0.7191296542430117], [0.1482825382897014, -1.0157231047109723, 0.6719570158656321]], [[0.16921060029686297, -0.815700770848051, 0.6451007411289206]], [[0.4324014060482034, -0.9598172457755436, 0.5481080237075855], [0.36368766869004565, -0.9972227683059152, 0.5111214956410461], [0.386596269487935, -0.8470343939333469, 0.5184011678705214]], [[0.11126254672744768, -0.8399945124774468, 0.5410065843034666], [0.07791735824612916, -0.9372004060094987, 0.5107431386306196], [0.09470257434090734, -0.7840737856894285, 0.4779060051509867]], [[0.5081905405263352, -1.077503472961492, 0.32041872863218], [0.451328971441723, -1.0177380550484236, 0.20803497472964216], [0.3551813713502161, -0.7662129235155257, 0.3817095074873489]], [[-0.046156541037865984, -0.8464630045095611, 0.32623696137496516], [-0.08866895304711908, -0.7944890241703026, 0.2189321968556983], [-0.070143062532666, -0.7832520011795763, 0.25838669426455496]], [[0.33336006961153664, -1.067589920806512, 0.29779599087602904], [0.2628663596438383, -1.1339014337523916, 0.2835556534052075]], [[-0.19787926846486725, -0.7733511030030331, 0.072254718205224], [-0.18246858735004323, -0.8013761864461324, 0.08680376869157036], [-0.180872093857533, -0.7613331714915548, 0.04204990077341286]], [[0.39903184828252647, -1.0586192556534146, 0.06255650615730701], [0.3862404399972881, -1.0637101519404308, 0.08083291820819083], [0.39528290188876514, -0.8056228279049381, 0.07872582867414302]], [[0.20870128301987823, -0.9165711035164636, -0.004250850454791566], [0.21028446037165854, -1.0392972152703024, 0.05270123542402971], [0.2858564797421461, -0.8886880579161321, -0.012579399403601088]], [[0.4428341563003979, -1.1204313010411526, -0.3900367747027147], [0.43078168853850984, -1.1660385064742451, -0.2601094032830368]], [[0.17823512407112363, -1.1176620562346624, -0.34438145883277715], [0.13223574755075596, -1.0947437104020283, -0.36395032454991005], [-0.1049440698594728, -0.7715734433337265, 0.037003799408289906]], [[0.37824216218472473, -1.3334253475391253, -0.700361778778102], [0.4365435184438361, -1.2251807926311067, -0.6735371067144436]], [[0.2640634372845807, -1.231317402601902, -0.6196581933172092], [0.3309139769883217, -1.1370277136768903, -0.6784903856865571]], [[0.2500021061986576, -0.9308303362126684, 0.5693722113219539], [0.2186483200082543, -0.9587271495998277, 0.5038875596252652], [0.21233395211032113, -0.7693131921590313, 0.5224944292754953]], [[0.2718319763878255, -0.8999058791264952, 0.544557304005526], [0.2208025134680874, -0.9672115871577069, 0.5109323171358329], [0.24064942191442118, -0.8155540898113878, 0.49815358651075403]], [[0.30386656565120235, -0.9875951795849391, 0.029152827851257723], [0.2982624501844733, -1.0515036836053666, 0.06676707681611027], [0.34056969081545563, -0.8471554429105351, 0.033073214635270964]]]}