{"bodyId": "h0", "timestamp": 1645468784403000000, "continuousState": [[[0.12364764833211223, -0.939971198668947, 0.6718133753000575], [0.0307412902553012, -0.990526238256721, 0.6143614151952341]], [[0.25068199173902456, -0.9874405716263905, 0.7219675749053822], [0.15242516394879063, -1.0528991694480392, 0.6559905552331744]], [], [[0.42549837961184434, -0.9583851373475254, 0.5573650585649979], [0.36859029729664705, -1.0112756156485858, 0.5266947259929753]], [[0.10668282063308471, -0.8500145905415146, 0.5474567721293719], [0.07848400071405737, -0.9577898648977292, 0.5125051813138322]], [[0.5484095116549957, -1.0756062952464855, 0.29394485705880524], [0.47353018486814313, -1.1204216957203446, 0.28875978247839607]], [[-0.04493978376072166, -0.8391352610567937, 0.31298596203518225], [-0.03187820174021272, -0.8910850317624053, 0.31338691963744436]], [[0.5806078487459136, -1.266534317190625, 0.12556741673422334], [0.5232924392068857, -1.2280776926893697, 0.07576070341499697]], [[-0.20078308574847648, -0.7766964146823294, 0.06664078729955203], [-0.16412304836359437, -0.8069274762386645, 0.09700121039380494]], [[0.4307886334353672, -1.0287166698270396, 0.025109341966297327], [0.3972791607419075, -1.1356637669332135, 0.1242126614480148]], [[0.19450293207269465, -0.9551964215290412, 0.020995480296714497], [0.19657619615222516, -1.0438216426637714, 0.021766145141339566]], [[0.45572871956794614, -1.1183903646556623, -0.40137148942368617], [0.44096717432273047, -1.1914217723088392, -0.23792729696845094]], [[0.190735773696472, -1.1134994073647484, -0.34472455153590653], [0.1309034849065196, -1.0826139360006937, -0.38773984624525326]], [[0.3828281155152322, -1.328107456271377, -0.7102496744220328], [0.4324999523845197, -1.2277939003290443, -0.686142070732253]], [[0.27713533197774676, -1.2134154833499688, -0.6510829236664479], [0.32959281788244066, -1.141098773281437, -0.6619383113814546]], [[0.2389864817782556, -0.9508331970618071, 0.589458053908861], [0.22252220523195887, -0.9788438303896818, 0.5143746085241336]], [[0.26609060012246455, -0.90419986394452, 0.5524109153471849], [0.2235371490053522, -0.9845327402731575, 0.5195999536534037]], [[0.31264578275403093, -0.9919565456780404, 0.023052411131505912], [0.29692767844706636, -1.0897427047984924, 0.07298940329467718]]]}