{"bodyId": "h0", "timestamp": 1645468801890000000, "continuousState": [[[0.15551905205593397, -1.0704634343020796, 0.6193808630685484], [0.08311976695669532, -1.0758881767588167, 0.5168999063783375]], [[0.21604181550340995, -1.0936686090112553, 0.7446531335440068], [0.1655175866431075, -1.0849610916342838, 0.6472656807770774]], [[0.06457550542956436, -1.0592446405513092, 0.7183557517086865], [0.09231327809524337, -0.922259008404612, 0.6185830529488883]], [[0.4181312884484313, -0.9905779781026192, 0.5597052859813048], [0.36832193303393357, -1.0282611660481416, 0.5006916720946073], [0.3540238257030295, -0.8613391012161068, 0.5444492294842314]], [[0.062279168595235745, -0.9429447555363921, 0.6070720185876353], [0.1313018102887606, -1.08152873089716, 0.543267424814988], [0.11731107975565114, -0.8152712268703021, 0.4674505393036711]], [[0.49322306799633076, -1.095256669353934, 0.33695931450942607], [0.4445397110268343, -0.9988451937515517, 0.19108263288646232], [0.22407203918645124, -0.8606180267811127, 0.4285613459350408]], [[-0.03426663506258265, -0.8115794117574135, 0.29130323690647253], [-0.08831334809087654, -0.7636945610055834, 0.18604210887602646], [-0.03655911374948406, -0.8006347347077549, 0.2384722641583541]], [[0.3172186706271177, -1.1588478431805178, 0.31651820599116465], [0.23097108123887028, -1.1778268642859178, 0.26608639381468957], [0.05032055252988954, -0.8122384416333098, 0.443796106989106]], [[-0.1942560679627764, -0.7609887044539969, 0.06139995017372191], [-0.19397944470651407, -0.7892288688374614, 0.06639143204513176], [-0.17118777466891477, -0.7636342016781741, 0.052266071147568316]], [[0.36832587220274027, -1.110717221570733, 0.0940844817352473], [0.35489050390855315, -1.1033473095630102, 0.06830246551335462], [0.39609095310322906, -0.8179076944386339, 0.08070120092913291]], [[0.24085045644186387, -0.9200818444338426, -0.041019506482324886], [0.19507776777187708, -1.0376707407873458, 0.016572805812194114], [0.26763901681329005, -0.8413764276489681, 0.028324550775992607]], [[0.34388722232135005, -1.2280343510117353, -0.2999644614678676], [0.2834572986397785, -1.1822557929662387, -0.25929330411464546], [0.19322582698224355, -1.035937556257214, -0.12348830862033777]], [[0.2526496918356286, -1.1274891666304387, -0.35153006497744355], [0.28319820752495867, -1.1997519312104483, -0.2220982771700779], [0.16854080180802722, -0.9874984336846331, -0.1416881764689264]], [[0.12648132770756704, -1.2816334499540778, -0.6344557322829745], [0.1761139010706978, -1.2378802091383758, -0.6548512861786625]], [[0.26790032444712697, -1.3261380583185982, -0.6535116249008581], [0.31768588207964954, -1.2323170284165474, -0.7133053893016554]], [[0.1406058121283078, -1.1141774181659208, 0.6847179024142707], [0.23273694166587827, -1.0004227414140323, 0.4998351668538856], [0.21612343408954615, -0.8264248755204964, 0.5165413337205373]], [[0.2402052285218335, -0.9667613668195056, 0.58338865228447], [0.24981187166134708, -1.0548949484726506, 0.5219795484547977], [0.2356674527293403, -0.8383051640432044, 0.5059498843939512]], [[0.30458816432230207, -1.0153995330022878, 0.02653248762646121], [0.2749841358402151, -1.0705090251751779, 0.042437635662774364], [0.33186498495825956, -0.829642061043801, 0.05451287585256276]]]}