{"bodyId": "h0", "timestamp": 1645468815625000000, "continuousState": [[[0.10671066806899143, -1.0375692176960796, 0.6812580836694504], [0.05240164099003608, -0.9986147502902769, 0.6135133559146962]], [[0.3019237121877769, -0.9392940448606044, 0.6807926796087198], [0.1397771700336738, -1.0805046453911735, 0.6751647101935412]], [[0.10324644614909095, -0.8896540376651978, 0.653370465774304]], [[0.378027432300501, -1.0229541621659495, 0.5874521495790759], [0.2872844944077091, -0.9800093904221601, 0.4817058793847222], [0.2978790767511712, -0.8878796148813817, 0.5793216275177989]], [[0.08638824205395984, -0.8775326864389354, 0.5674096462474445], [0.056822960570475145, -0.9834473302008184, 0.5021588297261741], [0.08101902224293145, -0.8084110289059976, 0.48697714268538805]], [[0.48979830103216926, -1.1328281125776394, 0.3419318184376279], [0.4205243586879551, -1.180226529444393, 0.3037241767904397], [0.1940401666245728, -0.8512917044739327, 0.5646682113941928]], [[-0.04072446355478426, -0.823110407720149, 0.29272880450671424], [-0.194768506210384, -0.8081623166798795, 0.07628390474229962], [-0.08013762243975209, -0.7923840704537436, 0.24971710533342428]], [[0.5476675825080719, -1.2811617469379835, 0.1236822715208381], [0.4899830232024597, -1.2602784997505698, 0.07546257333678796]], [[-0.19534104950888775, -0.7640833990000595, 0.06400065132735078], [-0.24662866278226858, -0.7004906057798048, 0.006032301490801029], [-0.17605287859107466, -0.7690013788036274, 0.043057547630824256]], [[0.36969211201126606, -1.0962028990612853, 0.05299463909500246], [0.3564371276106897, -1.1913942263810176, 0.15333537959300525], [0.34307362696789845, -0.7889257353828416, 0.13813624552847314]], [[0.22242241987391842, -0.9045553905791182, -0.042351017967961146], [0.18843892255141648, -1.0679116848659735, 0.035370638853889025], [0.26500259504598955, -0.8380160957759115, 0.03969563309275215]], [[0.26733299370537933, -1.2348420708672314, -0.25098691902141], [0.26173317550201813, -1.217929312694248, -0.22850068042331695], [0.1265872652985034, -0.9481921233802986, -0.030415301194928857]], [[0.22203385361338634, -1.157840070780004, -0.30126421017380656], [0.2883481998449814, -1.222422001164601, -0.2069959308711633], [0.13051294290432924, -0.9584358267550469, -0.10970786414099121]], [[0.11649136236015178, -1.2657470637494643, -0.6441733046399927], [0.16504386063758403, -1.2139101446510185, -0.6540356126128469]], [[0.2619121506560823, -1.3335923079549123, -0.6391334287982096], [0.3226627644465585, -1.251477409046262, -0.6971973147378634]], [[0.19023621339965624, -1.0160400979576378, 0.608612397059467], [0.17747162485114476, -1.0162450191689412, 0.5154958881965956], [0.22675107076840484, -0.8853053535393675, 0.4944937430957247]], [[0.23220783717723043, -0.9502434243024425, 0.5774308979132602], [0.17205372748909212, -0.9817283603114892, 0.49193235455544815], [0.18944904949705133, -0.8481453218936896, 0.5331493851015935]], [[0.29605726594259224, -1.0003791448202017, 0.005321810563520657], [0.2724380250810531, -1.1296529556234955, 0.09435300922344714], [0.304038111006944, -0.8134709155793766, 0.08891593931061265]]]}