{"bodyId": "h0", "timestamp": 1645468824134000000, "continuousState": [[[0.130970259084292, -0.9699354020459983, 0.701397516017874], [0.07269544411970585, -0.9281680402727963, 0.6361578009392733]], [[0.262771197141179, -1.0145075194156155, 0.7358542388109677]], [[0.16287888072733558, -0.8610087922735576, 0.6476061602505502]], [[0.4015589038802103, -1.0027150273201895, 0.5849028692391667], [0.3402903842345124, -0.8657856000260902, 0.5759202499370715]], [[0.11221281762211399, -0.8526017759129605, 0.5461920289690425], [0.14906048314686493, -0.8493815344366206, 0.44603090494888553]], [[0.5056478679030901, -1.1252651832343226, 0.33092088949705034], [0.20792428051877554, -0.8462437102873464, 0.6200586646929331]], [[-0.04425512207919596, -0.8376222844625347, 0.31174772976960896], [-0.042849458206793534, -0.8024849575867468, 0.24707144478527998]], [[0.5470103590335221, -1.2815510715859655, 0.12437681212925966]], [[-0.19580395466967448, -0.7892307086274528, 0.08265044358322116], [-0.17518721217879696, -0.7705166659124398, 0.04200999609102107]], [[0.3883850129701236, -1.0843682859243013, 0.05515320390941092], [0.405518538405401, -0.8290888959130648, 0.10584127954352551]], [[0.1907819591657045, -1.0200423988408003, 0.05837548784727753], [0.2160982024681286, -0.7644249642463634, 0.10489450569106806]], [[0.33310501645902557, -1.2288445774096288, -0.30441044841276854], [0.14105001197435696, -0.9556167355081041, -0.022414916928236384]], [[0.2778847329349974, -1.19214329215596, -0.31006382221307804], [0.142883734918819, -0.975131511392279, -0.08783494883384635]], [[0.17884255748687095, -1.3113682375969924, -0.6641808682337287]], [[0.4051950797964017, -1.3698666465772855, -0.6828289051475152], [0.13030095429015964, -0.5847566464544893, 0.018214803926379752]], [[0.23628752985119533, -0.9546163564283989, 0.5850323585871617], [0.24742567109393176, -0.8678530233151235, 0.4951863766891915]], [[0.25688586075116215, -0.927658401616575, 0.5655474491041046], [0.24467543369068867, -0.8575835672313554, 0.5109755774429785]], [[0.28958348606791406, -1.0522053423825508, 0.056764345878344225], [0.3108083704367648, -0.7967569300797142, 0.10536789261729679]]]}