{"bodyId": "h0", "timestamp": 1645468833983000000, "continuousState": [[[0.1257325625121964, -0.939883903397517, 0.6842206170924088], [0.033193890194441744, -1.0223017595060728, 0.6338087037262652], [0.07093058396735108, -0.9377982514315278, 0.6264386253625635]], [[0.24023421928244182, -1.0050732400409987, 0.7386050037952403], [0.14375439572276155, -1.060961037474126, 0.6811479339616602]], [[0.17099518984590034, -0.8622499894366619, 0.631648531338148]], [[0.3938612419938918, -1.012871636976997, 0.5851903198220991], [0.3325092089243149, -1.0351834186426, 0.5316050049062278], [0.3229864634075097, -0.8654882248687462, 0.5870053962896433]], [[0.10753728576370403, -0.8604022615982878, 0.5445273726009858], [0.08938432355788117, -1.003132548978139, 0.5423053023323892], [0.0897046238594974, -0.7992189359664037, 0.4665747142281296]], [[0.5193981435995603, -1.1097682074582234, 0.31613058510966385], [0.4301351087266373, -1.1717624623729732, 0.3025897439920411], [0.1722473379077718, -0.8635207429043712, 0.630444176155352]], [[-0.04473751858333952, -0.8305186348280431, 0.29037497974139015], [-0.07290135384708518, -0.8277079849179045, 0.2587462862004286], [-0.053005706116369344, -0.837870490591226, 0.2251045127671275]], [[0.5524929247086424, -1.2762861345928393, 0.1177664330549053], [0.49191378616604997, -1.2622443734645137, 0.0700149841824218]], [[-0.20295972738972745, -0.7844020191323664, 0.07349424376077063], [-0.18545447832996276, -0.7935110588272671, 0.08127450610098208], [-0.18087825994679763, -0.7602871159832117, 0.050617180140723805]], [[0.3731333729568964, -1.105058762267676, 0.07766716895939574], [0.36026407015686385, -1.17826283358965, 0.1204336535392414], [0.41739612985177454, -0.853018615651837, 0.05595074027986047]], [[0.24272718759088419, -0.9309582750010246, -0.04506202837693696], [0.19735975143993123, -1.0553801087350512, 0.0034968662640062487], [0.20346256487474523, -0.7823104181264682, 0.07526457852482527]], [[0.33698571196761495, -1.2496634868245784, -0.28822391714057827], [0.2903494796078727, -1.2124590586714044, -0.2356942728754119], [0.15856554544529855, -0.9827222190819886, -0.061624220555105746]], [[0.2768176836137717, -1.1938471435697575, -0.30781709090819454], [0.333912196910465, -1.2212736456859865, -0.21878986315041105], [0.13235714358597184, -0.9306072833021214, -0.04046604447787672]], [[0.20765835232635677, -1.2748867761961868, -0.6267056639935664], [0.2427746698466573, -1.2351555111216992, -0.6063401765366441]], [[0.4080677098773806, -1.35453562948677, -0.7030351803403174], [0.40945566887590096, -1.29330334361306, -0.6827393880483966], [0.10346804550715327, -0.5720215371787492, -0.0016315096444102783]], [[0.22874095805136963, -0.964988835802596, 0.5783398837220532], [0.20407141761521974, -0.9809073369375105, 0.5155335403481036], [0.19564936389446697, -0.821257454031961, 0.5238938521150462]], [[0.25069926387879793, -0.9366369492876424, 0.5648588462115425], [0.21094676624109804, -1.0191579838103695, 0.5369551536193085], [0.20634554363350355, -0.832353580417575, 0.5267900552588864]], [[0.3079302802738903, -1.0180085186343502, 0.01630257029122939], [0.2788119107983975, -1.1168214711623505, 0.061965259901623826], [0.3104293473632599, -0.8176645168891525, 0.06560765940234287]]]}