{"bodyId": "h0", "timestamp": 1645468835457000000, "continuousState": [[[0.12537007082917961, -0.9277047504630218, 0.6790826573644799], [0.027720290577621987, -1.0077181937822504, 0.6330759427002945]], [[0.2401843348534805, -0.9939125156398361, 0.7342964918628303], [0.14814338522901882, -1.0571817093700047, 0.681161908384244]], [], [[0.39182610032496373, -1.0158855692343562, 0.5872668577344597], [0.3340049237959787, -1.0349608331873892, 0.5257042809877117]], [[0.10653710172132891, -0.8621074499447263, 0.5454312359159541], [0.06940320027588798, -0.946697802650174, 0.5046904925808988]], [[0.5303231838888596, -1.0971659470281756, 0.30440199597054085], [0.4375748704209156, -1.1102345360776167, 0.25638904552276043]], [[-0.030917923415949455, -0.8166434177925144, 0.2841208148931105], [-0.0974379984920658, -0.7829526491069121, 0.1924803518020468]], [[0.5584608269735912, -1.2704640387245665, 0.11047883533685021], [0.4971999635461063, -1.2719487412998711, 0.08208321490200587]], [[-0.19330706524905317, -0.773305559342863, 0.05988248654559847]], [[0.3562585400127719, -1.1385806874788245, 0.08011281817933891], [0.36511063436538066, -1.186737877406017, 0.13776676722645664]], [[0.2503946630557691, -0.92840556005728, -0.0841237630977516], [0.2108398273242763, -1.0645632671888712, 0.026258335566492486]], [[0.3428555590287834, -1.2303362790570913, -0.3105801637534351], [0.2953731636566625, -1.2040238747896204, -0.24069837775801917]], [[0.2830825399610266, -1.1856321034755959, -0.32008568186644126], [0.33002789930693854, -1.2325523649010155, -0.18010793837162242]], [[0.19614499654944284, -1.2757115524714768, -0.6302281937716956], [0.40949445270352736, -1.2941623330724459, -0.6821023735976869]], [[0.3859381240938756, -1.3507371917033442, -0.672351675608722], [0.40163584465348795, -1.2791714917868269, -0.6703849288745543]], [[0.22959794556442453, -0.9634360582851362, 0.5772365671140329], [0.2049357518065641, -0.9781596211409869, 0.5080020451209999]], [[0.24918160102314632, -0.9389965095895413, 0.5663490468252069], [0.20170406203593333, -0.9908293179187816, 0.5151973867843053]], [[0.3033266015342705, -1.0334931237680522, -0.0020054724592063478], [0.28797523084482846, -1.1256505722974441, 0.08201255139647456]]]}