{"bodyId": "h0", "timestamp": 1645468872374000000, "continuousState": [[[0.06329904462823077, -1.1814124975904103, 0.5119908973649538], [0.019065413480269022, -1.1628590932926388, 0.503776966512465]], [[0.15817763812207342, -1.271234937425479, 0.6109788816963042], [0.06981071031578734, -1.2994981111086958, 0.551178735980642]], [[0.10037604236554154, -1.0789457192532512, 0.5795536443156731]], [[0.4058192298754979, -1.1462908620468222, 0.5183913296843363], [0.2817994680006991, -1.1488984375558937, 0.44040507421209085]], [[-0.012093986840740811, -1.1654494252818974, 0.592176564340205], [0.10517973799803881, -1.2722941074529763, 0.5249417591219259], [0.04331635896879504, -0.9833549243538477, 0.4718544514081635]], [[0.5819855918525352, -1.2020006201536269, 0.3147048506388812], [0.4992588930305695, -1.1745894370892498, 0.2856533902426672]], [[-0.0428508026396045, -0.9324996478133265, 0.2749765817414602], [-0.07725592028857442, -0.9612160552677274, 0.2155889330941645], [-0.13191219561961054, -0.8188729246609823, 0.26987054804271016]], [[0.5663254262658102, -1.2936258785109804, 0.12186442418121657], [0.5103965011096737, -1.275244340399868, 0.05883162714598189], [-0.021941422687991263, -0.47162862593015087, 0.5304661531348671]], [[-0.20619499587203804, -0.8290220486688362, 0.08863651005606976], [-0.18154433664366854, -0.8485695359254337, 0.057150012891517665], [-0.18513086211744967, -0.7651314150222026, 0.05736386908326396]], [[0.37682405419381215, -1.0985648902012448, 0.01968763583029398], [0.35264293202766145, -1.1690603877995884, 0.08342662909263132]], [[0.20681826604090814, -0.9971119207725321, -0.04084468771171723], [0.19400393875267552, -1.0859638292202203, 0.005873203971920704], [0.013516766604703134, -0.6059445559494178, 0.2400605689459543]], [[0.3057624686417584, -1.2634304435785308, -0.2649153449023869], [0.28241105537588573, -1.2057729931857972, -0.2479965895874796]], [[0.28217758350234234, -1.2000188353203742, -0.3187244313186328], [0.3284934796576356, -1.228313226649669, -0.21524620284290052], [-0.14134637035114983, -0.6074654411327207, 0.37807807014219774]], [[0.1658887168923473, -1.2412043702353541, -0.6885437476604199], [0.24225793413581986, -1.242308113925452, -0.5855105931772623]], [[0.3771250260690252, -1.373904007080933, -0.6532294702538504], [0.4093099729040051, -1.2914017501953188, -0.6854660697765136]], [[0.0954339828500066, -1.296347314900736, 0.6633347338953628], [0.1783377998836176, -1.1689133718057034, 0.47275605797069753], [0.1760780849636263, -0.9921869195796531, 0.5105433334515783]], [[0.19686262151737854, -1.1558701436643597, 0.5552839470122707], [0.19348960299936896, -1.210596272504435, 0.48267341666700836]], [[0.29182116011736015, -1.0478384054868886, -0.010578525940711625], [0.27332343539016846, -1.1275121085099045, 0.04464991653227601]]]}