{"bodyId": "h0", "timestamp": 1645467647815000000, "continuousState": [[[0.09580897204976868, -1.2934744239921703, 0.6568387701520333], [0.16370763438246572, -1.2212454797029588, 0.6046356421222723]], [[0.32108666565742827, -1.2406387511574866, 0.7956090333262396], [0.18138592821746857, -1.3123485238155461, 0.7384514894390284]], [[0.2339823332676173, -1.092834838562136, 0.6749883221883389]], [[0.36549355799544225, -1.4208112139726299, 0.6702567508039139], [0.27414138580700975, -1.4885795792090508, 0.603402402167081], [0.21086007734127032, -1.1552887695866132, 0.6031508084867824]], [[0.28054317643853094, -1.1325000893801807, 0.5815777812351584], [0.3430707947696473, -1.2071437275391244, 0.5879199286355334], [0.28122628039207087, -0.9925983230818198, 0.5303510627677462]], [[0.41161511115114124, -1.597194193407792, 0.4270322023456201], [0.31596339771443976, -1.632101888462352, 0.38931194088959664], [0.23989983576462626, -1.3036090306096404, 0.404610032315855]], [[0.22792528779431287, -1.0459539674204, 0.3996482969275983], [0.3742665342961418, -1.5081755581289134, 0.4742607997658064], [0.29231972704637954, -0.941632327047619, 0.25819122427582675]], [[0.19069804197659435, -1.4531281461829533, 0.41622126461859255], [0.11393743597151851, -1.4839110672560356, 0.34881203326050814], [0.17121409562765022, -1.3366349672514666, 0.35859463580818207]], [[0.245741766045509, -0.834314779597501, 0.09528576226305008], [0.2671871025007153, -0.7619997659776271, 0.038245462128462915]], [[0.3098532882134688, -1.471498875918627, 0.1523143383254948], [0.3006818433263712, -1.586333736036459, 0.22839493916403353], [0.16611027049652227, -1.2262288150026426, 0.11498669082515744]], [[0.18811456940111237, -1.3447041026587419, 0.1662350871655458], [0.376204659226346, -1.546553798219669, 0.26849969890029945], [0.2649980039468931, -1.144442457574266, 0.07410790994988137]], [[0.3305839813535745, -1.4394233260097853, -0.39369969199409494], [0.2109096942081281, -1.4011282887849674, -0.33482090979090284], [0.2026527351813716, -1.1883432927207045, -0.22335123537690338]], [[0.14759777615706837, -1.2430094319502891, -0.3401468144126827], [0.2632931965542237, -1.4092076123978619, -0.2763224838463739], [0.12869834016806814, -1.199611594384259, -0.25139470217832083]], [[0.2516288689654682, -1.4684705364419917, -0.6528896112693083], [0.31914632263693976, -1.5918325589817002, -0.5153741515857624], [-0.11304054099269756, -0.5644419040821523, -0.0030745027797540736]], [[0.2890718036159212, -1.5951208785121567, -0.5289889320855892], [0.32900926687974263, -1.4478489530513392, -0.5681873058816775], [-0.1518089001207108, -0.5509779774248623, 0.001159684377990411]], [[0.3131727951550287, -1.2891192007729027, 0.6321868174561043], [0.2962052722548969, -1.298706672977199, 0.5612274318979303], [0.27267674707549827, -1.117850187314327, 0.5434283784914233]], [[0.3230183672169866, -1.2766556516764052, 0.6259172660195361], [0.3086060902883285, -1.3478616533740877, 0.5956611654013072], [0.2460431788666706, -1.0739435463342164, 0.5667509356272643]], [[0.2489839288072906, -1.4081014892886845, 0.1592747127455203], [0.3384432512763586, -1.5664437671280642, 0.2484473190321665], [0.2155541372217077, -1.1853356362884542, 0.0945473003875194]]]}