{"bodyId": "h0", "timestamp": 1645468885439000000, "continuousState": [[[-0.24549668170466282, -0.8083697383851205, 0.7503498195661018], [-0.26567209357555066, -0.8266803739487929, 0.6873986003402165]], [[-0.1856679424305303, -0.925416400443207, 0.8148110817104457], [-0.2722867289481714, -0.9699526078111416, 0.7423629214881118]], [[-0.15026051124090312, -0.8716843558326319, 0.7443436885722623]], [[-0.21331497193001214, -0.9721155285226404, 0.6198350152593621], [-0.32578465434291715, -1.0424651650472687, 0.5832135624948211], [-0.29122821898685436, -0.9572948642266481, 0.6259602452253626]], [[0.022418416170612132, -0.9311104943055197, 0.6562622531023115], [-0.12121411826026812, -0.6527824350930929, 0.43147515229263567], [-0.04640127607607136, -0.7846813650499699, 0.5651859677422246]], [[-0.4929879923018231, -1.0422467129187656, 0.5337342656174646], [-0.6530979804712105, -0.9206696960289842, 0.3316007262718621], [-0.44261899940645844, -1.0110763519109642, 0.45178112364574974]], [[-0.10204761081586289, -0.9572741547579964, 0.5454950284811442], [-0.04088089920961735, -0.8508469484387584, 0.22252088219367971], [-0.09011409038386131, -0.6902888220635031, 0.31211582124426995]], [[-0.705290062367655, -0.8883941505180895, 0.4192079321812987], [-0.7860357403361289, -0.7552337080281868, 0.34904560270552176], [-0.6522688341095096, -0.8568637874181689, 0.3745877835436695]], [[-0.02953201686055995, -0.9256334870463352, 0.20698036317231416], [-0.12577507769173102, -0.6421749424770449, 0.05717197615032277]], [[-0.23218566959853099, -1.1528277958291873, 0.19663451946645272], [-0.2513924240532778, -1.1008456849563526, 0.04719915296727173], [-0.28232346341255365, -0.9428904515490051, 0.13385289959555002]], [[-0.08545134583873593, -1.2086100925123642, 0.27354172268648624], [-0.07941168889432759, -0.9717217266567082, -0.0029971575463747513], [-0.15496373367166838, -0.7650483037233579, 0.17753708677687452]], [[-0.33238704308186096, -1.0517778996744649, -0.3178161080149442], [-0.3235160809472919, -1.0199027414076922, -0.4031450521586828], [-0.3484082195713768, -0.9018970314670556, -0.18107905490427656]], [[-0.05823333608753922, -1.0737489278103536, -0.35783053773049667], [-0.09278051088654238, -1.0381317798235485, -0.36086245728187416], [-0.2606275217537253, -0.5381994720613479, 0.000902390763845129]], [[-0.2759195853883525, -1.1581986451767212, -0.6970953095351393], [-0.24591840651808883, -1.0939341798337037, -0.7053158983401157], [-0.34523888436563, -0.8090237595421785, -0.49610055024827016]], [[-0.11922244802468251, -1.1908477687237822, -0.707775958633565], [-0.07567990642985178, -1.1069864359859718, -0.7576525342968229], [-0.3376513849476297, -0.4302048976307591, -0.17083539219415922]], [[-0.10994970113718061, -0.9785461001884672, 0.6481565496802535], [-0.21028076852509447, -0.9041426723613042, 0.5234976205229014], [-0.17493335976677304, -0.8703916323792199, 0.5972746402714304]], [[-0.0954482778797, -0.9516130114140801, 0.6380486341808368], [-0.22349938630159263, -0.8476238000701808, 0.5073443573937284], [-0.16881474753146286, -0.8709881146383089, 0.5955731064837937]], [[-0.15881850771863346, -1.1807189441707757, 0.23508812107646948], [-0.16540205647380268, -1.0362837058065304, 0.02210099771044849], [-0.21864359854211102, -0.8539693776361814, 0.15569499318621227]]]}