{"bodyId": "h0", "timestamp": 1645467651098000000, "continuousState": [[[0.15700638948250345, -1.0577423157110846, 0.6319812600967089]], [[0.22745114563603652, -1.197029764345584, 0.7658977672928144], [0.1252731782785605, -1.2795667860438311, 0.7129970264914831], [0.09032849353657535, -1.0496189565249607, 0.7151801579092862]], [[0.2313097852550564, -1.1829734856711462, 0.725323304458863], [0.291800277850508, -1.0884727900385296, 0.6633311794016448]], [[0.35987709277605484, -1.4182202038721923, 0.67147121317954], [0.26936782279956223, -1.4887043313158876, 0.6012641599969174], [0.17342516137848807, -1.179197509261041, 0.6050928643144613]], [[0.2590849379431635, -1.1333798656303293, 0.6175470356920651], [0.33885472480438755, -1.199562716280599, 0.5949388994403024], [0.3383922169275595, -1.070458606439955, 0.5252401259041393]], [[0.4132832967564649, -1.580958490663728, 0.4150463121005932], [0.31570395082680464, -1.6305818266526646, 0.3879147571936331], [0.2266337031734742, -1.282050284208271, 0.41449225673544177]], [[0.21452389847098186, -1.0699260856690234, 0.43472559809922195], [0.36815478722941536, -1.5104043395494688, 0.5463280031799763], [0.30247158947284847, -0.9668933965549122, 0.2536105344381242]], [[0.18226034328190555, -1.4542941051149956, 0.4060394558011533], [0.10584510730430619, -1.4896969701954745, 0.3418915886696352], [0.13379230246796214, -1.2860366066051832, 0.37680236182450777]], [[0.2497031603434937, -0.8476920335813598, 0.13079773920593118], [0.2635921911434915, -0.7580087124089852, 0.049874051857374035]], [[0.28434490953891767, -1.487542695825349, 0.19959162395697883], [0.31559525321034804, -1.5971410980362692, 0.26199160142777733], [0.21703496288269442, -1.3109423563303961, 0.0806346645581606]], [[0.19391678351266983, -1.326847233570967, 0.15797347753820534], [0.3810746121759795, -1.5254267607545189, 0.2603166570794987], [0.2317486646159841, -1.0787366144749106, 0.14139683147036808]], [[0.35064977564327526, -1.4176899498308053, -0.42079271782324], [0.20714472089580893, -1.4141282710200118, -0.27074287378486417], [0.1969509280811621, -1.1932149513125583, -0.20432464590906152]], [[0.13254217572697813, -1.2506500457524572, -0.3328541598020245], [0.18620984314650013, -1.5354372575989947, 0.01937516742558998], [0.0788384902894661, -1.127930744235754, -0.1800105035335755]], [[0.24396575025122624, -1.4650463115760315, -0.6495558227416276], [0.30933955849910544, -1.5596914810681395, -0.5484300655101382], [-0.11947221996756463, -0.565654397364734, 0.006639806278854632]], [[0.2881091856840038, -1.585364062496252, -0.540417006562782], [0.3166203888889949, -1.4791554083924072, -0.5002795429974121], [-0.13232658452555857, -0.5579309089701502, 0.0024159674774471007]], [[0.3149218211330129, -1.2684699345116248, 0.6345443273952662], [0.2881067419746388, -1.289397130536116, 0.5591778803179795], [0.22112904002782163, -1.0532439175248989, 0.5964638646220981]], [[0.30948101535960915, -1.2758000347512608, 0.6445091244358025], [0.3041112738019749, -1.3441335237982432, 0.5981015297186099], [0.2559086891530238, -1.124828057850498, 0.5651664951093003]], [[0.23913084652579375, -1.4071949646981579, 0.17878255074759208], [0.34833493269316373, -1.561283929395394, 0.261154129253638], [0.22439181374933925, -1.1948394854026534, 0.11101574801426434]]]}