{"bodyId": "h0", "timestamp": 1645468920815000000, "continuousState": [[[-0.3048586124132513, -0.7804919635844165, 0.6616900984331089]], [[-0.22763495642835535, -0.8837357660015661, 0.7822156484018514], [-0.29784841431700637, -0.9464857031022447, 0.7298175998683345]], [[-0.3622442937700598, -0.3782337510555509, 0.5543490216907148], [-0.1827704983059003, -0.7647758122146125, 0.7170767401671236]], [[-0.3172288234849602, -0.9815906933455942, 0.6611285377539651], [-0.3751825431350163, -1.0219955201397435, 0.5759986962814783], [-0.3251023352018301, -0.9720895886619713, 0.5746687444508469]], [[-0.013657721445032855, -0.9272001397655043, 0.6342123731165441], [-0.16318303192023698, -0.5924986209103722, 0.3874437295520976], [-0.06906595717701947, -0.7960714636468169, 0.5537366992130806]], [[-0.5120280614210406, -1.062010306761162, 0.4342855907611316], [-0.6265471662123805, -0.9442644705537631, 0.2725896060694353], [-0.46361383283232804, -1.0388199745533533, 0.37287223799743463]], [[-0.15608542665605063, -0.5376884113876721, -0.046400097863514844], [-0.06402791098799643, -0.7429636284635023, 0.283872680168333]], [[-0.7056096221545374, -0.8809230628659299, 0.4134163659232102], [-0.7513648886776747, -0.7897778779636455, 0.31074507344778723], [-0.6559004426342809, -0.8698935026039398, 0.3625387031246554]], [[-0.07938534756757842, -0.5993497135959749, 0.027913515716528225], [-0.13356351346913642, -0.6290954868110716, 0.07616364047099045]], [[-0.297740419658477, -1.1576552987981017, 0.1984961751319705], [-0.2871939020685522, -1.14477927878175, 0.08581573756038563], [-0.31523468657421594, -0.9633747593982851, 0.08584415433431769]], [[-0.11355423567525502, -1.166404373374426, 0.21388500989339843], [-0.10033840525988769, -1.0097412264875065, 0.03988852521809161], [-0.16887282904278145, -0.7832699514146327, 0.14182261885156755]], [[-0.240511187313734, -1.1150756813049894, -0.2773194897068343], [-0.2458726892087253, -1.0452427705906393, -0.36390575744319453], [-0.33846447114706457, -0.8125907234005112, -0.09508890395013836]], [[-0.08879148922305735, -1.0753148305424487, -0.3058226327936384], [-0.07775233586820618, -0.9452197334034684, -0.4181809641523224], [-0.2968192505548233, -0.5703161769377143, 0.0012859672682143941]], [[-0.20891261774740677, -1.2351111277039777, -0.648639049306607], [-0.14665906486054947, -1.164610608095158, -0.6951925848147575]], [[-0.0977167250046368, -1.23337623335755, -0.7229349888113974], [-0.055287211478286746, -1.1334988866785347, -0.7281645203627454]], [[-0.16476636870384803, -0.9297297017061044, 0.6322568908203023], [-0.2311456174343982, -0.9099282836505054, 0.5268433635345282], [-0.23317221980419656, -0.8145269904592751, 0.5919522174965459]], [[-0.16544327246499652, -0.9543954165555493, 0.6476704554352546], [-0.26918278752762664, -0.8072470705250578, 0.48172121291678793], [-0.19708414618942477, -0.884080526154394, 0.5642027218319637]], [[-0.205647327666866, -1.1620298360862638, 0.20619059251268446], [-0.19376615366421995, -1.0772602526346282, 0.06285213138923862], [-0.2420537578084987, -0.8733223554064589, 0.11383338659294262]]]}