{"bodyId": "h0", "timestamp": 1645468952238000000, "continuousState": [[[-0.31697094851614294, -0.7678277697536089, 0.6687658670326351]], [[-0.2532795878614222, -0.8774219752122654, 0.7821577737952254], [-0.3362933878239851, -0.9414149374595822, 0.7255645028450277]], [[-0.2122925051370732, -0.8188430224727645, 0.714875108221154], [-0.19669609442068603, -0.7633514674193095, 0.720887794666088]], [[-0.3423167879790173, -0.9827374965467253, 0.6531861026497086], [-0.395107600810397, -0.9990690779968614, 0.5624665309460946], [-0.3398034208875802, -0.9559198186696594, 0.5708022396795159]], [[-0.016789573309500483, -0.9050904598541747, 0.6249619919823823], [-0.15755717976529804, -0.6854502820853414, 0.44125436169677434], [-0.09219138434613805, -0.7687184288242217, 0.5698496740848452]], [[-0.5136493530242131, -1.0576308758980089, 0.42404921306227394], [-0.5710790961437037, -1.040574524812202, 0.30789724526994044], [-0.4840773827840792, -1.0218811072098561, 0.3720623112670536]], [[-0.05017023041073465, -1.0077737891857188, 0.4629358103739938], [-0.12511942570913037, -0.6333465220331918, 0.018174530216477747], [-0.08535628252310445, -0.7088182961394897, 0.30809647884889924]], [[-0.7180458973433863, -0.8867490339400699, 0.4250280141918681], [-0.7086360565869531, -0.8681888103044182, 0.3611798559036341], [-0.658608494680219, -0.8586892195333311, 0.3693103605147554]], [[-0.09205095207406488, -0.583669269795486, 0.014368150007130431], [-0.139625977251427, -0.6302773665589666, 0.07794181852263193]], [[-0.30031360098902193, -1.1549954889529297, 0.17950219208535323], [-0.28284452208924593, -1.1543021784685386, 0.10218538064177807], [-0.2975504676352475, -1.0112511018077521, 0.03467372194802443]], [[-0.11762987420990223, -1.1725814873712006, 0.21239381878604213], [-0.09652465011691858, -1.0228260893406023, 0.05911227796863283], [-0.16481181352750096, -0.7785885073180873, 0.135250735721669]], [[-0.24053715557548538, -1.1154076580488002, -0.27757840457812955], [-0.24295012089427093, -1.0689115667887035, -0.34337329963495944], [-0.32697503902258807, -0.7734175228394033, -0.16312373932376834]], [[-0.08794100549641637, -1.068911694864006, -0.32550694012942216], [-0.07175545764938096, -0.9436293270889391, -0.40469634160609846], [-0.30194470501073045, -0.5502057478479296, 0.003979179389559939]], [[-0.20316074775279835, -1.2369553547938006, -0.6685849239765613], [-0.14182622192037242, -1.1537031040876493, -0.7159896695361164]], [[-0.10101501497312748, -1.2437227183135502, -0.6896612819090964], [-0.057214267942107266, -1.1093844477587202, -0.7419103385399752]], [[-0.18782863409612838, -0.9494496007179714, 0.6506865262519221], [-0.23991488377405112, -0.9256389708726918, 0.5374311692393741], [-0.2527804289629876, -0.7750750292564612, 0.6111493015731586]], [[-0.1795531806442589, -0.94391397820045, 0.6390740473160454], [-0.2763323902878475, -0.8422596800411014, 0.5018604463214345], [-0.21599740261685912, -0.8623191237469405, 0.5703259568821806]], [[-0.20897173759946208, -1.1637884881620653, 0.19594800543569768], [-0.18968458610308225, -1.0885641339045704, 0.08064882930520545], [-0.23118114058137423, -0.8949198045629196, 0.08496222883484672]]]}