{"bodyId": "h0", "timestamp": 1645468984130000000, "continuousState": [[[-0.301385161382867, -0.7944916076945665, 0.720667314681829], [-0.299839665429102, -0.7692142150695718, 0.6325032313486065]], [[-0.2579244349063835, -0.855577191230174, 0.7745506075061808], [-0.34514294332820483, -0.8940960678650693, 0.7106394467503707], [-0.3512720279693886, -0.7475275187781025, 0.7389283029251602]], [[-0.15040335705048646, -0.845018937303524, 0.7888157263134914], [-0.21606437591122696, -0.8233240495960492, 0.7084048011472124], [-0.19361266605832173, -0.7597268434303116, 0.6964619563526261]], [[-0.3386923470244515, -0.9879898383063619, 0.6543327149712803], [-0.4210918380320301, -0.9657879749004052, 0.5433631258416254], [-0.34403924499825866, -0.9431321270864166, 0.5832609077285154]], [[-0.009696849027863608, -0.9028951400686669, 0.6212421932532666], [-0.10042677035417524, -0.7917327002304413, 0.5062495381917052], [-0.08471769593684964, -0.7807775073990411, 0.5701679739018645]], [[-0.5132615183659962, -1.054795829605349, 0.42221345495329743], [-0.5662507017192586, -1.0495156637059513, 0.32984194334234695], [-0.4752451470295018, -1.041281394475059, 0.3826906485416097]], [[-0.05572590991787729, -1.0054296119475914, 0.4640069301980887], [-0.049716219337786915, -0.8551168499851063, 0.2386756266403265], [-0.12718854888227016, -0.6641748615598201, 0.3519908431434088]], [[-0.709680247383595, -0.8842912316038007, 0.41813292725076834], [-0.7118206620536488, -0.8494097836696239, 0.3451270050477311], [-0.6575120313842471, -0.8584835226889078, 0.3755098681426542]], [[-0.09891156993134342, -0.7189034173417927, 0.0846209691413633], [-0.14074133176384707, -0.6293354392127882, 0.07179952964390202]], [[-0.29940620845735993, -1.158596159038656, 0.19125324076538552], [-0.28334488301195737, -1.1536535722679282, 0.10159681822599054], [-0.29851016711921763, -0.9948218775843213, 0.10271635231925302]], [[-0.11807849590019937, -1.1740465012405374, 0.21381205243349144], [-0.09986017988629114, -1.0172666415634486, 0.06304232363432494], [-0.17532585932033107, -0.7807529681617236, 0.18411665699675916]], [[-0.22663491922835532, -1.094762014908812, -0.31201702685857846], [-0.22932965851544962, -1.0978172276413882, -0.3123166984984669], [-0.3354208973761573, -0.7876312128446685, -0.08670521598095682]], [[-0.09144000087122306, -1.0741579920164088, -0.33011169133062945], [-0.07434405387700405, -0.9511656519111029, -0.4226376186462377], [-0.23418827857444802, -0.640500014754555, -0.010371921028081044]], [[-0.2051098105994329, -1.246809003561267, -0.6368881344598754], [-0.15253593691305523, -1.151329960832985, -0.7127946701342726], [-0.28721290816052136, -0.7635463039753576, -0.4767517144077208]], [[-0.10501328896984152, -1.2492467274820922, -0.6933928458814802], [-0.06285827612813, -1.1364898200902456, -0.7302515882834699]], [[-0.17409524527164805, -0.9404204268922842, 0.6408326230342192], [-0.24222965888558334, -0.9366255480477375, 0.540919104431582], [-0.26940094265765124, -0.738860851060128, 0.6410909544415205]], [[-0.17419459802615755, -0.9454424891875144, 0.6377874541122734], [-0.26075930419310267, -0.8787603375654233, 0.5248063320166653], [-0.21437847046755415, -0.8619548172427288, 0.5767144408151899]], [[-0.20874235217877965, -1.1663213301395967, 0.20253264659943848], [-0.19160253144912426, -1.0854601069156884, 0.08231957093015774], [-0.23691801321977435, -0.8877874228730225, 0.1434165046580061]]]}