{"bodyId": "h0", "timestamp": 1645469007580000000, "continuousState": [[[-0.17817009257287586, -0.9931602679783876, 0.6487891734954957]], [[-0.08992438675616765, -1.0827503921510846, 0.7985374078001395], [-0.1726314803430632, -1.1315772013385805, 0.7156554818037406]], [[-0.0648252275855471, -1.0579003236135227, 0.6829292991634839]], [[-0.004612655723225889, -1.3222565478949997, 0.6811447616350861], [-0.06506489388840347, -1.374623984614221, 0.6019385112500012], [-0.17874081502449635, -1.0034734523250672, 0.6667184637833667]], [[-0.08957062381961961, -1.0188618328725045, 0.5730762236025546], [-0.020982560652923365, -1.0682167310172268, 0.5269854162189067], [-0.03333292929877696, -0.9613495259699627, 0.4927490896316471]], [[0.006128055105430685, -1.5061749179823072, 0.4743009382037049], [-0.0787911352488142, -1.498676132212858, 0.3524543941901721], [-0.14779798278095346, -1.1613722926742949, 0.49254636878478286]], [[-0.14566075942440332, -0.9553325706480913, 0.4067425964286353], [0.03831917511151195, -1.251179432161431, 0.41978271946114254], [-0.09505038034689317, -0.8053061323694861, 0.2638966106926698]], [[-0.20452227366476422, -1.3692114809290419, 0.4369353071070077], [-0.2762936024723224, -1.3683384800919884, 0.35758704607017044], [-0.18961513422198295, -1.310060088784964, 0.3705065537457124]], [[-0.14240116457515295, -0.6862305918891265, 0.08986418276036545], [-0.1312841350236036, -0.644903746528021, 0.05764240052589875]], [[-0.06693102858097988, -1.4356199040373991, 0.18929201080945446], [-0.08039340109908144, -1.4142707535255228, 0.12493183849066858], [-0.16289586143907764, -1.2199489852943683, 0.13391693499708057]], [[-0.14994375492973555, -1.2619969291505675, 0.11051895892760588], [-0.004016185969466846, -1.3478598440419172, 0.1404661702934602], [-0.11815668192866702, -1.077381192361984, 0.11091176289486493]], [[-0.09585678386130969, -1.4786835829877905, -0.19465340246119744], [-0.12860308958510003, -1.3699686253872094, -0.3470361079260622], [-0.12928509248089703, -1.2643916316686021, -0.11196341290382161]], [[-0.29138796986653714, -1.330473723343117, -0.1840820235079541], [-0.07052036140602302, -1.4151644268627317, -0.23473438849552686], [-0.29612699684550037, -1.02966318029555, -0.11635246308203073]], [[-0.10412265771636164, -1.4875867749280292, -0.6183587232857797], [-0.028413928624052898, -1.5094977452082345, -0.5762379236645818], [-0.21547492507389554, -1.0128446998407197, -0.04177544197182592]], [[-0.06485410370373978, -1.5316679028451061, -0.5352422076012231], [-0.040054948594626216, -1.3708746784897707, -0.6799615709660924], [-0.2640556757927405, -0.9673681655629096, -0.32366045727528536]], [[-0.0579021114521821, -1.1881182926833875, 0.6373559031674509], [-0.029718442227618547, -1.2844056580908823, 0.5984393716510479], [-0.10213944500620609, -0.9912565631953842, 0.5880059491035478]], [[-0.04709163977142275, -1.1705591903837522, 0.6271104926188203], [-0.04302372727066342, -1.221420357815724, 0.5644619637344539], [-0.10603687216163665, -0.982411489147515, 0.5797337767075069]], [[-0.10843739175535771, -1.3488084165939833, 0.14990548486853017], [-0.04220479353427414, -1.38106529878372, 0.1326990043920644], [-0.14052627168387233, -1.1486650888281762, 0.12241434894597275]]]}