{"bodyId": "h0", "timestamp": 1645469027278000000, "continuousState": [[[-0.27566608495270295, -1.158344474709363, 0.5927203665958882]], [[-0.10664632052903739, -1.1129908144734255, 0.7661393779474948], [-0.21077069004778082, -1.151850869504614, 0.6746777059741023]], [], [[-0.008912944669279499, -1.3297247448029739, 0.6868683369579536], [-0.08746844345602967, -1.3301245557147958, 0.5925896342130128]], [[-0.12635876211067248, -1.1133712687276638, 0.6127006126778212], [-0.009368914837456443, -1.1192101652651554, 0.5527706620896939]], [[0.013391180412981818, -1.4960636996899206, 0.4626500297576983], [-0.07323110303056202, -1.509878459603608, 0.3624869284239147]], [[-0.14233055905765762, -0.9414603265768908, 0.3885154050712396], [0.03319173409437748, -1.304741625895576, 0.4466841064295344]], [[-0.1934881410320468, -1.3721579356423645, 0.4401693649588856], [-0.2612476447176928, -1.357442870184696, 0.3575507454556748]], [[-0.15260974539331706, -0.7200728854672451, 0.11829453050202798]], [[-0.05417871330561663, -1.4279517515792686, 0.19166908574567088], [-0.08384841879524896, -1.4056146327693706, 0.10861748102558422]], [[-0.16437957116867596, -1.3156088357677316, 0.18826588733628635], [-0.0024700216212451, -1.351478547649251, 0.14358337797310727]], [[-0.0404332811735022, -1.3673117640656736, -0.38336354959191987], [-0.09985953702824579, -1.429594241654815, -0.260566816375678]], [[-0.2679792444458927, -1.2643587292102971, -0.274828477077518], [-0.08850623221589793, -1.4244806009841475, -0.2376800886532895]], [[-0.1205338709906052, -1.5144847510810686, -0.5734411333430531], [-0.026106589260218693, -1.4626680825884748, -0.6320087406583013]], [[-0.0725587266872737, -1.568493144539877, -0.5185214670006866], [-0.02662495183207836, -1.399145844623936, -0.6479929101770221]], [[-0.06284223955394291, -1.2190055005029927, 0.6435244949337595], [-0.032369721863243606, -1.2802105592269213, 0.6019498352349566]], [[-0.06763585338997599, -1.2215480067653188, 0.6497844748178874], [-0.048418679146743054, -1.2246673604899756, 0.5726801481513534]], [[-0.1092791422371463, -1.3717802936735, 0.18996748654097861], [-0.04315922020824703, -1.3785465902093108, 0.12610042949934575]]]}