{"bodyId": "h0", "timestamp": 1645469028819000000, "continuousState": [[[-0.20029830622010442, -1.0754697244681062, 0.6559007945377464], [-0.27431247814607823, -1.1619829279353249, 0.6011177767946869], [-0.23385381883549394, -1.038371346417001, 0.606545426479921]], [[-0.1024359624715015, -1.1151987152626675, 0.7657250846546124], [-0.19765765462601714, -1.1788676452644333, 0.6877061721076778]], [[-0.1544159717643221, -0.9729072790174444, 0.6214665148323136]], [[-0.003642492166821998, -1.3208344243358439, 0.6800152945779407], [-0.06982385142983755, -1.364206148932253, 0.5955759890178631], [-0.1167796970132915, -0.9820732156728946, 0.6583114157826867]], [[-0.11903360418322367, -1.1261053399839591, 0.6230895236007683], [-0.008418039331640481, -1.1050986331922987, 0.5471582991133441], [-0.07248240971878628, -0.9351149217440304, 0.48331895527025615]], [[0.012984651607718556, -1.4960202696447387, 0.45551758125607966], [-0.07315501791743206, -1.5099279121029219, 0.36237489332780837], [-0.1273782444971956, -1.153077378830262, 0.49779848835751117]], [[-0.14180882945264367, -0.9636026913969693, 0.40996895248473075], [0.036100891953338654, -1.296106550779425, 0.44334112361705147], [-0.09172051661797243, -0.8378294615800995, 0.23866696356756523]], [[-0.19256152108382657, -1.3620731773302477, 0.446736286208576], [-0.2763510361182371, -1.344848852702251, 0.35217009240347497], [-0.17170872751730282, -1.291912256132921, 0.3803829908765385]], [[-0.15038538278484703, -0.7203930887804959, 0.12634031915882882], [-0.1300299071189157, -0.6470375085083804, 0.05569923969228463]], [[-0.04797895203664082, -1.4042490813628492, 0.15612253241903407], [-0.08197595708428551, -1.4218144369324928, 0.11320991843988781], [-0.16764165916189588, -1.149887504111919, 0.17748391250587647]], [[-0.16092280763324918, -1.2902936796438929, 0.15359860910837764], [0.011285530525779408, -1.3812514414410593, 0.1562242081541534], [-0.13707539014540393, -1.0767960783302821, 0.09206686434950684]], [[-0.0375616261922902, -1.3772230241709884, -0.3750254233416772], [-0.10740591680767908, -1.4301831973697403, -0.2648756508545469], [-0.24382848710653504, -1.1096270694416255, -0.14379013874054858]], [[-0.2722885965523256, -1.27283654916396, -0.27261528037472704], [-0.09032385699868573, -1.322960161106477, -0.3351985493463887], [-0.2882802990340234, -1.0498072609437943, -0.13257606868451755]], [[-0.11896823211585217, -1.5115283710525464, -0.5799968144924654], [-0.040936823411680257, -1.559895245374031, -0.5594557619768545]], [[-0.0713608143812352, -1.579716544420719, -0.5177028972413935], [-0.02262598809315064, -1.366511930465134, -0.6965718838791032]], [[-0.06124483018000865, -1.2295479068375559, 0.6547672741867234], [-0.03839598067885658, -1.2628744800233547, 0.5860125544357744], [-0.07406663937500269, -1.0072467653846018, 0.5396779707570393]], [[-0.061338048175022836, -1.2234698821599015, 0.6515524090893545], [-0.039120945380739014, -1.234652391062276, 0.5713671440656036], [-0.09463105336603889, -0.9585940687084625, 0.5708151855264714]], [[-0.104450879834945, -1.3472713805033711, 0.15486057076370585], [-0.03534521327925305, -1.401532939186776, 0.1347170632970206], [-0.1523585246536499, -1.1133417912211006, 0.13477538842769166]]]}