{"bodyId": "h0", "timestamp": 1645469031499000000, "continuousState": [[[-0.20048908414726752, -1.0763962482024736, 0.6564884952602759], [-0.27861581204361546, -1.140142939632689, 0.5913238699197114], [-0.21951794463451246, -1.0551763256829405, 0.5977363214034735]], [[-0.10036393624976764, -1.1131506438526646, 0.7698789552573493], [-0.18975791499031308, -1.1688100576353404, 0.6862360142730359]], [[-0.1464720559289644, -0.9881576320668642, 0.6214688374264811]], [[0.005586531472575151, -1.3160313383083722, 0.6795155263764427], [-0.06764582414394416, -1.3573711473319034, 0.599122125073124], [-0.12055759642901032, -0.9891216553864162, 0.6569389003875639]], [[-0.12057396604793952, -1.1222403115483395, 0.634653310366353], [-0.011388336784617759, -1.0955990108413929, 0.5419147565331222], [-0.058484068879635975, -0.9332647064377606, 0.48021040761508704]], [[0.0063192628079156155, -1.5062337578108913, 0.4743752496765805], [-0.07129981376680938, -1.5124114750589543, 0.3580628735424294], [-0.13114069553673346, -1.1455414609226082, 0.5009827239694513]], [[-0.1425156494768935, -0.964997880947362, 0.41127979078408483], [0.030994734130004087, -1.3147708751214613, 0.4512772507110032], [-0.09785369294683322, -0.8136687523323437, 0.25286450285442497]], [[-0.197526423933164, -1.365726495671611, 0.42995113843668764], [-0.2662086296333469, -1.3722825108782393, 0.3563175986200995], [-0.1838666260426246, -1.3284320760253256, 0.3451538949122728]], [[-0.15172270021051026, -0.7177781121179452, 0.11636979613144005], [-0.14693154984285706, -1.4283503094545889, 0.44185966427549506], [-0.13350067374712893, -0.6414113365132096, 0.06089496813115636]], [[-0.06102538661968515, -1.438140471965152, 0.1966042372651544], [-0.09500425811794466, -1.3828536660428365, 0.09419286859609399], [-0.17834584168202128, -1.1238722920205528, 0.20174122813352435]], [[-0.15962703920426669, -1.2906728111774595, 0.16241416965140898], [0.014324324918778442, -1.379510559723876, 0.18049934770797904], [-0.14130068117546646, -1.0462177452238752, 0.13463982696959953]], [[-0.0680929880025104, -1.4285198246461313, -0.2957840618846179], [-0.10349571922081557, -1.425601694918188, -0.24629654414887292], [-0.1637514740135757, -1.2202811348928315, -0.14980450239306953]], [[-0.2710761723868308, -1.2687478070288847, -0.2785590130033504], [-0.07672062819548964, -1.3890846154711858, -0.24319221534927093], [-0.30825640989583114, -1.001525988944973, -0.10132025014451262]], [[-0.11475561223970498, -1.504514444186767, -0.5957872390593213], [-0.035316837143332336, -1.5136348513286384, -0.5646616630652909]], [[-0.07766306695337843, -1.5629403234300367, -0.5203566217307043], [-0.03007939968512474, -1.3555771854107912, -0.6901416969294957]], [[-0.054048873637935146, -1.2282224193366837, 0.6573888960310277], [-0.04450168420104961, -1.2326420250541592, 0.570550184506839], [-0.07263720929314155, -1.0095847759164358, 0.5383984152200413]], [[-0.05749371728768218, -1.219135824928356, 0.6570844183713979], [-0.03951708046428096, -1.2264850790866482, 0.5705184408031231], [-0.08952083265432315, -0.9611931809120884, 0.5685746540013255]], [[-0.11032621291197592, -1.3644066415713056, 0.1795092034582817], [-0.04033996659958311, -1.3811821128833563, 0.13734610815203652], [-0.15982326142874387, -1.085045018622214, 0.16819052755156194]]]}