{"bodyId": "h0", "timestamp": 1645469048785000000, "continuousState": [[[-0.17558394246950987, -0.9934512023837958, 0.5886591107484733], [-0.23959400829006527, -1.0421882018525603, 0.6065523287850836]], [[-0.10636527531677542, -1.1215856415282857, 0.7641701566467627]], [[-0.16256828285014246, -0.9847381394725304, 0.6265661363746189]], [[-0.009436016721673268, -1.3295751878108084, 0.6811249565289001], [-0.13426127880968697, -0.9775232890964175, 0.6565381360443148]], [[-0.1117543828536593, -1.1057519792904813, 0.6023494884736447], [-0.042597550910278725, -0.9909129044804106, 0.44714804739726477]], [[-0.013037751281369303, -1.5050488667450286, 0.47027449431447277], [-0.14860905841376215, -1.1596017673200762, 0.49305719528749503]], [[-0.1413581184357297, -0.9445222276858634, 0.3979348377998895], [-0.09543728735941337, -0.8183139267836099, 0.2497602578240845]], [[-0.19263764154721197, -1.3408100289865017, 0.445656825012241], [-0.20173524676593935, -1.2590914077689557, 0.3928857095533651]], [[-0.1602152290639759, -0.7526630911383045, 0.15338804804097417], [-0.1278221933460586, -0.6505936316605372, 0.05258578652804036]], [[-0.05751429478218906, -1.4191009793581693, 0.16705770306305423], [-0.19574760373675526, -1.1655378012996134, 0.15362888920863127]], [[-0.15357134340764456, -1.26678471796046, 0.10755378671832916], [-0.15700384543132284, -1.0528684948496536, 0.10306652913375824]], [[-0.08568012787505053, -1.4326184499597954, -0.2611772743692151], [-0.3026179104664656, -0.9925607769124908, -0.08040122691443985]], [[-0.285672534684581, -1.3118938955813455, -0.21261180995301454], [-0.294393482382721, -1.0563100814539728, -0.14322479086287887]], [[-0.12040931061958593, -1.5140727092086155, -0.5744460321981191], [-0.3402151971475278, -0.7258080642867804, -0.11208447143829925]], [[-0.07521710033119255, -1.5717815945095672, -0.5253260467187193], [-0.291311641669617, -0.7885538220296584, -0.2961803869541344]], [[-0.0672291560429305, -1.2511881911083944, 0.662913881535609], [-0.10003162200752669, -0.9729319696439507, 0.5502880853553086]], [[-0.06059519978766628, -1.2176635835506449, 0.6417372225012724], [-0.08842941485998285, -0.984218096788414, 0.5518430917207897]], [[-0.1055428190949168, -1.3429428486593147, 0.1373057448906917], [-0.17637572458403905, -1.1092031480746334, 0.12834770917119476]]]}