{"bodyId": "h0", "timestamp": 1645469056021000000, "continuousState": [[[-0.19262067329935556, -1.076863149037675, 0.6665086822237314], [-0.21176993384755338, -1.1200540594657544, 0.5976049075217905]], [[-0.06798380167734336, -1.1215685929489034, 0.7794461879383245], [-0.1712964977359776, -1.1674960590823555, 0.6910441932942859]], [[-0.1335702168188947, -0.994053879801349, 0.6517684025514078]], [[-0.0024485735829674615, -1.3208696378862808, 0.6917859182291819], [-0.07140835063354567, -1.3360256366432794, 0.5883550613566961], [-0.13032699886944932, -0.9850180333299073, 0.6534416741231287]], [[-0.11624242688622194, -1.1056061355913769, 0.6107646513068585], [-0.0173032637749021, -1.0785807282651065, 0.5324111632138719], [-0.04849912560302061, -0.9649795841144871, 0.46571992172376486]], [[-0.00898500963946125, -1.5271063456251657, 0.4842771942952169], [-0.10917372142296788, -1.4763749094365404, 0.3244380963944975], [-0.15608920027731243, -1.1240486110362058, 0.5150433749153552]], [[-0.14618139356871018, -0.9928750326182614, 0.4301142983074593], [0.03293084462625118, -1.317389318704557, 0.446744320065122], [-0.09855237709491682, -0.8256676753842629, 0.24705527155317075]], [[-0.19490774916060022, -1.359217563364437, 0.4612153947050459], [-0.253565068673719, -1.3483939257750956, 0.37050598596892725], [-0.18817369990005295, -1.2512713788522816, 0.4001697535314327]], [[-0.16362939825013922, -0.7807455075596739, 0.16531207633472378], [-0.13258359170860068, -0.6427955604289973, 0.05959682089840057]], [[-0.06425504213859046, -1.441053072361401, 0.18280937021499888], [-0.09233523614601458, -1.4020328556922443, 0.10146912454594981], [-0.1937261027251268, -1.148990476730333, 0.16952037064232572]], [[-0.1569994825680433, -1.2724244311136401, 0.10547046265353544], [0.003737855217693875, -1.3837035218264035, 0.17031553239310204], [-0.1408177806614891, -1.0708014175663139, 0.08785328774413736]], [[-0.08805791703783938, -1.4479605884052913, -0.265568219080323], [-0.12936673968249435, -1.3852507268191558, -0.3326448782022138], [-0.2964383113080806, -0.9884597203714632, -0.08060081368754435]], [[-0.262549232723318, -1.2481560585785034, -0.2997415733858526], [-0.09666365011446743, -1.342679406032282, -0.32084102957468996], [-0.30390079619272936, -1.01307771009289, -0.11102615375495817]], [[-0.12045220362403453, -1.5147352535912408, -0.5735743431246301], [-0.04516893034703795, -1.5383340588498322, -0.5661915190793154], [-0.3381213365587036, -0.7273846652435128, -0.09790943333573965]], [[-0.07603780202959787, -1.5598458638998067, -0.5419869355415905], [-0.03367242271564963, -1.343892967562672, -0.719871724345702], [-0.3173991493057773, -0.7623750418423398, -0.25296541072948064]], [[-0.06462632430228143, -1.2381953634962226, 0.667106448108409], [-0.03754051005545617, -1.2500771299107898, 0.5805639805941714], [-0.09541152224667959, -0.9676225413495864, 0.5511095850775516]], [[-0.0593455002345947, -1.213237886738829, 0.6512752847680202], [-0.044355807204223885, -1.207303182454193, 0.560383112285284], [-0.08941306223623496, -0.9749988087221972, 0.5595807979234468]], [[-0.11062726235331688, -1.3567387517375207, 0.14413991643426716], [-0.04429869046416035, -1.392868188759324, 0.13589232846952592], [-0.16727194169330795, -1.1098959471483234, 0.12868682919323154]]]}