{"bodyId": "h0", "timestamp": 1645469103524000000, "continuousState": [[[0.09745869878881808, -0.9833767719495974, 0.6267341426845776]], [[0.19611279107995433, -1.057310581423402, 0.7175416991437453], [0.1081253838558977, -1.0879914731841727, 0.6370365058228968]], [], [[0.40116075084383285, -1.0483018850565058, 0.6328866562942044], [0.32105472625276066, -1.090479014937387, 0.5674944642733191]], [[0.11454620784285002, -0.8507611091451417, 0.5517374791451646], [0.109663769206916, -1.0177380625725205, 0.5348360597945447]], [[0.46847256201330784, -1.167871886699979, 0.3792535633348626], [0.4311160181619633, -1.164220837784716, 0.31298612742291354]], [[0.013678296454499916, -0.7844400329892625, 0.3392154849421225], [-0.09176188788137862, -0.7406079404212014, 0.09958031885340834]], [[0.48786077172729403, -1.257985749720975, 0.1398876148606123], [0.43735175045776475, -1.272629494502533, 0.10573209227408431]], [[-0.12651759125967077, -0.6824220207373513, 0.07889218645869533], [-0.1134997670604011, -0.6698509403853214, 0.04289663792741383]], [[0.38510402730940196, -1.0899424656828578, 0.090547447593337], [0.39728100374285275, -1.2067532589246828, 0.18639281147665665]], [[0.24928115461332367, -0.9390978670790298, -0.011039788333827127], [0.24480230451122825, -1.0808327340498567, 0.06451644186568539]], [[0.3954283323945115, -1.1644425922823187, -0.36975634859825846], [0.3474701601413456, -1.1557624809291072, -0.3279911206254409]], [[0.2783608140555809, -1.076416450833335, -0.39102341135576046], [0.2941934003999633, -1.1470908863927294, -0.3075217079910204]], [[0.30289945476894387, -1.3945598433958744, -0.6834876094907107], [0.3363021885669307, -1.305055839367962, -0.6932164951546019]], [[0.2393397007829401, -1.2768876991950937, -0.6377636198644492], [0.3033662686547326, -1.2497317842579896, -0.6390032896804884]], [[0.20615168259513433, -1.0321122395793072, 0.6508731490982265], [0.21451076922153822, -0.9988369897177869, 0.5208846858914045]], [[0.25785347934334146, -0.9495314971008237, 0.5923120677196845], [0.21535924772983833, -1.0541085387549538, 0.5511652620339319]], [[0.3171925909613628, -1.0145201663809438, 0.03975382962975493], [0.3210416541270405, -1.1437929964872697, 0.12545462667117102]]]}