{"bodyId": "h0", "timestamp": 1645469123624000000, "continuousState": [[[0.11582090507246956, -0.9197978252871633, 0.6790078059485147], [0.07819178455904474, -0.9373098187132772, 0.6248061379025236]], [[0.23268553725860736, -0.9845763287671982, 0.7392922449865593]], [[0.1783486576735953, -0.8501540995157695, 0.6333362285854294]], [[0.4174151609482058, -0.9717907699344344, 0.6020576909163333], [0.37036017500168983, -0.8810039406533632, 0.5719797990083277]], [[0.10755658390400913, -0.8645815282655209, 0.5608415173164056], [0.0836198863514015, -0.8122124491289596, 0.4848561021860809]], [[0.4866636736977424, -1.1029924207452015, 0.34386614551359096], [0.17829034626371576, -0.8499404505227758, 0.63277572188621]], [[-0.0012033593191285163, -0.7819834321162324, 0.33602690257605006], [-0.011232323890928875, -0.779199106813287, 0.2403594984818329]], [[0.47874122558114995, -1.2672214342850248, 0.15103972857583736]], [[-0.1322603300692956, -0.6768435546272917, 0.07806684465105351], [-0.13161028340720726, -0.6441552801637609, 0.058301674877181076]], [[0.4032543827312717, -1.0523315785238556, 0.035177137948293025], [0.3693329656048099, -0.787441114740406, 0.1132017006923366]], [[0.19879953896030378, -0.9300344250774735, -0.010502470376002826], [0.09988927216557508, -0.6908799472993675, 0.13951577910732937]], [[0.39233081905235656, -1.195800603618805, -0.37801351076205214]], [[0.2160488777110351, -1.1768772768181877, -0.35482786318410287], [-0.033374723930191585, -0.7817197966368882, 0.23907432578687626]], [[0.3093070551238878, -1.4002560402772266, -0.6671280018322616]], [[0.37996150350389246, -1.4232600909357345, -0.6295286541192475]], [[0.2297728686083993, -0.9689988759533528, 0.6147605994447511], [0.17195216847854522, -0.7892085946379257, 0.5477190576884093]], [[0.26248587242610744, -0.9181861490999776, 0.5814496041163695], [0.22699003067654566, -0.8466081948911615, 0.5284179505972043]], [[0.3010269608457877, -0.9911830018006645, 0.0123373337861451], [0.23461111888519248, -0.7391605310198868, 0.12635873989983298]]]}