{"bodyId": "h0", "timestamp": 1645469184862000000, "continuousState": [[[0.282348688526519, -1.0715028660420336, 0.6425422912445622], [0.195865116341145, -1.1114028557623736, 0.5787442769851507]], [[0.2613533420073133, -1.0204871743812753, 0.6767231584909228]], [[0.20991709496010613, -0.9403898942194036, 0.6705305063130695], [0.1735734169802181, -0.9704305795506387, 0.6223303899433955]], [[0.4299535102134796, -0.9987576489887116, 0.6024639506734777], [0.39108507140737203, -0.9698278327339709, 0.514605062266484], [0.4408354887934858, -0.8789149621400021, 0.5103294960092225]], [[0.13492548120364262, -0.8092451416135307, 0.5254864071779168], [0.10749947709825208, -1.0438332054229347, 0.5592197551890423], [0.13673350487791058, -0.8425285698880352, 0.46642651021963566]], [[0.5401511561930261, -1.0621246710192143, 0.29874251537956953], [0.4607302870820126, -1.1133649717067864, 0.2853424402631437], [0.3123256395111764, -0.7572200091357876, 0.3975031707112634]], [[0.012168620889166037, -0.7917091381661756, 0.35232958839026796], [-0.11278475858560377, -0.6776393117943602, 0.05694044860595082], [0.0009930955765191651, -0.7624252096801198, 0.24461026973978073]], [[0.5223685203661773, -1.2636688297993905, 0.13478440545178394], [0.45667477529693434, -1.2459676702358073, 0.06885049831080958]], [[-0.13509879064237262, -0.6934343890501085, 0.10013790703946257], [-0.10278199634481344, -0.702334468384815, 0.06456813142208473], [-0.12118385064415671, -0.6610389419848464, 0.04274160287769846]], [[0.4040936936446595, -1.0635200282265354, 0.052396385274574575], [0.36623136723357547, -1.1310234694765577, 0.1127556639333589], [0.344981216338498, -0.758812757811409, 0.1030038850536068]], [[0.20945089381459447, -0.9269471937772846, -0.018299628450601402], [0.17517049946747382, -1.045687808901595, 0.021694398061520515], [0.10318565785994616, -0.7063327986680563, 0.12951321300327256]], [[0.3946534883752173, -1.1799461873732513, -0.3815790820257854], [0.3630686335207222, -1.1769742855388559, -0.29564304448806256]], [[0.24208131806001565, -1.140679660991764, -0.3704376491720034], [0.19169671765210516, -1.2357256905886815, -0.2571631649667985], [-0.028298327785751587, -0.7769947009781069, 0.24725268854266935]], [[0.3144834746494709, -1.3945364458222782, -0.6791252943707291], [0.37212884586405837, -1.3552873626377464, -0.6447229711292936]], [[0.36889301261864094, -1.4368634286028221, -0.6338331087705791], [0.3722951650008899, -1.354886261203339, -0.6443381266309683]], [[0.24237891686215213, -0.9604654231294891, 0.6066177113333402], [0.2547411018253766, -1.029776458964963, 0.54888582075952], [0.25945928015670927, -0.8285728928614554, 0.5045741521755579]], [[0.2824394957085611, -0.9040013953011211, 0.5639751789256973], [0.24929227425281206, -1.0068305190784528, 0.5369124087277631], [0.2887844968356982, -0.8607217660140186, 0.4883780031144291]], [[0.306772293729627, -0.99523361100191, 0.017048378411986587], [0.27070093335052464, -1.0883556391890763, 0.0672250309974397], [0.22408343709922207, -0.7325727782397327, 0.11625854902843968]]]}