{"bodyId": "h0", "timestamp": 1645469195783000000, "continuousState": [[[0.27129236181718075, -1.0768196232303924, 0.6484590599432931], [0.19135700527380572, -1.1225346144815407, 0.5886951390035184]], [[0.2594455791610548, -1.1152488031504757, 0.7707150787697266], [0.2522049062211739, -1.0369445019047212, 0.686641105148007], [0.284796701802809, -0.9251462698515279, 0.6742460412522414]], [[0.20415228641874467, -0.9382171542546123, 0.6713477735160818], [0.14536794712811818, -0.9400160600047771, 0.6368848979375564]], [[0.42333318140747656, -1.0077014226520937, 0.6084492244142472], [0.3925928957164446, -0.9840575459790937, 0.5218778007739922], [0.4160857233849409, -0.8504282696326847, 0.5248152022291344]], [[0.12646085104704058, -0.8266407323848664, 0.5366000615348541], [0.08775161554274752, -0.9916930923951897, 0.5299399701025453], [0.13186839335114442, -0.8357496078024852, 0.47019634269241106]], [[0.5478892339218937, -1.0641632843370963, 0.29646887090665497], [0.4605795572500494, -1.1081869168710123, 0.28149536867643987], [0.31079019339595004, -0.7758823556707561, 0.39807574132404866]], [[0.004982658847567489, -0.7881502989847373, 0.3449913247804224], [-0.1043322161181146, -0.7237508781545103, 0.07534937820785137], [-0.0032326994861040514, -0.7557914079483019, 0.24940231583651018]], [[0.5331830300235908, -1.273454026012228, 0.13564424074071946], [0.46494685616766174, -1.2612893695750702, 0.07887616972043165]], [[-0.13751141242664822, -0.6715556093732975, 0.07733068292935097], [-0.048801212676817696, -0.7780102676064029, 0.13674111923497012], [-0.12766763594632557, -0.6504838623947339, 0.05249515132256366]], [[0.4239042226648324, -1.037450951161629, 0.02417115178811402], [0.36997829062823334, -1.1460891860723172, 0.11749728057772613], [0.32185082293028566, -0.742377653895191, 0.11152914144152948]], [[0.2117349729546223, -0.9231615753689248, -0.022424426376340012], [0.18021615002113894, -1.061467596791388, 0.026409774618824544], [0.1242995688454267, -0.7456086685281333, 0.09224344834042775]], [[0.4034876953600277, -1.182313658523057, -0.39863283415412565], [0.36147855127286643, -1.1999518824233446, -0.2833153374418076]], [[0.23096452246753607, -1.1567573308558505, -0.3599874887365375], [0.16915032954748843, -1.1707457945252535, -0.334253295235199], [-0.04632174915017817, -0.7612778712720144, 0.2463953857070208]], [[0.31306493336092445, -1.396013715990771, -0.6755455620590063], [0.3732150169637053, -1.3475273338685327, -0.6669073812438412]], [[0.3880195375561051, -1.4160481653878734, -0.6607917531781837], [0.37454455616894156, -1.3369841210550835, -0.6547572347777628]], [[0.24563230021879134, -0.9549346531029645, 0.602982279028359], [0.2503761681600691, -1.0060549969639385, 0.5362841172069783], [0.24947171652944689, -0.8159339858163531, 0.5112281462219683]], [[0.2748970162272586, -0.91717107751848, 0.5725246429745506], [0.24017225562959607, -0.9878753191871417, 0.5259088854382687], [0.27397705836804265, -0.843088938717585, 0.4975057724607727]], [[0.31781959780972735, -0.9803062632652769, 0.0008733627058870042], [0.27509722032468614, -1.1037783914318526, 0.07195352759827534], [0.22307519588785618, -0.7439931612116621, 0.10188629489097861]]]}