{"bodyId": "h0", "timestamp": 1645469211260000000, "continuousState": [[[0.1339075054643405, -0.9399766481795013, 0.6947028192072073]], [[0.2679100814638355, -0.9828352642147469, 0.7151699377741765], [0.17170990858951213, -1.0326340961626406, 0.6474545682317767]], [[0.17415946666237747, -0.8325533106249464, 0.6731675660760386]], [[0.41064189113647387, -0.9688967681788725, 0.5889544276126477], [0.3684882811462393, -0.9763342080086765, 0.5164922091698829], [0.4142150477781441, -0.8586857183748675, 0.5227949830848226]], [[0.10622474912437535, -0.833352832961195, 0.5759655485009898], [0.07478303271775794, -0.9067809809837555, 0.5038768870355177], [0.09800547487362787, -0.7872876224958517, 0.49719149259534734]], [[0.512574567619253, -1.0493330654259534, 0.3036227221895993], [0.43800354522600826, -1.0473735924618581, 0.26138255401461263]], [[0.008354493871505053, -0.736146135779038, 0.3394861476807276], [-0.0074622298531500375, -0.8958958966487023, 0.35667208285735685], [-0.14689980496851296, -0.5357840506994991, 0.4087446694375685]], [[0.49175636549091517, -1.2532076405743626, 0.14439315843077583], [0.44973259481056543, -1.2724774315867906, 0.10454267868499278]], [[-0.131937456648747, -0.6586110862048205, 0.07501415850672588], [-0.10018073031093, -0.7189987498017192, 0.0939781630022023], [-0.13025548459159864, -0.6349716174846003, 0.06311702791508289]], [[0.3834896925894461, -1.0788107199000834, 0.0838744238379645], [0.3598879491775319, -1.1391472475651465, 0.12420322628897318], [0.34432429808708154, -0.7368849194964473, 0.1144984514744476]], [[0.19737619545307816, -0.9194046625813743, -0.006362164550951288], [0.17529779909604365, -1.0310548274051614, 0.029354658820818003], [0.019027655985215608, -0.5731751873870505, 0.2273672866443196]], [[0.38657567121647474, -1.1898177565262065, -0.3661040799720001], [0.35388394805620454, -1.156228731762853, -0.32250468242016717]], [[0.2248877870151892, -1.1663387501987454, -0.33339117371246774], [0.18261200093732244, -1.2051143954834085, -0.28224208080443636]], [[0.3225394596904595, -1.3848226415423166, -0.6670704473269229], [0.3651570563608505, -1.3506639862394147, -0.6567720621353335]], [[0.3869352604247489, -1.4032275635588956, -0.6437763422491294], [0.3743590868902036, -1.3375526243369382, -0.6536110156463932]], [[0.23971590134893855, -0.9391809107765008, 0.5984341297896851], [0.2187995567981721, -0.9126059738341072, 0.49699037236444576], [0.21159453188116406, -0.7676834156457719, 0.5371761182766609]], [[0.25843332013042464, -0.9011248005700337, 0.5824599880568188], [0.22163565693199863, -0.941557594496216, 0.5101845481027003], [0.256110261325886, -0.8229866704353597, 0.509993237840085]], [[0.29043294402126213, -0.9991076912407288, 0.03875612964350661], [0.2675928741367878, -1.085101037485154, 0.07677894255489559], [0.18167597703614857, -0.6550300534417489, 0.1709328690593836]]]}