{"bodyId": "h0", "timestamp": 1645467682387000000, "continuousState": [[[0.21327835566261194, -1.2402537253397508, 0.6979032047408413]], [[0.31850166790958906, -1.2707093830672682, 0.8024380808589531], [0.2017701499562628, -1.328514551270005, 0.7186305021542937]], [], [[0.3958606324281117, -1.4367223669618017, 0.6731039537826105], [0.3074193559760813, -1.455546567553069, 0.5805967106259124]], [[0.21133863855950036, -1.232218037552382, 0.68184975439849], [0.3457945613882387, -1.236738304326813, 0.6098831483645577]], [[0.4275010389321897, -1.5887913474603046, 0.43601943265481613], [0.35055422668152597, -1.6276673923950893, 0.3854688865635095]], [[0.21276666052661453, -1.0683098154363908, 0.40302230650855186]], [[0.2192580598014663, -1.4651625521462261, 0.41664775612942084], [0.15183643829509286, -1.5156519595835545, 0.3549521240796967]], [[0.24647046541468376, -0.8367747265435033, 0.11605962792167879]], [[0.3314951214076156, -1.4949547643027237, 0.17609092776928237], [0.32310988733966794, -1.598585583051856, 0.253455093139475]], [[0.1847768266951425, -1.350105765597975, 0.17267909934444003], [0.36908561484308244, -1.5906570516003873, 0.30325513490877376]], [[0.3247830165055924, -1.4576843228103002, -0.36913786500509804], [0.24743613106349682, -1.3902130273629385, -0.31986621388228076]], [[0.16296519632840745, -1.2609965465073214, -0.36047324333534814], [0.1585905400749712, -1.4855945601937985, -0.04716423385065771]], [[0.23876187323527776, -1.4837137698340863, -0.6359884393144013], [0.3310346889841992, -1.571507157261879, -0.5585715077615017]], [[0.30484058218191723, -1.6027101488540465, -0.5359270537791283], [0.28423386916501836, -1.4944701299991707, -0.5320698755883408]], [[0.33875739688083284, -1.2940748671723985, 0.6511800204861484], [0.31247784884509056, -1.3201527177606918, 0.566955710322081]], [[0.30359963549380603, -1.3344702022570918, 0.6774768540905503], [0.32660695868216, -1.346142435939941, 0.5952399294952351]], [[0.25813597405137906, -1.4225302649503493, 0.1743850135568612], [0.3460977510913752, -1.5946213173261217, 0.2783551140241244]]]}