{"bodyId": "h0", "timestamp": 1645469246636000000, "continuousState": [[[-0.31473575621217875, -1.205959379032895, 0.5666359129283867]], [[-0.4443864514852735, -1.3462644832346902, 0.7129458267216155], [-0.38788212553876433, -1.3053134197886815, 0.6457207950328401]], [[-0.32890029926382286, -1.276848861240065, 0.6594625772615899]], [[-0.4812137564600977, -1.487829822625802, 0.7057820838369342], [-0.6129158445929851, -1.4935172899190052, 0.5469065299703606], [-0.4877227561847841, -1.430323682699172, 0.5716103365433691]], [[-0.16596287599930482, -1.3761535527846167, 0.5910525201762546], [-0.28311932037961063, -1.4009378099096577, 0.5116163646724654], [-0.22265856986153298, -1.2284792719145483, 0.5441687707307796]], [[-0.5679404224551419, -1.5830443358814943, 0.501262610400792], [-0.6906824531768397, -1.5898034221185238, 0.27451632990230723], [-0.5771232359207192, -1.5322027757548822, 0.32808567243341613]], [[-0.25929980069420266, -1.5822633019706078, 0.5433247887788444], [-0.2000986071682581, -1.2979041327205194, 0.22639359728181074], [-0.1277714284246293, -1.2134799616901606, 0.2637752257373156]], [[-0.6416137137385014, -1.5578408480429489, 0.15225926726615158], [-0.5932524292990725, -1.6225505702375052, 0.132637638947944], [-0.607498701767801, -1.3444813207433843, 0.17177539559321398]], [[-0.1240486385297086, -1.1867482603842099, 0.06284492984579226], [-0.12126608510386094, -1.0817236106791581, 0.04888065496006133]], [[-0.4856815680799041, -1.6347317040488907, 0.2746808055132177], [-0.4996382621786126, -1.5845814839957302, 0.05143779984276464], [-0.512700242322581, -1.2182048080671142, 0.19348941238013306]], [[-0.30758916099335676, -1.6402180303253475, 0.2818021896021543], [-0.33995858670654566, -1.4527447900671813, 0.04560222935569591], [-0.3183842061373041, -1.2283842499135165, 0.13871383954837047]], [[-0.47328071719869624, -1.5387712197980339, -0.3098995530743345], [-0.4939789688590922, -1.462083342373724, -0.39607377922711806], [-0.5020520809894213, -1.1768131908338604, -0.12565343389952266]], [[-0.38919886666579895, -1.7007333214113012, 0.26900666013023034], [-0.3259804966747515, -1.2725703252651805, -0.453461241350819], [-0.24895818542683856, -1.2924112439080568, -0.2572218379700052]], [[-0.43059628493587176, -1.5685772207119233, -0.7466685182334049], [-0.41777389204308535, -1.454734967202483, -0.7450431329577919], [-0.3689934668566146, -1.4139498118245228, -0.6914107464378279]], [[-0.2478079983947099, -1.4535277443255934, -0.7646109494766469], [-0.21799994863248096, -1.4199573782670187, -0.7355474553001504], [-0.2468899015558983, -1.248407049904971, -0.5668535546569563]], [[-0.33612148362583577, -1.4262088414113223, 0.6532536690764039], [-0.4296641596113995, -1.463382157212567, 0.5548074120246389], [-0.37958057477729423, -1.2437477822046206, 0.5936500011650865]], [[-0.32358831622970124, -1.4319916877052092, 0.6484173020065944], [-0.44801758248629786, -1.4472275499143314, 0.529261447321413], [-0.35519066302315855, -1.32940147730686, 0.5578895536370744]], [[-0.3966353645366304, -1.637474867187119, 0.278241497557686], [-0.41979842444257914, -1.5186631370314556, 0.04852001459923028], [-0.4155422242299426, -1.2232945289903152, 0.16610162596425176]]]}