{"bodyId": "h0", "timestamp": 1645467734513000000, "continuousState": [[[0.1721497342632194, -1.1508857784289954, 0.6965759702090031], [0.14769516334615052, -1.1515113122096274, 0.6176434110398353]], [[0.2542266687742307, -1.2179208668713037, 0.7836394452243878], [0.15301432943174847, -1.2868557788042323, 0.7251146154019201]], [[0.24136617583534792, -1.0657323274546835, 0.672004554787499]], [[0.36606549489871, -1.4280803562330018, 0.673585175275542], [0.28278262660057174, -1.465264112035313, 0.5936788501235375], [0.17912245914870084, -1.091265286248548, 0.626421305586652]], [[0.2634013068417149, -1.1140419884862933, 0.5790326714389233], [0.3186157349233536, -1.219244844534089, 0.5910315825334717], [0.31136773614554714, -1.0719612157979825, 0.4833212056389308]], [[0.4082674832692712, -1.600622096573888, 0.43076593322052115], [0.32479119298014936, -1.6249583516914907, 0.3818920250658452], [0.24816195621880954, -1.2877237781295787, 0.3901746766578621]], [[0.21265318191510607, -1.0552724187251834, 0.38760186892642], [0.27283383087819346, -0.9284449704876677, 0.2534078390366563]], [[0.20523644081526948, -1.4734322028551614, 0.3909242839346265], [0.1251393605978185, -1.520898177709767, 0.3525130183798587], [0.1553758497446709, -1.3091462007751946, 0.3546527836626977]], [[0.23700522619181985, -0.8699907314946824, 0.15093641398723756], [0.2497437733001433, -0.7411523312205802, 0.05633143974123289]], [[0.2897265073741291, -1.5201145907695022, 0.20394869355095935], [0.3046293720309231, -1.5811520012870564, 0.19593270138565944], [0.20653470003512275, -1.2952706568405197, 0.07140945768480966]], [[0.19075026109973037, -1.3411432786956787, 0.1428005025046879], [0.3649816526179943, -1.5788586838562424, 0.27573321818236873], [0.2606561143156918, -1.1833707936142335, 0.03908777496069327]], [[0.3199647540742713, -1.4630961380740934, -0.3732906791485713], [0.2206357217013576, -1.393035018627925, -0.32613926000868676], [0.19501458401062788, -1.2052993692354095, -0.20024538967282846]], [[0.13167836652882248, -1.2930604748794203, -0.3146389233326936], [0.14186724336978862, -1.449780086612703, -0.10210751361203285], [0.11501427763492078, -1.2428031085662343, -0.26168755838328184]], [[0.24459817681888452, -1.4767679082111165, -0.6508319529075508], [0.32608515310907304, -1.5770682753004177, -0.5552383957715141], [-0.10787008717063706, -0.5923376477045205, 0.028951837484368692]], [[0.3043974108732227, -1.6033354994105988, -0.5352738606985041], [0.296778569269071, -1.49962211294876, -0.5019721661626554], [-0.15628872058516574, -0.5994056973351632, -0.0008464622855780535]], [[0.3125901626168126, -1.280763552414423, 0.6282641051250573], [0.29690031796176597, -1.3040914936338859, 0.5644548239649712], [0.2613677918917947, -1.1015297946516636, 0.5428386219495122]], [[0.31473340087021245, -1.2710611723596474, 0.6263089233572326], [0.30069918076196267, -1.342254478284701, 0.5923552163285046], [0.245245097647124, -1.0816132510232652, 0.5548712556127914]], [[0.24023838423692973, -1.4306289347325905, 0.17337459802782362], [0.3348055123244587, -1.5800053425716494, 0.23583295978401408], [0.23359540717540728, -1.2393207252273766, 0.055248616322751465]]]}