{"bodyId": "h0", "timestamp": 1645467771966000000, "continuousState": [[[-0.20934428396412397, -0.8077948572949594, 0.7134971388666929], [-0.22496582139756027, -0.8190843106803939, 0.6664191219050768]], [[-0.15618834826689354, -0.9417671348165346, 0.7836012959838092], [-0.22844843242012525, -0.8912781909804006, 0.7429181236608776]], [[-0.12467054755053608, -0.8820507961879613, 0.6609280336435135]], [[-0.3057820324270816, -1.0422192648973363, 0.694311042211275], [-0.3597001142409042, -1.0908908938239594, 0.6046617091536879], [-0.32304868137543163, -0.9676475090732952, 0.6105594389170943]], [[0.02740701066395168, -0.9990981689631022, 0.557012847296239], [-0.07262848400911576, -0.9154501985645198, 0.43644814124694054], [-0.018812138162648484, -0.895127479044899, 0.4832776349396235]], [[-0.5177361771423469, -1.0304441822507595, 0.5728172989274456], [-0.5933969078558299, -1.039288406383769, 0.45208245847600503], [-0.5444826705049829, -0.9781625012557085, 0.4891048281540128]], [[0.24838092948277146, -0.8274625166737732, 0.07979405682148566], [0.1173603407661521, -0.8781671335244521, 0.2485505516720894], [0.15525977774930144, -0.889469731949038, 0.21023856219620596]], [[-0.6879495825084072, -0.8895713892915513, 0.4621815447732469], [-0.7982906937650083, -0.7078984429916402, 0.34676963582823506], [-0.6648088024032893, -0.8333757003762863, 0.37799501097609167]], [[-0.004935837944042731, -1.0886490365301047, 0.420447687769935], [0.25393800891163654, -0.7977616547007798, 0.04790600709943327], [0.2498867214743823, -0.7410158364693297, 0.04790644098841568]], [[-0.36703620258027686, -1.1658453473396613, 0.15134633147619492], [-0.38391693149288175, -1.220306653986994, 0.10711709148982096], [-0.3573812506986749, -1.1404587636604908, 0.05168601365592751]], [[-0.20627588436195932, -1.3048041709410687, 0.2354529940535559], [-0.18015806147037905, -1.2069554329879184, 0.10297705760320319], [-0.20696860632919645, -0.944221357796345, 0.0964079596529005]], [[-0.4228768544612649, -1.136361824562619, -0.3052759271151988], [-0.4157265027095518, -1.1283083058996564, -0.346159379060035], [-0.3801031543834126, -1.0809961871576925, -0.34528071190613274]], [[-0.22930937633594117, -1.1623923393592577, -0.35209393807297173], [-0.2821473236392291, -1.0878290125145829, -0.4164721518037564], [-0.3168249502697933, -0.7738837462017485, -0.1346617449701123]], [[-0.44060627577823164, -1.2717488100096772, -0.6835387680191343], [-0.35639489533144597, -1.2131138221228372, -0.6615180606502339]], [[-0.3357046776339463, -1.281737882205503, -0.7329400754560018], [-0.2747590825493651, -1.2109456004070658, -0.7099729700029459], [-0.31337056022127263, -0.8557580747695235, -0.6063470895135666]], [[-0.16483976058988686, -1.0790124212827115, 0.6626283474941006], [-0.21456659387847887, -1.0344636198872879, 0.5428958020969792], [-0.17193731613542518, -0.9392980823195299, 0.5381303680755377]], [[-0.13918751088156495, -1.0206587169302193, 0.625661944753757], [-0.21616429912500998, -1.0031705461942395, 0.5205549252003142], [-0.17093040976904006, -0.9313874940590972, 0.5469185369283589]], [[-0.28665604347111806, -1.235324759140365, 0.1933996627648754], [-0.2820374964816304, -1.2136310434874562, 0.10504707454651208], [-0.28217492851393566, -1.042340060728418, 0.074046986654414]]]}