{"bodyId": "h0", "timestamp": 1645467791731000000, "continuousState": [[[-0.2678314242954525, -0.8337771455622022, 0.6272992079423432]], [[-0.20996413475229286, -0.9418179583735542, 0.7547016565475095], [-0.2837918153747836, -0.9796609456895709, 0.6966423572672167], [-0.289846166156987, -0.8263617625080066, 0.7186186087783507]], [[-0.15415831824670945, -0.8219619423402444, 0.6607555795370306]], [[-0.3234465380269255, -1.0681555323042544, 0.6727822241749153], [-0.38646656700889787, -1.0820456669130052, 0.5869158617477512], [-0.3399083340720557, -0.9769928934691676, 0.6115641543433489]], [[-0.029512675377822983, -1.0181422709739643, 0.5689824615960051], [-0.08484654701232874, -0.9366518201289353, 0.4339247526182537], [-0.08694821907497607, -0.8451356123465221, 0.49207572007656764]], [[-0.5588637711723827, -1.058523741830347, 0.5726558305978671], [-0.6168988592932633, -1.0671910492847012, 0.4557179827751163], [-0.5485797382375552, -1.00676971296624, 0.48534614081001337]], [[0.25681885157200757, -0.8120919343397353, 0.06579896758931025], [0.09177518578927124, -0.9179443221136432, 0.26822330833488217], [0.09032888428903663, -0.8443025750244806, 0.2447267346901787]], [[-0.6943965546301691, -0.9055520435356046, 0.4700376235930477], [-0.6666134068136069, -0.8481414081017189, 0.37745398557243304]], [[0.2681083471020612, -0.7937516034634486, 0.05849379972716062], [0.24907648530736515, -0.7811877578680875, 0.04404961381192196], [0.26048464172234054, -0.7538693108587339, 0.03689909318244322]], [[-0.3850904276039685, -1.1686232905332024, 0.16727189400117037], [-0.4036431332869578, -1.26772498267267, 0.11859797547932294], [-0.38520828296608933, -1.1531461152005322, 0.04599982256416757]], [[-0.24194107439698564, -1.268826619143364, 0.22882774768034664], [-0.23226712243085923, -1.1336683497977882, 0.04040062806565348], [-0.2140385040963535, -1.0532016479366075, 0.020818123586363924]], [[-0.4103624553308509, -1.252945530411223, -0.15058810714320003], [-0.395432465026058, -1.1583855518655641, -0.35551991164101726], [-0.33596891560857334, -1.1884300731821051, -0.45781524240109117]], [[-0.2833784258630474, -1.2194586395303413, -0.18642118016521914], [-0.25797199948566174, -1.0276907974310647, -0.44107623177064315], [-0.31467804482610284, -0.8306537401181342, -0.187219665811309]], [[-0.3769014402376356, -1.2725626008320103, -0.6782184667965188], [-0.28214808095795063, -1.2356163748409559, -0.664806516785416], [-0.413024582753424, -0.8568922641301389, -0.5313254684443215]], [[-0.2550012206879324, -1.30762450345129, -0.7230892406939007], [-0.20856492098927515, -1.2372927610088136, -0.7264339844111486], [-0.3113909562036673, -0.8380344423842874, -0.5712173924616688]], [[-0.1844305357802079, -1.0762951180708655, 0.6498251143195588], [-0.2155522086576414, -1.0735260743576864, 0.5366519032511841], [-0.24731494924065855, -0.857069217164506, 0.5741485149370538]], [[-0.17647960670237425, -1.0431489016391093, 0.6208823428854602], [-0.2356565570106133, -1.0093487435209703, 0.5104203071830025], [-0.21342827657351587, -0.9110642529078449, 0.5518199372099583]], [[-0.31351575100047707, -1.218724954838283, 0.1980498208407585], [-0.3179551278589085, -1.200696666235229, 0.0794993017724882], [-0.2996233935312214, -1.1031738815685699, 0.03340897307526575]]]}