{"bodyId": "h0", "timestamp": 1645467796421000000, "continuousState": [[[-0.2641586301021204, -0.8278216445791576, 0.6283543843585402]], [[-0.20617471267085002, -0.9332278996456629, 0.7550173107787388], [-0.30043033189818397, -0.9738632616565019, 0.6907840850117644], [-0.28860973506567855, -0.8417200184806921, 0.7199583876936368]], [[-0.16920860973944707, -0.8734606378803369, 0.646123534328148]], [[-0.3203925040175374, -1.0431273911156775, 0.6639334401243235], [-0.38184337293456094, -1.0901110409192412, 0.59110266539282], [-0.3496786023644598, -0.985956855723537, 0.61100212683257]], [[-0.03173367253894288, -1.0254670868093507, 0.5802361966858878], [-0.0974306259726353, -0.9242265675468486, 0.4318266772442585], [-0.1033397620421882, -0.8289688857920361, 0.5029276088241142]], [[-0.5622398012450416, -1.0499297299338108, 0.5685757343629896], [-0.6348346293433302, -1.0415082829273372, 0.4408139130741402], [-0.5463149719937787, -1.0156669975195234, 0.4809810434940939]], [[0.25565094154409584, -0.8141502043179982, 0.06772438475797227], [0.07762209118691166, -0.8886128537800613, 0.24667592262495508], [0.09119430734608369, -0.8458435492263352, 0.24373881462897484]], [[-0.690011900328497, -0.9089580860918334, 0.47023634123801616], [-0.8815632521518942, -0.6004834834930501, 0.3317106782733268], [-0.6627808901399527, -0.8404805944430989, 0.38021032195728877]], [[0.20238535265447044, -0.8497715667349384, 0.1265046109531347], [0.24769790229065758, -0.7727863575946139, 0.03810882801547777], [0.2693704271686217, -0.7647088202729199, 0.027624484791685]], [[-0.3889510085472123, -1.2185463936988317, 0.22516880394709538], [-0.4291631019224086, -1.2409648303125231, 0.09974589255362898], [-0.38212561705707404, -1.1392670691839752, 0.05272829783201549]], [[-0.2413861711478288, -1.268269126873044, 0.2281934778140915], [-0.2390195343830076, -1.1358014369333735, 0.03882708449562422], [-0.21397938539825678, -1.0531994612480076, 0.020876253530412447]], [[-0.416335449011824, -1.2632704737186213, -0.12032348563876738], [-0.40465093084004455, -1.1441887532000412, -0.36112810181794974], [-0.3354240183626189, -1.187044615386856, -0.4466967271412805]], [[-0.27540473466115023, -1.2000566158115367, -0.20328237791095982], [-0.23154614361154457, -1.0851296431779087, -0.3676056251865314], [-0.32315007034103904, -0.8261264576924894, -0.17104464809523023]], [[-0.37503195702924996, -1.2650637847346333, -0.6923265062853783], [-0.2910489662106641, -1.2375818727094627, -0.6561097362061157], [-0.4092239707805372, -0.8806387059472272, -0.5269579327056406]], [[-0.24923920716072834, -1.2965668053116641, -0.730820097557763], [-0.2158656425190797, -1.2409470322424963, -0.7277969041898524], [-0.3188813332190531, -0.8174821563690691, -0.528032348474264]], [[-0.1843651662964071, -1.0646432689978096, 0.650095615144118], [-0.21715682970321326, -1.070183148258314, 0.5349580101195137], [-0.24742011919034812, -0.8714394661206616, 0.568996591786391]], [[-0.17606308827824013, -1.0342972389625142, 0.6220848184051057], [-0.23963699945359812, -1.007168804233045, 0.5114646713185392], [-0.226509182203324, -0.9074628707577865, 0.5569648678283421]], [[-0.31516858984752055, -1.2434077602859377, 0.22668114088059343], [-0.3340913181527081, -1.1883831336229482, 0.0692864885246266], [-0.2980525012276654, -1.0962332652159914, 0.03680227568121397]]]}