{"bodyId": "h0", "timestamp": 1645467804930000000, "continuousState": [[[-0.269427353833791, -0.8432465506677957, 0.6311518301142867]], [[-0.20624725674465222, -0.9340506911971567, 0.7557535130982302], [-0.28790355005386925, -0.9695072899149779, 0.6860697584699937], [-0.2867476770152716, -0.8278664477109063, 0.7419600698025653]], [[-0.15819173011305654, -0.8988567634301861, 0.6504809090276524], [-0.1494478573493233, -0.8185414406809451, 0.6605715001044417]], [[-0.31173048225607325, -1.0274169103733886, 0.6517076261804895], [-0.35623777258545786, -1.1224580951979588, 0.6098891324169806], [-0.34475724534907515, -0.9990585520082491, 0.6055152002687868]], [[-0.014025545355618452, -1.0001202731073073, 0.5598722925822102], [-0.08699374828578804, -0.9529766608933516, 0.4479515220447696], [-0.06914391370145168, -0.877386731533394, 0.46792598301959265]], [[-0.5374949195839125, -1.057555977844479, 0.5740353735693828], [-0.6337159460867994, -1.030510542784975, 0.4364142778478568], [-0.5508460269225721, -0.978353927711748, 0.49100507786022085]], [[0.2466895463684462, -0.8301289714148206, 0.08233593600106692], [0.08581710509359369, -0.8943850511218221, 0.25303571829175997], [0.08732531224945794, -0.8514569970542467, 0.24993590513870612]], [[-0.4531688427523113, -1.035543906422417, 0.5803344078544996], [-0.662125422953077, -0.8454859127373966, 0.3705560093953102]], [[0.17630544371634338, -0.873602639776401, 0.1829438572969082], [0.25351058093661627, -0.7961033124497279, 0.04679216276150355], [0.26378408361630745, -0.7579820048109016, 0.03349774393631155]], [[-0.38887783922466823, -1.2186505179792402, 0.22513751171235286], [-0.40351699850363276, -1.255497524360254, 0.11983343913424238], [-0.381854082441884, -1.1401990740900487, 0.052438549669989176]], [[-0.23158478436570729, -1.2775899326052529, 0.23845182823772748], [-0.2252343228299215, -1.1477652076641076, 0.05276976801831901], [-0.23981527114154022, -0.9920294064340672, 0.0736310411885559]], [[-0.40865854719255434, -1.2369783221946389, -0.14753628401419516], [-0.4090050868911732, -1.1366493515173086, -0.3695958709874658], [-0.3275277182103309, -1.215405935784314, -0.4106695163198272]], [[-0.2980990795262336, -1.2588376743906349, -0.10534674537689415], [-0.263596506423626, -1.0133078011991477, -0.46783549316942685], [-0.33595172501453074, -0.7365308327741587, -0.04122535471750821]], [[-0.37805680971467304, -1.2868626008157786, -0.6382252508544424], [-0.3099131747057212, -1.2230223920537378, -0.6582701955161759], [-0.3491765324227192, -1.0495910425453268, -0.6442299673075643]], [[-0.25928855294236697, -1.3018974735924291, -0.7104659971109273], [-0.21989666451162204, -1.2329314612246638, -0.7393424271115165], [-0.3053325261396578, -0.8032547464040101, -0.37326183364673804]], [[-0.18312149301936081, -1.0766782016145728, 0.6558800591523493], [-0.20877356426283905, -1.0735235312840103, 0.5390235679324811], [-0.24002408576254386, -0.8728742699829278, 0.5664860850747243]], [[-0.16287801380584585, -1.013768591740348, 0.6057899593813498], [-0.22161576043562295, -1.0377173780456552, 0.5289203272308751], [-0.2069505795252634, -0.9382226417708215, 0.5367205916441897]], [[-0.31023131179518776, -1.2481202252922465, 0.23179466997504017], [-0.31437566066677713, -1.201631366012181, 0.0863016035762807], [-0.3108346767917121, -1.066114240262058, 0.06303479542927254]]]}