{"bodyId": "h0", "timestamp": 1645467542290000000, "continuousState": [[[0.010751404827989308, -0.8225558182905849, 0.6265165864174462]], [[0.05977729910760249, -0.921878201586426, 0.7910559345295856], [-0.026875303244344895, -0.9950089234670672, 0.7232564927837517], [-0.06279561473991291, -0.8009903639599574, 0.7481173217998717]], [[0.09412137088411981, -0.9346118214122416, 0.7360236762442889], [0.06899563220479499, -0.7596295974030841, 0.7293100076814542]], [[-0.018721691096814597, -1.0420322546520397, 0.6314172315006057], [-0.09819507643911679, -1.040224863054377, 0.5459469239324961], [-0.046913690280212084, -1.0433986574872083, 0.5208557023048644]], [[0.3334745927813788, -0.9789619662958216, 0.646234965351187], [0.23070984398323924, -0.8987260114247257, 0.5372474458862948], [0.22208044590521103, -0.8439390739132141, 0.5747612174632099]], [[-0.09713923339938046, -1.1026113439223568, 0.3480961913345426], [-0.1358795076061955, -1.1260017468523962, 0.2821811093729223], [-0.08337304401238765, -1.1241842712181351, 0.22970686868689305]], [[0.2502365893871047, -1.0944119091288065, 0.5092570461319006], [0.2663117050179341, -0.8689408526561033, 0.12585665521445177], [0.28272294722536007, -0.836599048082806, 0.2893668388502384]], [[-0.23152778435941485, -1.094525984832916, 0.07928889820458274], [-0.22646192756337047, -1.0724211454171515, 0.05878147189930183], [-0.22491527322276728, -1.0220095965718219, 0.0686123412848717]], [[0.2905070751747706, -0.7305657696524523, 0.03064429678894398], [0.26229579276103676, -0.7452478082460174, 0.0490196716504665]], [[-0.02156160515433725, -1.1962267640576492, 0.25267816789460973], [0.00685014866299638, -1.1083260399337864, 0.06367857055179504], [0.08959273601172968, -1.1204712461835173, -0.07577269038261603]], [[0.1632648895209856, -1.1901394797243623, 0.23229897744975525], [0.1999329563105206, -0.9730007662973912, 0.019118461593091496], [0.16445628427728476, -0.8584796760887545, 0.07348158247945391]], [[0.04541130451877218, -1.0959013411739986, -0.23988999772354314], [0.036678847646485324, -1.036971513974254, -0.35282677085430914], [-0.1819871991949793, -0.5829635273966478, -0.0005907125753988884]], [[0.16149215816411577, -1.0979609284325802, -0.21301007049794762], [0.20306512994635817, -0.9027414904689834, -0.40504444867150413], [-0.03884175751529417, -0.520842379465821, 0.0021582264643099647]], [[0.035231041348173564, -1.1844620175738627, -0.6622226320214106], [0.11647195391826104, -1.1064987745222026, -0.7233573451478656]], [[0.1982937114763288, -1.1649584106338566, -0.7124183207716404], [0.2420848836576105, -1.0347659857525366, -0.7496910674128437]], [[0.14744834742461882, -1.0079828297780733, 0.6338802847182792], [0.059777305377935464, -0.9219279456299247, 0.5055296482541591], [0.029199375832760444, -0.839820934554554, 0.6094122284785916]], [[0.1573764508422821, -1.0104971104739306, 0.6388260984258963], [0.06625738377206122, -0.9694754372395513, 0.5415971849093955], [0.08758337781249947, -0.9436688657002112, 0.5478084598840371]], [[0.07085164218332418, -1.1931831218910056, 0.2424885726721825], [0.10339155248675849, -1.0406634031155888, 0.04139851607244327], [0.12702451014450722, -0.9894754611361359, -0.0011455539515810576]]]}