{"bodyId": "h0", "timestamp": 1645467840775000000, "continuousState": [[[-0.22585927364407132, -0.8104598591437131, 0.7014085956997089], [-0.23283426724613487, -0.8206363267136553, 0.6423498754137419]], [[-0.16998324065143344, -0.9234629705002051, 0.7857639950765545], [-0.23587229032824164, -0.8927560276709053, 0.7246578383596723]], [[0.3659993753938107, -0.20355729770873188, 0.30300367254425287], [-0.12399505617000689, -0.8993011510116256, 0.6598457190546536]], [[-0.2834722659870556, -1.0627095036434535, 0.7082217899970689], [-0.3464604922029461, -1.0884847974535263, 0.6074109939778483], [-0.30870185008875206, -0.9784046046218638, 0.6372186783600842]], [[-0.01794602954548996, -1.0406203498507327, 0.6301608867232391], [-0.06968631982578644, -0.9306528243947265, 0.4588114553259399], [-0.06048124375563302, -0.8249619352543005, 0.5201504439952673]], [[-0.5089288835426765, -0.9902938391537359, 0.5564412226358282], [-0.49583336298108327, -0.966420608076398, 0.4862266622341098]], [[0.1905911671303162, -0.893392771926536, 0.188292499720901], [0.11644175607267915, -0.8747612398757125, 0.2464758042674482], [0.14844500596533483, -0.8800725327723801, 0.21683139385515215]], [[-0.6880086135583242, -0.8560139028840315, 0.43830327312572304], [-0.3930318206694533, -1.0631176028326135, 0.6267918529567547], [-0.6606060395799562, -0.8264865180048857, 0.38019324736989824]], [[-0.0059508429643901906, -1.090745819668325, 0.42243878069080565], [0.25355939579098496, -0.7960087066549062, 0.04687652429902722], [0.26114410232521035, -0.7544510016913557, 0.03620744959751754]], [[-0.31803561038574785, -1.1653890209321545, 0.12505985156205757], [-0.3331557464625685, -1.2640224260591812, 0.15540796977066695], [-0.37001091305767686, -1.0247433034427502, 0.10426925855607283]], [[-0.14560850116873847, -1.271929721643422, 0.1833548367707345], [-0.1658221763033514, -1.1424576128473056, 0.07654161982107488], [-0.1722380916451577, -1.0056871309061304, 0.023570288843017484]], [[-0.4073715439960702, -1.2284517180631387, -0.19582305050908877], [-0.3516807615883506, -1.1716759689963638, -0.2994197376590939], [-0.35312811946335154, -1.10906054688244, -0.3693840089013465]], [[-0.21527596085876843, -1.2772537444630025, -0.20765951389565296], [-0.22066046274307016, -1.138269000480094, -0.3508887147707316], [-0.25698633655507297, -0.6644565920198668, -0.017442874559290278]], [[-0.38178092730681557, -1.2521241225477877, -0.7215723453613927], [-0.27033748455324824, -1.2434148452727087, -0.6116115868037307], [-0.3586521796517149, -1.025571350392191, -0.6277720378019551]], [[-0.24933989000868395, -1.3140322208938726, -0.7215378658436731], [-0.21992914470446, -1.2677369569159125, -0.7150795672958038], [-0.359947821684829, -0.4276157997154584, -0.06581114237816943]], [[-0.14225002700152262, -1.0352812902942492, 0.6628653964462075], [-0.19861378796526497, -1.056687966656265, 0.5634029597490966], [-0.21967551733760393, -0.8382108821559472, 0.6065440376457059]], [[-0.15070914776627278, -1.051664926747093, 0.669191338360154], [-0.20807340601436627, -1.0095688109241263, 0.5331112246518941], [-0.18459154692219254, -0.9016832699380821, 0.5786845611776757]], [[-0.23182205577724316, -1.2186593712877882, 0.15420734416639603], [-0.24948896138295995, -1.2032400194532435, 0.11597479479587092], [-0.2711245023514173, -1.0152152171744402, 0.06391977369954516]]]}