{"bodyId": "h0", "timestamp": 1645467841713000000, "continuousState": [[[-0.22315418223820882, -0.8395060111552757, 0.7136178139641149], [-0.23332384875795087, -0.8180257757018091, 0.6495055846916288]], [[-0.169704146209055, -0.9019778865433321, 0.7712356640925289], [-0.24660520872329783, -0.8552907068710347, 0.7442131615363942]], [[-0.13722568878142177, -0.8629613036694987, 0.644623734211127]], [[-0.28263577510941973, -1.0590188667964462, 0.7059047184747897], [-0.361835460235963, -1.073698657041625, 0.598021848901608], [-0.31097937457098335, -0.9705863929392616, 0.6468392967580311]], [[-0.017608975309610975, -1.0373790457778924, 0.6216766163802276], [-0.06735412045247224, -0.9561400909796909, 0.47058854430343877], [-0.04421250956939038, -0.8526542282559656, 0.5057547702559488]], [[-0.5097309575311179, -0.9958913380273737, 0.5601496612008385], [-0.5579667027288924, -1.015753353600202, 0.4540475705086855], [-0.4957958394151819, -0.9663513225170146, 0.48610524882671347]], [[0.2237476315034309, -0.8479255517526589, 0.14373520662254924], [0.11331269454875409, -0.8682887786996996, 0.24967165732770225], [0.12713442252147789, -0.8493357515164811, 0.2380087124254796]], [[-0.6946516458071775, -0.8537303360086441, 0.4331307970172409], [-0.44163162773740106, -1.055880309911126, 0.5975025505017371], [-0.6597476434103383, -0.8299256149760408, 0.3781170316952056]], [[0.15520553233716994, -0.8667130848689304, 0.1888631158574008], [0.25505370357229173, -0.805251134881378, 0.053425090466529435], [0.2670845655917635, -0.7514871779495642, 0.035650451452993615]], [[-0.33564172476945914, -1.2161060005698168, 0.19329887982167726], [-0.3637651634383602, -1.2260207755106056, 0.11072952030288286], [-0.3569890527178621, -1.0740055167434641, 0.02931794813248456]], [[-0.16051072895710883, -1.2917453637888197, 0.21087239394052415], [-0.16037931091362934, -1.1705133020917975, 0.0968645795964056], [-0.19920892974544524, -0.9376048236664782, 0.0397222125400396]], [[-0.40807664469711213, -1.2320735002637249, -0.19060905608400835], [-0.3389421587053235, -1.177560040785424, -0.2979617300989428], [-0.3728186398360649, -1.019170587522758, -0.3302150802086885]], [[-0.18121665602728487, -1.1833492117614313, -0.35865371694103865], [-0.21981570600734657, -1.1402175103532963, -0.3486874937031412], [-0.29129674385840554, -0.5684625440483226, 0.0001172554311525964]], [[-0.3825307206969447, -1.2651262462608948, -0.6831461154059164], [-0.26305603558914203, -1.2391864267839665, -0.6233280349058606], [-0.436507615035164, -0.8101384390006034, -0.46446723109598376]], [[-0.2573794482742766, -1.3087095972481366, -0.7364068270242097], [-0.2236504560390884, -1.2608156517239972, -0.7247349192486985], [-0.3376333319432635, -0.424063689672036, -0.35583397060570776]], [[-0.15198261632465432, -1.0542820806902702, 0.6637282295075864], [-0.18805116410119993, -1.0825231291094628, 0.5830487202182051], [-0.20936884811917855, -0.8581672358587695, 0.6035265550305209]], [[-0.15012237520951535, -1.0481989562871692, 0.6637906674275087], [-0.21459479034421763, -1.014919374010658, 0.5343051966025234], [-0.17759594207018686, -0.9116203105976136, 0.5762970335069899]], [[-0.24807622686328398, -1.253925682179318, 0.2020856368811007], [-0.26207223717599476, -1.1982670388012016, 0.10379704994964423], [-0.27809899123165366, -1.005805170204971, 0.03452008033626208]]]}