{"bodyId": "h0", "timestamp": 1645467880037000000, "continuousState": [[[-0.11759893523983589, -0.9207952470659585, 0.6962721297321924]], [[-0.030239620486376906, -0.9982729783527564, 0.8071141742893269], [-0.12513734938442111, -1.0378596462858476, 0.7169876859134003]], [[-0.005113139575501524, -0.8683552189388923, 0.7576327636892336]], [[-0.14314745076717234, -1.0503597932043074, 0.6388321165044084], [-0.18908077668456047, -1.090337505093701, 0.5654464201608671], [-0.16828682288850405, -1.032313107999237, 0.5414037602075722]], [[0.2119818811490879, -0.9648921635923784, 0.6331207626423536], [0.12135383879607098, -0.8937893784943953, 0.5491889567670314], [0.13445188948895348, -0.8466840666249131, 0.5810504450196786]], [[-0.1912488406039573, -1.0900312351725874, 0.3659135964285003], [-0.2670605265058267, -1.0923217180127107, 0.2528238229402229], [-0.24706158723745986, -0.992023211848581, 0.32466842473475277]], [[0.16672456682602144, -1.0582937901172245, 0.5093193631386228], [0.16024686901867108, -1.0191310941149254, 0.32676106661232995], [0.09503318307876385, -0.7671700775998476, 0.3314718441636648]], [[-0.2464566951440924, -1.0538901124232862, 0.21741546529741318], [-0.1718893266801631, -1.0971360847980276, 0.20221027482863918], [-0.2119653198084297, -0.91724995354397, 0.11352721241311037]], [[0.09871450930311915, -0.8935282606617188, 0.11089865081383521], [0.11034458440659822, -0.7622679163575332, 0.039070969139317735]], [[-0.1160269183878978, -1.15326589717549, 0.24134426262896191], [-0.07551296510060246, -1.1389625295576173, 0.09811557507275182], [-0.1767964617279525, -0.8565295909328889, 0.08665584937044868]], [[0.06124058074588801, -1.1616754111470777, 0.23337335715098684], [0.08395876698600058, -0.966091166563616, 0.013771292671456825], [0.0184425051588204, -0.7718510099830762, 0.10078462141105626]], [[-0.04596784390515407, -1.0214814186331291, -0.30374893534630787], [-0.048631909638156556, -1.024101355474843, -0.3471518037685899]], [[0.07587479346364512, -1.0372256311390908, -0.23079624250720632], [0.10376865705182681, -0.8872902450553393, -0.4196061196134684]], [[-0.03964087648114767, -1.1601272057759986, -0.6364389761283928], [0.024589178693714908, -1.0561488942623978, -0.7014412149987092]], [[0.05575877749460789, -1.1555282599257444, -0.6547204719777131], [0.11133284065312765, -1.0463992104481825, -0.7542870449478543]], [[0.018464967018533784, -1.0323236896880275, 0.6585847681431622], [-0.07361301986380192, -0.9063874673807892, 0.5069745371536556], [-0.026923581953169684, -0.9113686429147603, 0.5730406908461333]], [[0.03441721519095778, -1.0076259783983428, 0.635976439573381], [-0.033863468944244746, -0.9920634417940482, 0.5573176884639492], [-0.016917466699775285, -0.939498587312075, 0.5612271026136254]], [[-0.0273931688210049, -1.1574706541612838, 0.23735880988997438], [0.004222900942699059, -1.0525268480606167, 0.05594343387210432], [-0.07917697828456605, -0.8141903004579826, 0.09372023539075247]]]}