{"bodyId": "h0", "timestamp": 1645467899065000000, "continuousState": [[[-0.10084745222480207, -0.8245425783149353, 0.6990104928424546]], [[-0.011509340956489478, -0.9138864432904681, 0.7973984461058234], [-0.10298597647639929, -0.975975008799491, 0.7355784916663317]], [[0.03099375826468459, -0.8995556612015947, 0.7336002776945802], [0.025692466904759015, -0.8160013887224739, 0.7180700350021937]], [[-0.12215758737975813, -0.9919134425948464, 0.6530059330305678], [-0.17728719213204003, -1.03310699292031, 0.5817566144275745], [-0.14960798163656286, -0.9301169887699278, 0.5984228541592626]], [[0.22689636582128297, -0.9549453975142361, 0.6440245859488285], [0.11778340929198311, -0.8647622703809219, 0.5219141912380003], [0.15974930094092366, -0.8601420358305399, 0.570654605559117]], [[-0.39022900142022376, -0.9192578315039261, 0.5098145098265281], [-0.4912052852204613, -0.9176174777830555, 0.428982514467281], [-0.37863641482044974, -0.8624333632512046, 0.47373718393461084]], [[0.17901568722127892, -1.0250444843174904, 0.487265156480468], [0.12822358075652018, -0.8512630317738974, 0.2210759331058989], [0.12303045400291301, -0.7949597310424604, 0.3105745543623828]], [[-0.6341555175402537, -0.8134948923469518, 0.4319519103167313], [-0.706787089316778, -0.7553750497534393, 0.32003407062904365], [-0.6113680140670992, -0.8099403378256527, 0.37775594667601775]], [[0.14329003170486382, -1.0481139578944239, 0.22461731423941322], [0.12150581180297793, -0.766081388419201, 0.04062705260584332]], [[-0.10551774853040152, -1.1276112889642684, 0.21540348581182123], [-0.04759356988450414, -1.1615983377023815, 0.14289274207321134], [-0.10394145698451096, -0.9280809912192056, 0.08361490051600651]], [[0.05942389059276232, -1.165068966278165, 0.2366890855006416], [0.07335530949384328, -0.9313770925612128, -0.00521804324415176], [0.033265391251606546, -0.7916089011650426, 0.13241989896806827]], [[-0.04495570373588087, -1.0074239259990294, -0.292838935728863], [-0.048911475905560664, -1.023375021060093, -0.347791874609614], [-0.22015659970773638, -0.6132089783939475, 0.018093619861984767]], [[0.09237092865574748, -1.0225474972122863, -0.2555637488999474], [0.1030458908205244, -0.8984814367528982, -0.38810582276160877], [-0.10866511978236248, -0.528562359936946, -0.002208146890707696]], [[-0.04008115813276747, -1.1602995924300514, -0.6354524848982728], [0.03690654280649619, -1.0854792306237329, -0.6872913925292341]], [[0.057377960737283185, -1.1658772635322074, -0.6751303021213046], [0.10948038526981729, -1.044812408724983, -0.7441847579227383]], [[0.048287842201243936, -0.9781645352441943, 0.6487673082605427], [-0.04178866619140964, -0.9077727255529977, 0.5322896400482742], [-0.0394353698208747, -0.8377739899055132, 0.6138299681077487]], [[0.052369389220762425, -0.9734294200545413, 0.6485152594896981], [-0.02975189142002846, -0.948934631650616, 0.5518354028327874], [0.005070659652180398, -0.8951295123002339, 0.5845387298591898]], [[-0.023046928968819602, -1.1463401276212166, 0.22604628565623142], [0.01288086980466957, -1.0464877151317973, 0.06883734941452979], [-0.03533803286645221, -0.859844946192124, 0.10801739974203739]]]}