{"bodyId": "h0", "timestamp": 1645467927406000000, "continuousState": [[[-0.0981758657684575, -0.8285012173243352, 0.6973316606762047]], [[-0.12162849559102495, -1.0291755895340324, 0.7529859631255915]], [[0.009732167095684363, -0.8131512266320654, 0.7356530010153643]], [[-0.16709963314607723, -1.0687112226491364, 0.5843955468767372], [-0.1434967906710346, -0.9732060618497723, 0.5760239534007286]], [[0.11694212522320818, -0.8489485841174911, 0.5006271026017699], [0.17470392817080316, -0.8922392692947703, 0.5568643507319488]], [[-0.39622720181078513, -1.016348831676348, 0.40382145966774563], [-0.35535632090906855, -0.9537778122037948, 0.44179863454996204]], [[0.17023432026795982, -1.0300525915068066, 0.2979493556642392], [0.11400376150293923, -0.7934644016890705, 0.31395313571558503]], [[-0.596146588566854, -0.9119247570710325, 0.34574146975527675], [-0.5937308553224827, -0.8715377167111319, 0.35302058134787917]], [[0.11319890275276773, -0.9474562499404267, 0.1414868029649834], [0.10785895535318102, -0.7474707900996537, 0.048716322748041385]], [[-0.07634607311122588, -1.123801789992038, 0.1053454333869448], [-0.13387675130204002, -0.9478103426971664, 0.07557367180432195]], [[0.07712318134956031, -0.9524006400321461, 0.019745952375027853], [0.03392336581324584, -0.8057380363447123, 0.10824951256281412]], [[-0.03875764801430559, -1.053104043835025, -0.3171608275740967], [-0.26862543957991103, -0.6298577300802966, 0.005073462791320704]], [[0.09203742452134789, -0.8475029554332503, -0.44882003104244617], [-0.13684803665147638, -0.5302510140014949, 0.0018723417027970424]], [[0.027611569000178027, -1.066339580477726, -0.6884607162937048]], [[0.11501423815077061, -1.0527934731454032, -0.7577555148979157]], [[-0.04661876775492507, -0.8858561458860024, 0.5074150742133174], [-0.014095345909098222, -0.8926798444456401, 0.5899906896162797]], [[-0.025078753961434525, -0.9588299033833138, 0.5425113247392536], [0.015603568749884278, -0.9327226655722713, 0.5664441520663388]], [[0.00038855411916721705, -1.038101215012092, 0.06254569288098633], [-0.04997669274439709, -0.8767741895209393, 0.09191159218356804]]]}