{"bodyId": "h0", "timestamp": 1645467934776000000, "continuousState": [[[-0.13552137243469164, -0.8390402874099454, 0.6902224546401832]], [[-0.06090781030503445, -0.9512034103681768, 0.8033770587268105], [-0.14529236669948686, -1.0004822121357067, 0.7318330796348147]], [[-0.03620418457787139, -0.855723900980289, 0.722322885253869]], [[-0.15925875070099793, -1.00459328936791, 0.6541407889494684], [-0.22177060088669664, -1.0108186833116486, 0.559702491490601], [-0.1410300025903527, -1.02561051254975, 0.5439148246879086]], [[0.19280825909851607, -0.9717056196141707, 0.6357250192582502], [0.1072404330452929, -0.9316497406069617, 0.5532098215178318], [0.10644065628703614, -0.863194870296152, 0.5758223336408111]], [[-0.4235152794094239, -0.9721531552621612, 0.5087503425264137], [-0.5497977345205732, -0.9315171709926537, 0.39231111871677293], [-0.4118528128367297, -0.9154067533401287, 0.4543486501833187]], [[0.17531987014818196, -1.0302911637976129, 0.48392223881882246], [0.13992066235040596, -0.9193212555542118, 0.2136237294422132], [0.07305608907632166, -0.7474302247187441, 0.34729131303126626]], [[-0.6679448453320915, -0.7842893805963387, 0.3675872376124263], [-0.7328033880855924, -0.8044802738874028, 0.33018409820867456], [-0.6479501757465086, -0.827460608972755, 0.3822340210970684]], [[0.12426263197231358, -0.830155382916556, 0.09282763060129584], [0.10213524404265062, -0.7511890608312085, 0.048510989655033865]], [[-0.1170851406537875, -1.1424877975259582, 0.19741451407269972], [-0.11093380852994983, -1.1080064471918138, 0.07036963014637143], [-0.13943543843845208, -0.939097583621975, 0.07409289360067695]], [[0.0535778967155105, -1.1727018525583577, 0.22751390581767694], [0.08395371488414449, -1.0045423731181242, 0.05766109830883015], [0.007807791167893319, -0.7789882587218502, 0.1170646014141149]], [[-0.030946631815920833, -1.0558107598576694, -0.3072071109271306], [-0.05889613133767546, -1.1206254582996586, -0.2940353621641725], [-0.28388426208839634, -0.592683639786084, 0.0011948078930075212]], [[0.06547768084560912, -1.0669325613825873, -0.2326454191321159], [0.08497775189508816, -0.9243343213836277, -0.42179978777309945], [-0.13637823310551256, -0.5308884327180068, 0.0011077913651943438]], [[-0.03425611711856613, -1.1964270369753567, -0.6431060580976877], [0.017914296411056352, -1.1168091392468016, -0.7064375834366311]], [[0.03771919131026047, -1.1858209049202442, -0.6174358545290066], [0.12059947440316277, -1.0675509664268117, -0.7504113422609148]], [[0.01720713730858342, -0.9832852987416989, 0.6425351941455943], [-0.08046460933156208, -0.9100032784378711, 0.5139853153819787], [-0.03794699568738935, -0.9059717595183137, 0.5706933478940696]], [[0.016774754198759068, -0.9881494544910403, 0.6449329041038593], [-0.05726508392070187, -0.9712342119593051, 0.5564561565042164], [-0.01729467315165828, -0.9444026914229511, 0.5598685791643598]], [[-0.0317536219691385, -1.157594825042158, 0.21246420994518833], [-0.013490046822902668, -1.056274410154969, 0.06401536422760079], [-0.06581382363527938, -0.8590429211719126, 0.09557874750739592]]]}