{"bodyId": "h0", "timestamp": 1645467938394000000, "continuousState": [[[-0.1426034489276894, -0.8383793781303123, 0.6921199362104506]], [[-0.05823090700073985, -0.9448364885962874, 0.7999997230668034], [-0.13028924400061337, -1.035748564636124, 0.7402963299279062]], [[-0.00643260781080901, -0.9471872365862852, 0.7514770402637294], [-0.025803394435447213, -0.8254208958341416, 0.7400210298926371]], [[-0.17520614345110846, -1.0382273080337996, 0.6584566590492509], [-0.218304620798407, -1.0170536251509184, 0.5565751013286411], [-0.15462699098336508, -0.9812404675754938, 0.5690869010769333]], [[0.19307090682818784, -0.9589031462037563, 0.6300440850807179], [0.10352408470208663, -0.9224528080252745, 0.5549919513674488], [0.10742788199681264, -0.8648293551714477, 0.57518271197108]], [[-0.4043165627482702, -0.9704120980852238, 0.5121295537150097], [-0.4807764718212113, -0.9887479554818506, 0.4203040829926068], [-0.40545220618787337, -0.930670259119913, 0.45273104540727827]], [[0.1813352814564026, -1.0335561688822912, 0.49075699563885933], [0.12456845398872185, -0.8450546730150108, 0.1552853082520924], [0.07466099013944216, -0.7496172126274198, 0.3458473038164104]], [[-0.6591922950421509, -0.8209398899357845, 0.3890066576267228], [-0.7277356047618835, -0.8110339475219057, 0.32559145153429325], [-0.6420669697437829, -0.8488503539847967, 0.37507444137221335]], [[0.08686951407857307, -0.8175197831222627, 0.059270503512190764], [0.09904222267893692, -0.7470844365366737, 0.052151924124065996]], [[-0.11671744589602162, -1.1378279466655246, 0.18445554351879778], [-0.10662808484375497, -1.1164289707687938, 0.06915114456414706], [-0.139114666850071, -0.9390452372532857, 0.07431391376994256]], [[0.03597065403697275, -1.2039983562332188, 0.26018039317366726], [0.07738684415043573, -0.9752259067565205, 0.025846646075564417], [0.017242502800705273, -0.7932275972152315, 0.11355087203772285]], [[-0.031284848350052075, -1.0379504183908392, -0.32476733857057916], [-0.0589531324639917, -1.1206641088313554, -0.2940450479833947], [-0.2648738002002895, -0.6234674622323039, 0.007952479123863654]], [[0.060998544376479225, -1.0733522591672515, -0.23594478785978557], [0.08458416096811994, -0.9237676381121878, -0.4225610605148793], [-0.13310927446503462, -0.5461446921756088, -0.0038760570521737536]], [[-0.02953016638816708, -1.1897210217284606, -0.6408285581356987], [0.014270808537574009, -1.1056570342567507, -0.7212643362283977]], [[0.03872830960880114, -1.1823840312129594, -0.6378108523098802], [0.1148164145492725, -1.0521359276515523, -0.7585353178760619]], [[0.028702122470174507, -0.9582524234974064, 0.6264250834531178], [-0.08266809524380381, -0.9039116191451151, 0.510915446281698], [-0.0489146218312545, -0.886104970257836, 0.5869788112774829]], [[0.008932381688539687, -0.9985652271187779, 0.6442503720649844], [-0.05739026804816019, -0.9697532165880964, 0.555783526348045], [-0.02359955449327622, -0.9230349113734707, 0.5721348065240066]], [[-0.040373395929524436, -1.1709131514493718, 0.22231796834623252], [-0.014620620346659619, -1.0458274387626572, 0.04749889531985574], [-0.06093608202468287, -0.8661364172342586, 0.0939323929038327]]]}