{"bodyId": "h0", "timestamp": 1645467989716000000, "continuousState": [[[0.027829298759399212, -1.1169665365891839, 0.7503572826376732], [0.008092220965985608, -1.1231419924047814, 0.6637452946958143]], [[0.12471941656869356, -1.215034375826552, 0.8127377429697009], [0.021978721250871802, -1.2740244438434711, 0.7371621078701553]], [[0.11531277117766253, -1.1989915418312627, 0.7192406036752209]], [[0.19845123084296923, -1.4035874500566101, 0.6895727786003614], [0.10642599138573183, -1.4812870805824905, 0.6193239849474094], [0.052378296507028965, -1.087471878309197, 0.6554740276368461]], [[0.10483698794749319, -1.132085644157934, 0.5943360867052943], [0.18210075896263572, -1.2365835562728689, 0.5746064475978084], [0.14814325545455764, -1.0528463526736025, 0.49820494929532777]], [[0.2809078784650241, -1.6517288728398278, 0.518470448570586], [0.18448144500571984, -1.6304139179721517, 0.45343753068447956], [0.11393756516410658, -1.3857522321899003, 0.3485338848472117]], [[0.03735859413250653, -1.0907192015906266, 0.41723702498547], [0.24051721174188767, -1.4038190764950669, 0.4839954865292727], [0.09691109397869524, -0.9009206912042858, 0.28741430578103044]], [[0.1992878620268398, -1.6530630743534838, 0.26686429278253065], [0.1624182633879675, -1.704105731811918, 0.2787115937397313]], [[0.0754915011958911, -0.8051138187962654, 0.1034204817600608], [0.24576604709214384, -1.3822028682093803, 0.4727134933893463], [0.08700661809124566, -0.7644502050991644, 0.05499058699214554]], [[0.09316616013372858, -1.5384446653765556, 0.23167425725405133], [0.17672504141374457, -1.6902132481750216, 0.3311840261961816], [0.06476288317234014, -1.3151312189293933, 0.09824303142663748]], [[0.02833885582241258, -1.3486417954182395, 0.1399503893116112], [0.06519934561467533, -1.0906914949076767, 0.1370637206791585]], [[0.15329678642086597, -1.454466217506498, -0.36833229366115106], [0.07012206436437396, -1.4893661006421377, -0.22731235178009468], [-0.06581381647181139, -0.9785714298680693, -0.03595836484074155]], [[-0.05307612067023515, -1.3090492668241756, -0.2544426204827541], [0.10199744148376266, -1.4326658605767717, -0.2440641484306718], [-0.1649330320874367, -0.9137742257050295, 0.031830518445278955]], [[0.06523862052023899, -1.5137893630258317, -0.6317593342946659], [0.13080799475420957, -1.5074145884400376, -0.6145666951238153], [-0.22106027294217423, -0.6005137669733303, 0.012306011088626168]], [[0.10976308140692803, -1.6207534619825668, -0.5001666571269763], [0.15086013827547684, -1.4320329093415154, -0.6348145233972882], [-0.29567152469735547, -0.6205678283005511, 0.0012915970099246499]], [[0.1441556770844914, -1.273838967141559, 0.6447193060428882], [0.1504950341476216, -1.3926996675125924, 0.6148765077782992], [0.12931242369576879, -1.126403518598711, 0.5587141914214293]], [[0.1516441093952312, -1.267836547107272, 0.6419544326528278], [0.14426337517418378, -1.3589353184276796, 0.5969652162726089], [0.1002607759807933, -1.0701591154913999, 0.576839488466087]], [[0.06075250797807058, -1.4435432303973976, 0.18581232328283126], [0.06498111439350773, -1.202911356918535, 0.117653376052898]]]}