{"bodyId": "h0", "timestamp": 1645468013903000000, "continuousState": [[[-0.2421349003303923, -0.9363146080313723, 0.654327906257748]], [[-0.17421741179744266, -1.0697064373620992, 0.7992104788551202], [-0.26201529852545014, -1.115831654823528, 0.7120824423189098], [-0.2490411605293652, -0.9759590382273813, 0.7448825009740887]], [[-0.12823204382074593, -1.0242235678887213, 0.6927889590674008], [-0.09976006227532186, -0.970865388627746, 0.6641481983246769]], [[-0.21447099498820715, -1.1886719777875359, 0.641792315052945], [-0.3160648512398659, -1.2434737359527082, 0.5662099598377028], [-0.26520269585480605, -1.1543193573851962, 0.5928181911260747]], [[-0.03765335057612529, -1.1616051638267055, 0.7037643332832346], [-0.0596449489278163, -1.013739990686008, 0.4908141266817616], [-0.015848143581103535, -1.0014555009968447, 0.5113508221753753]], [[-0.4735711274295802, -1.1172191630847337, 0.5668428046587282], [-0.4731848875921214, -1.1344469816008398, 0.5024567444724981], [-0.4383544255164902, -1.0876271044836177, 0.4778940147015568]], [[-0.2941003724003354, -1.246765023263934, 0.5987948247448214], [0.08528563553249535, -0.7809352330356785, 0.03656337500736195], [0.0809541314079345, -0.9708222311022381, 0.2048132050453445]], [[-0.648435888395275, -0.8563255530569118, 0.4692822969132753], [-0.8063443636949221, -0.6653812158698609, 0.3201981674507699], [-0.6149708420671642, -0.8565630627844143, 0.41653063441061045]], [[0.1302322356490092, -0.7163295630835083, 0.017397652674370434], [0.08789213494833081, -0.7546792391722609, 0.044168628029248036]], [[-0.08363585868640755, -1.336725573673881, 0.1781225999511471], [-0.1539200968648189, -1.3758336251592407, 0.12674214327721112], [-0.10409374000232008, -1.4342358401919195, -0.03591856329972998]], [[-0.09856671705954478, -1.220571481504525, 0.0769543965532713], [-0.024726218225174845, -1.285690221665168, 0.11043127967097588], [-0.015584565757368551, -1.1964510550591019, 0.032943576383526185]], [[-0.08948084622496977, -1.4597295271131014, -0.1741010711518387], [-0.08209157725518501, -1.4016122510049205, -0.28614944474910564], [-0.21728533508581116, -0.9930153064466666, -0.03763468786396085]], [[-0.1849664889080359, -1.3767447309572785, -0.19410708141914168], [-0.0533049168729991, -1.41194027238457, -0.18704903570612497], [-0.2219003161842955, -1.003475758689779, -0.05947917858693863]], [[0.11809876354822091, -1.526268416912523, -0.6734415790022477], [0.08877586569395823, -1.444689044901404, -0.684866011403753], [-0.2836209519027757, -0.8130906338407411, 0.01153730785625151]], [[-0.16690023917718366, -1.4713933655831257, -0.7003613714388386], [-0.13390440575266682, -1.4266992325640864, -0.6620938565032559], [-0.3186242450321155, -0.8655797112457952, -0.00813834590471596]], [[-0.12469674859754704, -1.1937081336975441, 0.6932159147699599], [-0.1668007286343885, -1.1885860724691835, 0.5774160397262589], [-0.17127082338767385, -1.0222769530971028, 0.5671231502622138]], [[-0.12606217278216622, -1.1751385708071207, 0.6727783241680898], [-0.1878549000838411, -1.1286068633193582, 0.5285120432597322], [-0.1405254197179548, -1.0778874291910205, 0.552084506650725]], [[-0.09110128787297617, -1.278648527589203, 0.1275384982522092], [-0.08932315754499687, -1.3307619234122043, 0.1185867114740935], [-0.059839152879844315, -1.3153434476255108, -0.0014874934581018961]]]}