{"bodyId": "h0", "timestamp": 1645468021541000000, "continuousState": [[[-0.004622887334239878, -1.1150516501530965, 0.6615682516702983]], [[0.1184825252768581, -1.2429163488116608, 0.809246336623898], [0.003190106283718075, -1.2925806771231394, 0.7267762486271558]], [[0.11101859451725321, -1.2349467024079066, 0.725953085460396], [0.10948527804495678, -1.0683259036762744, 0.6994424334480465]], [[0.17315762313211835, -1.4522184658804351, 0.7006849129269617], [0.10475670719894103, -1.4893725158436064, 0.6173417955814045], [0.00060570008278793, -1.1236778086413635, 0.6652472773636362]], [[0.1269822775241689, -1.1158727446528252, 0.5700109040391519], [0.18143910323992296, -1.2076551662722506, 0.5538910506574928], [0.18001402512193243, -1.0885666264112805, 0.5026945898464681]], [[0.1577951717712851, -1.6070538495694202, 0.44516852144612185], [0.085734521461723, -1.6193826104011029, 0.3623051976099466], [0.0819608270492449, -1.365189894187787, 0.4425968539229066]], [[0.04472209906421665, -1.0602419117275073, 0.387363201105559], [0.22615544129599463, -1.3815893342951246, 0.4572552608631616], [0.13243976597819618, -0.9418765135581277, 0.25846547447828416]], [[-0.0005046602511953324, -1.4410084814937543, 0.4681389449088551], [-0.07645660679396893, -1.4641225298785334, 0.3953523245490238], [-0.003437721800715776, -1.3679657855859126, 0.3852660781856283]], [[0.07873226412542489, -0.7760864123573299, 0.07272053958355218], [0.08701952467577634, -0.7643518191781411, 0.05477499523358398]], [[0.13267300115898384, -1.5095012910536538, 0.17892145615508048], [0.07732600235154208, -1.4842237157000675, 0.0502768541981482], [0.05413895419320891, -1.326526627453068, 0.12446282591147295]], [[0.04001719515826041, -1.3565228634493696, 0.157946429246685], [0.186475956839662, -1.4928669643428631, 0.13913173213054653], [0.08689783672466356, -1.0944858766743788, 0.17187075921580752]], [[0.14510976822106603, -1.4893738442969484, -0.374014089196981], [0.05969221387958912, -1.450833202631019, -0.39179516004599424], [0.009289322959338264, -1.1947896791181185, -0.115026155391319]], [[-0.044325738986562335, -1.3323905442678483, -0.27445213548748626], [0.09500605994045852, -1.411509471733851, -0.33399473069153074], [-0.044976986034657385, -1.0931853584674514, -0.06581296119007696]], [[0.0534104913991561, -1.5423610171664695, -0.5935509150617151], [0.150022180849253, -1.6288664102851322, -0.5498799666816584], [-0.14616495725896583, -0.734396482036489, -0.002908032221408785]], [[0.11214479419437307, -1.6421719771689656, -0.503317322778835], [0.1717974630205975, -1.476667292034274, -0.6194762642403592], [-0.18899052895272028, -0.6904518701994479, -0.010757674530243677]], [[0.1335698311750405, -1.3274646448420055, 0.6639703477041392], [0.15329710564984517, -1.3958451944457926, 0.6056620960888022], [0.11647531132766709, -1.147501326334523, 0.5638907883526213]], [[0.15006995032814363, -1.28404560526663, 0.6353479084830568], [0.143097905219432, -1.3485138410579285, 0.5856164231194486], [0.09030986260236018, -1.106122217526322, 0.5839709336050521]], [[0.08634509815862212, -1.4330120772515116, 0.16843394270088274], [0.13190097959560204, -1.4885453400214654, 0.09470429316434736], [0.07051839545893623, -1.2105062520637233, 0.14816679256364024]]]}