{"bodyId": "h0", "timestamp": 1645468056917000000, "continuousState": [[[0.0110113391213289, -1.1700710806705212, 0.6831878873004529]], [[0.11503733894066315, -1.2357065727895176, 0.7902813056882252], [-0.0021733505146135923, -1.290752339390792, 0.7188214509508064]], [], [[0.18254567510915387, -1.4319490700361914, 0.6797950322066217], [0.09003167264567191, -1.46275640044716, 0.5979945445179091]], [[0.08768571846060658, -1.1711109473037873, 0.607796413573515], [0.17512987158574217, -1.1868317996523414, 0.5476317061717029]], [[0.12494591553812617, -1.602227058539395, 0.4534289807056151], [0.0640293810662973, -1.6114147627716167, 0.35906813617515454]], [[0.06273151583824133, -1.007811344439515, 0.33860408970795053], [0.23586117739012458, -1.316016282914994, 0.42834445635682705]], [[-0.004517623411531835, -1.3844331668187115, 0.42963857307265463], [-0.08405887558595548, -1.4330379594977332, 0.35951572177880076]], [[0.07112461652783542, -0.7926678780806178, 0.08772199839883776]], [[0.12792730337985092, -1.5049970529835792, 0.18760249044505284], [0.09100319446331606, -1.5320044476735952, 0.140765994169056]], [[0.03376843035000565, -1.3678635452016148, 0.19006421656002392], [0.18694627881609144, -1.4905537704488032, 0.16928269851016875]], [[0.13870759201439176, -1.484423179493021, -0.32038628797624136], [0.04371757459723846, -1.4239868718959496, -0.3789669022702705]], [[-0.06006028549010756, -1.3200661221894863, -0.24881504666707133], [0.09894118890749493, -1.4470275321706998, -0.28221089941906863]], [[0.0475734826563996, -1.537138115802159, -0.5946943640288342], [0.12132705867935378, -1.5889610190276304, -0.5607034978712148]], [[0.10370605293229074, -1.6294678727598149, -0.5268581835874457], [0.167897288295773, -1.4695941199557085, -0.6201977455680507]], [[0.121666574011563, -1.325584043271121, 0.6677202797312183], [0.1296352007280342, -1.3371915640832732, 0.5732526680471834]], [[0.13511569678488022, -1.3015300086699892, 0.6437957228900684], [0.13258077211570704, -1.3247941000497507, 0.572813125344806]], [[0.08084786686492829, -1.436430299092597, 0.18883335350253838], [0.13897473663970375, -1.5112791090611992, 0.15502434633961237]]]}