{"bodyId": "h0", "timestamp": 1645468091154000000, "continuousState": [[[-0.21562483910967967, -0.7838465061908936, 0.5914961546090713]], [[-0.320065198292081, -0.8718048669271308, 0.7729300867944495], [-0.3455441933076471, -0.9497898144842096, 0.7127662349028421], [-0.3217195670727119, -0.8249045626379651, 0.6701190534771323]], [[-0.16990803511276065, -0.8807530973664783, 0.7562203352027608], [-0.2376227825737618, -0.9070313063133788, 0.6727804398154551]], [[-0.4615610421467238, -1.0380522796513474, 0.7386437262405074], [-0.5278751210358135, -1.0342035395981966, 0.6233191043682371], [-0.45047678084689813, -1.0250196539357765, 0.6107945154132618]], [[-0.13178950739673756, -0.9637208471055576, 0.5750706540240724], [-0.22319671678550002, -0.9404931792670945, 0.4664746254694656], [-0.16444458679273222, -0.8653969106121244, 0.49222487663495107]], [[-0.7243718878150737, -1.1286592078962399, 0.6963106925330135], [-0.7860163710768882, -1.128415519673082, 0.563819379910327], [-0.7106028885444926, -1.0482338283238475, 0.6317471780772322]], [[0.11754358135794862, -0.7746545011268657, 0.031212665767009318], [-0.037577853264359806, -0.8746585591390788, 0.2616004982194169], [-0.05818491054216057, -0.8240350492893516, 0.2946819508325689]], [[-0.721643351873203, -1.146993560450874, 0.45638230771035637], [-0.7415209451762403, -1.1152929614344154, 0.3570634577765841], [-0.6946434910502308, -1.0781910390969989, 0.38552533455088467]], [[-0.04312194724478002, -0.9163678981048338, 0.26448998689394876], [0.08203432225259466, -0.7677723970657233, 0.027411711380689985], [0.08578879717775822, -0.751941617507652, 0.04654891083676849]], [[-0.5293728994199091, -1.1676100173197295, 0.19975850458951228], [-0.5148342061306274, -1.20632525173746, 0.12223307756248758], [-0.5403440720033643, -0.9700356060707351, 0.19926139652402197]], [[-0.33559324114927336, -1.179642479324734, 0.14118894374204638], [-0.3713300669622017, -1.1009799952831332, 0.049593077696083565], [-0.37324802855014894, -0.9261131015533586, 0.12964386810920514]], [[-0.574805218122082, -1.0835208620035006, -0.29901644751530543], [-0.5194333533532236, -1.107965879980325, -0.28443656558418295], [-0.5468670477325382, -0.9717739463788138, -0.17534548555782592]], [[-0.39850574878812606, -1.091544577556235, -0.3709142842000819], [-0.4138940642959186, -1.071315064268936, -0.33383369857830214], [-0.3911035048623226, -1.0457687802242186, -0.30427424679731463]], [[-0.6142434119909416, -1.159664181147789, -0.6403304960521143], [-0.4963761387722203, -1.113341944239206, -0.615329859828557]], [[-0.48465887883917724, -1.1970305736514653, -0.7485516959300593], [-0.4601692068490426, -1.1298049990565548, -0.7444398336685091]], [[-0.3133817819212159, -1.0453931499593079, 0.6928545744304904], [-0.35490299543595455, -1.029509932789975, 0.5703980384109182], [-0.3294213415069708, -0.8852297275618622, 0.579525259626849]], [[-0.29667527477173067, -1.0008865633784525, 0.6568571901322899], [-0.37553591891065674, -0.9873483594326455, 0.5448968649188514], [-0.3074606838198152, -0.9452082822739505, 0.5515096960241064]], [[-0.4324830702845912, -1.1736262483222317, 0.17047372416577933], [-0.44308213654641454, -1.1536526235102966, 0.08591307762928557], [-0.4567960502767566, -0.9480743538120469, 0.16445263231661356]]]}