{"bodyId": "h0", "timestamp": 1645468112728000000, "continuousState": [[[-0.36663040592677987, -0.7909562826134258, 0.5787244881724709]], [[-0.42426046115883276, -0.9154470710551459, 0.6974553412536255], [-0.42742357226749017, -0.7935679448704243, 0.7015064949044593]], [[-0.3033288554919811, -0.8577227293694478, 0.6483006644460485], [-0.32029621040386214, -0.7249914794794187, 0.6534355774925191]], [[-0.5845873757621964, -0.9809572443664887, 0.547661972445527], [-0.4790345212312994, -0.9920855121363288, 0.5888122138514454]], [[-0.24098343425725582, -0.9518264436447343, 0.47297818441762973], [-0.2286365154979363, -0.8220966883235203, 0.5208434627664192]], [[-0.7036855893035661, -1.0814854415746264, 0.3718499421155912], [-0.6613082367492795, -1.031361741910311, 0.38908116194044107]], [[-0.0639291137615815, -0.8825699930344044, 0.2556339904428597], [-0.08514532612685799, -0.8048380919460455, 0.29817785165360366]], [[-0.5750544147537775, -0.8373620365677382, 0.30157132133214126]], [[0.06721592074774907, -0.7445212697760994, 0.016042324728027246], [0.081757699169545, -0.7463853547855903, 0.05130835551455226]], [[-0.5017044587669428, -1.2492221787569318, 0.13458902048095123], [-0.6022221339534731, -0.7666205430150987, 0.28928685535641974]], [[-0.39227639592855923, -1.0618433382679742, -0.0018683278636122402], [-0.42983164551078445, -0.7991662660991233, 0.20263988379001108]], [[-0.5743582364547973, -1.1279433157436667, -0.36385740952662204], [-0.5323230837643996, -1.1200493651638983, -0.31240438061027087]], [[-0.42800407954316766, -1.0765862571840903, -0.37059957435176116], [-0.391442303792769, -1.0528323555385453, -0.33772504782554746]], [[-0.5089754131048436, -1.1994681011461377, -0.7358491939610681]], [[-0.4179587898891146, -1.1121509517444754, -0.7732598522613993]], [[-0.4040760655452035, -0.9915711717471578, 0.5208017717424192], [-0.40622456700243403, -0.7757570037447203, 0.6275871447898759]], [[-0.41278540500972616, -0.9663918440056115, 0.5103200784315783], [-0.35383551836461785, -0.9070911002299246, 0.5548278383089323]], [[-0.446990427347751, -1.1555327585124529, 0.0663603463086695], [-0.5160268897321287, -0.782893404557111, 0.2459633695732154]]]}