{"bodyId": "h0", "timestamp": 1645468122041000000, "continuousState": [[[-0.384666758451935, -0.8184033566580426, 0.5931442949731854]], [[-0.3705850110090454, -0.8993205665733788, 0.7508204908668938], [-0.42958927070076824, -0.813915634999034, 0.7135941639751742]], [[-0.24812333936374054, -0.9178255266390931, 0.76266635167735], [-0.3051484325782575, -0.7652791134170609, 0.6727146077478183]], [[-0.48042072418759296, -1.0336277343248708, 0.6666896361092831], [-0.48028197349216495, -0.970798677428268, 0.5901569058246472]], [[-0.15615118741612227, -0.9993939597311436, 0.5768776550861472], [-0.18630888168477444, -0.8926734973856335, 0.48838707347319077]], [[-0.7034042471061471, -1.0520908822209263, 0.45406182811451545], [-0.6662928163351333, -1.0106961073335348, 0.3933837423272355]], [[0.09250047407962991, -0.7936407173522282, 0.057260923404834685], [-0.048843489576385624, -0.8530179278872445, 0.27038009615821]], [[-0.6196141207920841, -1.0273692129568683, 0.5706115413354909], [-0.5998526932443833, -0.7921241376944855, 0.32925922682059694]], [[0.06942457010913938, -0.8484178890441685, 0.1731050693127476], [0.07840235781588123, -0.7414133277882007, 0.05539951914128505]], [[-0.5428184634912723, -1.1850358545799764, 0.1994947684295969], [-0.6009138618036334, -0.759806199997178, 0.2720446129214765]], [[-0.37415284222836687, -1.2489572911626214, 0.2147610648965883], [-0.4261756744671137, -0.7838916300844884, 0.17368903773351718]], [[-0.549538007368662, -1.2235742961185492, -0.18410216632441556], [-0.48724001357722735, -1.1981054291636164, -0.44286332905094494]], [[-0.4553506681947017, -1.2154259715843883, -0.08159758072659784], [-0.39275063976804403, -0.9737898429952754, -0.32243457180699286]], [[-0.5540500270860483, -1.229169475257693, -0.7455243847455637], [-0.7880063058607878, -0.11979905602245156, 0.37755951339852456]], [[-0.4427145223247576, -1.2189621526504328, -0.6627936306802553]], [[-0.33541707280908073, -1.0641276455896689, 0.6628501590155986], [-0.38616276407464434, -0.8269958845325475, 0.6033189042682414]], [[-0.3182859558018576, -1.016510847028007, 0.6217836455977152], [-0.3332954275884697, -0.9317360874069507, 0.539271989648919]], [[-0.45848565285981957, -1.2169965728712988, 0.2071279166630926], [-0.5135447681353735, -0.7718489150408332, 0.22286682532749685]]]}