{"bodyId": "h0", "timestamp": 1645468124319000000, "continuousState": [[[-0.38488028250247674, -0.8174469757177523, 0.5934392514720841]], [[-0.3697963263960671, -0.8954005578121806, 0.7486419498993677], [-0.43402272214712634, -0.7988396555652655, 0.731518964870756]], [[-0.2508893491258667, -0.9094438081738836, 0.7601882859613991], [-0.28692944522836145, -0.8963099750913321, 0.670701394546743], [-0.2949463930329953, -0.787144007272447, 0.6630223078622202]], [[-0.4793802114267174, -1.0259880062428501, 0.6618564031777263], [-0.5545686875259379, -0.9996019753785061, 0.5252344165893459], [-0.48085696842730796, -0.9884116889924575, 0.5838036533735503]], [[-0.15686797466059543, -1.0019564429725505, 0.5787109685342273], [-0.22373679660493856, -0.9219014572955215, 0.4587735689220269], [-0.1842808100783362, -0.8966236248683132, 0.4860001463826651]], [[-0.7056385669214632, -1.0614611416943391, 0.4555127088730724], [-0.7075003022762183, -1.0524029539121316, 0.3586093331254874], [-0.6568465631057672, -1.0232550114144252, 0.39147069695942227]], [[0.0898874214499159, -0.7993706428365022, 0.06252660851479663], [-0.04605289906433008, -0.9109941853520911, 0.2689127550179531], [-0.043963697261966805, -0.8611440113540744, 0.2725201102853987]], [[-0.6347326429616063, -1.0196510343609857, 0.5254916161755596], [-0.6172241109818614, -0.995419100959573, 0.5360719123921414], [-0.6136257449959637, -0.8066130911289177, 0.3262853219921491]], [[0.07922721773435404, -0.8270002107003229, 0.15469305963511926], [0.06929274758219617, -0.7454572746785222, 0.008320162098264916], [0.08576148945463324, -0.7519507109491118, 0.04654090695591995]], [[-0.5306140815669462, -1.1838905384526432, 0.19814435650781492], [-0.503112539004251, -1.2347923676851393, 0.12577176427746273], [-0.6103287080714203, -0.7315478087191825, 0.3199828367544544]], [[-0.35308916882553304, -1.2387702947923538, 0.1991909134862635], [-0.3326620294378424, -1.0948017001486996, 0.062433258309531725], [-0.40198939540151635, -0.820191114010342, 0.1795701060092889]], [[-0.5513810032250326, -1.2378632893603814, -0.13899126272019013], [-0.5555030309583128, -1.140458351481578, -0.35571191244412104], [-0.5123353437304241, -1.1017375903832864, -0.28967132361586645]], [[-0.45620305496194224, -1.231666265492123, -0.05113609021023224], [-0.4232220005576566, -0.9499928135164981, -0.4415223584887358], [-0.3922981368207342, -0.9436767442728189, -0.2627610514504848]], [[-0.5539238053167992, -1.228070937168018, -0.7474087531015519], [-0.5056318673008895, -1.1890392969952923, -0.7303631074205228]], [[-0.43819063955131266, -1.2183671784195573, -0.6858568841926496], [-0.3764624723590668, -1.0926763270905433, -0.7786473210990436]], [[-0.3304116440249305, -1.0434362752425472, 0.6492593198109211], [-0.3603506568130247, -1.012302664062122, 0.5194087580651088], [-0.39446845590436797, -0.8055643727749824, 0.6132966362832598]], [[-0.3181240930436564, -1.0139722246077003, 0.6202836858559768], [-0.38915274206543826, -0.9607517163370138, 0.4920039927556864], [-0.3325688892528221, -0.9425176569303853, 0.5349018998781077]], [[-0.44185162519623966, -1.2113304166224985, 0.1986676349970392], [-0.4178872842210467, -1.1647970339169196, 0.09410251129349723], [-0.5061590517364682, -0.7758694613647622, 0.24977647138187165]]]}