{"bodyId": "h0", "timestamp": 1645468129478000000, "continuousState": [[[-0.4182754181654239, -0.8101701583371819, 0.7204131203140904], [-0.3775768144508056, -0.8209528586093582, 0.5901522273128615]], [[-0.3703711812410301, -0.8983129370557905, 0.7503063022610803], [-0.4227341955445101, -0.9724508560491674, 0.707024838867218], [-0.4347970160007357, -0.8018141492617057, 0.7128472393965127]], [[-0.24778786722025314, -0.9110445718648759, 0.7540059085644735], [-0.2922362537057597, -0.8995194991930342, 0.6702805398166396], [-0.291714358950411, -0.7937515547046996, 0.6598594155604194]], [[-0.4815678871856661, -1.0411735962925774, 0.6715261004523125], [-0.5520911143332641, -0.9913749879520786, 0.5303017747083401], [-0.4846127545902561, -0.9565149011547672, 0.596272549324321]], [[-0.15178699031933235, -0.9910421820586912, 0.5773717475628068], [-0.2109146972726615, -0.9519922545334634, 0.47509598461334956], [-0.18274322506226215, -0.8998913682903688, 0.4842508080646195]], [[-0.7011391326643238, -1.0528559457210762, 0.4604241038953045], [-0.7048233853635952, -1.0559570068804454, 0.3610504019268037], [-0.66536208301552, -1.015181356661528, 0.3910708785531555]], [[0.06869135817976801, -0.8314453684760257, 0.10486687575359688], [-0.046744407580555536, -0.909389706268565, 0.2679088776036904], [-0.04938452701542162, -0.8523307380629925, 0.27095241491346767]], [[-0.6502604930992265, -1.0395974436794169, 0.5276365678081518], [-0.6207428959020032, -1.0015859070747588, 0.5221716423196503], [-0.5994903450319109, -0.8157120193467573, 0.31581372928208273]], [[0.06569035043912685, -0.8566849773212992, 0.17997436397732236], [0.06946523643056834, -0.7535650085713299, 0.022331769798083823], [0.09278907513628498, -0.7616295126360355, 0.03807905311949833]], [[-0.5315037017310034, -1.1905391595207244, 0.20517854480536868], [-0.49809398646536185, -1.2421252941809595, 0.13232533958041182], [-0.6061750215915511, -0.7299450942870007, 0.3124287653859352]], [[-0.35806145535032813, -1.2364634926025102, 0.2005928049592014], [-0.3358962758429599, -1.089156535812451, 0.05777513621125574], [-0.39857968146382183, -0.8310044619719812, 0.164377752811259]], [[-0.5484224503094374, -1.236598125801938, -0.15561023119755868], [-0.5634598013792006, -1.1286678165207173, -0.36859024592519063], [-0.5056383298173495, -1.1033646460861068, -0.30349403658862295]], [[-0.45449656557130813, -1.2117241538243178, -0.08666152957180295], [-0.42958221526373774, -0.9556104575636384, -0.4407664634490114], [-0.37775285124684044, -0.9582071438462845, -0.26288351592476067]], [[-0.5481432597585844, -1.2316876459310053, -0.7492732006138878], [-0.5122482786168026, -1.1796670321666565, -0.7436778711904809], [-0.5256225612327529, -1.1211914022442302, -0.6439735253814727]], [[-0.43157488964478674, -1.1976340581705198, -0.7094921292873595], [-0.3784646083701335, -1.089324158920573, -0.7835145606407636], [-0.41129495655373804, -1.048275653491804, -0.6504097095837057]], [[-0.33313009425719, -1.0542398505841355, 0.656278644190982], [-0.3556245744611341, -1.0211888450843614, 0.5242369333353085], [-0.3863044474294467, -0.8134440487148402, 0.6018553826859842]], [[-0.3166774387524992, -1.0161078891756343, 0.6244489240075597], [-0.38150290580296276, -0.971683621242771, 0.5026988796608448], [-0.3336779898262591, -0.928203134722568, 0.5402616786944703]], [[-0.4447825785406657, -1.2135013260616172, 0.20288567488228504], [-0.41699513115416087, -1.1656409149967053, 0.09505023789583378], [-0.5023773515276865, -0.780474778129491, 0.2384032590985971]]]}