{"bodyId": "h0", "timestamp": 1645467573177000000, "continuousState": [[[0.008141934384520821, -0.8301615506250121, 0.6249398907311039]], [[0.0574471851752113, -0.9218780929678612, 0.7799450792568106], [-0.03752798938766516, -0.977901401310838, 0.7084047868431138], [-0.06550109924873615, -0.8069414819885199, 0.7535929024444006]], [[0.09472873971899148, -0.9094531366531948, 0.7218746323324925], [0.10296772446504665, -0.8094383827408402, 0.6890525365545828]], [[-0.012499155062258127, -1.0443167374554727, 0.6363309079534756], [-0.0992787655566571, -1.0344770569909911, 0.5365271594769938], [-0.030952626258161642, -1.0566356982730087, 0.5274914887224091]], [[0.3182658835800943, -0.9904608812274978, 0.6561414845939575], [0.24137799176735397, -0.9595004896738064, 0.5670959647131051], [0.2605086707846347, -0.8838707002956919, 0.5602915579018509]], [[-0.0899485105595823, -1.116147258376667, 0.3536668998961121], [-0.13200148956648716, -1.135520725611979, 0.28851904262786476], [-0.13645116930710266, -1.0136473232648355, 0.3034150101128207]], [[0.2539662297226207, -1.099671584624504, 0.5104628694550981], [0.2612845270640022, -0.7770832604935611, 0.08409495983374438], [0.27779571145185056, -0.8197966897737339, 0.30549153440977694]], [[-0.21893879563462187, -1.081489427392019, 0.1090047591291079], [-0.21748470959040245, -1.0786171018379607, 0.08479764170633008], [-0.2133522699103756, -1.046801602482243, 0.0589408028318511]], [[0.28243531123896903, -0.759438727753091, 0.03656449552695373], [0.2573293756194168, -0.7391732529272343, 0.054323543400859986]], [[-0.021806038417222173, -1.1813602932255922, 0.23298429690610467], [0.020086148858728947, -1.1436959011708787, 0.08527245335905564], [-0.008965080617348686, -0.9521818335889918, 0.026636441633850816]], [[0.169632952505832, -1.1793810972121952, 0.21227466235231707], [0.19319240253670183, -0.9294773320786458, -0.024339533395417945], [0.21873908592775382, -0.9222798516369697, -0.006040271226310456]], [[0.04536116084712727, -1.0960150404195999, -0.24000399581098075], [0.06943294277453627, -1.1346967525857352, -0.26957549392756297], [-0.19021979611416007, -0.570373933253103, -0.0029576217345107514]], [[0.17197979068590385, -1.0806042946252474, -0.23535680413803606], [0.20635046215783814, -0.9099315844368978, -0.40750702585508103], [-0.04694685842449586, -0.5002233456233329, -0.00227441035885656]], [[0.0212150079647212, -1.2120986816511903, -0.6011630672219295], [0.11586029639803064, -1.1040504310124435, -0.7268215599854493]], [[0.19151718369661774, -1.1755146644315742, -0.6938797472116647], [0.2387342985584543, -1.0172906089248839, -0.7724210742415708]], [[0.15903567360316068, -0.9885030798930488, 0.6275918864176857], [0.07467505377212386, -0.9535672382413414, 0.5237249424879], [0.0293434625297897, -0.8283722685226431, 0.6131580707301373]], [[0.15288336425891808, -1.0173888093414853, 0.6462361962737165], [0.07104961310534844, -0.9969887733323988, 0.5518115620950494], [0.11477802226323652, -0.9702531992843504, 0.54389152331213]], [[0.07391345704430491, -1.1803706952188937, 0.22262947962921087], [0.10663927569771539, -1.0365866166247621, 0.03046645998181885], [0.10488700265520257, -0.9372308426129807, 0.01029808520377018]]]}