{"bodyId": "h0", "timestamp": 1645468140734000000, "continuousState": [[[-0.37378912215687476, -0.8054915409722027, 0.5691666288300787]], [[-0.37362769466695833, -0.8910377562841432, 0.748100192928286], [-0.43153843850761886, -0.8023875287188347, 0.6873838998568622]], [[-0.2430871888538938, -0.8936599283014135, 0.7447224792220182], [-0.3135066184278621, -0.7349054325822861, 0.6727995768521868]], [[-0.4815229527010314, -1.0420835115710636, 0.6722706532765543], [-0.48522439582887067, -0.9538315051329121, 0.5976214461470939]], [[-0.1532084879131551, -0.9953054868270013, 0.5802935023288405], [-0.20807911717250116, -0.8619837890897086, 0.5064293300785632]], [[-0.6946131353021165, -1.0549423373408504, 0.46566904856897917], [-0.663155809618267, -1.0267800294883074, 0.38468211571328137]], [[0.09116234387254607, -0.8170816636772165, 0.08353700988269663], [-0.04456476037593449, -0.8604707796032103, 0.27306077510488125]], [[-0.7329179190379969, -1.0145848962394561, 0.4647778882238969], [-0.5859192502305589, -0.8213543326091745, 0.30769204259059046]], [[0.06143762677763054, -0.8488588037829745, 0.17755998438702858], [0.09125372601315562, -0.7594220584736012, 0.04780936479840425]], [[-0.5309587548924218, -1.1665329689442712, 0.17191457067222804], [-0.6077948347783555, -0.7342268389041013, 0.2903942925938996]], [[-0.35428731148794035, -1.2429888785661272, 0.203665446018493], [-0.40473310944882535, -0.817331304941608, 0.1672145477937549]], [[-0.5483898742928529, -1.2361057462915264, -0.15661279721278132], [-0.5002040005347981, -1.1497212201703109, -0.39884151442127125]], [[-0.4540908969905657, -1.2200860679657444, -0.06625680417580271], [-0.385029326776669, -0.9711689072583658, -0.3147810254114446]], [[-0.5518861772871809, -1.2391333259889183, -0.7487227364255808], [-0.784361971092799, -0.1196768972068114, 0.37566594122983404]], [[-0.4461691379081165, -1.2372565898972665, -0.6299012495530596]], [[-0.3254639951212106, -1.0227335678792064, 0.6356413089325998], [-0.41505675600120917, -0.7384349183749036, 0.644002872033068]], [[-0.31736572030709326, -1.0186944991990323, 0.6262820778026974], [-0.3466517565006859, -0.9079076471113103, 0.5520253881128285]], [[-0.4426230331901811, -1.2047609237551993, 0.18779000834536053], [-0.5062639721135904, -0.7757790719228547, 0.22880442019382724]]]}