{"bodyId": "h0", "timestamp": 1645468152258000000, "continuousState": [[[-0.391355604703833, -0.8108070440538074, 0.5655257731572094]], [[-0.39352406545483704, -0.8931240024133063, 0.7385083263557466], [-0.45278366697869443, -0.9437924942410629, 0.6780214449087614], [-0.4722957917748656, -0.8041234332953933, 0.6973984744934114]], [[-0.27669469645872813, -0.9041743127521067, 0.7606503691439193], [-0.3210302835857945, -0.8540100688903101, 0.6492009536296826], [-0.3163343851235305, -0.7999508088360923, 0.6452288024219522]], [[-0.48139141836479615, -1.0262466783934518, 0.6562836569984436], [-0.5588613613530212, -0.9926532509833592, 0.5142697346372067], [-0.4912095347524642, -0.9547633554616982, 0.598899358470659]], [[-0.15436746250610173, -0.99876203284936, 0.5825839424022161], [-0.22185570648348518, -0.9260894179782513, 0.46096280319777727], [-0.19390381081646024, -0.8909141054507785, 0.498187686377334]], [[-0.7136062717432851, -1.0566752421693182, 0.45689025940973527], [-0.7297516109663338, -1.0466780199513857, 0.3495130042041594], [-0.6745044456264293, -1.026143925154435, 0.39584033521896944]], [[0.07574353369445419, -0.8332758632451505, 0.10232449963415657], [-0.04498190811511993, -0.915205927434757, 0.2716142629170155], [-0.04547634720053617, -0.8589550433661168, 0.2740581668383302]], [[-0.7198273352173418, -1.023592842574664, 0.47866729013221954], [-0.6279692091040838, -0.9791324971067801, 0.5202667405153387], [-0.5714695199660175, -0.8224153939746498, 0.3641651828292062]], [[0.047014555053121354, -0.8747828195943883, 0.18292279405923817], [0.06893819190937722, -0.7800458408440736, 0.03824253797430788], [0.08636738967673097, -0.7525603881734736, 0.0458572324486739]], [[-0.5324924299904447, -1.1596457139166834, 0.15665277466185445], [-0.5191047256100281, -1.2119266738126753, 0.10608411567162279], [-0.562589072138443, -0.914530108061307, 0.18646777000478199]], [[-0.3549538479254088, -1.224121762309903, 0.18664053166997863], [-0.3456327042363414, -1.070655535094405, 0.04230883449911227], [-0.4064513748280636, -0.8462087727008346, 0.15837051971037464]], [[-0.5490530700841524, -1.2184552981256982, -0.19112137177283306], [-0.5663733807401479, -1.1243945067215813, -0.37343411730818676], [-0.521672607044033, -1.1072097933491738, -0.31718407420266626]], [[-0.45449533281984955, -1.21016461518675, -0.08828521841973003], [-0.4289337092674419, -0.9570669625636488, -0.4395508269948887], [-0.39494199723993906, -0.9621461395618336, -0.29410915719085173]], [[-0.5563268995212868, -1.2505302411203973, -0.7058556545986467], [-0.5056745753865319, -1.1895884050720098, -0.7172113284168797]], [[-0.4375752652735331, -1.206687897674124, -0.6713993160036713], [-0.37328021564802405, -1.0806908233512118, -0.7883810646066295]], [[-0.3320758674062806, -1.056140428055106, 0.6444712802608386], [-0.35042337864693246, -1.0311377548235634, 0.5291583932074335], [-0.4070532226438832, -0.7723946691987253, 0.6353805698468388]], [[-0.3178794404354489, -1.012504355621406, 0.6194337997003299], [-0.3903585339182532, -0.9593713344808052, 0.487616268917492], [-0.3425566727844622, -0.9228387304562384, 0.5485435224239965]], [[-0.4437231389579267, -1.1918837381132932, 0.17164665316591654], [-0.43236871492318474, -1.14129110445354, 0.07419647508536753], [-0.4845202234832533, -0.8803694403810708, 0.1724191448575783]]]}