{"bodyId": "h0", "timestamp": 1645468169745000000, "continuousState": [[[-0.3955702205540257, -0.7981161758008918, 0.5782328760235395]], [[-0.4551156128284293, -0.7825583377155654, 0.7122966030532315]], [[-0.31548795806484553, -0.8483124093629995, 0.6421897489264419], [-0.3050563301709659, -0.7811540525818267, 0.6547627212695923]], [[-0.5617357811204662, -0.976322315834173, 0.522586478305956], [-0.4868386187469672, -0.9688937292306811, 0.5924689682674228]], [[-0.22484964326906187, -0.9212938887400286, 0.46544496300312055], [-0.21289665149441794, -0.8521675217049297, 0.5114279330814272]], [[-0.7245892707719419, -1.0408669771576817, 0.35669843035600923], [-0.6714477498472813, -0.9892232468934892, 0.3983752187387145]], [[-0.060930303636420824, -0.8708374925043247, 0.250885884344634], [-0.06498056389282181, -0.8257834234122448, 0.28873716856131293]], [[-0.5919579650890794, -0.8027647455680108, 0.3129544869688087]], [[0.07775750982643431, -0.7869407054108102, 0.04624702205236608], [0.08149698274214923, -0.7455727508727681, 0.05188806798012402]], [[-0.5122602863323001, -1.2221408506812794, 0.12338105394683807], [-0.6012273174023088, -0.7449400565469745, 0.3086311247371484]], [[-0.3440711748523205, -1.0900364751998508, 0.06387844293019773], [-0.4103343732874908, -0.7797741862061427, 0.21406991526424002]], [[-0.5410107286626532, -1.0875793759554904, -0.3879949235284179], [-0.5410508353378143, -0.944654536384423, -0.16627920265066765]], [[-0.4228828082877292, -0.9677982319686453, -0.4275386551246412], [-0.3892788589395866, -0.9651112385028868, -0.25360683146946117]], [[-0.4446222559815839, -1.1858857767350701, -0.7327522189428254]], [[-0.3838905871041929, -1.0518563827300662, -0.7300980993311944], [-0.43540574982840685, -0.9849177303886401, -0.6091707523319684]], [[-0.36433356143540474, -1.0060509984291792, 0.5229024804470324], [-0.4007634497745185, -0.7894327928859042, 0.6212628377779517]], [[-0.393292712194764, -0.9488081022871008, 0.49401572065453825], [-0.3498676351206926, -0.9105306254678054, 0.551948450674425]], [[-0.42816573059231033, -1.1560886629405651, 0.0936297484385179], [-0.5057808453448998, -0.7623571213765585, 0.2613505200006942]]]}