{"bodyId": "h0", "timestamp": 1642438229998000000, "continuousState": [[[-0.15381299502072965, -1.0961485252746888, 0.6815306071583559], [-0.07960595849991048, -1.096365950678539, 0.6419681748129047]], [[-0.04655765813602941, -1.1758218952805846, 0.7201715125518239], [-0.03318716505934849, -1.135028921637845, 0.7469928788514807]], [[0.009134318300851207, -1.0119344474055163, 0.6776265391191151]], [[0.2201542488678911, -1.159986871549275, 0.5813593485080207], [0.1988723597021037, -1.1431731929049986, 0.6233015969154767], [0.2715989211519598, -1.0493385789735736, 0.5945538849822708]], [[-0.07905426092517454, -1.1200653097615065, 0.5174903476546349], [-0.09160325752584508, -1.0041716621829402, 0.4970514270490274], [0.024590050860000767, -1.046134273305099, 0.4489539035338732]], [[0.3809953347610787, -1.15972989902559, 0.2986159490581928], [0.38009895828923823, -1.17018563275139, 0.3787215602873337], [0.420158184670014, -1.0904922791761493, 0.3240615522205964]], [[-0.03280355253250988, -1.2232427920752844, 0.31572354430116234], [-0.16296223539826238, -0.9341208763859548, 0.32056971769343434], [-0.07255400370649334, -0.956453289908743, 0.21043109006827454]], [[0.5140991106987798, -1.2407285108577484, 0.10464152972695295], [0.4944561355034738, -1.238406469905136, 0.1741991834971992], [0.5158124250227232, -1.1641793412825356, 0.11831172621920738]], [[-0.3945822790205958, -0.8463028722876131, -0.09563646799981163], [-0.2302766622974034, -0.7996507574491516, 0.07209884010828205], [-0.1755466029858479, -0.7954952789918601, 0.025550645063401656]], [[0.25431851718932674, -1.31734457914488, 0.10274153369515493], [0.2205855145804384, -1.3292142714602746, 0.16287125058858254], [0.2637653575242489, -1.0598321608913754, 0.0643057749166912]], [[0.05058376185315755, -1.2829713489445327, 0.03854241956825466], [0.08113865012819843, -1.1864188334731232, 0.036584565624304455], [-0.0013182993619216266, -0.9445188677571041, 0.13793447005476822]], [[0.28705044038024485, -1.3123435625942514, -0.3796068535444531], [0.22130337677936485, -1.341346573412437, -0.26583296661946565], [-0.002610102502516698, -0.7554386723946096, 0.0006655445705610052]], [[0.12242044960827836, -1.4025204083411529, -0.32303269778449495], [0.10969487071654083, -1.3454152592757789, -0.22067945681646783], [-0.13954262309179688, -0.8188346353959564, 0.016547051629231424]], [[0.3002766746779644, -1.3908006864387288, -0.7311525719715561], [0.2358839829167365, -1.3355302540544636, -0.6176792950686198]], [[0.32705469904152257, -1.3610598535237854, -0.697628741792699], [0.33067960972097565, -1.4062268329739878, -0.65216323301494]], [[0.09164699504853174, -1.1939422749494932, 0.5772361132382818], [0.023188435094006365, -1.120610775648318, 0.5933821480305617], [0.1400686586203903, -1.0189674514911569, 0.5188992541187892]], [[0.07054999397135828, -1.1400260906553907, 0.5494248480813277], [0.05363455108812931, -1.0736724275439693, 0.560176511982252], [0.1480944860059803, -1.0477364261393363, 0.521753894258072]], [[0.15245113952124215, -1.3001579640447063, 0.0706419766317048], [0.15086208235431842, -1.2578165524666989, 0.0997279081064435], [0.13122352908116364, -1.00217551432424, 0.10112012248572971]]]}