{"bodyId": "h0", "timestamp": 1642438354015000000, "continuousState": [[[-0.17128596341266145, -1.036649597255531, 0.604057222978266]], [[-0.22258820027593912, -1.1117334528925567, 0.7055326322122932]], [[-0.09432216416918893, -1.0806692252665253, 0.711017789800062], [-0.06939216793425507, -0.9708558917576543, 0.6607423956954516]], [[-0.14546116668232034, -1.2957691214524674, 0.5608945663411549], [-0.1724372624132675, -1.03553398765263, 0.6187278119012826]], [[-0.004820082734035225, -1.0735364891603387, 0.5353779411512922], [-0.02562192701660404, -0.9497432605035895, 0.49710410083768064]], [[-0.10561675682487925, -1.4782238659746174, 0.36160112190323745], [-0.14225359138607674, -1.219088480351083, 0.41321677634699583]], [[0.019155247335031267, -1.2339687934405092, 0.4016086819857052], [-0.045729543322120314, -0.8352512848021637, 0.20213604592055567]], [[-0.14948752495540307, -1.5321157079166583, 0.12981434205811193], [-0.098712819559168, -1.4385510775032115, 0.13562364417159256]], [[-0.11080225462341131, -0.6500881090743562, 0.04429697643707159]], [[-0.032600190823376174, -1.4941168127945577, 0.1820725219533157], [-0.11062732608405046, -1.253623152823986, 0.11325869931191446]], [[0.04253576873115572, -1.3694575653484935, 0.13563236503521137], [-0.09287998397240638, -0.9761334338591523, 0.1896908742737643]], [[-0.015467876106534106, -1.4617839246759081, -0.3083883456609213], [-0.14487326425206137, -1.185706348852959, -0.11162335922728284]], [[-0.10008078880340232, -1.458158408234877, -0.27798642149549835], [-0.22574901284462912, -0.9045914383230831, 0.028236181280031136]], [[0.024184654872584255, -1.3843194090288193, -0.8346646984559284], [-0.3436198653011613, -0.881195433166736, -0.18377691077212988]], [[-0.08850401485871107, -1.5469104298342684, -0.730307370107474], [-0.3294309785876113, -0.8161826810386554, -0.14348049117314554]], [[-0.06533359327087385, -1.229671786854781, 0.5670423335679156], [-0.0814705484810141, -1.010562097946229, 0.5433345489490247]], [[-0.07514062470817778, -1.1846528053064032, 0.5481362537462235], [-0.09902959471493578, -0.9926386240781098, 0.5579159563694815]], [[0.0049677889538897735, -1.4317871890715255, 0.15885244349426353], [-0.10175365502822842, -1.1148782933415693, 0.15147478679283938]]]}