{"bodyId": "h0", "timestamp": 1642438354216000000, "continuousState": [[[-0.1933509548422616, -0.9921289286141275, 0.6200029889858721]], [[-0.2185571242804898, -1.1084969098736703, 0.7050096514552677]], [[-0.09500878418086794, -1.0789317232151794, 0.710146857105721], [-0.07206548273454239, -0.9526948071924092, 0.6663600370397118]], [[-0.14271184295610423, -1.2897230156269148, 0.5643129141984591], [-0.181728839326315, -1.031557407536892, 0.6280314774472607]], [[-0.005724953513266684, -1.0702537159688976, 0.5332427310908605], [-0.025911693022515836, -0.9498918125754028, 0.4970560055975105]], [[-0.1051773456357401, -1.4908321495670644, 0.35873550075209304], [-0.14228850793631587, -1.2190908437928696, 0.41315593595409594]], [[-0.00443946396589423, -1.2821989582335116, 0.4076946834295474], [-0.05000648689804188, -0.840707408630571, 0.20044509661211318]], [[-0.16170093976531108, -1.5228896328285513, 0.10770774218633505], [-0.10500073449814673, -1.4251596352605294, 0.1509742929061898]], [[-0.1240927748292806, -0.6296384127711514, 0.054208670241983614]], [[-0.035627888653977924, -1.487746475532117, 0.17467900643263867], [-0.12207323971369965, -1.2295740680670835, 0.13498001248955804]], [[0.03317976482001139, -1.3767493728072506, 0.13934541147859636], [-0.09598074220626973, -0.9425331688492111, 0.2066592565877423]], [[-0.015367933870850559, -1.461719194643344, -0.3083396056652623], [-0.12949911435608819, -1.200864678549319, -0.1152460377097505]], [[-0.09979393171878925, -1.4585716596611158, -0.27696114138504724], [-0.22068311458554957, -0.9005133257728131, 0.04473519583531227]], [[0.02463294766498636, -1.3853019698149525, -0.8327691807258722], [-0.34024127449400654, -0.888057270232496, -0.1820365319438988]], [[-0.08080126037819568, -1.547268248966451, -0.7250741445929672], [-0.32757581377968537, -0.790321347076175, -0.11853764214456908]], [[-0.06532047276075864, -1.2296055054784287, 0.5671212277957804], [-0.08016716775215582, -1.0278882118394095, 0.5445862876861775]], [[-0.07421839823468546, -1.1799883657979062, 0.5487778226446598], [-0.10382026617441542, -0.9907246100561474, 0.5625437415223856]], [[-0.0012240619169832656, -1.4322479241696837, 0.15701220895561752], [-0.1090269909599847, -1.0860536184581473, 0.17081963453865018]]]}