{"bodyId": "h0", "timestamp": 1642438404667000000, "continuousState": [[[0.03116839134196292, -0.9814766340362427, 0.6761121816962573]], [[0.08216881999657233, -1.0484057013505546, 0.7416262749909777]], [[0.09877475470140151, -0.8745949950960614, 0.7115904680307645]], [[0.3213125741862263, -1.090734400149222, 0.6157347685074698], [0.3511838893153043, -0.9196267723391574, 0.5770742614627353]], [[0.023161867338546194, -0.9726146600783887, 0.5497762807706397], [0.03482990581288692, -0.8413611873451763, 0.5047223684567008]], [[0.5025802188111969, -1.1084791736514361, 0.35451512294867094], [0.4713215311395491, -0.9491070131213001, 0.3844892662205458]], [[0.005037766677705058, -0.8416839820845543, 0.22521517881138753]], [[0.6823017562947715, -1.1757056703334539, 0.18395372359254258], [0.681785113842623, -1.0715632889712017, 0.19026647565107202]], [[-0.11625691646397618, -0.6427506353862618, 0.05766137033379537]], [[0.305839125411801, -1.1237287691498061, 0.05718126194204731], [0.275868517588858, -0.8582233512145637, 0.10153001869233869]], [[0.10653599440493716, -1.1556652593498964, 0.07204437866541569], [0.053315629868553094, -0.7582284016178787, 0.1506757401167641]], [[0.3350555886319513, -1.1512132975802012, -0.39602979281620876]], [[0.1419464471437233, -1.227536209366483, -0.2980891723366885]], [[0.34103679535742404, -1.11745811680259, -0.7566754036834071]], [[0.23906247560825267, -1.1335270056640558, -0.6749528877381684]], [[0.1758463777318241, -1.0267829294426534, 0.582809122164831], [0.19892864410742161, -0.8908306223381748, 0.5369948645601408]], [[0.17223722076238623, -1.0316745301138055, 0.5827555246390548], [0.19300689756409561, -0.8804939798421668, 0.5408983149597181]], [[0.2061875599083691, -1.1396970142498513, 0.0646128203037315], [0.16459207372870555, -0.8082258764162212, 0.1261028794045514]]]}