{"bodyId": "h0", "timestamp": 1642437993019000000, "continuousState": [[[-0.14083442476277597, -1.0989372521409826, 0.6258710073917138]], [[-0.20149412708342418, -1.2548783760140303, 0.7024267735537715], [-0.20713394142471703, -1.1841254680442947, 0.7167854323813387]], [[-0.05814796287918578, -1.2024621979363452, 0.7347116022730962]], [[-0.10821791954776616, -1.4427212389693944, 0.585415160847307], [-0.08516371380928489, -1.398288175503799, 0.6337530947070844], [-0.13550878203457495, -1.1427363292353507, 0.6201784305833474]], [[-0.000974629952699313, -1.1870239718030848, 0.5521672216432814], [-0.15013209471865063, -1.1670229832776322, 0.556758878362144], [0.039167541761868874, -1.1338929334066543, 0.47936846380573195]], [[-0.04385349724724663, -1.6180431146075982, 0.4394865134159982], [0.007659347639945024, -1.6343634128527773, 0.49277966417311636]], [[-0.03633354826194812, -0.8481950827774265, 0.08188373533812188], [-0.18994497860610438, -1.1082423176329033, 0.40032801005676255], [0.029942554010801148, -1.0186811049504385, 0.20760332579190677]], [[-0.0621236705810686, -1.682456404616366, 0.261481489580344], [-0.05693118029463451, -1.6473053949840435, 0.2758081092304183]], [[-0.020564082446557996, -0.7439322781487954, 0.03241582312997271], [-0.043082576745752554, -0.7602941550834372, 0.0547098391691786]], [[-0.0472394353086637, -1.55447793832949, 0.1602076883829111], [-0.15636738788254823, -1.5653080718510877, 0.2554277737287105], [-0.09643342747285066, -1.4396848548422956, 0.0438138689086377]], [[0.07171891073681214, -1.5235335474661518, 0.21931184586003583], [-0.1894302201596979, -1.3671750318429232, 0.1197703074426355], [-0.05197110336476096, -1.2097706587534667, 0.06998713673856016]], [[-0.051931513679815744, -1.5070975437500098, -0.3173794300545998], [-0.0807033798830461, -1.5334718694054552, -0.24793038460219075], [-0.13646460251356807, -1.2385704610312414, -0.18779560242296978]], [[-0.09233556073862992, -1.5963071131217441, -0.02003427059429308], [-0.243810914420443, -1.3857139114802348, -0.20041827454726624], [-0.20661231745325725, -1.196139424737902, -0.19704350246873548]], [[-0.0022741509539668803, -1.4604469343534063, -0.818450817903597], [-0.10517095227133044, -1.5723140024984048, -0.5591573771659972], [-0.316241258547308, -0.8130557162320424, -0.15349960179888955]], [[-0.08566598479935261, -1.5868311218320268, -0.7256580008420248], [-0.05332518470017611, -1.6559117013543356, -0.5099694654663696], [-0.32516858083602074, -0.8084894177763475, -0.1622873200790933]], [[-0.037824717844626266, -1.3506757575484194, 0.587993565434262], [-0.11807330426612528, -1.2984281116624432, 0.6031749353074246], [-0.06112959998730605, -1.1256786439843647, 0.556667284603247]], [[-0.05459627475023274, -1.3148726053862396, 0.5687911912452942], [-0.11764790426396776, -1.2826555793907155, 0.5952559865346142], [-0.04817062013635304, -1.1383146313210024, 0.5497734471945397]], [[0.012239737714074217, -1.539005742897821, 0.18975976712147347], [-0.17289880402112306, -1.4662415518470056, 0.187599040585673], [-0.07420226541880581, -1.324727756797881, 0.05690050282359893]]]}