{"bodyId": "h0", "timestamp": 1642438074625000000, "continuousState": [[[-0.25325991299096706, -0.7826966853553282, 0.7334445387216145]], [[-0.3898166287428253, -0.9643941345397962, 0.7581051701520543], [-0.32004959115694576, -0.9256543889265032, 0.7395951045446194]], [[-0.2632306813639398, -0.8931683737351037, 0.731038826289212], [-0.27043829900919814, -0.976205403337524, 0.7904731347408268]], [[-0.5498684736287678, -0.9646217001380497, 0.5331757449446488], [-0.5146915776127372, -0.95515578302969, 0.560868308028337], [-0.4178064257070566, -1.01489216889179, 0.5316688847275401]], [[-0.16758103566121052, -0.8914355701715686, 0.526983526312697], [-0.12982805097045136, -0.9118379696064132, 0.5548525596687666], [-0.1475517966647958, -0.8348879915706015, 0.5550888244366212]], [[-0.5684253774865267, -1.0761962973955823, 0.3010058591449507], [-0.5755081509421283, -1.0540370871219147, 0.3285678987406152], [-0.5086993099710135, -1.0482493439680898, 0.2815279851641532]], [[-0.15211441519501023, -0.9316324500181474, 0.2521764792855863], [-0.1712706697397396, -0.7846177209738757, 0.30488602327065456]], [[-0.5666031030570928, -1.061640091710733, 0.05021695015871663], [-0.5810767474124188, -1.0706350376146665, 0.10001365368229997], [-0.5243969363533105, -1.0060860189698433, 0.05086077551338242]], [[-0.18595186221763266, -0.9763157460700229, 0.15636482226549808], [-0.22362070815635582, -0.7625222033673238, 0.05175605744206868]], [[-0.4302650813807342, -1.1033838489750654, 0.012479560992192607], [-0.4490553570847772, -1.144352406041111, 0.15150568346264492], [-0.3784301644258222, -0.9621561674066195, 0.05913727693639026]], [[-0.2163850191978023, -1.0531814314700423, 0.03707731953653415], [-0.25629740884466834, -1.1635189340023382, 0.1799199495062791], [-0.25263883124113806, -0.7824046317412114, 0.12739044499906532]], [[-0.36742620129414294, -1.1073608111908841, -0.41234082476109046], [-0.3589229729862682, -1.1012043950919685, -0.3375995788285078], [-0.3589004745882439, -0.9818106242876941, -0.36350902431765486]], [[-0.21946681289270653, -1.0965912766892216, -0.3896073897320398], [-0.22924296124630517, -1.134197907873387, -0.28273339032911093], [-0.3485878441274246, -0.520561680320917, -0.0037484827059333647]], [[-0.305683165816954, -1.190086185083325, -0.7358959765958394], [-0.3258648142348842, -1.2032843578927448, -0.6721199779207535], [-0.36384104925261096, -0.9443851273391393, -0.5602486224841878]], [[-0.216490247331793, -1.1318962889404247, -0.7720792404615052], [-0.22338056985947152, -1.2064808666930655, -0.7003199612844636], [-0.37529146210447195, -0.3050491281891281, -0.013268402347170138]], [[-0.37237747495673873, -0.9117167115036318, 0.530426175188367], [-0.3529835045679448, -0.9538868066856474, 0.5646004387719766], [-0.2874499721815835, -0.9124442532885538, 0.5483627112719784]], [[-0.35872475464498915, -0.9280286351548092, 0.5300796356286729], [-0.3222598142915943, -0.9334968763180516, 0.5578604338485518], [-0.2826791111859262, -0.9248900802311957, 0.5433788545820807]], [[-0.3233250502892683, -1.0782826402225538, 0.024778440264363377], [-0.35267638296472276, -1.1539356700217245, 0.165712816484462], [-0.31553449783348014, -0.8722803995739155, 0.09326386096772779]]]}