{"bodyId": "h0", "timestamp": 1645466272684000000, "continuousState": [[[-0.19334688928647248, -1.1126116295333586, 0.7629798690306422]], [[-0.09212995065840823, -1.1095111598903256, 0.8273829708016975]], [[-0.23154769435951733, -1.0244189452292598, 0.8317365515008317]], [[-0.020476615351341654, -0.9924357285074512, 0.6140880701193947]], [[-0.3480341853892772, -0.9999718135037399, 0.677167720053782]], [[0.03865981768117355, -0.9878993118698816, 0.4033988446614798]], [[-0.53555460667872, -1.0789325110680226, 0.4973488671095141]], [[0.06584440363100108, -0.9036020469248884, 0.2010477675628135]], [[-0.7009077919788375, -1.2512646128316736, 0.42183688207766923]], [[-0.19985769446488744, -1.1865160490225137, 0.2028866931184592]], [[-0.38798074866683974, -1.1177724109906064, 0.18888601674117367]], [[-0.12529526170048688, -1.0981586507234122, -0.3961191634531769]], [[-0.32372276802253763, -1.0444202654471462, -0.4149813369737383]], [[-0.24993582609800846, -1.1500617578655772, -0.6876357397409902]], [[-0.3016184213429105, -1.1588458372759798, -0.7340887291018034]], [[-0.21859072790340528, -1.034804597210666, 0.6675197839652645]], [[-0.18425540037030944, -0.9962037710055955, 0.6456278950865884]], [[-0.2939192215658636, -1.15214423000656, 0.19588635492981643]]]}