{"bodyId": "h0", "timestamp": 1645466276771000000, "continuousState": [[[-0.28814652246447614, -1.1523690476470958, 0.691269556266586]], [[-0.18767983614288952, -1.0855334563604253, 0.7032983546317768]], [[-0.23595268273673342, -0.9746129983498132, 0.7419763701035258]], [[-0.11881028584826658, -0.8585988454043072, 0.4738026211215445], [-0.03587517767685511, -0.887436565331312, 0.5407055764802946]], [[-0.366546596374108, -1.1047565460236946, 0.6076191844588645], [-0.3440061661816406, -0.9938836199087249, 0.5722269835081562]], [[-0.008609896822908358, -0.8502428570318519, 0.2603493676406001], [0.05996584074524436, -0.8470134534365591, 0.27639106467408037]], [[-0.6586479759269475, -1.0057718985557804, 0.33875621454476823], [-0.5289943544421774, -1.0843296327446406, 0.39529048681731804]], [[0.12242275918067208, -0.8138456646933845, 0.07282172343840165], [0.09677114806170062, -0.7321434866894867, 0.06169140963228659]], [[-0.7585784862413447, -1.264936578830544, 0.31969764264227685], [-0.7487529135196671, -0.9192016229491331, 0.5241179773355964]], [[-0.20718611079623273, -1.0536028004750402, 0.019132298564815242], [-0.20306400970289784, -0.8988653574019356, 0.05540307681038348]], [[-0.37954209094413516, -1.1289885342675356, 0.04459908844069571], [-0.36112529316700015, -1.0314350057776467, 0.02199962653018861]], [[-0.21029624698336802, -1.0970390078850456, -0.3240812217838611], [-0.3318852469899465, -0.5013207170739968, -0.009868377550049545]], [[-0.2829892582425173, -1.166221678345685, -0.2764953714771299], [-0.3377800395336531, -0.9708297845903642, -0.3283617073258599]], [[-0.18057139451403503, -1.0806206654754984, -0.739447023735989], [-0.3187367744728833, -0.40057651220449375, -0.23069998234946665]], [[-0.23766019985179532, -1.1023118980748614, -0.628033211317563], [-0.33114636569508094, -0.809629855289359, -0.5236665909218732]], [[-0.21668741906606653, -1.0534715086740272, 0.5777407798342584], [-0.18159382146862335, -0.9786127900305622, 0.5341187749156197]], [[-0.2426784411111873, -0.9816776957140009, 0.5407109027902045], [-0.18994067192924785, -0.9406600926200184, 0.5564662799942254]], [[-0.29336410087018394, -1.091295667371288, 0.03186569350275548], [-0.282094651434949, -0.9651501815897912, 0.038701351670286044]]]}