{"bodyId": "h0", "timestamp": 1645466314425000000, "continuousState": [[[0.00906505509356953, 0.11116870662250333, 0.20913555958373742]], [[0.11461144430757969, -0.9021069329036582, 0.8156775571393484], [0.1029545734535473, -0.8289434289472858, 0.7372694395935341]], [[0.2403719740849946, -0.9683147354854886, 0.7808054122077237], [0.1273589614847206, -1.019315208728848, 0.7177364942417002]], [[-0.038746866440571404, -0.861996595831453, 0.6056842343400388], [-0.15421563225842078, -0.899656649988303, 0.5312385295371072], [-0.06274725903356582, -0.9041255664489756, 0.5563837700346552]], [[0.2830218766855211, -1.047747834029558, 0.6243855130260885], [0.13849325078845115, -0.8753536113191229, 0.4449341412002954], [0.1907507653638454, -0.9125637917355331, 0.6048958725543905]], [[-0.09356966228958241, -0.9547551364165616, 0.38105898232082525], [-0.08461937963262733, -0.790905913454598, 0.3268268943594631]], [[0.405496431149049, -1.1023110473824238, 0.31113407864337006], [0.33268140412252045, -1.0564480023526879, 0.2895299087537304], [0.27219770509182006, -0.9241465617084529, 0.39963842266836125]], [[-0.09993479788382387, -0.9914611380549585, 0.2299710760961886], [-0.042687917193739544, -0.7559759374104035, 0.05345472646210114]], [[0.5275278792794523, -1.118006891820536, 0.15328777124744986], [0.490768484112694, -1.0658385696627064, 0.0600651010625759], [0.5199787822296471, -1.0460880781230337, 0.07344057507945445]], [[-0.042362559339515604, -1.0395550936503906, 0.1858589302036744], [-0.012101306120010591, -1.1164793540753175, 0.11285009299306892], [-0.0476279712614307, -0.7923249771213929, 0.12190944440957474]], [[0.1157162445440183, -1.1748683917759404, 0.22120196163232442], [0.15782145281337878, -1.0619283525793783, 0.10465023412702323], [0.07136758890525896, -0.7626005337126938, 0.15784623491339445]], [[0.0496637799889339, -0.9684710708788635, -0.33624142177566885], [0.0255404090063317, -1.049911369342599, -0.2940957382268623], [-0.109455507474014, -0.476770978156843, -0.016434462547116224]], [[0.20549025623595174, -0.9737289062044459, -0.3661310651946086], [0.19147185413492873, -0.9018376067211258, -0.3892734052101847], [0.004289622667023485, -0.497706633468153, -0.008408333848721306]], [[0.024814108535741952, -1.1503025572313463, -0.6781893466596773], [0.08940094567408297, -1.0590305518807783, -0.6914078371049676]], [[0.11984635318500392, -1.1694004686272943, -0.6670202905518723], [0.1675232978622554, -1.011506188449394, -0.738354462152248]], [[0.12798219751565854, -0.9361812360015425, 0.587357253660652], [-0.0013998438474123742, -0.9009465094304447, 0.49129649762057426], [0.07456813727137601, -0.9234788705082754, 0.5721632289819822]], [[0.12213750512247484, -0.9548722149305056, 0.6150348736830636], [-0.007861190734984813, -0.887505130653713, 0.4880863353687013], [0.06400175316513979, -0.9083446790922544, 0.5806398212945229]], [[0.03667684260225135, -1.1072117427131656, 0.2035304459179994], [0.0728600733466841, -1.0892038533273478, 0.10875016356004608], [0.01186980882191413, -0.7774627554170433, 0.1398778396614846]]]}