{"bodyId": "h0", "timestamp": 1645466379884000000, "continuousState": [[[0.20189983759258456, -0.9181842927625308, 0.6514919802529713]], [[0.11916397019668129, -0.8825382912974236, 0.8134333937106686], [0.13808844400985465, -0.8362382781204848, 0.7009982957577635]], [[0.25875440241642755, -0.9310192925257081, 0.7861958735071279], [0.1487721042886892, -0.9971759514397185, 0.7221722239289294]], [[-0.03445769937715615, -0.8386787930856716, 0.6004906704730584], [-0.13866273977099963, -0.8869291987160755, 0.5383046332798365], [-0.047696510431307404, -0.9057380821000129, 0.5376955525951818]], [[0.2771129061258084, -1.0228105170980066, 0.6154998943525727], [0.14900336311531587, -0.9218843962894165, 0.47007523535829865], [0.15749075743062635, -0.8659530147181953, 0.6120731991389811]], [[-0.09356220819818029, -0.9447380186156407, 0.3911609586045508], [-0.07083717207285944, -0.9921717675522617, 0.364520151556635], [-0.06113510784255172, -0.7690288335693988, 0.31470139516021056]], [[0.4097117702729862, -1.1196584516156445, 0.31900334396088703], [0.33666712450433667, -1.0347900919919155, 0.24636357383466567], [0.27456621449076635, -0.9159621562404047, 0.39410175558312444]], [[-0.09516698292742243, -0.9799157161129126, 0.21922100539172895], [-0.057094364285232624, -0.7332912697407659, 0.06499860307190841]], [[0.516187121740558, -1.1558133984011154, 0.14493124100897825], [0.4809545892272469, -1.1251639282995065, 0.08469793674001269], [0.5021425479266912, -1.0368490360711946, 0.07412095473666325]], [[-0.0397216860916616, -1.0099187800084501, 0.14417290626132373], [-0.013308526336586746, -1.093402003549103, 0.09734034179801343], [-0.05714728442119599, -0.7783620836005, 0.11771761278357562]], [[0.13208942148824931, -1.1347183469139528, 0.1831943395687028], [0.14933258649337072, -1.0470976396192255, 0.08208526685122641], [0.08029413698359322, -0.7755374748161046, 0.1397395146783177]], [[0.0369621311006787, -0.9734401774997472, -0.3352290266104385], [0.004996733641227213, -0.9897389501039222, -0.3456900713510016]], [[0.1834397566092708, -1.0038989429777114, -0.3754728341298703], [0.18923398550804582, -0.8935067255352291, -0.3981774110082734], [-0.019408653823081545, -0.4678166766069147, 0.001176909161856532]], [[0.009468994407066833, -1.1206487162239458, -0.7143083379089057], [0.08933930153341263, -1.0784435297916515, -0.6325613940886389]], [[0.11687971935222463, -1.169136347141192, -0.7115191172866044], [0.18180647023081187, -1.0685752941395488, -0.6787359729406465]], [[0.1299904560468541, -0.9228825936483558, 0.5941745283344799], [0.02899935637792217, -0.9461004195075737, 0.5341712217797188], [0.04525388579703993, -0.877544997016333, 0.5796324439653708]], [[0.12132760337432613, -0.9307446550918391, 0.6079952824128155], [0.005170311672158118, -0.904406797502746, 0.5041899343190676], [0.05489712349965947, -0.8858455484091041, 0.5748843758670814]], [[0.04618386769829386, -1.0723185634612014, 0.16368362291501326], [0.06801203007839199, -1.0702498215841643, 0.08971280432461992], [0.011573426281198618, -0.7769497792083022, 0.12872856373094665]]]}