{"bodyId": "h0", "timestamp": 1645466402195000000, "continuousState": [[[0.04571300018638369, -1.155912465416518, 0.6879348745793397]], [[-0.005478400553560192, -1.0255080775340766, 0.6914038304818421]], [[0.036162837688103244, -1.1686286807408313, 0.8103181639898971], [-0.08143828122648766, -1.2128147576942068, 0.719836313266472]], [[-0.12889862894118342, -1.0982119707802616, 0.6512782143926539], [-0.049455601498329727, -1.1307016030543804, 0.544659873899614], [-0.02045881300657726, -1.1016776089993672, 0.43999637878031606]], [[-0.02626906000215068, -1.3508246223373876, 0.7119395985186903], [-0.09001798983355458, -1.4034986377467094, 0.6363974722560691], [-0.11551362793738174, -1.1506522303635647, 0.6397407999508473]], [[-0.15469831696127095, -1.311329903854588, 0.5693504264285545], [0.04312861757236397, -1.1920822502728823, 0.3895875396483619], [-0.02057203767891136, -0.9417768697190603, 0.23499833268296322]], [[-0.05231633439474781, -1.5331671750300258, 0.5901522077460506], [-0.1707759106850113, -1.6386395210516538, 0.510009031782301], [-0.1141666874235171, -1.457612993689629, 0.5391839926479555]], [[-0.02456728679850917, -0.7303586354169505, 0.0259183524782558], [-0.058989495481232224, -0.741516952300747, 0.0766442199848899]], [[-0.041294362789968564, -1.648958576534965, 0.5329145590651327], [-0.06496533372959623, -1.5716850284635846, 0.3150273443527565], [-0.16789141334490665, -1.187847751269627, 0.48873463178486654]], [[-0.10064330177900094, -1.2849835250039623, 0.13502254148705717], [0.06987131632469068, -1.3875768406095188, 0.15063407164244946], [-0.043330268160397756, -1.1132438215553915, 0.04879340335970639]], [[0.009934775257038453, -1.3880851348780354, 0.1675479900082415], [-0.025742752058787843, -1.5228232078717383, 0.20258003298139138], [-0.09889387976584918, -1.276028556942087, 0.04954183565200598]], [[0.009436449357677623, -1.4819868794006934, -0.08403215043029211], [0.14267612246448924, -1.3183767975862155, -0.24033782904715317], [-0.05270196048530207, -0.8479527158136728, -0.040150223356425485]], [[-0.037586934064840705, -1.458568168201286, -0.17458550905928738], [-0.0622875880016569, -1.3960975013512131, -0.36330829785259977], [-0.2569887169271796, -0.8605226553283598, 0.02671839050045466]], [[0.04650463026893559, -1.5890347278163952, -0.535145175641323], [-0.02577186064093573, -1.5114474287567503, -0.595943437510283]], [[-0.09693919352606228, -1.4753935375776561, -0.6451299349659951], [-0.015170558278519763, -1.392996609082659, -0.7222345710078762], [-0.3362130447762357, -0.817652027928433, -0.01755621959770859]], [[-0.08908455098618356, -1.238078881993317, 0.7019632660260118], [-0.0574606336729489, -1.3230781383370742, 0.6243712754390774], [-0.045199278063497994, -1.1825344920226422, 0.5139583261796384]], [[-0.07758384447166705, -1.2245182965588246, 0.6816089064556721], [-0.06973679566594215, -1.2671001204005448, 0.5905286730778416], [-0.0679862204719795, -1.1261649196814658, 0.5398685893655817]], [[-0.04535426326098124, -1.3365343299409989, 0.15128526574764933], [0.02206428213295142, -1.4552000242406287, 0.17660705231192042], [-0.07111207396312347, -1.1946361892487394, 0.049167619505856186]]]}