{"bodyId": "h0", "timestamp": 1645466428526000000, "continuousState": [[[0.059282139338403816, -1.1717089551808113, 0.6489738493096064]], [[-0.05645744236055722, -1.137725236221275, 0.7940579105587102], [-0.033289266884782065, -1.0190528583563396, 0.6851536999730622]], [[0.053019238002538605, -1.1968653912616256, 0.7944675811522006], [-0.0429762431262537, -1.239717593749385, 0.7108798320752647]], [[-0.1314436389236131, -1.1315367610502676, 0.6377719231247918], [-0.0392468531377288, -1.1564461647830473, 0.5111703063539055], [-0.06644255348693251, -1.0151100090700216, 0.475309929849134]], [[-0.04337263226805976, -1.3764366914290211, 0.7089705679249367], [-0.12477175433385279, -1.423741683761132, 0.6035455815694719], [-0.09346518369316048, -1.3156205804067287, 0.6212126260748365]], [[-0.17317205545557013, -1.251713274323806, 0.5117525579907136], [-0.039441526404393135, -0.8770716830742797, 0.14081724065395806], [-0.0007022502964590949, -0.9464635901188934, 0.24239799541306972]], [[-0.09849897284377052, -1.597342206450504, 0.5895109873332687], [-0.21485165803277717, -1.6644308782108066, 0.4937815360173089], [-0.14242754679315728, -1.5663793938431043, 0.49824881787867403]], [[-0.010714604732324107, -0.749627271982996, 0.04285876844792069], [-0.039048474703606395, -0.7727567795866318, 0.057928240206180925]], [[-0.07551991307357797, -1.692353070478746, 0.49812231673079066], [-0.10047361076924377, -1.617464414314307, 0.3011316991664561], [-0.14747079220068104, -1.2809726083314485, 0.41934404979503226]], [[-0.12808920789393785, -1.3744876812892237, 0.1964916183467469], [0.04784454372947, -1.4081016240509068, 0.13825358919085318], [-0.049980098280735685, -1.114836643463659, 0.05916116638922775]], [[-0.10510330478577168, -1.5889233995879395, 0.38970987164750603], [-0.04607895276442375, -1.5526076912187643, 0.17589203691269217], [-0.0920924218913155, -1.3141817229019532, 0.01912588983262864]], [[-0.03774546451352345, -1.4609717982220085, -0.1474003874721499], [0.11973846963974366, -1.3150940108814466, -0.24854493252730814]], [[-0.005194763227262866, -1.484613417681179, -0.17514643693945953], [-0.018863543927365778, -1.4750393963704347, -0.2536098768092854], [-0.2532089446725474, -0.8559527725258644, 0.011846193835360008]], [[-0.015841371022717765, -1.5811581360126534, -0.5358450035380766], [-0.022658261000011004, -1.519987372753639, -0.5706306540517438]], [[-0.096900278734536, -1.5056251183316538, -0.5994686782233811], [-2.6901095816489473e-05, -1.4438569085239485, -0.6589633891287858], [-0.3345986950358577, -0.712719450290483, -0.0484920364372764]], [[-0.106325123696001, -1.2953593558636682, 0.6978590051195388], [-0.07235342315151361, -1.3189252174066934, 0.5739045915081937], [-0.11612877676734179, -1.0999129394540796, 0.5648310848744998]], [[-0.08740813559583643, -1.2539867262396442, 0.6733712455248643], [-0.0820093037357908, -1.2900939242720897, 0.5573579439616887], [-0.0799538685900465, -1.165365294738375, 0.5482612779619853]], [[-0.11659625633985476, -1.4817055404385817, 0.29310074499712646], [0.0008827954825231243, -1.4803546576348356, 0.15707281305177268], [-0.0710362600860256, -1.214509183182806, 0.039143528110928194]]]}