{"bodyId": "h0", "timestamp": 1645466445745000000, "continuousState": [[[0.043952253108034633, -1.1370946144108904, 0.6554503417287338]], [[-0.061176210561355915, -1.1060625772658288, 0.7991228129699199], [-0.02779090972902043, -1.0581409365634207, 0.6665367441559278]], [[0.06578598672886349, -1.1706568252299867, 0.8131891169637808], [-0.040604915511291306, -1.2122896563721157, 0.7311382723273927]], [[-0.1339622762262081, -1.1380947920376263, 0.642489476390723], [-0.04487497817876507, -1.1703033979026958, 0.5495546187863638], [-0.054825159813894464, -1.0383133133155642, 0.4564859400260357]], [[-0.04754884608622667, -1.393381845713149, 0.7202805475841965], [-0.12172113956133357, -1.4305858148147137, 0.6137448487779035], [-0.11027338244828844, -1.2952923899069222, 0.6301757044022859]], [[-0.17287352568779762, -1.3623205922913337, 0.6052322511116066], [-0.009285309179435264, -1.135978449647426, 0.3905030200694306], [-0.009660409491391686, -0.9462862969726564, 0.22965051299120975]], [[-0.1751451841843038, -1.601370353729802, 0.605893034607919], [-0.2733619312281279, -1.6370087637991664, 0.4857305525210396], [-0.19177499677426957, -1.5648109788430888, 0.46659292571127153]], [[-0.01805800567189375, -0.7785556018831317, 0.05684990794515632], [-0.04229321708022393, -0.7678386752718239, 0.062263416776658476]], [[-0.1498635095619808, -1.645188173595025, 0.41785833095785807], [-0.19603178587027026, -1.6021459661917896, 0.27182909190356064], [-0.1401282258212061, -1.5036496653416767, 0.2856177289113454]], [[-0.244505087404206, -1.5684404446383098, 0.462952353965838], [0.017631468385275184, -1.3715015632800753, 0.11918137032650922], [-0.0018053201257386409, -1.2758817352676366, 0.007117084196529455]], [[-0.17974715345033732, -1.6445035596736035, 0.4995861681199556], [-0.06699008375520488, -1.5423381002263046, 0.19567418069216735], [-0.126100900478609, -1.3652645288616514, 0.0715720688132786]], [[-0.04338492567919705, -1.477264290673604, -0.04385425625255879], [0.09065853934086965, -1.2932792308211378, -0.2780338714865037], [-0.05907426278058381, -0.8924439298503735, -0.047852301911064044]], [[-0.03537808108152596, -1.4935458831288075, -0.13659763554763682], [-0.05320549616693648, -1.4672914317109855, -0.26419669543415014], [-0.23226174733308214, -0.9088448854555187, 0.019911670098940792]], [[-0.037041090643891605, -1.520777596935229, -0.5212615539039394], [-0.027918902180352978, -1.525873169875558, -0.5674910589108779]], [[-0.093561062864021, -1.4988331346972759, -0.6297870576827491], [-0.00020379669741599216, -1.4460989712901804, -0.6443650396178878], [-0.3008412494522925, -0.7952399294084966, 0.006563639478332606]], [[-0.09710073004940539, -1.3006404692585614, 0.7024221928091425], [-0.07298212994322684, -1.322352554362507, 0.5942403424297789], [-0.12316209804830547, -1.101572440843363, 0.5666845326316546]], [[-0.09075556115621738, -1.2657383188753877, 0.6813850119874597], [-0.08329805887004932, -1.3004446063587047, 0.5816497337821336], [-0.08254927113109145, -1.1668028516112432, 0.5433308222141608]], [[-0.21212612042727166, -1.6064720021559566, 0.4812692610428968], [-0.024679307684964846, -1.45691983175319, 0.15742777550933829], [-0.06395311030217382, -1.320573132064644, 0.03934457650490403]]]}