{"bodyId": "h0", "timestamp": 1645465685429000000, "continuousState": [[[0.4730938619598552, 0.05246802850720078, 0.28518580298741836]], [], [[0.5185823481863416, -0.9521658953616061, 0.7933081487706879], [0.4198504753177948, -0.9859404044250826, 0.7359625048644283]], [[0.25696908564362136, -0.8453243293971697, 0.615486826042789], [0.15655682076479333, -0.9463237355676428, 0.5883503534737404]], [[0.5418082285819208, -1.0689367880325267, 0.6515714294703419], [0.4497628582757832, -1.0598416598170153, 0.5797073074128937]], [[0.19040866310416593, -0.9134024584440605, 0.3671464114768035], [0.23706835165598072, -1.1771155121155115, 0.5199573812701224]], [[0.6699492879742909, -1.1130334448848296, 0.3411613396596904], [0.5945490095395326, -1.157771011635478, 0.3652317848093305]], [[0.1929845264326886, -0.9628978789328304, 0.23016469272900997]], [[0.8103788121227379, -1.09875921352756, 0.12527035251592622], [0.7380134015187847, -1.1253142215049379, 0.12311127160069635]], [[0.23435622147439272, -1.0107066308797839, 0.17493335164722468], [0.2308628485730218, -1.1155705395923439, 0.0912609621909437]], [[0.4017216921643725, -1.1530931451253312, 0.19143918289448636], [0.4174912534858207, -1.1275358507922146, 0.08624381653604818]], [[0.3234069320495718, -0.9288038646859027, -0.3562877017050201], [0.2694823501686863, -1.097087110683895, -0.20327750843531533]], [[0.43923278710241, -1.0253560600302252, -0.33925720358240796], [0.4687067698908176, -1.2567288776816579, 0.03369403803266202]], [[0.2584855305990914, -1.099975282621761, -0.712266414554861], [0.31259084150134375, -1.0656703954057924, -0.686681530764816]], [[0.3493944444182939, -1.1348693220378256, -0.7055091748268181], [0.4201658613110918, -1.0257304306555493, -0.7023168525148735]], [[0.4062198038912411, -0.9655272546473825, 0.6246623305064782], [0.32059115797947696, -1.0905925152384925, 0.6125216157558113]], [[0.39938865711277105, -0.9571305587148482, 0.6335291277565654], [0.30315983952028824, -1.003082697692329, 0.584028830443317]], [[0.3180389568193826, -1.0818998880025577, 0.18318626727085552], [0.3241770510294213, -1.1215531951922793, 0.08875238936349594]]]}