{"bodyId": "h0", "timestamp": 1645466494454000000, "continuousState": [[[0.05670453422033617, -1.1305280539994416, 0.637791531347857], [0.11401392221205886, -1.0689919493866344, 0.6315021267348686]], [[-0.05206939754574785, -1.10781627185954, 0.7909832438747184], [-0.026316969778111488, -1.0175982250850923, 0.6837126541838197]], [[0.06840159723945621, -1.164869338759284, 0.803818323053848], [-0.0317140578446195, -1.2287699167425616, 0.7220644525067854]], [[-0.13413730729443485, -1.1194560501140745, 0.6518749177138214], [-0.04243056032466935, -1.1553152631841983, 0.5302253788650484], [-0.07592092827204366, -1.0117016323391876, 0.4792514118804443]], [[-0.05331502357021284, -1.385218334012947, 0.7240986843130446], [-0.11664111499174445, -1.4174570364633543, 0.6093319335103868], [-0.08783097217516944, -1.3097225370486616, 0.62174632614616]], [[-0.16952880012016652, -1.3246783044808452, 0.5988795274994687], [-0.02287621623530689, -0.967044522743671, 0.23240402293050422], [-0.013545648821602363, -0.9244766783735432, 0.24898082354502438]], [[-0.1303721723049568, -1.5749224208970198, 0.5849711463031797], [-0.23128198915375253, -1.6412509849946346, 0.4799513117776111], [-0.14163604251759088, -1.5836532026348098, 0.44851479321792354]], [[-0.016529416963607657, -0.7569088452253405, 0.04464271284251109], [-0.04490789246579929, -0.7634391648475107, 0.06572839666465602]], [[-0.10838386801869204, -1.6483657709413526, 0.40642228460580054], [-0.154532181453777, -1.591709436041805, 0.2552616953535145], [-0.09606037480995, -1.4581199510663962, 0.2899162782628145]], [[-0.21529525691226992, -1.5223390573140803, 0.41643649445247255], [0.04688711086181807, -1.3598700198216243, 0.11745486806281358], [0.01414775081336539, -1.2894340893622693, -0.0047929773382813234]], [[-0.1720797790042412, -1.632488134735009, 0.4909600402062164], [-0.03514590275849261, -1.5267038213893558, 0.18509010477683896], [-0.11130535655797391, -1.3346347536920706, 0.09031679661421976]], [[-0.030267325111817067, -1.480439076263903, -0.06301825025692498], [0.09438738425229365, -1.260497902792049, -0.3072717202729649], [-0.05787522108857113, -0.8665751518216405, -0.04080819765227872]], [[-0.02233483867346886, -1.474187466820488, -0.15867632865302195], [-0.03629240828453628, -1.4216566272872717, -0.30878281295875865], [-0.23243946317481845, -0.8892198990347171, 0.048300901969907106]], [[-0.012204409451433751, -1.5883958715378779, -0.5610366622335838], [-0.027902322071567287, -1.4761818504009332, -0.616465723280837]], [[-0.0987903239508382, -1.4920866811749984, -0.6335911497036015], [0.002834537506693491, -1.4506683079737472, -0.6485971461195056], [-0.3060908229212078, -0.8289612080440178, 0.0024833863487955243]], [[-0.10458377638586563, -1.2703870167290563, 0.6895464987818107], [-0.06003331947616536, -1.3475712123196344, 0.597525383124134], [-0.127764818788211, -1.0741855934379398, 0.5832565241937067]], [[-0.09372616543232384, -1.2523371920635107, 0.687986801013433], [-0.0795358376582069, -1.2863861498237763, 0.5697786561877176], [-0.08187595022360655, -1.1607120846939245, 0.5504988690133021]], [[-0.19368751795825556, -1.5774135960245448, 0.4536982673293445], [0.005870604051662731, -1.4432869206054901, 0.15127248641982627], [-0.04857880287230426, -1.31203442152717, 0.04276190963796922]]]}