{"bodyId": "h0", "timestamp": 1645466506648000000, "continuousState": [[[-0.11226694173626173, -0.6593630666152073, 0.396650505792971], [0.05043822409582477, -0.9942144423415056, 0.6149197963136291]], [[-0.052675486492123724, -1.0921757122716698, 0.7730168554575583], [-0.05699303080784268, -1.0322813996225184, 0.679632820272112]], [[0.07329730568388648, -1.1545977419425053, 0.786682705643938], [0.004067455805188025, -1.1729308898824005, 0.6878333436688908]], [[-0.14662738756826282, -1.1497304957569834, 0.6414108902990738], [-0.041120946559297655, -1.1503962072302023, 0.5078286100310654], [-0.0812636309200393, -1.0163468479681343, 0.47886161702757113]], [[-0.04303617335058629, -1.378149437679348, 0.7217529100261073], [-0.11652323030730344, -1.4174135940674015, 0.6093068348959092], [-0.0902618008885504, -1.2854389280610667, 0.628604188453823]], [[-0.1868965697750269, -1.2900528099633124, 0.5236695665106423], [-0.035790330177163265, -0.8506560199998068, 0.10030808998090612], [-0.0021974554531722923, -0.9433000742443693, 0.2444356755093704]], [[-0.12661127285652896, -1.5695161326441651, 0.5857049617062671], [-0.22378645316032686, -1.6519815190443354, 0.48927312593225514], [-0.1358915306871442, -1.599629969414691, 0.44235209317084945]], [[-0.19435512006670874, -1.2537768771328124, 0.4737286842870061], [-0.00216365946771635, -0.7619039878283149, 0.025408584833205516], [-0.06398169162791834, -0.7338358255833084, 0.07542144453125021]], [[-0.10628607399388268, -1.6450224843589103, 0.40185938949295075], [-0.14100309189792515, -1.6136581865931228, 0.2708291852682778], [-0.1081339032741988, -1.4937506115615515, 0.2802363777094389]], [[-0.18757237140991578, -1.4661782449110536, 0.3556263003609337], [0.049648695667961595, -1.36697397082386, 0.12407549026691878], [-0.07297535682479173, -1.1451896868485232, 0.11359783069067952]], [[-0.17416669212513858, -1.637262597576738, 0.504162688593786], [-0.047191341281137444, -1.52668693344828, 0.17073657845075796], [-0.10567754164459986, -1.3072317560065354, 0.10127358682454835]], [[-0.03513895010644885, -1.4505789274289165, -0.09117396608255324], [0.09319798518733002, -1.255974375087874, -0.31295903728032926], [-0.08113841125600407, -0.8389999089248028, -0.006088180146886946]], [[0.005378181068850796, -1.460533225451029, -0.15103174909191552], [-0.019549321468749437, -1.473077417774656, -0.2559007444473981], [-0.2458624026392091, -0.8641752630345445, 0.044381333099659415]], [[-0.011952909960142977, -1.5504461359241632, -0.5538509025807246], [-0.028613180577920505, -1.5075689591623964, -0.5909721968479037], [-0.21716757770656692, -0.5180549998723247, 0.0031680797434864294]], [[-0.08709890765887585, -1.505732166242353, -0.5949132117467701], [0.010215568393329377, -1.452439267104519, -0.6281181444643228], [-0.3307162108582321, -0.7839906355178119, -0.013071887338423571]], [[-0.10317564907329813, -1.279284048058413, 0.693579717973343], [-0.06364056686404906, -1.3248787613036899, 0.5796938464542145], [-0.11029011111874487, -1.0947747546816609, 0.5728615530414564]], [[-0.09483178045942456, -1.2639399667181657, 0.6815819001625906], [-0.07882208843330055, -1.283904900648802, 0.5585677224634873], [-0.08576271590429485, -1.1508928880146005, 0.5537329027406971]], [[-0.18086953176752718, -1.5517204212438958, 0.42989449447735983], [0.0012286771934120755, -1.44683045213607, 0.14740603435883837], [-0.08932644923469579, -1.2262107214275293, 0.10743570875761393]]]}