{"bodyId": "h0", "timestamp": 1645466522527000000, "continuousState": [[[0.3370966404928702, -0.42561008107552434, 0.23861770228784396]], [[0.2892923705254812, -1.0449899174681365, 0.6883365998602187], [0.30533995051287777, -0.9770174957696158, 0.574877162497513]], [[0.44561340473215716, -1.0849999684086276, 0.7079939452260189], [0.3296063959040504, -1.1490400919887145, 0.660155461431243]], [[0.1935521128529557, -1.0882784287779632, 0.5218203531280741], [0.14394871132574832, -1.2689474241978482, 0.5635424295112238], [0.1969417906498272, -1.1156535294975845, 0.48208581718637256]], [[0.5074345774946079, -1.2284028165160827, 0.6340727777441686], [0.40218074147139604, -1.2226767001397572, 0.5429873278394957], [0.33818615571833344, -0.9624225111887308, 0.5484450857121204]], [[0.050549516829985874, -0.962892760229912, 0.282408636958567], [0.10990027475098874, -0.9472165123795152, 0.24680980811708653]], [[0.5174794916302231, -1.0430327552097025, 0.15149778795919788], [0.4969704148565228, -1.0203944445678688, 0.29453222749000185]], [[-0.037780963011813884, -0.7543771263114503, 0.039212767107864366], [-0.03246712178259825, -0.7826027198116942, 0.05763846607751688]], [[0.5616404947911927, -0.9664082303529891, 0.09078692606437389], [0.5291697684265961, -0.9253193549215564, 0.0715021471862789]], [[0.21680991909336333, -1.467161570484354, 0.189646212731589], [0.16261211080212812, -1.5269590113142577, 0.15433278259269878], [0.1187528905767854, -1.2018971349291956, 0.20308373749513597]], [[0.39144203965834834, -1.5717052213099136, 0.27150046471705735], [0.36295316714004566, -1.5756819133118147, 0.22753441809656394], [0.19361875893342284, -1.0171426079208286, 0.26536404048521856]], [[0.380961029102189, -1.4106474186581512, -0.46756090631636327], [0.23694939454275432, -1.5088394762945088, -0.27495754051896826], [0.22508261644712624, -1.3370882793753731, -0.24350592723808417]], [[0.5572600325048126, -1.4315762075719096, -0.37188844900866624], [0.4723853003044405, -1.4348342160945073, -0.28047520226344236], [0.23847457792934623, -0.9890729024457567, -0.049455799952806356]], [[0.27060917101637194, -1.6535920864356413, -0.6674767274631881], [0.2805137233665448, -1.599330660307695, -0.6282118300477825], [-0.151731519060901, -0.6890148741444002, -0.010050794684529851]], [[0.48797936021850585, -1.6011167307653162, -0.725200720197642], [0.49144129936402436, -1.5495123139508726, -0.6300015356434798], [-0.1013891979875361, -0.6816366615420344, 0.012822113049512973]], [[0.3463367704017345, -1.1597494333359364, 0.5771297394102541], [0.27909482657554063, -1.288949176727232, 0.5743842843066402], [0.30169043316299304, -1.084199963023028, 0.4822344251484253]], [[0.3504933451737818, -1.158340622647023, 0.5779465654361213], [0.27306472639857216, -1.2458120621688027, 0.5532648786753598], [0.2675639731840803, -1.0390380203431575, 0.5152654514492465]], [[0.30412597937585584, -1.5194333958971338, 0.23057333872432317], [0.2627826389710869, -1.5513204623130363, 0.19093360034463136], [0.15618582475510412, -1.109519871425012, 0.23422388899017726]]]}