{"bodyId": "h0", "timestamp": 1645466532577000000, "continuousState": [[[-0.3435066985843399, -1.1288784338105375, 0.7999553192747191]], [[-0.2511945025363301, -1.0823070778081334, 0.8367739212584209], [-0.330739692674468, -1.0686076119262307, 0.7180981223972611]], [[-0.3948122835796497, -1.0238306334087517, 0.8176862140149035], [-0.40233040394615927, -0.999876257232465, 0.7468307667155211]], [[-0.21906927769107942, -1.0220683720926944, 0.6419742615402086], [-0.2694030672194814, -0.9518716007755343, 0.5160796144023325], [-0.23471480090751695, -0.9017815672688893, 0.5404487825187395]], [[-0.5259442587725424, -1.0663204538618893, 0.670133819272879], [-0.5280769851554143, -1.139644391755106, 0.6086461216176069], [-0.522361551226332, -1.0188049086630961, 0.5910058558331206]], [[-0.08842128321302922, -0.8818964104014477, 0.17478687766865852], [-0.21321702085105837, -0.7939683284607295, 0.21659256831718232], [-0.14039089012983275, -0.8551771620259603, 0.2848783655111632]], [[-0.6848814435475645, -1.17192354759711, 0.4966593545610787], [-0.7208703677040961, -1.1405752190242922, 0.3896257482226779], [-0.6957062190525944, -0.997761590215547, 0.43088326411018585]], [[-0.11375782317401867, -0.967195415612504, 0.31669005552210283], [-0.0626640258148069, -0.7614339514493493, 0.02848798152149845], [-0.06222391234518776, -0.7488873523394912, 0.06559080129749428]], [[-0.7200267961500358, -1.3294620601704534, 0.42892909803176127], [-0.7409676022434667, -1.3754069745046593, 0.3524547198032071], [-0.7924940083095702, -0.9368731094177503, 0.5818626815754159]], [[-0.3296756938209633, -1.2161754698411986, 0.1609540573907573], [-0.34832454110313016, -1.1391413723397008, 0.06465263593054837], [-0.3617624348534487, -0.9422588671482308, 0.09973005752680852]], [[-0.5249922313927103, -1.1818438973033687, 0.17266877748643927], [-0.5215263235585169, -1.2091032151464296, 0.09394232049964923], [-0.5540833422393427, -0.9452057130987851, 0.16521887305122818]], [[-0.369414760790706, -1.1736551257832126, -0.37996249665382265], [-0.38681819695783404, -1.0999070651419767, -0.3200127925286784], [-0.3530562980156827, -1.1026948229677587, -0.34560448767793095]], [[-0.5440737854359491, -1.1823857743378157, -0.29581025075073475], [-0.546475211552013, -1.1675068983609325, -0.3417163883946088], [-0.48860299153096864, -1.137774560345397, -0.33719883031375597]], [[-0.42985467708593506, -1.1651751956645295, -0.7441457502565607], [-0.3648282997956501, -1.0980089517684863, -0.7395377279977678], [-0.4345989437883322, -0.9228543271339462, -0.5713022687511818]], [[-0.5413501036028115, -1.188174488838384, -0.7409145370625887], [-0.4523540822336751, -1.1289797339632515, -0.68825973640378]], [[-0.3817300775181366, -1.0771707048757222, 0.6718936820926915], [-0.3829064779488329, -1.0744985539786767, 0.5783415221732522], [-0.38376828022159015, -0.9501590555619103, 0.5709200305563807]], [[-0.3725067682318109, -1.044194412977292, 0.6560540404065438], [-0.39874002618744786, -1.04575799626532, 0.5623628680099697], [-0.37853817606692447, -0.9602932379659928, 0.56572731917593]], [[-0.4273339626068368, -1.1990096835722837, 0.1668114174385983], [-0.43492543233082354, -1.174122293743065, 0.0792974782150988], [-0.45792288854639573, -0.9437322901235079, 0.13247446528901835]]]}