{"bodyId": "h0", "timestamp": 1645466532175000000, "continuousState": [[[-0.33674017702178005, -1.1622930695845128, 0.7699723485350856], [-0.4288436917426695, -1.1880270660554244, 0.6653365176255539]], [[-0.31258609071788185, -1.1091707996728999, 0.6902993290782653]], [[-0.3845768405301633, -1.0808139022840395, 0.8403466837222833], [-0.3875057213875269, -1.0349818297180766, 0.7536818023906201]], [[-0.230458652389525, -1.085024329975338, 0.6483714664407836], [-0.27142672603463297, -0.9919217628095458, 0.5162094479274999], [-0.23222612967044698, -0.9220035838730047, 0.5324424528731367]], [[-0.5374414044201896, -1.0781730491120853, 0.6765281471749007], [-0.516415023983801, -1.156668798211195, 0.6108487202974155], [-0.5172780571384465, -1.0341723949776036, 0.5909752292509619]], [[-0.09721078764721103, -0.8965123704889177, 0.1711402821600445], [-0.1913405787260714, -0.8690523034585291, 0.26093111322927975], [-0.1356031870434442, -0.8793878155566348, 0.2638518474274577]], [[-0.706001938479658, -1.1733987633643486, 0.5047414176423011], [-0.7348634265675509, -1.1235703357319946, 0.37860598568759607], [-0.7107794648407932, -0.9742977965094106, 0.4536634442050932]], [[-0.05994334842266491, -0.7977543137726721, 0.05938815461989866], [-0.05643978688208273, -0.7470173035398529, 0.05640398536483027]], [[-0.7157671690201627, -1.3493354151566677, 0.44604029469390305], [-0.7476889605594994, -1.3678124217883236, 0.35426447484936907], [-0.7793126685587118, -0.936025438176484, 0.5912307049609627]], [[-0.36385480284677846, -1.2297280775446182, 0.21717839857177346], [-0.3563547472716294, -1.1544746584782215, 0.07003713213245466], [-0.361370711447798, -0.9846121060618461, 0.06674521917193299]], [[-0.5611723355379042, -1.1993895385480475, 0.23718869364604456], [-0.5355694115399832, -1.213876932579633, 0.07327455153537299], [-0.5459917187869676, -0.9768421104421524, 0.14301404412384044]], [[-0.3136197630323595, -1.1746770229650343, -0.3519913877386034], [-0.38432899784197216, -1.1457153313530755, -0.35935173537701526], [-0.34923140919706264, -1.0964461399514587, -0.36158949256272355]], [[-0.554695101244089, -1.1695753134662399, -0.32891069832311204], [-0.520207417482082, -1.1473258642757627, -0.3653773721786866], [-0.4965691183334664, -1.1128961135803188, -0.32388191883059614]], [[-0.4010638421503605, -1.2064413253119022, -0.7165695073430733], [-0.3665199422341878, -1.1418186722295893, -0.777059997446921]], [[-0.5439381250882106, -1.1755033601630214, -0.705570523018185], [-0.4366457149839844, -1.1377917500443782, -0.6699798233036713]], [[-0.3904262055842165, -1.0948678003232508, 0.66743226036421], [-0.3728636058225356, -1.117292230023736, 0.5894386637431999], [-0.3920377228463868, -0.9441720457476259, 0.5756485947711163]], [[-0.3839500284048573, -1.0815986895437115, 0.6624498068078422], [-0.393920875009217, -1.0742952805103703, 0.5635290841124577], [-0.37475209340444676, -0.9780879894253042, 0.5617088410620493]], [[-0.4625135691923413, -1.2145588080463328, 0.227183546108909], [-0.4459620794058063, -1.1841757955289274, 0.07165584183391382], [-0.4536812151173828, -0.9807271082519993, 0.10487963164788672]]]}