{"bodyId": "h0", "timestamp": 1645466535525000000, "continuousState": [[[-0.3188688429156878, -1.1641287133679032, 0.7464090228762679], [-0.4196574169627001, -1.1912254790806378, 0.6621395490900903]], [[-0.2592710972763714, -1.1758747125211548, 0.8338635380939574], [-0.3113607284535865, -1.1032228313108228, 0.7140889379430042]], [[-0.38853862914579296, -1.0959121914030978, 0.8171836777992156], [-0.391193449548377, -1.0513978923095735, 0.7301957920929438]], [[-0.20943006608942438, -1.090507572178343, 0.6738622951245785], [-0.24372577791591798, -0.9751641053035316, 0.525312741844433], [-0.23050220823777767, -0.8942049777873267, 0.5493144154756814]], [[-0.5143018389509774, -1.0779314698891538, 0.6591020771253013], [-0.5464055528274305, -1.111423228024602, 0.5591876393806621], [-0.5137163333390491, -1.0277700773741778, 0.5853633982808542]], [[-0.07126191826903794, -0.8451383545325306, 0.12094991510657604], [-0.1963464248515568, -0.8128620070967625, 0.2233522828973289], [-0.12382801963523926, -0.8561514623755876, 0.2938514457231419]], [[-0.6871089687991672, -1.165137781139831, 0.485046154353477], [-0.7121842440080457, -1.151484364658238, 0.3893041110606781], [-0.7054621364704146, -0.9769823596823473, 0.44358401979777273]], [[-0.14627938711799354, -1.098679208777366, 0.4425069041146621], [-0.05252364357669914, -0.7926055853008536, 0.05044272979832698], [-0.04354929555773923, -0.7666600657269963, 0.055418775662465336]], [[-0.7239946437089659, -1.317668132608056, 0.4199130422801509], [-0.7980903996787654, -1.3145952785756805, 0.31230785642271597]], [[-0.29615257529454037, -1.2295317675975372, 0.15792800253819816], [-0.2651920604818315, -1.1997992478026878, 0.11175203621216379], [-0.32701721338425094, -0.9570241878201311, 0.07770810704345954]], [[-0.4952987728845627, -1.196250750751047, 0.1443959387111533], [-0.4756258658221827, -1.2361366738421775, 0.06777345068617069], [-0.5115605843593342, -1.0529359765152886, 0.08469040577797404]], [[-0.3753674811887001, -1.2891594152012624, -0.1777377202682271], [-0.35948502214168165, -1.0844315584061315, -0.4519977819634793], [-0.3653744607280348, -1.0653727263477148, -0.302631765661851]], [[-0.488836860538353, -1.365586683973389, -0.23833210086170098], [-0.5378821092073821, -1.2749096206285955, -0.35261953825102443], [-0.493092733966246, -1.085049742550529, -0.09600296459543278]], [[-0.4657127754624305, -1.3526918646461112, -0.3391634768862102], [-0.3658681721091337, -1.1460117648319994, -0.7326481380866174], [-0.4187205515949094, -0.963936618084869, -0.5989468274580619]], [[-0.43917366107465927, -1.2325389327111886, -0.6968326369042579], [-0.2512703683284516, -1.120476480338575, -0.5706604426876278], [-0.30323775756353233, -0.9573022647847149, -0.41932120012386553]], [[-0.3814395110957146, -1.0967844716272939, 0.6646314155114847], [-0.36991968993232005, -1.09387150820399, 0.5612261105467653], [-0.37688451225432806, -0.9672889217043106, 0.5631579145355785]], [[-0.3618659525202009, -1.0842195210337484, 0.6664821861249399], [-0.39506566537167426, -1.0432936666640669, 0.5422501906125475], [-0.3721092707884134, -0.9609875275807522, 0.5673389068782677]], [[-0.3957256740895515, -1.2128912591742922, 0.15116197062467573], [-0.3704089631520071, -1.2179679608224325, 0.08976274344916724], [-0.41928889887179255, -1.0049800821677097, 0.08119925641071679]]]}