{"bodyId": "h0", "timestamp": 1645466540416000000, "continuousState": [[[-0.3115581327175833, -1.1531769728140486, 0.7547636070061723], [-0.41568592307112445, -1.1860183151147772, 0.6676491238348989]], [[-0.31474272498865147, -1.096740856906167, 0.717465685123581]], [[-0.38187847149645293, -1.0788022376384259, 0.8171996809460269]], [[-0.2065789136457632, -1.0857576846778851, 0.6763230979124635], [-0.2447837075227688, -0.970619636752307, 0.5161128333755005]], [[-0.5144009554867616, -1.0789667651862487, 0.6596664359616455], [-0.548352926496241, -1.1083994082482849, 0.557328282881058]], [[-0.08228422137198854, -0.8748464789830557, 0.1477577350493171], [-0.1935841988791558, -0.7993427247071605, 0.21752156767600606]], [[-0.6871629225779305, -1.1510368829470021, 0.47320650583876], [-0.7191156640205398, -1.1430313315726164, 0.38368958809943154]], [[-0.13442361013893667, -1.055208389121873, 0.41660309224209247], [-0.049907638345827676, -0.8013768609147502, 0.05682394723719164]], [[-0.7217599098271552, -1.3455850204298418, 0.43957471125502257], [-0.7704393859473214, -1.3438948943536189, 0.33522079213925404]], [[-0.29926062230276596, -1.240138633477295, 0.1703838813213261], [-0.2830042346318571, -1.15276195617477, 0.08349353763196299]], [[-0.4907036994592078, -1.1793742144959143, 0.13329286214308955], [-0.45271384352255095, -1.2447666691338, 0.09181338588232735]], [[-0.37333713799063684, -1.2900771265546216, -0.2034388132117766], [-0.3655876019055191, -1.0785230324841293, -0.4147305631836651]], [[-0.49147639317335134, -1.3537400971101754, -0.21192080580707717], [-0.5254035995543807, -1.2918691946200416, -0.3319045623256265]], [[-0.35430480244011053, -1.3541890973588848, -0.2829329684185393], [-0.37252238928676173, -1.1343441870124744, -0.74827479905236]], [[-0.4344745179292562, -1.2313516835277818, -0.7221206895204983], [-0.2541230645419349, -1.1140327068364448, -0.5780366066601044]], [[-0.38471049905762467, -1.1120515421334447, 0.6749594022036962], [-0.3783323253270994, -1.0774993919733338, 0.5456923491424133]], [[-0.3604899345662624, -1.082362224932067, 0.6679947669370545], [-0.3965683170095049, -1.039509522500296, 0.5367205581282792]], [[-0.39498216088098687, -1.2097564239866045, 0.15183837173220782], [-0.367859039077204, -1.1987643126542848, 0.08765346175714517]]]}