{"bodyId": "h0", "timestamp": 1645466541957000000, "continuousState": [[[-0.3169078241166652, -1.1676291785304354, 0.7588801992843344], [-0.42216644338082043, -1.1871288010651804, 0.6602573013130817]], [[-0.23785122706638118, -1.1277815667831548, 0.808916284372521], [-0.3148298524817109, -1.0944597979015591, 0.6979162355322568]], [[-0.38024594270148393, -1.091532693566954, 0.8227137775097151], [-0.3811610838200039, -1.060146753351106, 0.7255325709464934]], [[-0.20674916008296523, -1.0981661489807222, 0.6768173857281297], [-0.24507767443136153, -0.9678241846542601, 0.5076896002920623], [-0.20113115435422246, -0.9259173330955661, 0.5362793269354009]], [[-0.5114262600990892, -1.0735193572472777, 0.6488842334272829], [-0.5121453940859029, -1.1509891614949737, 0.5822374583727394], [-0.5074460919705934, -1.0492068057130153, 0.5759740934816129]], [[-0.15804736342427045, -1.0919666557947802, 0.365517292290539], [-0.19472694228607007, -0.7969323019189152, 0.21609086382481602], [-0.12597879072685902, -0.8389311414220867, 0.29545182906579437]], [[-0.6833536250117782, -1.1602819105029245, 0.478459028845617], [-0.7117624681485568, -1.1523151211506728, 0.38971994887035444], [-0.705622416107891, -0.9751182642206507, 0.44457271608284876]], [[-0.19022304173435162, -1.0963979584462975, 0.3535858812703141], [-0.04985510218380795, -0.8023100020214846, 0.05736006002932936], [-0.045411738258794854, -0.7639674183620007, 0.04990192680073202]], [[-0.7267851818772834, -1.3809155804612088, 0.45765124195317797], [-0.7748194769724177, -1.339418746008502, 0.33160838327332876], [-0.7823877650644402, -0.9298612362155692, 0.5818290866952823]], [[-0.29506438081845227, -1.2452946630337907, 0.17195199475224765], [-0.3244505665144637, -1.0714820370943978, -0.003932309138441559], [-0.30440517666366673, -1.0136059279897593, 0.035586198756682674]], [[-0.48745416153090837, -1.1915634569067943, 0.1429615754217961], [-0.44125114943833565, -1.2613742062803686, 0.09811536516651609], [-0.495478701851809, -1.0637901223155046, 0.06387378526616139]], [[-0.37838899501823653, -1.2768462813571553, -0.18994165257078488], [-0.35502466277347655, -1.0927175385822683, -0.44279905679057086], [-0.35984524142383445, -1.0342015038922252, -0.27303426276398435]], [[-0.4943371563481524, -1.3641558713413429, -0.2337466664107124], [-0.5265062357588014, -1.2773367700647027, -0.34424973326325614], [-0.49962016940073506, -1.088367864534892, -0.09524766469099766]], [[-0.38328599936916885, -1.297028309277509, -0.3570760784293878], [-0.37295735094232507, -1.1332992350609936, -0.7501422072755296], [-0.3895959161566479, -1.0435639457384682, -0.6684733285250565]], [[-0.4360653732518842, -1.2255010236998523, -0.7464738864604994], [-0.2487507849182553, -1.1233120153611997, -0.57757729621229], [-0.29791878786272463, -0.9816161384260393, -0.40374710383836454]], [[-0.3676896708158439, -1.0763850012222762, 0.6465142998460838], [-0.36760131923277667, -1.0840267930988123, 0.551147718970761], [-0.363460495842745, -0.9844219409767666, 0.5596448403287555]], [[-0.35908771009102725, -1.085842753114, 0.6628508095777063], [-0.3786115342586322, -1.059406673074617, 0.5449635293324009], [-0.35428862316240795, -0.9875620694042907, 0.5561267102085069]], [[-0.3912592711746803, -1.2184290599702925, 0.15745678508702188], [-0.38285085797639967, -1.166428121687383, 0.047091528014037265], [-0.39994193925773786, -1.038698025152632, 0.04972999201142203]]]}