{"bodyId": "h0", "timestamp": 1645466586043000000, "continuousState": [[[-0.3302780450034304, -1.1544641672984248, 0.7630739884422373], [-0.43217852752987707, -1.171448472023324, 0.6587398005413909]], [[-0.22457072908376607, -1.0944357553330313, 0.7999864813817266], [-0.3116399932864865, -1.102236693487917, 0.7137699735710787]], [[-0.38250819878503617, -1.0817125048085057, 0.8188318946817663], [-0.3890456283608561, -1.0376518933480334, 0.7334814354206353]], [[-0.17660159061245645, -1.0131815921366834, 0.626145303134426], [-0.24549370387688108, -0.9640913789329546, 0.4987819540337328], [-0.20249946649424833, -0.924161692848065, 0.5307224629783966]], [[-0.5100921620047427, -1.0780441592595005, 0.6574549790340227], [-0.5356739701428527, -1.114966183531795, 0.5631577216116526], [-0.508830206746535, -1.0436962574679431, 0.5781646939634387]], [[-0.1486413921236744, -1.0666052923121736, 0.342833478943398], [-0.18714695378610108, -0.7956059491144196, 0.2178386095628262], [-0.11496885513373134, -0.8585570187287982, 0.28966275450858703]], [[-0.6788579204638387, -1.1388868342919067, 0.471985008236395], [-0.7243253627259846, -1.125108457332927, 0.3748331737269517], [-0.7092834580331273, -0.9617356020439196, 0.4452460499969366]], [[-0.05522800955245477, -0.7837675497541441, 0.04420316045295247], [-0.035422594449668, -0.7794887253074946, 0.04446377255503675]], [[-0.7134422853975392, -1.3459003374416183, 0.44859866442516094], [-0.7678910886188612, -1.346716500455502, 0.3300272553744592]], [[-0.2995991610514984, -1.235810135263663, 0.1567488594169011], [-0.2728021254427574, -1.1708484913576949, 0.09053458723221453], [-0.2880765695623819, -1.054519095330952, 0.005275613899477949]], [[-0.4917725331732081, -1.1906325193906624, 0.12577972162862672], [-0.4759167378933461, -1.2100156176837216, 0.06059109868487966], [-0.5008207830765313, -1.0165252882755875, 0.10213800512362314]], [[-0.41873616953127163, -1.301363652173717, -0.2451001905855945], [-0.35719066177132797, -1.0766506462340792, -0.41112849520278894], [-0.37273874956252007, -0.9960361270237512, -0.2298898537007682]], [[-0.5005060888596216, -1.3348652365432003, -0.2963060485980653], [-0.5120288590794986, -1.283845885740578, -0.3205733314949306], [-0.5518620537587063, -0.976543618498368, -0.007127331603859588]], [[-0.45259468450974205, -1.286432228729588, -0.5301608066762447], [-0.3625080228871056, -1.116631388690877, -0.7589443685524061], [-0.3601721047327755, -1.0946049659851071, -0.699709347938099]], [[-0.2776196274565603, -1.196741164138451, -0.5175248507418959], [-0.26628419025827477, -1.089280227982702, -0.608304240107354], [-0.327893588167381, -0.942756236797246, -0.3391925873121572]], [[-0.37451429055384355, -1.0935523027132006, 0.665716469315865], [-0.37349890795218027, -1.0725856196821448, 0.5450868669580169], [-0.3618499350486626, -0.9904333057964003, 0.5506044916484149]], [[-0.3433468763085996, -1.045612875698092, 0.6418001410842243], [-0.3905838370098669, -1.0395287812323748, 0.5309698378226927], [-0.35566483662039167, -0.983928975158004, 0.5544435784709176]], [[-0.3956858471123533, -1.2132213273271626, 0.1412642905227639], [-0.37435943166805175, -1.1904320545207083, 0.0755628429585471], [-0.3944486763194566, -1.0355221918032698, 0.053706809511550546]]]}