{"bodyId": "h0", "timestamp": 1645466603128000000, "continuousState": [[[-0.3182114641886772, -1.1503174478722658, 0.7444746083906251], [-0.4220049655236004, -1.1870736952383614, 0.6602174780479826]], [[-0.2523529463819981, -1.1724505160252052, 0.8350847970533335], [-0.31003776902632063, -1.1041812474694088, 0.7085684335949827]], [[-0.3829304679530733, -1.0990455780475399, 0.8376941278542327], [-0.38372548891950253, -1.055674602355587, 0.7206223133035025]], [[-0.21774295391768478, -1.1196366885293305, 0.6986083073028508], [-0.25142624885835424, -0.951686909795658, 0.49221052743937377], [-0.19895249933033576, -0.9315505032986814, 0.5269647697055015]], [[-0.5090664335715237, -1.069696772327456, 0.6517476700230473], [-0.5182748795524393, -1.1414646893419607, 0.5774117963340688], [-0.5115292442405172, -1.0375825814121473, 0.5747895055102824]], [[-0.06751986026502044, -0.8501714558522464, 0.11264863914369694], [-0.1749028480354945, -0.8280252607879943, 0.23856891491790155], [-0.12212014545738481, -0.8457964825315377, 0.29080696505968606]], [[-0.6811474181312348, -1.160937886885121, 0.48486498400481226], [-0.7170402797693785, -1.1350283112348691, 0.37322127460490506], [-0.699013953963205, -0.979695436833095, 0.44028696802291]], [[-0.12964937028688878, -1.0499287920608684, 0.42616385566836534], [-0.05537584450217092, -0.783756176476373, 0.04431607823477246], [-0.04126361845151161, -0.7702139089089035, 0.05238338958997846]], [[-0.7209854254306606, -1.385111045069522, 0.4650555477306182], [-0.7688150824281454, -1.3555958052776176, 0.3334660714587121], [-0.7880240679771078, -0.9459953147832557, 0.5638612076938855]], [[-0.3022999903769881, -1.2450968598120888, 0.16765505573496187], [-0.27613062320501514, -1.1785155541457777, 0.09362985252398137], [-0.3201029602829495, -0.9761444442958791, 0.05534688779111496]], [[-0.4920656366027578, -1.1933827439406193, 0.12911864923022964], [-0.4289119052232462, -1.2802853431338228, 0.12341105791673024], [-0.5116508840590993, -1.0418048435494174, 0.0586405984121231]], [[-0.38536908430349937, -1.2790855748321537, -0.21799242227433702], [-0.3602240088297354, -1.086686986379239, -0.41633662670805127], [-0.360842569370148, -1.0423254870347298, -0.3157297816096323]], [[-0.48850061620676155, -1.3639079493766786, -0.24104583316713613], [-0.5356993104217023, -1.2778012210507093, -0.34902879157734046], [-0.4721705737901353, -1.0957858605417383, -0.14770977146084396]], [[-0.3205495847404999, -1.2538425991035917, -0.469504109230243], [-0.36639419241740745, -1.1276056648196395, -0.7509399031334342], [-0.4213245098681683, -1.00321230135383, -0.6340515571528744]], [[-0.42946427142216503, -1.2292363868896672, -0.749304399643445], [-0.2676034500658988, -1.0870574688667203, -0.6115742942675313]], [[-0.3767895684446275, -1.0833407815472715, 0.660730073040277], [-0.36884505221374575, -1.08152116813685, 0.549902283189776], [-0.3619114243912609, -0.9904026548244759, 0.5504672623242399]], [[-0.36340469374460427, -1.0946667304283932, 0.6751779886629491], [-0.38485056420539676, -1.0465757995688092, 0.5348111618867213], [-0.35524087178542646, -0.9845665423554144, 0.550877137607892]], [[-0.39718281348987294, -1.2192398018763542, 0.14838685248259575], [-0.35252126421413066, -1.2294004486398002, 0.1085204552203558], [-0.4158769221710244, -1.0089746439226484, 0.05699374310161903]]]}