{"bodyId": "h0", "timestamp": 1645466614317000000, "continuousState": [[[-0.3272735085631958, -1.1548561197704135, 0.7563338922689262], [-0.4225580794790862, -1.1867911779279992, 0.6661125961617878]], [[-0.24754167511435526, -1.1427838628742173, 0.8196461644248818], [-0.31416623146083056, -1.1070836760592855, 0.6956624234673354]], [[-0.3835217348566804, -1.094771323506531, 0.8307789430212036], [-0.3908380648259535, -1.0350238585999816, 0.7281901094459698]], [[-0.19435351977677673, -1.0505132097859418, 0.652922936159896], [-0.24193971688485305, -0.9745141603578926, 0.5111199523477539], [-0.20403765051145317, -0.9207942916581218, 0.5322387996710616]], [[-0.5097438721207354, -1.0752854484699332, 0.6555390756877266], [-0.532577411881605, -1.1196131244453378, 0.5656918682926284], [-0.5135024193469571, -1.0303538987862715, 0.5778505356837272]], [[-0.16322790781320007, -1.0817381102247112, 0.34493054560136893], [-0.19285721464327293, -0.801803688344378, 0.21916776946193162], [-0.10559828557179929, -0.876948981258198, 0.2627241001163201]], [[-0.6811203691907786, -1.1539280338059124, 0.47894861226566676], [-0.7350548231758504, -1.111750651446601, 0.36574714004030295], [-0.6996744761481777, -0.9761208188649593, 0.4422588338197255]], [[-0.11953556191235803, -1.024698717774519, 0.37339387930739854], [-0.05536530226899805, -0.783833142216106, 0.0442138427711638], [-0.04678309733910302, -0.761818795049131, 0.05168516342394436]], [[-0.7173370370885903, -1.3609090987874402, 0.45181811901123003], [-0.7681201034743363, -1.3469040347447556, 0.32994845931780903], [-0.7673550884653568, -0.9146080511066188, 0.5898747292435368]], [[-0.2953924008008427, -1.2460272788280866, 0.17259736815189752], [-0.2694551075202214, -1.1772607009362135, 0.09589396145919249], [-0.2882431983064494, -1.0545791016713788, 0.00523731190325305]], [[-0.4925312006888507, -1.1969997400363914, 0.1331002545726332], [-0.4611202878613082, -1.232061299736078, 0.08036714156464919], [-0.5007483473591778, -1.0164858300558564, 0.10212347593244608]], [[-0.3826304828926577, -1.285271751987547, -0.18764848169885262], [-0.3633554935409161, -1.0798542486496088, -0.43512236136573956], [-0.37703245530600416, -1.0101699455283968, -0.25659201120808284]], [[-0.49145947434855725, -1.3801116110776022, -0.2146164994237123], [-0.5219729957941428, -1.296430274647858, -0.3260370122506935], [-0.534785955379352, -1.019356839493089, -0.051480798060083655]], [[-0.47098029962104176, -1.3761801439679222, -0.3402270110633514], [-0.3671301259745926, -1.1264578672269203, -0.7524788691687762], [-0.4053550883616919, -1.003604532781949, -0.6435895947681834]], [[-0.2990799924439691, -1.2387990535880264, -0.4978658031350036], [-0.2629758031866286, -1.096212505656789, -0.6001116405935797], [-0.2967534053086267, -0.9696924485442531, -0.41378258706499593]], [[-0.37589310076409277, -1.0998581754325463, 0.6699353449525873], [-0.3508445768961311, -1.1136495887240117, 0.5671432612597533], [-0.3621733308124899, -0.9894973945122866, 0.5508296654040158]], [[-0.35204869594875604, -1.0628993291279376, 0.6542310059238113], [-0.38725856438322903, -1.047063642401615, 0.5384059103201911], [-0.3587700349292051, -0.9755740952221966, 0.5550446676773944]], [[-0.3939618007448467, -1.221513509432239, 0.15284881136226536], [-0.3652876976907648, -1.2046610003361458, 0.08813055151192084], [-0.3944957728328136, -1.0355324658636176, 0.05368039391784957]]]}