{"bodyId": "h0", "timestamp": 1645466625707000000, "continuousState": [[[-0.16112370754326133, -0.9239919440617017, 0.6506857923295191], [-0.1309549293094573, -0.8628383791161194, 0.6624909477610053]], [[-0.26204387953650543, -0.9167410873706097, 0.8074662413050142], [-0.23815769743849002, -0.8762420904386381, 0.7167483771034276]], [[-0.12283912944999104, -0.9549550228246915, 0.8013357881501555], [-0.22743504812282034, -1.0264777723550855, 0.7252794498593256]], [[-0.4138101984161282, -0.9642036359975319, 0.6477563456249982], [-0.4042615026059992, -1.0533494527878864, 0.5928973616381428], [-0.37604201557498096, -0.9473280987196795, 0.5285313832439383]], [[-0.10831254584748673, -1.1473643617010332, 0.6749605455836165], [-0.16703473200672064, -1.1613425035826652, 0.5733092030201488], [-0.20622721983101377, -0.8822755465814499, 0.6548376218690367]], [[-0.3942626510606628, -1.1208612219414673, 0.5478641495225933], [-0.2745389722843089, -1.1634883566508254, 0.35786675787397515], [-0.3073604815804366, -0.8603107822815945, 0.29447671565499867]], [[-0.06538722909807282, -1.2461380003323599, 0.4284928951579594], [-0.1182639801378167, -1.2607498824648196, 0.30216284895168455], [-0.18556510388842307, -0.8804401790298291, 0.4854383851437444]], [[-0.07228180417564112, -1.1788340123145564, 0.3364933246845918], [-0.2399112117947042, -0.7632544819214128, 0.04946339159437352]], [[0.08427202355710228, -1.2046449281954557, 0.21541761235536172], [0.08819368974861641, -1.0923808485124338, 0.20689359457940437]], [[-0.35657341262229414, -1.1299778156014022, 0.1494471538009301], [-0.24920697030238403, -1.2461038455694153, 0.16456716483086664], [-0.34787062664275725, -0.8853190193950489, 0.12774744044786546]], [[-0.17201064490872042, -1.219620869415598, 0.18468820775756756], [-0.11742261378359109, -1.2336903043404426, 0.15736088290996864], [-0.18007690042002467, -0.8542122322910529, 0.16860021736084518]], [[-0.2939149101189231, -1.0970840466749223, -0.34118821457961945], [-0.2847424659962625, -1.1113579939731808, -0.32134037557773887], [-0.21375379927934612, -1.0789513836521496, -0.5025204056401362]], [[-0.1234244131863107, -1.0929470826200993, -0.4036027858573239], [-0.15968321203508729, -1.0333296339728266, -0.3584961135218052], [-0.2731330697822658, -0.5749657991263235, 0.0016679807445235673]], [[-0.31229956814933557, -1.230788941081153, -0.7186221620835136], [-0.22591733840079486, -1.1635287602510207, -0.6995172687133467], [-0.3099161325255442, -0.7779587256743807, -0.6601541355566198]], [[-0.20879824390930768, -1.231035019877536, -0.7368593090476667], [-0.1549787914131706, -1.1096480606033807, -0.7320739397545486], [-0.32114611139368376, -0.4076173889543231, -0.236132854705412]], [[-0.2721729274095299, -1.079233179407844, 0.6754056979755549], [-0.30276253646296947, -1.0804893039602772, 0.5622006558412904], [-0.294892461388502, -0.9112781018068253, 0.5945922213231262]], [[-0.26106137213180747, -1.0557839988492825, 0.6613584456043073], [-0.2856481173063599, -1.107345978185276, 0.5831032823291458], [-0.29113461770299737, -0.9148018226505648, 0.5916845025564875]], [[-0.2642920287655073, -1.1747993425085002, 0.16706768077924883], [-0.18331479204298756, -1.239897074954929, 0.16096402387041764], [-0.26397376353139096, -0.8697656258430508, 0.14817382890435532]]]}