{"bodyId": "h0", "timestamp": 1645466663428000000, "continuousState": [[[-0.1383553444606822, -0.9841600784111251, 0.6835449504025088]], [[-0.24406166970397158, -0.9819536084942411, 0.8343909595361858], [-0.21079571895937366, -0.9232321466219459, 0.7564583539702899]], [[-0.1196025561723601, -1.0475803493711968, 0.8157404270660857], [-0.22418169681103917, -1.0877408688515926, 0.7318770459455384]], [[-0.3609892137711359, -0.8793037670200579, 0.6054090265090892], [-0.3639251546337827, -1.0586691310207794, 0.6059296660698099], [-0.33493165766489075, -0.9115451883933641, 0.5441327551246941]], [[-0.09489462095471873, -1.1377369963553918, 0.6515214458123078], [-0.14400647593296378, -1.1876174827092598, 0.5512951785333737], [-0.17245495522699017, -0.9519846248748323, 0.6249739924688994]], [[-0.11715829341473305, -1.2111125037640837, 0.4318234245102066], [-0.3004461576300026, -0.8249901773880626, 0.3241405891705085]], [[0.024943674621343948, -1.1892309405116372, 0.282197719379943], [-0.07829045675699942, -1.2446460258152376, 0.3091524849073344], [-0.16730259218593369, -0.8886307449616676, 0.4772628774122568]], [[-0.09412247575948507, -0.9946424399937048, 0.3804852309414324], [-0.22130334747079217, -0.7981954554928097, 0.03519792097700036]], [[-0.04487520942163392, -1.2275791017363809, 0.5874296837129447], [0.004315431319482643, -1.0632189542405142, 0.36615020080120897], [0.012387808872423633, -0.982636941608939, 0.36551832752884894]], [[-0.3012031449211313, -1.077781630351071, 0.09302654831466928], [-0.24184174191731322, -1.2183677563679007, 0.15943868619182333], [-0.30152189643521377, -0.8207992202129104, 0.1012211943757233]], [[-0.14857058281157765, -1.2173293868768886, 0.18554215884666014], [-0.11011671175755322, -1.2527095949300657, 0.18933901832918343], [-0.20782379280277197, -0.7906625914462699, 0.17521797450584087]], [[-0.2832372533884595, -1.135767894362924, -0.30624587349843835], [-0.25882563399499536, -1.146518534353036, -0.2682851676342495], [-0.32715398238382287, -0.7442629152290576, -0.2505641732704127]], [[-0.13311343552813937, -1.1339325220636867, -0.3634863345614803], [-0.11846570691170377, -1.1524559873482734, -0.22800817804904217], [-0.329689257112175, -0.4694819694079535, 0.014607787937015004]], [[-0.3120187768961624, -1.2176720429628711, -0.7047007276064805], [-0.23714082746269438, -1.1627141157846774, -0.6823785636884745]], [[-0.198536677173072, -1.2270219073547919, -0.7538986449547334], [-0.1492129514959737, -1.1236320480893525, -0.7135421664085111]], [[-0.22790537287953805, -1.022975118949783, 0.6331205430328788], [-0.25497656000119284, -1.131108940469406, 0.5884150861514219], [-0.26705422318236194, -0.91065277653065, 0.6008819737739558]], [[-0.22794191736292732, -1.0085203816877248, 0.6284652361606985], [-0.25396581528337325, -1.1231433068650196, 0.5786124223015918], [-0.25369330644594046, -0.9317649066340982, 0.5845533737967967]], [[-0.22488686386635448, -1.14755550861398, 0.1392843535806647], [-0.17597922683743322, -1.2355386756489832, 0.17438885226050338], [-0.25467284461899287, -0.8057309058295902, 0.13821958444078208]]]}