{"bodyId": "h0", "timestamp": 1645466708854000000, "continuousState": [[[-0.1337291511288758, -0.9949342642835259, 0.6878302462093411]], [[-0.24244012552965888, -0.9771359198432696, 0.8319977605847197], [-0.1985693611552123, -0.9202514144513303, 0.7543251637487628]], [[-0.11937148372752815, -1.0476570072592635, 0.8158261692020317], [-0.22261250717285241, -1.0766913845078372, 0.7289654571346158]], [[-0.3589257493832597, -0.9133191655107276, 0.635714354198909], [-0.366760563715821, -1.06792653157557, 0.6153548453196098], [-0.3251439549085252, -0.901091914630213, 0.5522538122340941]], [[-0.09684387271179073, -1.1575676219750277, 0.6690012901819122], [-0.18457279374160102, -1.1770314686816412, 0.5604573231519778], [-0.16707306145792433, -0.9804863069099727, 0.6008218296264269]], [[-0.1978088876124675, -1.2563882732797418, 0.43148280077230283], [-0.2785109318550264, -0.814525983249766, 0.31494283051429306]], [[-0.03658309603045362, -1.2245222209921045, 0.3333823831791991], [-0.11898533497085284, -1.2720997135187482, 0.3006854902646421], [-0.1532023447629245, -0.904518914556091, 0.4522980846818929]], [[-0.07384977194362852, -1.122831343541133, 0.3050101117784416], [-0.23411372450206258, -0.7742565877910028, 0.040018118012872916]], [[0.11018936061616935, -1.0899981297515882, 0.3241796785632052], [0.045542197281407404, -1.102764180080524, 0.26379697817445513], [0.06424745087132866, -1.0485486765028562, 0.27456209713908797]], [[-0.31088390728715026, -1.0905612645935876, 0.11092088415962409], [-0.2243185132390938, -1.2670162209768485, 0.20487599209037866], [-0.3158279481631646, -0.8289666986247665, 0.1407555950723226]], [[-0.16366875858794794, -1.2316678182288585, 0.18928948109419497], [-0.12056350637351831, -1.2616466554547476, 0.1904475171615625], [-0.23015539492104953, -0.7882707336629455, 0.1925617300249669]], [[-0.29125604740170175, -1.1626227908094058, -0.2685913372042914], [-0.21874847824396793, -1.212243230573396, -0.17450843156455176], [-0.29220365496902256, -0.9238433012980694, -0.29556101770459065]], [[-0.15263162207213732, -1.1861543473801108, -0.2767784238644835], [-0.1299846714466093, -1.1458148589784927, -0.23969717865419082], [-0.2989939975779693, -0.5794417230167954, -0.004541837681095173]], [[-0.31729394022639645, -1.2203304285232566, -0.7278628229560284], [-0.2257698092743855, -1.1673547720250974, -0.669841872551706], [-0.3611968771886277, -0.7897019194684154, -0.5637248999477196]], [[-0.1947233502028698, -1.2270803983196026, -0.7253247907329157], [-0.15935879428788924, -1.1199718931852978, -0.7246601292033259], [-0.3343708571022518, -0.38271792444643227, -0.3138386817883295]], [[-0.24427282944817497, -1.0862975481176669, 0.6859793356985551], [-0.26552642928557413, -1.1387887310903344, 0.5945979981119813], [-0.2764297806055217, -0.9056454411465451, 0.5984520942911739]], [[-0.22788481104752523, -1.0354433937428777, 0.6523578221904106], [-0.275666678728711, -1.1224790001286056, 0.5879060842357938], [-0.24610850818322477, -0.9407891107700929, 0.5765378209302605]], [[-0.2372763329375491, -1.161114541411223, 0.15010518262690953], [-0.17244100980630606, -1.2643314382157982, 0.19766175462597058], [-0.2729916715421071, -0.808618716143856, 0.16665866254864475]]]}