{"bodyId": "h0", "timestamp": 1645466737530000000, "continuousState": [[[-0.12030639201015114, -1.1979335438412948, 0.730157708720528], [-0.21687335540816538, -1.2464335196332001, 0.649774457330123]], [[-0.2382868649869576, -1.070292969335391, 0.7037644407383067]], [[-0.2421441502695701, -1.2106456284626377, 0.8064819705220707], [-0.3371698733450239, -1.2583748601406735, 0.7188948261034611], [-0.32068438562223356, -1.1619635493193696, 0.7192486428442103]], [[-0.37957176842783635, -1.1223816936710607, 0.6719362039797747], [-0.27704233148632806, -1.1325846167781866, 0.5271571875199594], [-0.2828969385996639, -1.0791202288640465, 0.4591310824169731]], [[-0.3369009495629081, -1.3490825740568175, 0.6566723282330029], [-0.42458242397958706, -1.3724066672164847, 0.5638551860285508], [-0.3943615426759688, -1.3399114390261848, 0.5680326932683661]], [[-0.27574745978198534, -0.9626515779174558, 0.2758010010926537], [-0.23907698511819675, -0.9439600076153737, 0.2596893944527864]], [[-0.38662853299036054, -1.5065056103972243, 0.4182715121723326], [-0.4422636285565026, -1.5311915070865023, 0.3292697616897575], [-0.36128816499633376, -1.218163733196063, 0.4048891148137913]], [[-0.22507325457253458, -0.7751234063627794, 0.04596762273161237], [-0.22891251894704467, -0.7844913282987342, 0.039158776528586126]], [[-0.1703891043371496, -1.4837482141641387, 0.3754420778550134], [-0.22621622869114588, -1.4852055304513998, 0.2917123368841319], [-0.23858300050823378, -1.043495609532405, 0.46751495878520677]], [[-0.4413802921241001, -1.4629964562079634, 0.2934241932763333], [-0.1886007478187628, -1.4092302638424525, 0.17419011302122378], [-0.31591296084162557, -1.2185852091149507, 0.0551856737908909]], [[-0.3920724463668912, -1.5309714191821475, 0.31542991916139784], [-0.3433095288969864, -1.4606436420826034, 0.12606390690137337], [-0.4358310909914562, -1.2490911664185314, 0.10818711652585322]], [[-0.35999892578008863, -1.4183600701967825, -0.190952741049923], [-0.17632091978523556, -1.2832567405235, -0.28725258145358334], [-0.20778048895668155, -1.0932322473832434, -0.12969615578252514]], [[-0.2977412061501318, -1.4518480944075405, -0.14958586747477587], [-0.35905680154801234, -1.3927392596766954, -0.35394839292035996], [-0.3092917900222554, -1.4078796408806913, -0.33610550884964263]], [[-0.39513019595261833, -1.468039560585316, -0.5711032118089909], [-0.35292417834033574, -1.4900819103173295, -0.5716018281517214], [-0.2524936118962726, -1.2085514642454214, -0.2610515826212807]], [[-0.3963590611057559, -1.5947668810251872, -0.562272037863816], [-0.3046967226011055, -1.3648869394730387, -0.6715792629909246], [-0.32837117666591653, -1.2861952100505238, -0.6980467778342521]], [[-0.3585620134637449, -1.2395577999628569, 0.67098490387498], [-0.3491663621447274, -1.2813699910635536, 0.563904920743254], [-0.34191364595366713, -1.2089464260312837, 0.5197543837621657]], [[-0.3582363589953722, -1.235732133863939, 0.6643042661063888], [-0.3508123777329576, -1.2524956419973357, 0.5455061867742551], [-0.33862924063781635, -1.2095158339451157, 0.5135818878426697]], [[-0.41672636924549566, -1.4969839376950556, 0.30442705621886557], [-0.2659551383578746, -1.434936952962528, 0.15012700996129857], [-0.3758720259165409, -1.233838187766741, 0.08168639515837206]]]}