{"bodyId": "h0", "timestamp": 1645466744163000000, "continuousState": [[[-0.16561158407226206, -1.207783485003197, 0.7297105155082626], [-0.26668664499524264, -1.2283236658904835, 0.6347430471067979], [-0.18520541838994364, -1.1223939528964026, 0.6920424094369841]], [[-0.26157736026161227, -1.0819889220762784, 0.7061250374701268]], [[-0.28589798456672677, -1.221626753728369, 0.7964786412476665], [-0.393533812815977, -1.2446979873351072, 0.6993106013977761], [-0.3445147952487877, -1.1573694079199943, 0.7188417326897071]], [[-0.4088304368158252, -1.1492783958987278, 0.6647141303290884], [-0.3056740475881491, -1.092837313460989, 0.5091945845363635], [-0.3116395193124607, -1.02818373175419, 0.47206691376543763]], [[-0.36052263525823947, -1.3320318936503472, 0.6325241422649499], [-0.45325573295609345, -1.3932804713180753, 0.5503114922237902], [-0.4294515094932102, -1.2775389741632142, 0.5805544503683524]], [[-0.2985732762273221, -0.9175027482950009, 0.2623617447765536], [-0.24501759918567034, -0.9159406780993967, 0.2678493759913233]], [[-0.3962789984300281, -1.5304142472188058, 0.43357087319156595], [-0.47274256721475416, -1.531714873754839, 0.3093210151744723], [-0.3875707321791886, -1.1945430855580357, 0.39053612212569555]], [[-0.235374443583383, -0.7696993965623125, 0.03886024636248275], [-0.22588541765510894, -0.7893547420422529, 0.04272294778528829]], [[-0.16884730476546117, -1.4688302084699278, 0.36103124479818116], [-0.23640293526356349, -1.4796213495394326, 0.27610004756083506], [-0.2730109491886975, -0.9994025398187477, 0.479313413228435]], [[-0.4383973158218745, -1.5039023472668704, 0.3261655084594477], [-0.1970117056816082, -1.394415955729729, 0.1601792144556664], [-0.268463731707405, -1.2342744223775886, -0.03369134133506124]], [[-0.3828255282016769, -1.545541132300997, 0.31459154375421483], [-0.333795449090347, -1.4846832865645754, 0.14690608199292776], [-0.3788189017873934, -1.3630360093461844, -0.035964012881852137]], [[-0.34738324874966797, -1.4192386613476917, -0.20321252142970225], [-0.1983741454400496, -1.191286574911599, -0.35889730075701687], [-0.22844014849889616, -0.805748327446845, 0.08922657585230354]], [[-0.29070943916121805, -1.4110538241520505, -0.2758325339941903], [-0.3319568601106333, -1.381084068413152, -0.33695130375919136], [-0.3089610622347785, -1.3650777017824933, -0.3391859310312917]], [[-0.4044528550325236, -1.4584223232747817, -0.5587237528066586], [-0.3252913314790722, -1.476265968466802, -0.5781681532436217], [-0.2744324726950724, -0.8040256290510898, -0.002524544556920083]], [[-0.3424356446853143, -1.5483324945402084, -0.5726292493615122], [-0.3059260728511787, -1.3316121198936384, -0.7210454871846835], [-0.3232329756059542, -1.3018343154478562, -0.7139048591559969]], [[-0.37894806564495725, -1.248055235535873, 0.6494854080543342], [-0.3854400329983763, -1.246305387087839, 0.5383598043116338], [-0.3694650028726205, -1.1599550340440796, 0.5137205311784077]], [[-0.38467653603703234, -1.2406551447745375, 0.6486191362970192], [-0.37946489027212127, -1.243058892389532, 0.5297530383800768], [-0.37054551440283545, -1.152861352958702, 0.526310682066895]], [[-0.4106114220117757, -1.5247217397839337, 0.32037852610683126], [-0.2654035773859776, -1.4395496211471523, 0.15354264822429708], [-0.3236413167473992, -1.2986552158618865, -0.03482767710845669]]]}