{"bodyId": "h0", "timestamp": 1645466758702000000, "continuousState": [[[-0.1741032217249347, -1.1888432061504621, 0.7231478630284065], [-0.2730578051067435, -1.217527013279103, 0.6351029155501935]], [[-0.2598312577448707, -1.0946166584162684, 0.6741113531030185]], [[-0.3016232915622844, -1.2032034785254249, 0.798926433263867], [-0.40456031537989845, -1.226801047581643, 0.690861025037603], [-0.3598322943315613, -1.134799792103879, 0.7214198436918708]], [[-0.4090666842139543, -1.1249241636442873, 0.6810110321930185], [-0.3145047149339089, -1.075899608192213, 0.4998157014230882], [-0.27469767593022953, -1.124316414412161, 0.4246058486207598]], [[-0.3795294353533035, -1.3121888595305478, 0.622933163607347], [-0.4756311445114057, -1.3632085676964207, 0.5507054173042378], [-0.44479716412711734, -1.2771339166668323, 0.5769636542233219]], [[-0.2828957214578368, -0.9491102837270065, 0.27489901395551697], [-0.24600036475767073, -0.8992300065911796, 0.269134041835436]], [[-0.40905618809283645, -1.514000403292902, 0.4349747822082124], [-0.4798709191913203, -1.5227109747354821, 0.3234976430193879], [-0.3960636522481603, -1.2139000328501424, 0.38528708550353974]], [[-0.23389423249417407, -0.7762313951928612, 0.052220902990898876], [-0.23214628353670275, -0.777812548997797, 0.044906946042276075]], [[-0.18870352288423586, -1.4705855870105076, 0.3683014202156911], [-0.2787605723243024, -1.4701555621745988, 0.2885251415158314], [-0.2972077722368667, -1.0070420421411521, 0.4905191817625757]], [[-0.4510120474832687, -1.4907455291636673, 0.3142218403860899], [-0.16026121821006678, -1.474985764768252, 0.2550738066037732], [-0.32642800109175996, -1.16885782948775, 0.07666926243812933]], [[-0.3894063112204551, -1.5341911188730566, 0.30779539693825053], [-0.33449184333411297, -1.4842428865955266, 0.15481755602248715], [-0.4341502016894413, -1.2893490302101285, 0.06894229628118198]], [[-0.34028709408668156, -1.3676365230539322, -0.2938506645178576], [-0.19177264922318282, -1.2546697034190424, -0.31057757026356625], [-0.24112853024840974, -1.0637506951839548, -0.14324531775715765]], [[-0.2517933173511755, -1.3726013281599645, -0.34134933619999175], [-0.361044417161853, -1.377232718664003, -0.3368924391936712], [-0.3190854786619791, -1.38360840054521, -0.3370935056984491]], [[-0.41221973859778394, -1.4525989633020415, -0.574441774682291], [-0.33411141606136807, -1.4771616279301556, -0.5837299076649158], [-0.3411187355099543, -1.351284269978586, -0.4828296219375713]], [[-0.3715431800943837, -1.6050611618092716, -0.5808485230733216], [-0.3086284397394551, -1.3584811461741104, -0.6817314756782804], [-0.31804085150715444, -1.3183527461158397, -0.7304082550137838]], [[-0.3975074293308906, -1.2057820249200941, 0.6441393189509586], [-0.3866142204074191, -1.2446643323557047, 0.5377239117458801], [-0.35462645346994903, -1.209296630172713, 0.4849486709065062]], [[-0.3942980597836289, -1.2185565115874175, 0.6519720979001827], [-0.3950679297226573, -1.2195540879443167, 0.525260559363663], [-0.35974742002867344, -1.2007251655394966, 0.5007847514220408]], [[-0.42020917935186186, -1.512468324018362, 0.3110086186621702], [-0.24737653077208988, -1.4796143256818892, 0.20494568131313018], [-0.3802891013906006, -1.2291034298489394, 0.07280577935965565]]]}