{"bodyId": "h0", "timestamp": 1645466775854000000, "continuousState": [[[-0.06847900920543815, -1.2126215630476642, 0.6986711672150769], [-0.16026770350845065, -1.2460768173678378, 0.6158159692021927]], [[-0.1830655917866556, -1.0839825456028898, 0.6736016498273066]], [[-0.16132035485111557, -1.2334096603554892, 0.7924163171154912], [-0.2674803252622012, -1.270037478571423, 0.6992792659022875], [-0.25047595890440155, -1.1745641986894508, 0.7080823476822606]], [[-0.337010550338523, -1.179429107418272, 0.6673736712532492], [-0.23060892006685585, -1.1897772951236005, 0.5306193049803558], [-0.26263937604859655, -1.018570867445519, 0.49104726212502314]], [[-0.2539505553714922, -1.3417400246593134, 0.6272249262792027], [-0.3495431913013853, -1.4485092546955576, 0.5817376247595878], [-0.3269359031598076, -1.3702839801430295, 0.5815608571999356]], [[-0.19383326057012062, -1.0881477604351653, 0.3504952073801313], [-0.19949175940976982, -0.9850189221584945, 0.2105405782817934]], [[-0.2886686122462668, -1.5677210688453762, 0.4336024061445183], [-0.3549827257934308, -1.586340180167206, 0.33382584237150903], [-0.3349463509379128, -1.0855280788153623, 0.5010002127819253]], [[-0.21901794312717116, -0.7899118584025144, 0.05640976550535237], [-0.24654641742020267, -0.7488171898926463, 0.06927574897608002]], [[-0.07692659865935492, -1.4643041757593076, 0.3931123346569092], [-0.15842513360558996, -1.4821193788542992, 0.29850769060085103], [-0.2079638232101998, -1.0555388361979077, 0.4842911387292185]], [[-0.3516058424256722, -1.475684635184087, 0.3019081311166891], [-0.15733587505893498, -1.3395142039913401, 0.09112972466791658], [-0.23356197127867895, -1.1372917969115235, 0.07761305657372342]], [[-0.28455315599684583, -1.5601591000423738, 0.3075185707921535], [-0.25024477405127465, -1.4835070967164259, 0.12182324606602446], [-0.2887471508155447, -1.2386732693126083, 0.07050640039044431]], [[-0.25000298286690137, -1.3372402791606448, -0.3074548750392867], [-0.1363908930008032, -1.4366587637276425, -0.13790852004248788], [-0.2854907784914854, -1.0194947637773226, -0.12317900359170653]], [[-0.011922960790257342, -1.4971084764068707, -0.3474594332032548], [-0.1616235818983971, -1.4530592652524998, -0.20688041734825502], [-0.2280653841168958, -1.2246024355534575, -0.2718376351121137]], [[-0.2935348079249205, -1.4326590013638534, -0.7013458764598668], [-0.256869975067441, -1.3647390572126559, -0.6619694725750908], [-0.29778592367945067, -1.1444289208428886, -0.5856476058994958]], [[-0.22503641707723598, -1.3466064327514249, -0.5230194060074098], [-0.1930972090504186, -1.2497848427882732, -0.7021926782586713], [-0.29667600936806593, -1.1681381246186067, -0.5952574845621523]], [[-0.29934342827319266, -1.2787075168165936, 0.6662372134511858], [-0.29189188502998104, -1.303358890726767, 0.5449958785813498], [-0.31827221456974153, -1.108693047912542, 0.5618318191706019]], [[-0.2954805528550076, -1.2605845660387927, 0.6472992987662259], [-0.29007605568412054, -1.319143274909579, 0.5561784648699718], [-0.29478763960420207, -1.1944274237942742, 0.5363040596624793]], [[-0.318079499211259, -1.5179218676132304, 0.3047133509544213], [-0.20379032455510482, -1.411510650353883, 0.10647648536697052], [-0.2611545610471118, -1.187982533112066, 0.07405972848208386]]]}