{"bodyId": "h0", "timestamp": 1645466791934000000, "continuousState": [[[-0.16292909968623848, -1.2674459775379312, 0.6239480752148792], [-0.08860419415159237, -1.153181089721854, 0.655144655634615]], [[-0.19690404100445014, -1.0870224084703684, 0.6686421277501643]], [[-0.1892059135260049, -1.2252826181387237, 0.7936928630411724], [-0.2900652218718217, -1.2545397939854037, 0.6938658487055418], [-0.2665503543308835, -1.192597479812029, 0.6998981891242819]], [[-0.3491894953468131, -1.1710724459759037, 0.6494184121931512], [-0.22258169093272306, -1.2241190628441487, 0.5742204935092001], [-0.277690807328866, -1.0342056197685188, 0.4893776421287357]], [[-0.29167434854592106, -1.3786281996728862, 0.6462158290470772], [-0.37276571611799236, -1.435456647483228, 0.5685507827739125], [-0.3588926691253447, -1.3294138412622942, 0.5704782947777387]], [[-0.2182075984653602, -1.0706607811658115, 0.3487385576602531], [-0.21101606289858543, -0.9926792938432376, 0.21056956691118167]], [[-0.30095213143449256, -1.5394794160826883, 0.4315197134416284], [-0.383300885389934, -1.5683743819280351, 0.3249467180806984], [-0.31213173890981727, -1.1843951780158695, 0.4117668437871723]], [[-0.21631758807283685, -0.8199935597694332, 0.08296206668841966], [-0.2312730522630534, -0.7792266655067764, 0.04363159695731944]], [[-0.09744225892421532, -1.4553832731279857, 0.39119643810665927], [-0.16998198075767013, -1.4756928261814504, 0.30383155108434146], [-0.21329208838981673, -1.0812530163412375, 0.4614574584772363]], [[-0.36286702703305657, -1.5016153416513813, 0.3202705138055757], [-0.13335120107929577, -1.4179299361173077, 0.19032323014469], [-0.23598949341827946, -1.1520480233464179, 0.07087728115025516]], [[-0.29900229701004377, -1.5687786872100957, 0.32829636062127054], [-0.25472022427998586, -1.4882334141055993, 0.13104765206691038], [-0.3180194538959731, -1.2383344552764208, 0.10723951061597137]], [[-0.25366525317310107, -1.3461573495959824, -0.2927195191088512], [-0.1239329176388001, -1.4200035051726116, -0.12564058642984866], [-0.24228350476504956, -1.1897102843817924, -0.2527634288525302]], [[-0.04019762262714921, -1.53813849566624, -0.27867960151004745], [-0.1461426970920381, -1.4949093983983843, -0.15857089312401085], [-0.22601998574163507, -1.2024964647293235, -0.23859574884981394]], [[-0.2910872985133395, -1.4255573796352448, -0.7167727265190251], [-0.21973345868381555, -1.29857985390163, -0.5583971019116221], [-0.29734562316948965, -1.1730844375708176, -0.620232626291175]], [[-0.25101769570057364, -1.3931509249038894, -0.4278261266054775], [-0.25190568355582044, -1.368916016590915, -0.7170375529166639], [-0.2990888286094304, -1.1623093203305794, -0.5894027195657505]], [[-0.32317572343441314, -1.2878802284503243, 0.6531914315311258], [-0.3210416234997602, -1.3012946556142464, 0.5411608436867701], [-0.32202023506364574, -1.1203148120817825, 0.5518818937191619]], [[-0.32043192194636705, -1.274850322824395, 0.6478171206201142], [-0.2976737035253577, -1.3297878551636884, 0.5713856381415563], [-0.3182917382271053, -1.1818097305154065, 0.5299279684532372]], [[-0.3309346620215502, -1.5351970144307385, 0.3242834372134231], [-0.19403571267964081, -1.4530816751114535, 0.1606854411058002], [-0.27700447365712627, -1.1951912393114195, 0.08905839588311326]]]}