{"bodyId": "h0", "timestamp": 1645466824094000000, "continuousState": [[[-0.08508476249311014, -1.2217481994669837, 0.7039246122021741], [-0.19810516094749864, -1.181208842132193, 0.578141960716829]], [[-0.1834627708719706, -1.0845865469780764, 0.6663255090702763]], [[-0.1705764257894123, -1.22917350204098, 0.7884518170796129], [-0.27104460995641466, -1.2644827434907078, 0.6964552821557195], [-0.25268594815937906, -1.1858132586475818, 0.712674435765659]], [[-0.34015237435279166, -1.1538146978662034, 0.6537676003468658], [-0.23242027962010936, -1.1877998687993145, 0.5360013407801294], [-0.29667343253259926, -1.0146619087014224, 0.5308827577923397]], [[-0.283937221282095, -1.370123652839727, 0.6364458444494767], [-0.38251541403768374, -1.4210826945103152, 0.5652421922202828], [-0.34954607345118094, -1.3328318583142629, 0.5746779845627965]], [[-0.19179227707404778, -1.0783880487519817, 0.3542994910841635], [-0.1967553420745367, -0.9996391576178466, 0.24204918229248407]], [[-0.2974848990821668, -1.5438375914097198, 0.4332242608018082], [-0.3828687828238191, -1.5595357716699203, 0.3269623551168517], [-0.3502967300544144, -1.0625979531082563, 0.513715442972978]], [[-0.21063468629021598, -0.8108478308798994, 0.07149476060601878], [-0.23529881407859332, -0.7710190432256553, 0.05047450167267131]], [[-0.09852604362595951, -1.4583476112172584, 0.4021908976317914], [-0.17476866687811177, -1.4665990917443779, 0.2958500073230832], [-0.2306019793132582, -1.0371266100049572, 0.4969926481937612]], [[-0.35905159372124684, -1.4934899008348002, 0.31749620973103143], [-0.15327233207361823, -1.3497581368049794, 0.11715051203773741], [-0.2216258144772184, -1.1871953394938002, 0.047047268804691456]], [[-0.3007192340307658, -1.5625317553034137, 0.33181451691379116], [-0.254723601345314, -1.4652994307568297, 0.11455562591816393], [-0.3309282738992224, -1.1806873915948144, 0.13247636591544365]], [[-0.25661377732796675, -1.335316714685787, -0.3031904954112168], [-0.1459277459913878, -1.4327156346031742, -0.1473584384182418], [-0.24706983268013194, -1.1560982472012196, -0.2288767020908291]], [[-0.035083157792511366, -1.530984433587014, -0.2799844874739945], [-0.16943601734067426, -1.426644372948182, -0.22592286971279596], [-0.2451628433129136, -1.1828993182990715, -0.24694440023919384]], [[-0.2958379461272165, -1.4334576854932095, -0.7144077445632213], [-0.25238007907985405, -1.370095206127346, -0.6905740406873314], [-0.29521360322917745, -1.15546709894932, -0.6067177763769908]], [[-0.23770697004053676, -1.378347840414864, -0.46413815529109237], [-0.18785778688902832, -1.2312923458615792, -0.6672981604758498], [-0.30130225245838194, -1.1592119317917355, -0.5962386386266886]], [[-0.3132074821397626, -1.2742898473073363, 0.6457475072774066], [-0.3016002835092835, -1.2986239901704348, 0.5400904590112896], [-0.3312112649842669, -1.092544131342909, 0.5709113071532202]], [[-0.3120447978174433, -1.2619691753529652, 0.6451067223981712], [-0.30746784682889655, -1.3044412816548148, 0.5506217665002061], [-0.3231097529918901, -1.1737468835078426, 0.5527803711775681]], [[-0.32988541387600634, -1.528010828069107, 0.3246553633224113], [-0.20399796670946613, -1.4075287837809045, 0.11585306897795067], [-0.2762770441882204, -1.1839413655443072, 0.08976181736006755]]]}