{"bodyId": "h0", "timestamp": 1645466892501000000, "continuousState": [[[0.29023725614522505, -1.005137978880745, 0.616007225742844]], [[0.19147488507100624, -0.9098358773706214, 0.716145302673743], [0.1309741515281243, -1.0267248904677542, 0.6837265542145889], [0.1794635694658342, -0.8626276158005427, 0.6223135895343468]], [[0.3343452933178217, -0.9759324420870132, 0.7374946711725294], [0.23558760759790887, -1.0175119392429013, 0.6614002823534955]], [[0.08025134506470916, -0.9687010356701506, 0.5494678515373332], [0.0018499048964124576, -1.021240982669415, 0.5146054182138267], [0.07082362435717715, -1.001310073978659, 0.46604802972347603]], [[0.391281615754631, -1.1030562529196362, 0.6392990133162877], [0.2757468136250333, -1.074336724669704, 0.5435665306192938], [0.22196995574792178, -0.8662870028049627, 0.5606721625470351]], [[-0.07499888921511849, -0.8968338132007123, 0.3200679224670935], [-0.18773305139239704, -0.8680480790277683, 0.11138587463949756], [-0.10543498343290603, -0.8396163605362517, 0.25019112579654446]], [[0.3932110904386067, -1.115396642241994, 0.3383292638254676], [0.427556018197226, -0.9946323673844134, 0.28962676394466]], [[-0.224690807309476, -0.7887886189543214, 0.059709542616279254], [0.10357546057175382, -1.2896151543353689, 0.3613938341300995], [-0.23453496996183198, -0.7597024958008722, 0.04968480787893692]], [[0.4994361930428264, -0.9802089236083626, 0.06873011870773871], [0.5036146620905806, -0.9311403462966177, 0.07701518913279759]], [[0.1006805100628716, -1.331810540776017, 0.2105067910977878], [0.07814213428966132, -1.3784555226484825, 0.1563843208709803], [-0.032711545595625724, -0.879989780453663, 0.26792440927654715]], [[0.2849614015511538, -1.40315966545424, 0.2617300088583696], [0.26842416863715995, -1.3420622345806754, 0.16559864560116155], [0.21928764972813508, -1.0073168070856946, 0.15151950877533937]], [[0.22252392055069592, -1.249788702503265, -0.3544312176464848], [0.12365280171391213, -1.3195398854115423, -0.3135952608222754], [-0.07947336871886135, -0.8436496970236684, -0.018244897417580175]], [[0.39769399889342616, -1.2547552698288658, -0.32797930746122694], [0.3580183242671075, -1.20977773195925, -0.28625241777503185], [0.14786925338048995, -0.7792181782672774, -0.018935315367604844]], [[0.15256610578587693, -1.4155395140436182, -0.6666632682076099], [0.18427278950777404, -1.3751456255005272, -0.6678905310020954], [-0.25328003438044155, -0.7566705785925342, 0.01981426115155327]], [[0.3101803456012432, -1.386352981186753, -0.685457922762629], [0.34909771920194643, -1.2903229899324855, -0.662848299643643], [-0.010259666456022165, -0.47945193523714114, -0.011467263128673855]], [[0.24322610547720158, -1.0351447674357814, 0.5912021683355144], [0.13577429239608363, -1.0695615527568807, 0.5326482888998236], [0.1452976206325194, -0.9350023945251378, 0.5067317802896182]], [[0.23576648040967008, -1.0358786442948933, 0.5943834324268105], [0.13879835926072287, -1.0477888536695596, 0.5290859744165602], [0.14639679005254946, -0.9337985383918108, 0.5133600961352556]], [[0.1928209558070127, -1.3674851031151285, 0.2361183999780787], [0.17328315146341064, -1.3602588786145788, 0.16099148323607093], [0.09328805206625468, -0.9436532937696789, 0.20972195902594326]]]}