{"bodyId": "h0", "timestamp": 1645466998227000000, "continuousState": [[[0.09117054411356179, -0.8738089443523009, 0.6561924277468869]], [[0.012346059195038062, -0.7628504586642975, 0.7285431168500403]], [[0.008127662606199737, -0.9544215049071434, 0.725893061895746]], [[-0.22762462082011392, -0.8801678577728047, 0.5612947636750454], [-0.15979979626508733, -0.8393369482702437, 0.5493130968513013]], [[0.039776687374074415, -0.9785390341976019, 0.5437814027306707], [0.00782685952429274, -0.8061217497807242, 0.6318758349794368]], [[-0.14493376513018918, -0.7194703504638329, 0.3160182085272043]], [[0.2432107868865696, -1.0708497595313309, 0.30566525817424695], [0.18387664361891676, -0.8977342443906774, 0.43356653493038366]], [[-0.13987238431072435, -0.6315296812762925, 0.06958531985001282]], [[0.44804721142548587, -1.1405961405457965, 0.15490271031711078], [0.47718686572622704, -1.0811503836006044, 0.1534762077893861]], [[-0.07923271882945182, -1.0733430170289704, 0.1161957731152099], [-0.1609765911481884, -0.6826348410086613, 0.17442990669676117]], [[0.07707683579314706, -1.0976200563587084, 0.15073123916784392], [0.013883636737795246, -0.7507727468596341, 0.14587859866160935]], [[-0.06840483989935708, -0.9279720754998233, -0.34789122923241544]], [[0.06073317601952821, -0.9343468920620492, -0.3593113163246904]], [[-0.012094345020788655, -1.0682108769687377, -0.6624997714125853]], [[0.07542175367616699, -0.9975667791387992, -0.7268163537686212]], [[-0.07424329072697405, -0.9844372812061364, 0.5868486397908406], [-0.06576931953312926, -0.8221066463648633, 0.5849273218545129]], [[-0.09392396672301975, -0.9293534459852033, 0.552538083202858], [-0.0759864683703973, -0.8227293490254839, 0.590594465915369]], [[-0.001077941518152381, -1.0854815366938393, 0.1334635061415269], [-0.07354647720519658, -0.7167037939341477, 0.16015425267918526]]]}