{"bodyId": "h0", "timestamp": 1645467007339000000, "continuousState": [[[0.06356229582476669, -0.9003706673726328, 0.7039137300205836]], [[-0.04482815850873556, -0.8227238701447903, 0.8021788893729123], [-0.05389383325938324, -0.7799009931574715, 0.7580239766541759]], [[0.1002144783999766, -0.908649644158581, 0.7923705543261592], [0.002215857068092575, -0.9584534554642838, 0.7317607851740657]], [[-0.18222431977784398, -0.8224145326583694, 0.6129590151029645], [-0.19394596769133698, -0.9786142349050466, 0.6119807371206476], [-0.17241257785944086, -0.8165390041207716, 0.5542515790556376]], [[0.12286979420794775, -1.0349059803285947, 0.687595138222147], [0.053927493014708394, -1.0480002204722956, 0.6105914530238599], [0.008579821594853154, -0.8429004388150323, 0.6138119012312981]], [[-0.16824257052600522, -0.7497816824848997, 0.14642041285188712], [-0.14743677519748344, -1.0746148135827158, 0.4587037919862018], [-0.14601488421748454, -0.7301714585994176, 0.30402077403853256]], [[0.29521049304791547, -1.2131724814061269, 0.49419818686330297], [0.14409840698253412, -1.154187176034175, 0.39481810978044485]], [[-0.1747217010817238, -0.5947184208099663, 0.044344679206108406], [-0.1398400297547593, -0.6426697505395043, 0.06255545197313817]], [[0.17382478151846614, -1.1740661083370738, 0.3376704263690864], [0.13855460719143992, -1.0341764995059615, 0.14667912170287822]], [[-0.09141303743704554, -0.9373158553306635, 0.07153966049504246], [-0.07541278791068862, -1.1111456796350658, 0.16695647565809124], [-0.12032609969116903, -0.6686374305702018, 0.12194618851895944]], [[0.07819835798698849, -1.0885667796523935, 0.17144423356196348], [0.07064920371750483, -1.1562236735866878, 0.21022350026957026], [0.02023625466678447, -0.737415690765925, 0.13529571477999847]], [[-0.09770448929998043, -0.9848272709836579, -0.2990006984363238], [-0.07176020537896, -0.9226100550022251, -0.3424667950312126]], [[0.11043244584564149, -0.9733572106133186, -0.3896385967028946], [0.04360752673173229, -0.9034383745009285, -0.3389642785842406]], [[-0.07385245990536937, -1.070004334311577, -0.7117948810438803], [-0.0020887574930577024, -1.0610171830185284, -0.625787655034119]], [[-0.004470208239248263, -1.1101269489837549, -0.7137813548479757], [0.07738925234986982, -1.0105045493834388, -0.6992749979728868]], [[-0.02801429691786539, -0.9342156681775124, 0.6493063167863651], [-0.044226352146861214, -1.072087457139014, 0.6360822121344942], [-0.09205888653229577, -0.8268744546594125, 0.5899524673343528]], [[-0.029677262784948116, -0.928660256493482, 0.6502770766625557], [-0.0700092373383143, -1.0133072276886712, 0.6112860950722537], [-0.08191637813229385, -0.829719721467902, 0.5840317401434678]], [[-0.006607339725028527, -1.0129413174915285, 0.12149194702850297], [-0.002381792096591895, -1.1336846766108768, 0.18858998796383075], [-0.05004492251219228, -0.7030265606680633, 0.12862095164947895]]]}