{"bodyId": "h0", "timestamp": 1645467028511000000, "continuousState": [[[0.10046100465877783, -0.973210402293812, 0.7375323618310512]], [[-0.04431505793055468, -0.8659869046741555, 0.8178494732584174], [-0.01545759404817948, -0.785279792131739, 0.7483494421789366]], [[0.06820253397685289, -0.9342318452554141, 0.8051644546696186], [-0.015642164313924678, -0.9766151132568286, 0.7264165271188834]], [[-0.18210758299396362, -0.7904646517767202, 0.5838632273794098], [-0.20309574826799948, -0.9555424613930055, 0.5948738388680836], [-0.17408701069766608, -0.8271572236893344, 0.5441795352987107]], [[0.1259590692061957, -1.029515953473988, 0.6837559550737813], [0.05914182846128546, -1.0806682395862268, 0.6184618304645617], [-0.011221053372097112, -0.8350390512067042, 0.6211096132236201]], [[-0.17307188846885602, -0.7725484638739839, 0.17381266316128552], [-0.15878405546932017, -1.0622468949687722, 0.44190548283938647], [-0.15993283699813476, -0.7317152161922, 0.3009943415424603]], [[0.31677369674856304, -1.184776969885545, 0.4618369023357243], [0.15585692931132533, -1.1658566649922208, 0.39150172397978644], [0.01630997415104818, -0.7868961082920161, 0.4061507714812209]], [[-0.16797853295935317, -0.6669420411002118, 0.07998272218510816], [-0.13334100353949818, -0.6420926765274233, 0.059901131599512825]], [[0.17546305411161645, -1.1472482049031865, 0.3195819265433939], [0.1309027173333026, -1.0104814089652978, 0.10173686874917887]], [[-0.11436000889625852, -0.9973370435958773, 0.13107329166641857], [-0.09717811813999422, -1.0772607209262663, 0.14577884485144477], [-0.11754666986134232, -0.6723438610495119, 0.13356070727355063]], [[0.03907357227512431, -1.1355603685593456, 0.2361134615551599], [0.04853130383903803, -1.1428289750068503, 0.22432575657165588], [0.04426181708791521, -0.7377891603805844, 0.1260704708869652]], [[-0.09958455271481492, -0.9792401398983399, -0.27808742097023265], [-0.03418136749358336, -0.9893783765617028, -0.25866195178799156]], [[0.08493696027215836, -1.0242903656235212, -0.3111885263331964], [0.05274573779382197, -0.9359365971466223, -0.30762831049019956]], [[-0.08454242645764198, -1.078097788453631, -0.6758779528279166], [0.007365860550817005, -1.0801452975386958, -0.6247108132600926]], [[-0.0073191994192098875, -1.1159198626103588, -0.7045577980635747], [0.07627535523364481, -1.0123097676813706, -0.6852351378151562]], [[-0.022402443578782127, -0.9177531168329087, 0.6329926697482302], [-0.04678412224239292, -1.0653050982941152, 0.6323781625542957], [-0.09703564593662961, -0.8427508184667241, 0.5858551532033074]], [[-0.02807425689388396, -0.9099903026253541, 0.6338095912265955], [-0.07197695990335701, -1.0181053504896163, 0.6066678346663227], [-0.0926540320348816, -0.8310981374480193, 0.5826445742611654]], [[-0.037643218310567106, -1.0664487060776113, 0.18359337661078923], [-0.024323407150478094, -1.1100448479665583, 0.18505230071155032], [-0.036642426386713556, -0.7050665107150482, 0.12981558908025792]]]}