{"bodyId": "h0", "timestamp": 1645467044189000000, "continuousState": [[[0.07179840298267248, -0.9077633568782797, 0.7082419283215244]], [[-0.030965354769169062, -0.7830788537832784, 0.7459044373545964]], [[0.06992156326451471, -0.9200299606312046, 0.8055505838909713], [-0.0005250254302145985, -0.9652197986007822, 0.7269506326460953]], [[-0.19000482590527634, -0.7920066099542062, 0.5806526731893142], [-0.21420016704133527, -0.9458765044427739, 0.5883738484782026], [-0.1714864911089896, -0.8482878429450216, 0.5218920486080425]], [[0.10525345975499495, -1.0431683719061642, 0.6970095681758159], [0.039614126410812356, -1.0362144293087312, 0.5950565243047428], [-0.014485865728265157, -0.8064313642256943, 0.6307596000065827]], [[-0.1752617949754035, -0.786519665268411, 0.1940503538471694], [-0.1707130954747329, -1.052597379623551, 0.44111242493845815], [-0.16360734295602009, -0.7496197046805343, 0.3002653508342322]], [[0.31174854303089494, -1.180728890408586, 0.4617149092387327], [0.14411039303345652, -1.154165373731772, 0.39483705880384523]], [[-0.1681890102556317, -0.7038627392781249, 0.08602172092059535], [-0.13556670282615624, -0.6496707985319505, 0.05591729794371447]], [[0.17972917155592238, -1.1394769576021209, 0.30437862526401216], [0.13293787456676592, -0.997359726639655, 0.10280175435333505]], [[-0.11721515354504353, -1.0005913437591316, 0.1255558506760548], [-0.08278744141008121, -1.092963466981312, 0.15296726216322298], [-0.14413112431451391, -0.6774714248008944, 0.1336028448629123]], [[0.0536661104936802, -1.1201954723743255, 0.2079141667343587], [0.07209757594188981, -1.1648320540061619, 0.2244880926480195], [0.04421614401058238, -0.7377966752007927, 0.12603914426636342]], [[-0.0967311405394734, -0.982466575606074, -0.30220714140817706], [-0.05830082664447811, -0.9423803533613484, -0.30863091008958143]], [[0.09328644416421583, -1.0036669431642853, -0.3614984941933199], [0.05905854516367304, -0.9525082718237412, -0.30128901083697723]], [[-0.07935622877590887, -1.0828504433541282, -0.6913850742919216], [-0.020251996773212655, -1.027409411427219, -0.6842224921295299]], [[0.0009686493640380656, -1.0989933949460204, -0.7327185556523168], [0.07516373940943244, -1.002702493522221, -0.7088412824950097]], [[-0.03834057852700379, -0.926868843075281, 0.6428127375036012], [-0.07855505541881758, -1.0124379508228467, 0.6034104812843233], [-0.10031542615639122, -0.8378252528100383, 0.581875825011721]], [[-0.0423756830751407, -0.9175874909301852, 0.6388311206825651], [-0.08729302031526145, -0.9910454668757526, 0.5917151863914727], [-0.09298617841862739, -0.8273596035853579, 0.5763258243073126]], [[-0.031774521525681665, -1.0603934080667285, 0.16673500870520674], [-0.005344932734095698, -1.128897760493737, 0.18872767740562124], [-0.04995749015196577, -0.7076340500008436, 0.12982099456463786]]]}