{"bodyId": "h0", "timestamp": 1645467056450000000, "continuousState": [[[0.07868855158816002, -0.9223814366908238, 0.6700284199106901]], [[-0.04388954178929927, -0.8314116481255276, 0.7991623636169736], [-0.017087768732260256, -0.7831790118271529, 0.7362013641779919]], [[0.08019192191232843, -0.896266928148181, 0.7877593159084728], [-0.0022894547593467762, -0.9569262179223743, 0.7176839237343102]], [[-0.18792799535535198, -0.7846516248373663, 0.5762471995001055], [-0.23026361833897402, -0.9416230441683053, 0.581946544703122], [-0.17177105158792916, -0.8473927944629229, 0.5222540326003461]], [[0.1018332836716127, -1.0480223626354066, 0.6941232666716102], [0.035927883937785454, -1.0639381242028576, 0.6046414839617058], [-0.041496874191208954, -0.80893413733413, 0.6434980777935397]], [[-0.17213959712190108, -0.7630103592021527, 0.1578559947006175], [-0.1639028467211634, -1.0454465736452023, 0.41779765819279246], [-0.14536214697321537, -0.7819091903322759, 0.2849362426903801]], [[0.3113615430531379, -1.1815026732446097, 0.4622939465321838], [0.15755934395446403, -1.1909180920427345, 0.39905070759355876]], [[-0.16971048622941753, -0.5949194519865517, 0.032061474741476914], [-0.14029843031121603, -0.6418675578572924, 0.06294801277922513]], [[0.17257604908870094, -1.175043570288453, 0.33065672088634446], [0.13703674944640137, -0.9890748458386338, 0.06372434455886467]], [[-0.1242434219134052, -1.0236766085123543, 0.15689688094568988], [-0.0854695106601846, -1.1011002832189882, 0.14814816127509323], [-0.15101067525653722, -0.7007960583443467, 0.1448367703320339]], [[0.04989333647026184, -1.1291213230914914, 0.22534113357496488], [0.06664303220320755, -1.1602324777071313, 0.20276858634781325], [0.01923643819856058, -0.7599137836582275, 0.123358843245022]], [[-0.09301366300464409, -0.9822461241148814, -0.2804026479438013], [-0.03316420053817937, -1.0111300908750058, -0.2517373998132777]], [[0.0976062465552674, -0.9977375630968195, -0.35727286317717555], [0.057029621702202604, -0.9780974975024828, -0.2711942750314176]], [[-0.08738064129706713, -1.0815451447191105, -0.6842921708320171], [0.008536327380966213, -1.0924450529244794, -0.587221002939998]], [[-0.004890297871162019, -1.110667688968529, -0.7130520661805573], [0.0744913103279492, -1.0007328046009007, -0.7111315401490925]], [[-0.032987581715822334, -0.9249862653358192, 0.6336472714725567], [-0.07577888928713117, -1.054903044457667, 0.6197729838610999], [-0.09693187232781386, -0.8437134507037856, 0.5854573922885329]], [[-0.04304735584186964, -0.9163369937363864, 0.6351852330858578], [-0.09716786720059428, -1.0027805841855815, 0.5932940143324139], [-0.10663396288956906, -0.8281634658985264, 0.582876055196943]], [[-0.03717504272157168, -1.0763989658019228, 0.19111900726032738], [-0.009413239228488524, -1.13066638046306, 0.17545837381145324], [-0.06588711852898832, -0.7303549210012871, 0.13409780678852795]]]}