{"bodyId": "h0", "timestamp": 1645467076148000000, "continuousState": [[[0.05912406148431082, -1.09397892851229, 0.7352241445647869]], [[-0.06218922809129801, -0.9813854016151525, 0.6875609905250439]], [[-0.004953559566481525, -1.1025347913976904, 0.801644702455093], [-0.11847607625023537, -1.1618538241798155, 0.716186981015362]], [[-0.20042428616617786, -1.0637926430101998, 0.65607229959938], [-0.12927873538823398, -1.0558534640299373, 0.521523680157036], [-0.14047538325490616, -0.9328653174736575, 0.509976253389608]], [[-0.12500607819332749, -1.295385917632475, 0.7237111901437034], [-0.19745516991239492, -1.3093478468032067, 0.6107405434035873], [-0.15617746353200512, -1.2296114815497972, 0.6426901403398492]], [[-0.26007060654512315, -1.2106653647403673, 0.51610997820362], [-0.06106610604246698, -1.0478877780309936, 0.37189456662866593], [-0.12518154136787873, -0.8173533517160847, 0.26801964866454764]], [[-0.2043558797495772, -1.4916296246535823, 0.612963316370819], [-0.3077134093223771, -1.5629378023687122, 0.5036900889117935], [-0.2526252392839675, -1.4361781810491006, 0.5200818987154946]], [[-0.11941377180938373, -0.6807269862225538, 0.05582911126040724], [-0.13201891129294174, -0.6442042648183296, 0.05797885284033655]], [[-0.17077870059588462, -1.5479879542314272, 0.4692453194420301], [-0.2109274282923348, -1.4978977558279885, 0.2916716851858048], [-0.2616167872786842, -1.129057027022506, 0.4496492321717669]], [[-0.24377695014025752, -1.3551236341030009, 0.27102604558649723], [-0.05056050476798146, -1.2595461522872884, 0.0875768578557421], [-0.16765816842627934, -1.0050442688468442, 0.18114954333831257]], [[-0.19016540836958595, -1.4960116089106517, 0.3833681086998486], [-0.131133869608258, -1.402350153891401, 0.13219586788424253], [-0.21555921856264737, -1.169881022522933, 0.1838648269949904]], [[-0.15222549720518763, -1.2508910355167278, -0.29486824358509955], [-0.08822691595441379, -1.284324637368777, -0.3164234327869242], [-0.20215640909699562, -0.8258840805906793, -0.0229326140237589]], [[-0.024921805608535297, -1.438903085200312, -0.19667186497328037], [-0.07969806988715966, -1.2880211220106645, -0.3836325279513051], [-0.16633254140321962, -1.1227497324691165, -0.027557099430637777]], [[-0.16992473129271335, -1.3491399369206365, -0.6791216528628008], [-0.097426250934328, -1.2428853060515948, -0.7559063036859796]], [[-0.12077233904510254, -1.4017707838191202, -0.7275742181816409], [-0.1125723283070954, -1.3296513484552945, -0.7599195944901322], [-0.3051065961826148, -0.7833087138663237, 0.03200052888662941]], [[-0.17125489209477823, -1.2102576397564673, 0.7092231382628138], [-0.15932450405409904, -1.2013854620070765, 0.5721151077334123], [-0.20853413673051013, -0.9694168670364559, 0.6077590730504943]], [[-0.16271518217975267, -1.1795892803213373, 0.6898917448715417], [-0.16336695265031445, -1.182600655416572, 0.5661321117803116], [-0.14832642339345564, -1.0812383995117274, 0.5763331968647285]], [[-0.21697117925492174, -1.4255676215068263, 0.3271970771431729], [-0.09084718718811974, -1.3309481530893446, 0.10988636286999232], [-0.19160869349446336, -1.0874626456848886, 0.1825071851666515]]]}