{"bodyId": "h0", "timestamp": 1645467148709000000, "continuousState": [[[0.026839115397729096, -1.0588954803801338, 0.7244877844064004], [-0.03215488541708872, -0.9749242906261073, 0.5963500046162982], [0.048824219783606404, -0.9922805299643186, 0.6086845032170387]], [[-0.1203705818606361, -1.0234240020482708, 0.783163296431548], [-0.09819764837619838, -0.9337234455547085, 0.6673222360198449]], [[-0.001459328479264499, -1.0653167627138234, 0.767414521031085], [-0.09827665954688414, -1.1298097052327134, 0.6922770094386121]], [[-0.23031240910760337, -1.0677501770091227, 0.6389772177231043], [-0.11667353600592445, -1.043816978218704, 0.4917498736234911], [-0.16790160086384365, -0.9007119386026914, 0.48001170629998957]], [[-0.11271689939180463, -1.2740611940266424, 0.7247357170243025], [-0.1826982151687902, -1.3017999078492917, 0.618834338908602], [-0.1649298406385583, -1.1763787655799165, 0.6441198636674309]], [[-0.25231412784744706, -1.2070689192884134, 0.5165889930582233], [-0.12741575735957433, -0.7371758595536426, 0.14836887120941], [-0.10630619357408888, -0.8121185277626322, 0.25672919860380716]], [[-0.1408792670999237, -1.466798447009641, 0.6756352781991319], [-0.25468394900845803, -1.5644421125208081, 0.5681628458296896], [-0.1700340614998328, -1.5163516567095994, 0.5861020436771252]], [[-0.11421927090272954, -0.6672553275654223, 0.04141195965247979], [-0.1297090884982588, -0.6476453802681245, 0.05470645619961734]], [[-0.12262473550654296, -1.5430481417440594, 0.5563554624805565], [-0.15970283282285547, -1.4980434187969718, 0.36593274024611255], [-0.2180279971779684, -1.3427437547916274, 0.5071794016186514]], [[-0.21420475659417254, -1.2894447266372853, 0.21831737682878227], [-0.045404427082600396, -1.2865716189466545, 0.10073924326434036], [-0.1592226907942892, -1.0562161822391607, 0.15255025385174625]], [[-0.1634663574015348, -1.4733934326021574, 0.37758984550691443], [-0.13413756912454478, -1.4248899721768495, 0.15463667927718605], [-0.2086182541206505, -1.1851181406200104, 0.18276361837979238]], [[-0.10804088832623149, -1.3841018342590017, -0.1232279039896258], [0.03133601710279399, -1.2573900856439884, -0.26644380546142954], [-0.10469374528971942, -0.7873327121753424, 0.153858800882264]], [[-0.08204197927216783, -1.4145105715462984, -0.15994874443127016], [-0.08629726681244942, -1.4321418332910445, -0.20895038392450038], [-0.16366555322326248, -1.186062553693846, -0.15791278760444405]], [[-0.14980058927200834, -1.4912295598068872, -0.5564084013293087], [-0.09118927901868312, -1.4839833887791969, -0.6338298115976749], [-0.1378576776510505, -0.6463689520812447, 0.05953457089925818]], [[-0.13767166886171145, -1.5003029042810165, -0.5583694945717892], [-0.04926512806427796, -1.4218862557858618, -0.6385493108901611], [-0.34053828435506184, -0.8344952776428978, -0.07651978297662576]], [[-0.17829146272290575, -1.1983163394112064, 0.6998140888610622], [-0.13464554364995662, -1.1956728059118613, 0.5644034854468698], [-0.18725755363298024, -1.0062632868926267, 0.5622455977606691]], [[-0.171514654249704, -1.1709056855178825, 0.6818564673737034], [-0.14968587558735733, -1.1728084430339978, 0.5552921062660465], [-0.16641572075120098, -1.038545352091304, 0.5620657849837103]], [[-0.18883555699785368, -1.3814190796197212, 0.29795361116784835], [-0.08977099810357259, -1.355730795561752, 0.1276879612707632], [-0.18392047245746984, -1.1206671614295856, 0.16765693611576932]]]}