{"bodyId": "h0", "timestamp": 1645467243045000000, "continuousState": [[[0.27387334436229493, -0.8043093855895326, 0.5019626540519088]], [[0.26304982508905106, -0.9022215863294742, 0.6577867825377128], [0.225712154762705, -0.88200095977801, 0.5985597871743696]], [[0.38873123584001323, -0.929237499550672, 0.7041021793867404]], [[0.1763504818447772, -0.9365285034340309, 0.5033940952040157], [0.1651191275544046, -0.967158847965314, 0.42945452169029275]], [[0.4541736620178493, -1.0948371656076108, 0.6493485965357035], [0.2053299793836727, -0.8322235000467139, 0.617633183419906]], [[0.04332190575769057, -0.8488259665159346, 0.31167162755440136], [0.024828727382187887, -0.7750176664213101, 0.22237337927836154]], [[0.45726681240692235, -0.9727766852337716, 0.322755482613141]], [[-0.08617461456092534, -0.6846937715547716, 0.07848485438995412], [-0.08949206972991752, -0.6403158517916535, 0.05034443187020066]], [[0.5298140843579211, -0.9150684639564337, 0.0758225007292409]], [[0.19421409536805345, -1.3151484391622303, 0.15842071971872862], [0.03401200975857277, -0.9095353774489365, 0.24022862807932366]], [[0.34879626726254953, -1.4700090561754202, 0.2381597793255541], [0.26743352878564375, -0.9951440384606975, 0.2186817918523304]], [[0.2023771719505324, -1.2768717808055405, -0.33683507794045386], [-0.06951595810865774, -0.7009370731557862, 0.09741811451006532]], [[0.3432794449212405, -1.4212047233599936, -0.3310840754319946], [0.5196231211846238, -0.8919055378062497, 0.0632276884271139]], [[0.12856346608568703, -1.432539052168499, -0.6827762016279841], [-0.12891420883575488, -0.616386092285921, 0.029477367017857414]], [[0.21171161832625152, -1.5188252485320899, -0.7059505433185169], [0.484635009834794, -0.6426314542138117, -0.018521206963754033]], [[0.30706737020555497, -1.0323725211888073, 0.5881673519423225], [0.22241894600978784, -0.9487355801199217, 0.4973399169399887]], [[0.3152620719313133, -1.0156828345208209, 0.5763713458698596], [0.18522455346903866, -0.899691174006014, 0.5235438525550994]], [[0.2715051813153015, -1.3925787476688254, 0.19829024952214136], [0.15072276927210826, -0.952339707954817, 0.22945520996582702]]]}