{"bodyId": "h0", "timestamp": 1645467264284000000, "continuousState": [[[0.3817851950813663, -0.9426068174187197, 0.5665657847438716], [0.4670557051880395, -0.9182277731316919, 0.4207896980526289]], [[0.2540278411939414, -0.8211807077205782, 0.566879156530307]], [[0.43029137075520346, -0.9036025474564868, 0.6889106029982184], [0.341716986830777, -0.9481148359666953, 0.6089748051472497]], [[0.18013080271868698, -0.9193692212760924, 0.5085930411667146], [0.13069435316479744, -1.089270455698996, 0.5599785017462977], [0.15780064297576102, -0.9419568012446293, 0.47850134404513]], [[0.4588177234978165, -1.0892576211656135, 0.6452196194506017], [0.3526813323917053, -1.1110629417017959, 0.5760992856449122], [0.22881927676998703, -0.8412932087169305, 0.6446297220936402]], [[0.050003308143855674, -0.8563066079471395, 0.3296591505523794], [0.07385504535453302, -0.834892280745694, 0.19140069878833166]], [[0.4413871441593141, -1.07329863182495, 0.3184980397586561], [0.4612386260440082, -0.9770513887138764, 0.3204509855005153]], [[-0.08122563630763335, -0.6758128052789336, 0.0797252386087417], [-0.08950799457713954, -0.6514285825637303, 0.04319918625772312]], [[0.5253954107640413, -0.9633950148901702, 0.07906761454092748], [0.5277484147843936, -0.8903790430820736, 0.07937150851594099]], [[0.14924463733109683, -1.2987191049210427, 0.20092333603290813], [0.11746532187581082, -1.3625039717418148, 0.15671929024319198], [0.033131045563681516, -0.9715732232211997, 0.26829831709915575]], [[0.30897241307005385, -1.4338617114208736, 0.27889162705876647], [0.31456160050209425, -1.4422659726762457, 0.21785751277726761], [0.22906705121847648, -0.9922931914530377, 0.2233122373413189]], [[0.19311604539823268, -1.316199706733103, -0.3021575006614512], [0.1569048103095656, -1.3616827714829989, -0.24820078578706717], [0.07115109938387087, -1.0258937502037953, -0.1728451985317988]], [[0.41249777651646724, -1.3552259058009217, -0.3606186693764408], [0.3875723767007038, -1.3302275328881352, -0.2824496525510187], [0.16023092049378085, -0.8079195588418704, -0.03240367127785393]], [[0.11818001578464299, -1.4458364351018422, -0.6698409717724212], [0.16625560455880295, -1.3842085003896587, -0.6843043513159754]], [[0.2957295581368462, -1.5268937619788059, -0.7197461864994523], [0.3321148149926585, -1.4296517641479598, -0.6788808400545994]], [[0.3142366312170906, -1.0123117591747315, 0.5906555740550854], [0.24051391440504072, -1.1280723761681295, 0.5886585704490173], [0.21682160023023034, -0.9161357332808676, 0.5392385280102638]], [[0.3194742631082518, -1.004313421220853, 0.5769063303086581], [0.24168784277825137, -1.100166698700396, 0.5680388936956049], [0.19330995987287403, -0.8916250049807799, 0.5615655330693852]], [[0.22910852520057534, -1.3662904081709581, 0.2399074815458373], [0.21601346118895254, -1.4023849722090302, 0.1872884015102298], [0.131099048391079, -0.9819332073371188, 0.24580527722023732]]]}