{"bodyId": "h0", "timestamp": 1645467265289000000, "continuousState": [[[0.40204833197337353, -0.9502669944491293, 0.522839440264661]], [[0.3147576730838968, -0.8727377947689101, 0.6640879545976701], [0.3490349876143941, -0.8442629243435837, 0.5433503390675714]], [[0.4354341073295014, -0.9522979290143774, 0.6992984308869643], [0.33622325200724706, -0.9888814878430678, 0.6243411715330816]], [[0.20190398208926086, -0.8872671836953445, 0.5150297954982452], [0.17347872486365934, -0.9168539666588795, 0.47528476670280884]], [[0.4577889561707382, -1.1007159177702484, 0.6500311241512997], [0.32311213642703995, -1.044582145295881, 0.5331659229534971], [0.3083875467948589, -0.9684445067270284, 0.621471790620477]], [[0.04827275669815423, -0.844056647455024, 0.32373320638229774], [0.06682804877880444, -1.1848620578109288, 0.38784589826130667], [0.07399384798812658, -0.8230438740640378, 0.1969620701111251]], [[0.41501517347630246, -1.0511957380304269, 0.6434222437814086], [0.44215973042214507, -1.1066469442943707, 0.3474753104112238], [0.4692623120386765, -0.9872816014562207, 0.3225997756060893]], [[-0.08027432285558711, -0.6725571647126987, 0.07716027924441948], [-0.0966160673225922, -0.6291751572643542, 0.06080106088120951]], [[0.5175721494070584, -0.9172027757727463, 0.6122200686104644], [0.5253234031390972, -0.9539508714828746, 0.07181747438821162], [0.5164266688514236, -0.8892118541484503, 0.09207342770774307]], [[0.12491236063836375, -1.3080220380467957, 0.18609238623721835], [0.10791332131213327, -1.3563935671934106, 0.15513571747916766], [0.08525970321594789, -1.0738132275092824, 0.20726817745749204]], [[0.28624076028942913, -1.4226588215035936, 0.2399463184994972], [0.2806960744309612, -1.3877104531803681, 0.16132325497246236], [0.1459381732975562, -0.9218956584107919, 0.29514537858994383]], [[0.1701312262595518, -1.3336430105274184, -0.2792482114641197], [0.14446663717805563, -1.3470606299242822, -0.26148177618742596], [0.004966822035340046, -0.940813904307088, -0.059305215220116225]], [[0.4126726045870479, -1.354398962527385, -0.36128904414937657], [0.3696657890306897, -1.314524357100624, -0.2924624430925338], [0.19835646674179208, -0.9346710409760657, -0.06777893476112995]], [[0.1224493610444346, -1.440113520164401, -0.6823926581692477], [0.16937838379357717, -1.370045667920845, -0.6999319969899699], [-0.18103307445803907, -0.6909009387640771, -0.006706427753366606]], [[0.30588118751981774, -1.5156283843838847, -0.7287792047218722], [0.33192943272067965, -1.430356334256245, -0.6779029577395038]], [[0.3322951311934084, -0.9975173145781633, 0.5849104491390518], [0.22977423277717085, -1.074349772169461, 0.5604883246523433], [0.2165549169588732, -0.9043642703239205, 0.5500520497221302]], [[0.32984646912999954, -0.9939915507327964, 0.5825304598247725], [0.24093313582925913, -0.942649236692954, 0.5483782786616429]], [[0.20557656046389644, -1.3653404297751948, 0.21301935236835778], [0.19430469787154722, -1.3720520101868894, 0.158229486225815], [0.11559893825675205, -0.9978544429600371, 0.25120677802371794]]]}