{"bodyId": "h0", "timestamp": 1645467272592000000, "continuousState": [[[0.39796067388168427, -0.417767032174849, 0.3352913185329731]], [[0.3061061603465365, -0.8239625298913997, 0.5960252901668647]], [[0.3376879349598397, -1.0003622812144113, 0.6298665721158381]], [[0.15189087990312355, -0.9208839824167284, 0.49463109668729477]], [[0.3280939734260758, -1.042747860495386, 0.5338285581890243], [0.2716561858988056, -0.9195756354276268, 0.6279311350679899]], [[0.06380264474984704, -1.1391468072264683, 0.36876847447882755], [0.07049256430034889, -0.8178252368315635, 0.20858178670628846]], [[0.4395972244160259, -1.0713197488151405, 0.32386754104338533], [0.4533222488089519, -0.9789738671080426, 0.3302327794374983]], [[-0.08809302365848115, -0.6424068044058173, 0.0484563425485085]], [[0.525581085734628, -0.9599623630897833, 0.07628758015761128], [0.5375460222902646, -0.9123989129814298, 0.08337405990266311]], [[0.1186591552769708, -1.3782884950324523, 0.19333432164635034], [0.05811895977237813, -1.028614019690833, 0.22703456748393036]], [[0.2767338179790499, -1.3685754600500653, 0.17556056455411428], [0.1871420325522275, -0.9573517787322301, 0.251183571064971]], [[0.14587221660030858, -1.3697258776019574, -0.24732028909192183], [0.0240372257558783, -0.9324083491229339, -0.09705237313609294]], [[0.36193604825678377, -1.316111717396849, -0.285806400077671], [0.15365487813948864, -0.7868916657942227, -0.008622132198073507]], [[0.1586303760345682, -1.3839404804113984, -0.6909511910989646], [-0.13027789664269696, -0.7594519891988396, -0.0018341217991307834]], [[0.33102940850476514, -1.4246620104060614, -0.6875116758136015]], [[0.24310497417997318, -1.1152438681304029, 0.5838132934500888], [0.21449519432141262, -0.9241851781181467, 0.5445055526982665]], [[0.21177353290096457, -0.9202298089221777, 0.5612811158776423]], [[0.19769648662801034, -1.3734319775412587, 0.1844474431002323], [0.12263049616230282, -0.9929828992115316, 0.2391090692744507]]]}