{"bodyId": "h0", "timestamp": 1645467285054000000, "continuousState": [[[0.3121650706777717, -0.3129018564919379, 0.2583808624070971]], [[0.27410975405642035, -0.8362453474746883, 0.6069623709182471]], [[0.3221605565687112, -1.000267414726058, 0.6438170911886218]], [[0.17161690916826933, -0.9876281803453568, 0.45935117699645467]], [[0.3276685725100986, -1.0659056696262343, 0.5382534473688196], [0.2581396963597451, -0.8589317305329774, 0.5684407536881079]], [[0.02202659479926261, -0.7704395036372468, 0.23348096117122874]], [[0.46976165951588356, -1.074827993734039, 0.32523822607138086], [0.48538813004024073, -0.970987638659073, 0.2908429237483433]], [[-0.08054121880197052, -0.665360819262583, 0.0302093222219737]], [[0.5536470863890555, -0.9475038037969972, 0.0815552203860126], [0.5366429072111931, -0.8781182425375569, 0.08232285265210082]], [[0.11959462980843161, -1.3697207931244848, 0.16362310305221683], [0.026875987237630516, -0.9652745443302598, 0.22489680699634784]], [[0.2837939612333262, -1.4026497970666059, 0.17528160103332469], [0.22415407162239953, -0.9727650995652934, 0.23309688890167157]], [[0.18398439106452802, -1.3505737126633568, -0.17148034066446893], [-0.08280629593587352, -0.6820212630939738, 0.08315136682370672]], [[0.2746351874204295, -1.3662559873704734, -0.24286372022448055], [0.5300881877399652, -1.0568901286501318, -0.00894940053881177]], [[0.19630392043049605, -1.450254387453905, -0.5479878119800604], [-0.11194293301463798, -0.6074261185323495, 0.04325671104887707]], [[0.254939268486308, -1.424840760239614, -0.6541068363756315]], [[0.22173082799062632, -1.090406778836694, 0.5649865956328006], [0.18764089127296812, -0.899088111467462, 0.5371115224183362]], [[0.2148783027640072, -0.9232799554391671, 0.5138959653422812]], [[0.2016942955208789, -1.3861852950955453, 0.16945235204277076], [0.12551502943001502, -0.9690198219477766, 0.2289968479490097]]]}