{"bodyId": "h0", "timestamp": 1645467307700000000, "continuousState": [[[1.67038236968796, -1.7736012730956237, 0.7369379535170699]], [[1.630253656255631, -1.8058085299934077, 0.7498412602819302]], [[1.803655416179853, -2.058316288495735, 0.834814387385655]], [[1.7423534640969245, -1.787968546906757, 0.6493165851607665], [1.5288273553269254, -1.6545119707845282, 0.605222074509105]], [[1.678668916902439, -2.16666181648001, 0.6677275602964159], [1.507555391082096, -1.9867559020525705, 0.5724624840104979]], [[1.6864033618647336, -1.715474606152052, 0.37622941932067433], [1.3619966255232487, -1.4610723386509306, 0.37223458978436375]], [[1.706913095915585, -2.288056843939931, 0.36388350345185105], [1.5423038809674459, -2.135380526137802, 0.28162132487440195]], [[1.7134590239236298, -1.6822549385851162, 0.11428853096218483], [1.5700407089375157, -1.5468404174807835, 0.08714168540440714]], [[1.7285957267548184, -2.272971762773297, 0.3868516177117596], [1.379368184722255, -1.8183729759466138, 0.29881303451268915]], [[1.656325511895143, -1.8927781985939647, 0.1712967073417584], [1.5772946359262263, -1.7561911896569486, 0.08468861757069979]], [[1.726650836461543, -2.0947882674128353, 0.11501878251225706], [1.4103222256552326, -1.8452500653966601, 0.11100443340165778]], [[1.7261390763981175, -1.8947942843044914, -0.19667157796246748], [0.07865960774229541, -0.2065500077453023, 0.7330878889268744]], [[1.7494527293981017, -2.089820963619575, -0.3195683488201757], [1.6502256480500832, -2.0056627850491853, -0.3569297778199254]], [[1.6081380462675248, -1.9032471467813386, -0.6334757317626831]], [[1.6743281976445765, -2.096190633636313, -0.7271443557771626], [0.7433841685806288, -1.0790377729099037, -0.0017546256641729485]], [[1.5994179656570862, -2.001124989312898, 0.7111926639042185], [1.544292442854911, -1.8695061538607254, 0.5723980739679917]], [[1.7105111904996817, -1.9773151816933836, 0.6585220727285912], [1.5181913732045107, -1.8206339364185493, 0.5888422792598015]], [[1.691488174178343, -1.9937832330034, 0.14315774492700772], [1.4938084307907293, -1.8007206275268044, 0.09784652548617878]]]}