{"bodyId": "h0", "timestamp": 1645467308705000000, "continuousState": [[[-0.7567734392220193, -0.48934860985821205, -0.19571033407930405]], [[2.4949597132339156, -1.9317658911402706, 0.8594812005151309], [-0.7604523454009138, -0.4881550906260914, -0.14174089065946838], [1.5766447777512929, -1.2332978167523212, 0.874665376938315]], [[2.45896163299413, -2.108008283402012, 0.8466849101078293], [-0.7679117128457627, -0.4740600978141112, -0.16245355804388306], [2.238877630282884, -1.9267649925041208, 0.732937275884108]], [[3.0126867215854807, -1.7336602702164656, 0.48699757142124556], [-0.7593096904637039, -0.4998457639680751, -0.2259748260844321], [1.711943666188712, -1.3004510489807584, 0.7023911088062549]], [[2.5387243819040446, -2.1992719210719733, 0.5979025693399207], [-0.7477120043514723, -0.5007597348046722, -0.22105780925597562], [2.2682946086463307, -2.080351112988967, 0.5222988607365029]], [[2.4185312557095697, -1.8060940263647607, 0.3734960230367206], [-0.6863070079176915, -0.4390521006386692, -0.3238244017497389], [2.1953682895071878, -1.556393278644293, 0.35146521594364066]], [[2.5826207860693824, -2.296940459516934, 0.27539544759558643], [-0.6863473614228454, -0.438857802933883, -0.32355712395878444], [2.0241204382203524, -1.9321173343447933, 0.31474601055398677]], [[2.4620645178210085, -1.8373428188134742, 0.2307575085142315], [2.4859837113202365, -1.650397683610213, 0.05825254109617428]], [[2.5081500342227754, -2.165285903131452, 0.2873159782307029], [2.0546323758206597, -1.785295568348551, 0.32442349616511734]], [[2.3992780799805855, -1.9532191000926955, 0.14751019843767987], [-0.7471269242857137, -0.6897396064037618, -0.31369328698353116], [2.074962052563519, -1.6465715957680733, 0.15762644838454354]], [[2.473241471409737, -2.179538867585607, 0.08120504282379915], [-0.7528505790222164, -0.733198970402992, -0.2790745784340145], [2.096348170338786, -1.8444938973245835, 0.10784973826848532]], [[2.377905268231499, -1.976827791351451, -0.27011116344762165], [-0.871085384613515, -0.5239838624588025, -0.6313875593574982], [1.9810721970796379, -1.568507728359954, -0.10277745569304697]], [[2.6579820976188655, -2.1964366506951745, -0.3474205078603869], [-0.9046307302209463, -0.5306035595651664, -0.6292208078511934], [2.1028031043129363, -1.7084272695392029, -0.15018707902125006]], [[2.248751564040744, -2.030315619642689, -0.6955540509973279], [-0.8588955635056511, -0.5745225859221277, -0.7555254864797059], [0.1230065767344799, -0.14499737202221408, 0.6975728759983543]], [[2.697091109307843, -2.2336516417140135, -0.650747481973246], [-0.8937956442898376, -0.5612233203777381, -0.7536977436439685], [0.14223990774314244, -0.1511683668263164, 0.7049993451640637]], [[2.5890156906998643, -2.0132724887606592, 0.6058701575605763], [-0.7735567495951909, -0.4773296301274703, -0.23173408019231156], [2.0294280099536386, -1.681956848070334, 0.6071658619119054]], [[2.7757055517447626, -1.9664660956442195, 0.5424500703805831], [-0.7535108474075881, -0.5003027493863736, -0.22351631767020386], [1.9901191374175213, -1.6904010809848626, 0.6123449847713789]], [[2.436259775695161, -2.0663789838391513, 0.11435762063073951], [-0.7499887516539651, -0.7114692884033769, -0.29638393270877283], [2.0856551114511523, -1.7455327465463284, 0.13273809332651443]]]}