{"bodyId": "h0", "timestamp": 1645465770720000000, "continuousState": [[[0.2967702838554359, -1.2297966024833011, 0.753041142874152]], [[0.243693595405153, -1.0665586829028917, 0.7232250843149207]], [[0.29239947757957, -1.2234181615587654, 0.80304905172665], [0.17233464941844012, -1.3016046381702426, 0.7370876198043341]], [[0.18305100746652447, -1.1054723942150757, 0.6258710949801896], [0.22309147571062354, -1.2584477343229639, 0.6305757762259597], [0.20755427828801554, -1.0246899592959524, 0.5153693342812935]], [[0.2955387583914537, -1.3890604844067393, 0.6878913482750089], [0.18288448895232529, -1.4197647979885482, 0.587351060209671], [0.14053533401792462, -1.2263445680027685, 0.608260740637507]], [[0.24664088893244407, -0.8341067129024362, 0.10428760507346291], [0.26053116903092827, -1.462620280755101, 0.522112240162826], [0.26500185034566126, -0.917423296180372, 0.2771508325085369]], [[0.2897702708277573, -1.529951399235185, 0.4982560382776682], [0.21800809258324583, -1.5894019783550124, 0.39547582913668367]], [[0.25101992622710867, -0.7163154917490937, 0.0590423636657047], [0.335582555497582, -1.3584095767790771, 0.4524340866724138], [0.2592609559590775, -0.742082341530707, 0.04389971928348191]], [[0.320042562554831, -1.6030355440815167, 0.26005736574378435], [0.2719810749536815, -1.613665638523975, 0.16720097034189785]], [[0.11426629265890587, -1.3903496625396685, 0.24791455887641756], [0.3048340128821325, -1.5643466881474164, 0.30629468693512274], [0.2166484370599966, -1.1862942933107479, 0.09795286620623078]], [[0.21937882584226376, -1.527046696438978, 0.298133279283451], [0.21900965352521579, -1.616609314197, 0.2576404278829493], [0.1453948593952572, -1.3403642588649636, 0.08087384241190065]], [[0.2655001315622474, -1.4090204969249542, -0.14587706746611961], [0.359387759134564, -1.42945260008834, -0.12407458787602654], [0.30860582212428533, -1.164215733661584, -0.22961211752236688]], [[0.26228273167309823, -1.4399550909109653, -0.23272527488977302], [0.22736434501033675, -1.4899075722536612, -0.22270582647441017], [0.23922802262571508, -1.4364202728696251, -0.3244079406692333]], [[0.20420461349729901, -1.4438231254564753, -0.5284346929471764], [0.257982210703144, -1.3976946609566478, -0.6001402330958545], [-0.08045740258683298, -0.5782952035262601, 0.0035032427576471292]], [[0.19609525171725894, -1.4699257543500863, -0.6728327157785072], [0.2206470667724194, -1.4238548260369732, -0.6989691181781132], [-0.1650781223301374, -0.7155356442938899, 0.0017185915975689303]], [[0.2592606781025508, -1.2339765364723032, 0.6325361151242201], [0.20360177441360344, -1.3647587075183232, 0.6208226232638075], [0.20133400708409477, -1.1451575646862941, 0.5445618101553446]], [[0.2392948829289891, -1.2472664393109074, 0.6568812216275992], [0.20298798233147441, -1.339106266155756, 0.6089634182178154], [0.17404480615297008, -1.1255172636493604, 0.5618150374594002]], [[0.1668225592505848, -1.4586981794893232, 0.2730239190799343], [0.2619218332036741, -1.5904780011722082, 0.281967557409036], [0.1810216482276269, -1.2633292760878558, 0.08941335430906572]]]}