{"bodyId": "h0", "timestamp": 1645465843348000000, "continuousState": [[[0.00521623737007193, -1.1103196138826952, 0.778679995260646], [-0.09088148531482304, -1.1776337112827349, 0.7110004199829141]], [[-0.0091626252562087, -1.0600224148893016, 0.7362508828230996]], [[-0.07701604595472089, -0.9901289971327665, 0.7954236780000488], [-0.09545887420903354, -1.0396613682363633, 0.7217771098915122]], [[0.07245148083979491, -1.0259564637772622, 0.6355363668271383], [0.0330819624595205, -0.9293527730235329, 0.5141973426422981], [0.043771221763272194, -0.8539878443891386, 0.5451467979344398]], [[-0.22477533733290972, -1.015893033237333, 0.6540547107368702], [-0.2684264615332912, -1.0642188165295723, 0.573165934112793], [-0.2229058889522002, -1.0074485033769738, 0.5709339483079291]], [[0.1837514906970048, -0.8947074188472759, 0.21079036848239774], [0.13434395560330592, -0.9333248570524586, 0.3328812884154775], [0.17998024576112504, -0.8284184574603842, 0.2540172707745977]], [[-0.4432889098988618, -1.1146345107230307, 0.5416869177518389], [-0.5184092213048392, -1.0345674493393253, 0.4112299757980975], [-0.4686214342949677, -1.0411894693901194, 0.4831696751854626]], [[0.21811829970250596, -0.8752581705393976, 0.1728263612556249], [0.24944347529348554, -0.7645008712910446, 0.05236444844065047], [0.24812587132259267, -0.7283873137913107, 0.055123615791938696]], [[-0.6750649525010692, -1.2178730009589327, 0.43309864704814305], [-0.7401223047001259, -1.19926628576118, 0.31266063005054234], [-0.6653588421161294, -1.1762908735912003, 0.3674999039984157]], [[-0.08995253386479107, -1.1972913752411105, 0.19608659755752633], [-0.07075599664993104, -1.0680074451483628, 0.03603772878140754], [-0.10779976274484704, -0.8928884840408039, 0.08828988619119804]], [[-0.25791876006745573, -1.13901465895128, 0.1743523948202521], [-0.26462199345541293, -1.168177679053889, 0.07456558448870743], [-0.25819295411276, -1.0719152666583667, 0.061278081769449044]], [[0.007492463515594072, -1.181667985819963, -0.3273227146968134], [-0.06212115497531445, -1.1144375579105767, -0.3670400449443092], [-0.29230163109054863, -0.6515800634701485, 0.00011362659997771196]], [[-0.21341245082650162, -1.1100799358861464, -0.3856410933944825], [-0.17763862798594277, -1.1588479877487254, -0.29813866356437035], [-0.314820605866568, -0.8141784598505033, -0.008282017273458342]], [[-0.3312303971175832, -1.1675269074151755, -0.5594774783646881], [-0.27803537034965575, -1.1258120687973685, -0.5576370439409781], [-0.31639926205397595, -0.9876193114564928, -0.5361630639898269]], [[-0.2029740751503235, -1.1660765602805838, -0.6995702995730413], [-0.14395506590304052, -1.0027623927788367, -0.7401032055523731], [-0.2750412182260418, -1.0469286247243157, -0.5986808294192841]], [[-0.08302358494890377, -1.0234580408690142, 0.6470268844771183], [-0.08367321167157199, -1.0862914428387072, 0.5896830831343212], [-0.08715149597342309, -0.9277352304221174, 0.555045757251052]], [[-0.0761619282465574, -1.0209247485072976, 0.6447955387820042], [-0.11767224953688535, -0.9967857947765526, 0.5436816383775456], [-0.089567333594464, -0.9307181738830561, 0.5580403731211845]], [[-0.1739356469661234, -1.1681530170961953, 0.18521949618888922], [-0.16768899505267199, -1.118092562101126, 0.05530165663505748], [-0.18299635842880352, -0.9824018753495853, 0.07478398398032354]]]}