{"bodyId": "h0", "timestamp": 1645465851388000000, "continuousState": [[[0.024375692765791268, -1.0565756655493959, 0.7786079424120278]], [], [[-0.09296575474139995, -0.9746176311917027, 0.7942195545204473]], [[0.055009527863303764, -0.985316824505782, 0.6296806098457046]], [[-0.2397277794500493, -1.0046571941998446, 0.6669287510393993]], [[0.22803885228076592, -0.8380850301167488, 0.12591300948278117]], [[-0.45162989405312837, -1.109779509823777, 0.5428858992425507]], [], [[-0.6774306817111058, -1.2196870493035306, 0.4289357629789017]], [[-0.0793478347772053, -1.175677325834359, 0.1810765377381025]], [[-0.2671395341599213, -1.1344142033445386, 0.1858884871760298]], [[-0.04681287483816143, -1.2701083676882856, -0.1902894412797782]], [[-0.21345444898194266, -1.0761283493217053, -0.39677404351934786]], [[-0.3300075541511901, -1.1620955135604176, -0.5685809363149197]], [[-0.2028818298994175, -1.1662082988837565, -0.6996100926233062]], [[-0.09690457144360493, -1.0022064259705474, 0.6485281002851553]], [[-0.09235912579337277, -0.9949870093528133, 0.648304680442552]], [[-0.1732436844685633, -1.1550457645894487, 0.18348251245706615]]]}