{"bodyId": "h0", "timestamp": 1645465854805000000, "continuousState": [[[0.13417287667806888, -1.0371087753974921, 0.7288778513339962], [0.03216195894155727, -1.0808642271143791, 0.6621392942034618]], [], [[0.003419713120445922, -1.032428885087953, 0.7930973116101137], [-0.0981477362917143, -1.0833426612317134, 0.720328297156732], [-0.07310578023219316, -0.9848069828320859, 0.7169018213130415]], [[0.056373180324453376, -1.0075972674120666, 0.592083681249812], [0.018321447211208264, -0.9127425618143412, 0.5239061307803619], [0.046505827172409475, -0.8473938298097866, 0.5326969688950104]], [[-0.20280445639821665, -0.9729815323473325, 0.6616095941808131], [-0.28520238609320947, -1.0203330276965397, 0.5730974741284607], [-0.23452996251357283, -1.0132189279515054, 0.5719560737539843]], [[0.2495187946811781, -0.8111459479726253, 0.07860529319555654], [0.13143573000122305, -0.926449190963647, 0.33642813395683935], [0.18913536234702155, -0.8288299161355231, 0.25100211127544303]], [[-0.45575219198107064, -1.1073722548415974, 0.5435001571897389], [-0.5533415801263816, -1.0061064215283042, 0.38869812828643635], [-0.46485736305402825, -1.0544456319147604, 0.4768051645989747]], [[0.24480108514935328, -0.7756489782598686, 0.057209008623878344], [0.24983334031259985, -0.7303920425925451, 0.05336435125136796]], [[-0.6773803958481799, -1.2173059777468336, 0.4265605302618083], [-0.7154584478779633, -1.22924230957216, 0.32638269305236967], [-0.6656629187533749, -1.1744833566969666, 0.36846672504833666]], [[-0.08903977795294893, -1.1800483482549105, 0.1816083616743034], [-0.07522393877311684, -1.0689811098422735, 0.0706016365314901], [-0.13021957654097904, -0.9172619250327639, 0.03303761930789195]], [[-0.2754384911670387, -1.1361395255001092, 0.18368006531174297], [-0.26041095166433836, -1.1651668465646317, 0.10135276652444758], [-0.2833371471128058, -1.0564963706108648, 0.045240022992157125]], [[-0.02951504616785494, -1.2209710567328647, -0.25572506798220496], [-0.059270826522386244, -1.1221861151367938, -0.35782538900579675], [-0.26527003182544906, -0.7671968324226746, -0.2135021560119571]], [[-0.21379031858589326, -1.0774391827484424, -0.39517375027648427], [-0.15901116498430112, -1.1635555904466972, -0.28363573628826977], [-0.3342330437641323, -0.7516419293257848, -0.028933229799359084]], [[-0.33088114943670377, -1.1660161543058907, -0.5623061739772692], [-0.2925249883433215, -1.1144068884001463, -0.5890524475489706], [-0.32534645012489394, -0.9806112309069381, -0.5951107296194375]], [[-0.20747386534645085, -1.167791726269444, -0.6607168931886764], [-0.1443932010654464, -0.9986396177687284, -0.7571402335518115], [-0.30470227932661353, -1.0024789962935738, -0.5853686715769801]], [[-0.09024534059581019, -1.0119866248830158, 0.6440749273165993], [-0.0955631235177698, -1.063092793622968, 0.5969941009837323], [-0.10039276108295092, -0.9033089505500809, 0.5665283019611724]], [[-0.07321563803688164, -0.9902893998796996, 0.6268466377153126], [-0.1334404694410006, -0.9665377947554404, 0.5485018024544113], [-0.09401206767058168, -0.930306378880646, 0.5523265213244973]], [[-0.18223913455999383, -1.1580939368775098, 0.18264421349302318], [-0.1678174452187276, -1.1170739782034524, 0.08597720152796884], [-0.2067783618268924, -0.9868791478218144, 0.03913882115002454]]]}