{"bodyId": "h0", "timestamp": 1645465600004000000, "continuousState": [[[0.3615507379993508, -0.5406986051904346, 0.4974523401162514]], [[0.3179341390217556, -0.8496994610061628, 0.7727904803548766], [0.30870926724154724, -0.8271923337226914, 0.672417006603295]], [[0.47936463956256997, -0.8859839239707834, 0.7748012115098339], [0.3412237531251564, -0.9780032483171726, 0.7396937259622388]], [[0.20051876089456705, -0.8279439036380987, 0.5769592643540544], [0.07937548520579041, -0.9124954213943433, 0.5575745687162337], [0.23405563417140174, -0.9774023031297887, 0.47750895415072625]], [[0.4933382531660214, -1.04616934498713, 0.6232684450213508], [0.40216570383296746, -1.0871644489646783, 0.5760175097806723], [0.29019029450614764, -0.856362859058327, 0.6545472746220227]], [[0.16341055149901973, -0.9345580102062789, 0.3904068172893391], [0.14750818100605595, -1.1830522341356435, 0.5293687154899993], [0.19854334679709118, -0.7958697351510545, 0.286083322646391]], [[0.6015041120895792, -1.1635310158903516, 0.386650081625856], [0.5041986799085049, -1.1031978854013258, 0.29127941831239457], [0.43761270538730157, -0.9383907858064845, 0.3977668372147568]], [[0.15085977337499457, -1.0265334671289512, 0.3070878399215604], [0.26391741015245196, -0.7471957683721072, 0.03877659176453074]], [[0.7334168123125675, -1.1356946686077258, 0.21003039815169222], [0.6945374105737175, -1.061511183240591, 0.1189457342835849], [0.6963309154062622, -0.9983534839927227, 0.13148208506209036]], [[0.28626191160080305, -0.9058803837281575, 0.040122209340753834], [0.20395225848258042, -1.1158163751823849, 0.08652232217333444], [0.13530175621976803, -0.8274567489117541, 0.1737052679902925]], [[0.4543004810673833, -1.0635611667318732, 0.11637709335229918], [0.3978532156593275, -1.141366595551951, 0.1288529545279269], [0.3175337161838625, -0.8138811115173996, 0.2323304495499594]], [[0.29854135409185945, -0.965922267277338, -0.32127443626503105], [0.24092652433195166, -1.0630783185497603, -0.24046490807178333], [0.043139263971390784, -0.597476444691493, 0.006962329841832315]], [[0.4791370320077437, -1.031348411880005, -0.3606351345961514], [0.45321998134989827, -1.2668089995197533, 0.05918771465380068]], [[0.2585572118216981, -1.1143450439442708, -0.7116761523507003], [0.3034608783374707, -1.0449452727681638, -0.6790992202208032]], [[0.4326821889459943, -1.1201971890604543, -0.743214325507128], [0.4532521900926407, -1.0574917264035983, -0.6515769605128205]], [[0.3514857758541152, -0.9516067846690603, 0.621995278280596], [0.2489744941207248, -1.0156702344537623, 0.5805391561814595], [0.25612442108462874, -0.9112103888398638, 0.5752960731960955]], [[0.3469285070302942, -0.9370566243126144, 0.6001138546877026], [0.24077059451937893, -0.9998299351795108, 0.566796039248453], [0.2621229643387747, -0.9168825810940578, 0.5660281143863745]], [[0.3702811963340932, -0.9847207752300153, 0.0782496513465265], [0.30090273707095394, -1.128591485367168, 0.10768763835063067], [0.22641773620181527, -0.8206689302145769, 0.20301785877012596]]]}