{"bodyId": "h0", "timestamp": 1645465889109000000, "continuousState": [[[0.06215830561776986, -1.1770261995271165, 0.6767057319644842]], [], [[0.032258725832421675, -1.0638162012239207, 0.814104073324448], [-0.0665621082378528, -1.1173832138667636, 0.7399228816589745]], [[0.08955151433022646, -1.059372344005505, 0.6049812206531451], [0.06420097580417167, -1.000559695955508, 0.5329965259691214], [0.08377261610893538, -0.8791216025521891, 0.5336488667768234]], [[-0.20058838685727787, -1.0402239331746588, 0.6566262705900439], [-0.25444399973339504, -1.062288544964446, 0.5696541676379618], [-0.21976276076582435, -0.9620585705097039, 0.6061254674785144]], [[0.05293410981206348, -1.1283157314083596, 0.3771544643957174], [0.1508410666385624, -0.8982499374393211, 0.3289975397214533], [0.22993288802388223, -0.8834724332959147, 0.24583409778673815]], [[-0.35009296497808184, -1.0770579935477296, 0.40512945111006093], [-0.3557703488986583, -1.1300513661766178, 0.34311745269839466], [-0.32562743957248674, -1.0432496538441927, 0.35732678688456887]], [[0.24845158216542063, -0.8118997068465608, 0.09102414315679419], [0.2610941297451712, -0.7439306489203776, 0.04191018756791687]], [[-0.28360445243328614, -1.1888258955232331, 0.17882829339676398], [-0.3011230550888728, -1.2252132856149247, 0.15438081738071996], [-0.30352034751398416, -1.089439554221701, 0.1610343902639707]], [[-0.015476470446695534, -1.2384570865014624, 0.14391204423862058], [-0.01838834333675088, -1.135130551119706, 0.06120690501256454], [-0.05294313090903735, -0.9610234867639926, 0.05528053898052787]], [[-0.21873772705622901, -1.2221459040308886, 0.17213402888085638], [-0.1796632138032762, -1.2397056681666694, 0.12425325375711815], [-0.20895235876722373, -1.0906200256204572, 0.050178262804407625]], [[-0.06479116039188759, -1.2727978494042125, -0.17286958100478622], [-0.0669528871980215, -1.077651695820724, -0.4132058333541193], [-0.25508920032694193, -0.6534663267375518, -0.0024936807672630845]], [[-0.18000485745583927, -1.3053660543051762, -0.3103032991100547], [-0.21156604435347715, -1.3411910570045467, -0.25769674604640924], [-0.31321534255819783, -0.8794886308619773, -0.019481355880760387]], [[-0.05888936839804482, -1.2464589934821981, -0.37123900345195926], [-0.09498223513848969, -1.101173479437782, -0.6996002675824932]], [[-0.14908257790235813, -1.184692771848329, -0.7326647906882928], [0.028560462494248595, -1.0818350797370606, -0.5719610992407271], [-0.33977939312017713, -0.8159670741334124, -0.04732479888197216]], [[-0.06234384543152488, -1.0560026543520216, 0.6483485416324701], [-0.057472298398586474, -1.1158098102579304, 0.5960422086982504], [0.004846370511015552, -1.051619678722442, 0.5045259906841559]], [[-0.055518436263525706, -1.0497981385900819, 0.6308037456215945], [-0.09512151196461169, -1.031424120459977, 0.5513253468035416], [-0.06799507232844448, -0.9205900865309464, 0.5698871671276688]], [[-0.11710709875146227, -1.2303014952661755, 0.15802303655973848], [-0.09902577857001355, -1.1874181096431877, 0.09273007938484135], [-0.13094774483813054, -1.025821756192225, 0.05272940089246775]]]}