{"bodyId": "h0", "timestamp": 1645465889712000000, "continuousState": [[[0.02290707734806602, -1.1348383763935614, 0.7480846471017917]], [], [[-0.042459776310347974, -1.0215316278418722, 0.8088653859573338]], [[0.22919001116024063, -0.8820174951018611, 0.5176439028080893]], [[-0.19419831770403778, -1.0090788948819163, 0.6446217779536292]], [[0.769963043907893, -0.6068153456286485, 0.048399194914167776]], [[-0.36740663932375495, -0.9813951417441011, 0.4105822744010239]], [[0.8423235467975354, -1.0700127538572999, 0.08432652391464934]], [[-0.3024283669867729, -1.1639482973100495, 0.25186172970750764]], [[-0.029705995254203588, -1.2279018065109821, 0.16364643919274813]], [[-0.22298749878041912, -1.2117035474290616, 0.19376322118023648]], [[-0.113043350359746, -1.2615292149521575, -0.14445686165168947]], [[-0.17983827224232396, -1.2451482467737063, -0.3961236048295562]], [[-0.06658646238223198, -1.1881642905185004, -0.4439329891541066]], [[-0.14325504329147454, -1.174968915977184, -0.7357999215442208]], [[-0.03857973074057297, -1.0478428460522864, 0.648164702109588]], [[0.017495846728101422, -0.9455481949918887, 0.5811328403808592]], [[-0.12634674701731136, -1.2198026769700219, 0.1787048301864923]]]}