{"bodyId": "h0", "timestamp": 1645465600339000000, "continuousState": [[[0.3760039681056987, -0.6974620114707704, 0.5647837315144877]], [[0.2916150455002925, -0.7963294157965093, 0.6840436359024604]], [[0.34053189717614946, -0.9729869619273317, 0.737733712068043]], [[0.07947479614854813, -0.9313971060477686, 0.5582858487378832], [0.23246811717613824, -0.9750068068003686, 0.4784853999072358]], [[0.39135229967345064, -1.0940950044878353, 0.5815779533516662], [0.29622318989077623, -0.8638911666031133, 0.6372543028425797]], [[0.19985528637200267, -0.7975841996668783, 0.2694581985054657]], [[0.507184887268772, -1.105449114870967, 0.30202608460683567], [0.4437981575402914, -0.9455056863204188, 0.4016988237950214]], [[0.25506760969407005, -0.7363970122939452, 0.04818470672353092]], [[0.6891893670762353, -1.1280724103174666, 0.1713252366268876], [0.7036039314086933, -1.00571504182049, 0.12613949640291566]], [[0.2144844588283924, -1.1359704261936716, 0.0718074877266821], [0.15249669337009952, -0.8173341704239788, 0.12444245214627148]], [[0.40190573875721236, -1.1266946349405886, 0.0942550844375325], [0.3216977839939368, -0.818243789956679, 0.17261925179561133]], [[0.24318344149689525, -1.0657414809754853, -0.24699294662271343], [0.028319173715097845, -0.5281726024099463, 0.0057294420674643964]], [[0.464068372656323, -1.2949205839255962, 0.04822241540910355], [0.1986540386258442, -0.5764958840294363, 0.00322854096934333]], [[0.3033146578280238, -1.0433289811925008, -0.6804531036849346]], [[0.45608933417844855, -1.068110416297921, -0.649353663562996]], [[0.2532696252709683, -1.0333963925689569, 0.5833492341256461], [0.23876919769152316, -0.8881587284565478, 0.5718176636636504]], [[0.2354135479109994, -1.0127460552678018, 0.5699319010447748], [0.26434565353345724, -0.9194489867017409, 0.5578698513749077]], [[0.3081950987928024, -1.1313325305671302, 0.0830312860821073], [0.23709723868201815, -0.8177889801903289, 0.1485308519709414]]]}