{"bodyId": "h0", "timestamp": 1645465929376000000, "continuousState": [[[0.07164887442716755, -1.1155330380704325, 0.7824547156443606], [-0.025482089400892416, -1.156995803420147, 0.7100466678775614]], [[-0.0033269427570664645, -0.9389550360280665, 0.6853939577355257], [0.030708106922967215, -0.8780544481530452, 0.7607413440357803]], [[-0.03581129758403978, -1.0108159631357, 0.81387479135416], [-0.07519297678708592, -1.0029283417584316, 0.7541678857018856]], [[0.10778160828495709, -1.0338138177723626, 0.6196660868615169], [0.05568461494801474, -0.948352177552749, 0.5083670252315473], [0.11019653943409669, -0.9072252591974107, 0.517307405733698]], [[-0.1877084120502272, -1.0190150822283461, 0.6662262769747134], [-0.2559748843265558, -1.0609852063519922, 0.5757402820059734], [-0.2116345796860929, -0.9828490027458409, 0.5834503047846278]], [[0.10194590477564425, -1.061515306487717, 0.3607099003179868], [0.14179130877104534, -0.8860414515467279, 0.3190922336364499], [0.2254237744866423, -0.8776862626331297, 0.2495462462335123]], [[-0.4253884089062646, -1.1213668078961918, 0.5366846115010664], [-0.48870893045955754, -1.0808958131783213, 0.4237896116373361], [-0.4368497072650399, -1.1209251553913577, 0.44976546629999037]], [[0.043373087621399464, -1.0985391818217853, 0.26999741214310924], [0.2506580578175974, -0.8126991926062688, 0.0833841269408464], [0.25211308774203833, -0.7331718779773433, 0.05127116648489893]], [[-0.6538202965934374, -1.2297196368185945, 0.42087428308341157], [-0.7263136695960754, -1.2062960594271788, 0.29645860142901137], [-0.6597606137249571, -1.205145132415572, 0.3526608132351421]], [[-0.043178369260817306, -1.2165536200926375, 0.18166008129685807], [-0.011662869678051191, -1.1037415954892125, 0.06965028835348464], [-0.024297914983369973, -0.955878408677705, 0.021609833651226373]], [[-0.2164707378781363, -1.1336740442489508, 0.15115325024203163], [-0.2016179714691132, -1.1968462304577159, 0.10394959860816155], [-0.21868786112792094, -1.0584657857973743, 0.028119368487466434]], [[-0.11992750482372527, -1.2369518619783568, -0.24962715383474499], [-0.07012121015615747, -1.0723174530007133, -0.4079408215627278], [-0.25981457664995145, -0.6471259400946763, -0.011317878825948702]], [[-0.2123090760498193, -1.2375974254949917, -0.34691490093474875], [-0.19535278050089666, -1.3473426400604056, -0.1916066389060751], [-0.27813088004004194, -1.042355224987084, -0.07852553558364805]], [[-0.14590311995038874, -1.1775915102407635, -0.6646664265698099], [-0.08405968632383687, -1.1282437915036325, -0.6644698257167229]], [[-0.018869469922385917, -1.198839400756934, -0.4763886567963873], [0.03820462431136207, -1.1038076340758907, -0.5676276562234726], [-0.3306323889980829, -0.7482913967363631, -0.05216681753786434]], [[-0.04751177470947637, -1.0268242674269141, 0.6414698698047834], [-0.07829766675301492, -1.0799204223986365, 0.5818908775733891], [-0.05382578459023424, -0.9334503397786388, 0.5517024142103409]], [[-0.03996340188263506, -1.0264144500003543, 0.6429461819181151], [-0.10014513468927053, -1.0046686919523706, 0.5420536536187603], [-0.050719020125998104, -0.9450371309716258, 0.5503788552591629]], [[-0.1298245535694768, -1.1751138321707941, 0.16640666576944485], [-0.1066404205735822, -1.1502939129734642, 0.0867999434808231], [-0.12149288805564545, -1.0071720972375395, 0.024864601069346404]]]}