{"bodyId": "h0", "timestamp": 1645465597726000000, "continuousState": [[[0.3598237276314712, -0.5871925157115898, 0.5152939599069915]], [[0.31354165757384866, -0.8466342618803167, 0.7792521743793013], [0.33028190058407736, -0.8435444310197976, 0.6702917977244206]], [[0.47403061373299116, -0.8826758862914921, 0.7753309109909361], [0.33956911013445656, -0.9806279385146925, 0.7461805327082376]], [[0.18447159235478755, -0.8446384291985432, 0.5894630923937405], [0.09760317752525288, -1.0048090529422031, 0.6002972850915054], [0.18445860226824107, -0.907213046771447, 0.5058474298276985]], [[0.4916300343202608, -1.0484577397130916, 0.6246937554421943], [0.39521499802667404, -1.1309209226677415, 0.6007375161476357], [0.2951408872722323, -0.8625213901558629, 0.6521754869512946]], [[0.15625608251738854, -0.945974496157244, 0.3914885492681861], [0.14819321362059334, -1.1857338522160839, 0.5307700777308755], [0.19795802442439303, -0.795177541791243, 0.2865966117589547]], [[0.6496216832701966, -1.1278568412917611, 0.30538720041234657], [0.5140165180097336, -1.165205823792178, 0.34605040125585185], [0.4100688311886782, -0.9054067924729926, 0.43181687821585624]], [[0.24717493218379327, -0.7269641510266823, 0.05629476290556379]], [[0.7496426844130556, -1.1053581066833458, 0.22283317257648894], [0.7025052194441118, -1.1621959095427878, 0.19958301598569506], [0.725719639849949, -1.0070325039341004, 0.12808548150382237]], [[0.22946085532650295, -0.9964543722755286, 0.11044679967815063], [0.20978314435934492, -1.14323000560502, 0.10910517337932402], [0.1713005072120708, -0.8903826431730927, 0.1386669370079483]], [[0.40243266742022354, -1.128568847704123, 0.15589045881519903], [0.39345589756550914, -1.152543168694349, 0.13522372886583311], [0.28427800627012645, -0.7842601077352795, 0.24058058549373695]], [[0.27211407132398946, -1.0072864341036727, -0.26958328727890946], [0.23895328536567928, -1.0615561575186243, -0.23208709108343362], [0.031078968163070098, -0.6237553744558673, 0.003024301431434284]], [[0.458553065307595, -1.043590448024546, -0.33659403833155244], [0.45532170911394065, -1.2493064057145293, 0.05354908190074337], [0.1687694344510069, -0.5911260975581778, 0.030157025914253843]], [[0.2627888907496795, -1.0934268087696641, -0.7228100577560979], [0.29953962794665834, -1.0195832797593192, -0.7106721810934452]], [[0.429330550902318, -1.1241034740467406, -0.7204720805210112], [0.4593183448700823, -1.0812618370756861, -0.6436235501339158]], [[0.34927656166375326, -0.9546665039747833, 0.6239314470528634], [0.2575006685675483, -1.0650525508728659, 0.6052055410136212], [0.24431350950856, -0.8950887250038755, 0.5828924546149052]], [[0.3380508133375242, -0.9465480844558174, 0.6070784239179674], [0.24640908777596346, -1.0678649878049722, 0.6005174006195706], [0.2397997447702367, -0.884867218463655, 0.5790114583894965]], [[0.31594676137336325, -1.0625116099898257, 0.13316862924667483], [0.30161952096242706, -1.1478865871496846, 0.12216445112257857], [0.22778925674109862, -0.8373213754541862, 0.18962376125084263]]]}