{"bodyId": "h0", "timestamp": 1645465938220000000, "continuousState": [[[-0.00897252734456544, -1.1266364222980094, 0.8244086167799529], [-0.11738887530608044, -1.1596918801594922, 0.7457384060065613], [-0.09476088139264893, -1.0355719713680545, 0.757040214234541]], [[0.13175318262940272, -0.9792006931410562, 0.7919023787715962], [0.004784223728464432, -1.0983341708483496, 0.7468299396641362], [-0.0010586092125495217, -0.8761576806219074, 0.7416163248531685]], [[-0.08591216645304278, -0.9585166057969139, 0.7465288588853066]], [[0.06541495154882976, -1.0705575753568368, 0.6787835969182991], [0.044593951090422246, -0.9323491560841568, 0.4976180758133084], [0.08668161999297408, -0.8719638379489563, 0.5283307606479757]], [[-0.18628584799378306, -1.0265060094948564, 0.6629998702144757], [-0.238313660869102, -1.1103602141895814, 0.5925821282108492], [-0.1899229507725566, -1.0294778906214155, 0.5694704501039495]], [[0.10836574582480696, -1.0674988822171274, 0.4487793596286216], [0.15605615005479023, -0.9151657936325248, 0.3321946067683248], [0.222756484929024, -0.8739736897282333, 0.25180339909562444]], [[-0.4362066291000557, -1.1348661661651636, 0.5381416364608254], [-0.48337051367701783, -1.0895704540692683, 0.42156879801834357], [-0.4350966175446149, -1.1105215912419446, 0.43839643130734174]], [[0.04138036486661123, -1.1457652899782458, 0.3116537681555307], [0.25680198467998194, -0.7999987291694426, 0.06910365354362114], [0.24998311982798427, -0.7303966572730661, 0.05353530240517235]], [[-0.6499712578658817, -1.2229788819637135, 0.41157541280035503], [-0.7109030966913632, -1.2245944545814318, 0.3101066614156949], [-0.6655009405515322, -1.1806425950179806, 0.35822187412884665]], [[-0.025790131320956533, -1.1983453296217763, 0.16555567391216686], [0.003367196787700144, -1.1435557582771132, 0.09489985981628513], [0.004991497424624347, -0.9919833274860161, -0.0005433981217333184]], [[-0.20102127952036208, -1.1452421967215043, 0.15078751590468542], [-0.19096146472666253, -1.2024986218534803, 0.10363577744723451], [-0.2312195069506663, -1.0068997359995218, 0.08721052485303782]], [[-0.12424054197169243, -1.253519394382093, -0.20355138515692772], [-0.07965274152308288, -1.045398182812967, -0.43728702539175357], [-0.2552908064147974, -0.628653899104284, 8.960345061259645e-06]], [[-0.20120715144929302, -1.2593601760580873, -0.3587938106574522], [-0.20186967523910693, -1.3319121888113978, -0.2389025420686275], [-0.2588083428281277, -1.0554968584934956, -0.11256843347972278]], [[-0.1184413691498617, -1.2156637324202462, -0.49174310525472764], [-0.09763297230944956, -1.0907707769246828, -0.7246441022301877], [-0.36429160613781775, -0.44092858997700835, -0.053182988344482984]], [[-0.003656028125447519, -1.1611895811371258, -0.47545003945815956], [0.02154796251549307, -1.0544439994087922, -0.6162105097391458], [-0.33818963780641587, -0.8133142380058016, -0.09586123782370604]], [[-0.06444510640342782, -1.0415487591456738, 0.6617862579769462], [-0.08299416010316851, -1.0665720664494867, 0.5687591232027169], [-0.045131450959296604, -0.9621023095616666, 0.5397030031136523]], [[-0.06043544822247665, -1.0485317924258466, 0.6708917335663874], [-0.09685985488933987, -1.0213546851368691, 0.5451001020120788], [-0.051620665389791265, -0.9507208642851859, 0.5489006053759626]], [[-0.11340570542065931, -1.1717937631716402, 0.15817159490842614], [-0.0937971339694812, -1.1730271900652967, 0.09926781863175982], [-0.11311400476302097, -0.999441531742769, 0.04333356336565225]]]}