{"bodyId": "h0", "timestamp": 1645465944719000000, "continuousState": [[[0.16213560483677736, -1.1961356526013642, 0.6552326973744974]], [[0.08857838230964954, -1.0116082188933782, 0.6742407636145237]], [[0.05029316874145856, -1.2414302911137003, 0.7274843398332481]], [[0.10004070134097842, -1.134064040449013, 0.5492317848986747], [0.09954841054386177, -0.9785739363548492, 0.5043289707526528]], [[-0.22223427658659556, -1.1747420113326983, 0.5746693661602471], [-0.15300296118643675, -1.1425474016782375, 0.6137867577263174]], [[0.1398334638248619, -0.9653343798139074, 0.29652450365623784], [0.13526187431260395, -0.8470887880022139, 0.2910199641298453]], [[-0.4599237546275673, -1.2218151443809935, 0.44764865790674313], [-0.35931653315562484, -1.1847057116435118, 0.4638948048125824]], [[0.2565309332760418, -0.7838613084749948, 0.049560934453436234], [0.23426528786748801, -0.7220447832183654, 0.06405628198549473]], [[-0.6415384452998498, -1.3235012279368947, 0.29322901148118485], [-0.5237857335185633, -1.3592018426451908, 0.3314217294490459]], [[-0.011847477802307993, -1.1504524203130488, 0.012004806644691834], [-0.02621394058386084, -1.03552152211397, 0.04832258905251596]], [[-0.1615646161562364, -1.2796186501148865, 0.09039421085576915], [-0.1934569414136229, -1.1557601133285917, 0.05343810419063022]], [[-0.06546799957764515, -1.0590323999148772, -0.49813958897889166], [-0.21545468643918309, -0.7080962464206098, -0.0034285033591533454]], [[-0.18116562501398992, -1.2415554012050922, -0.4256721021236869], [-0.2695204790488235, -0.8133991889227841, -0.002947910921280328]], [[-0.08983625742030732, -1.1163027503079572, -0.7579832024145864]], [[0.015395412621240334, -1.0927302932579908, -0.7077546539150932]], [[-0.03184970244455787, -1.1969136176987072, 0.5855733435548465], [-0.049613609448514784, -1.0320046422847227, 0.5767514871571429]], [[-0.06109678762280857, -1.1544030258908555, 0.5619505755294609], [-0.02672727532128749, -1.0605606690165434, 0.5590578642394851]], [[-0.0867060469792722, -1.2150355352139677, 0.051199508750230494], [-0.10983544099874187, -1.0956408177212809, 0.05088034662157309]]]}