{"bodyId": "h0", "timestamp": 1645465947600000000, "continuousState": [[[0.28333600935461534, -0.89943073188965, 0.7133973359910073]], [[0.16933261671331862, -0.8426358365887601, 0.8098198868228521]], [[0.3159907253991955, -0.9154989195713543, 0.8202443739744096], [0.23119794457728104, -0.9317381858334697, 0.7410849826226578]], [[0.0530920703257351, -0.8109352664881972, 0.6123080658514903], [-0.03934328628984335, -0.8969505591240798, 0.5716433005354786]], [[0.3914435325146795, -0.9969261180070608, 0.6423965127415938], [0.27596996784639755, -0.916909120875177, 0.5535075101398783]], [[0.01739124997175412, -0.9421712119930021, 0.38647187093341406], [0.05006829684610925, -1.0686060094263459, 0.43068663399919394]], [[0.47271846993655287, -1.0748420382682693, 0.3171866852725982], [0.37883944975649675, -1.0428516096947011, 0.31688774823556076]], [[0.03500847649638905, -0.9477545606020805, 0.22724775911130313]], [[0.5363546197106611, -1.096467270417769, 0.1454294209251521], [0.4846654567637707, -1.0948722341202948, 0.08862418853391052]], [[0.07220784296435323, -1.0304787694400934, 0.1521981507073582], [0.09203628210248349, -1.1202874776040268, 0.12132123521046356]], [[0.23963368760283477, -1.1773238822840142, 0.2180293618685396], [0.27526325440542354, -1.1162964582283246, 0.14003755483502256]], [[0.11373808192087187, -0.9633437706313153, -0.32358016036976056], [0.10532966905329111, -1.006962309997765, -0.28397966243096984]], [[0.2755542925812644, -1.008531259630357, -0.3721027295748438], [0.2344763288487019, -1.0458355544427835, -0.28038818843810587]], [[0.05906499385095976, -1.1006007616324904, -0.6747215728943383], [0.11454847298156157, -1.05369258068509, -0.6912697078523851]], [[0.14829140613476677, -1.1428722630782433, -0.6923748994711734], [0.2218738856820619, -1.0142337768501402, -0.7349378405489067]], [[0.2149972597597224, -0.9037415645211591, 0.6396227885266621], [0.14727105658575212, -1.008475949554551, 0.6108592654228016]], [[0.2222678014202073, -0.903930692247629, 0.6273522892965421], [0.1183133407782771, -0.9069298399996284, 0.5625754053376785]], [[0.155920765283594, -1.1039013258620538, 0.1851137562879489], [0.18364976825395352, -1.1182919679161758, 0.13067939502274306]]]}