{"bodyId": "h0", "timestamp": 1645466014600000000, "continuousState": [[[0.2888140365757231, -0.9377618368471372, 0.7710222362052508]], [[0.1865633372564796, -0.869240440024744, 0.8023083062903498], [0.1809898181682359, -0.8085049998372281, 0.745543258756815]], [[0.3123861426919361, -0.9542560169528291, 0.8283875223303676], [0.22134557529916543, -0.9793651739661957, 0.742254943719971]], [[0.07177690929325786, -0.8272759170451671, 0.6062866298041143], [-0.025724456205327706, -0.9144765998667568, 0.5753676015033107], [0.054339622584156366, -0.8699709643945529, 0.5441581382936078]], [[0.3887262392694076, -1.0225779564613289, 0.646846719348614], [0.2809590584757467, -0.9088556873433109, 0.5239003474690811], [0.29525941860511984, -0.8842508977973419, 0.5955912976740992]], [[0.02348354475815273, -0.9365608578600044, 0.355595748697376], [0.05910797198673068, -0.7516867865081447, 0.2982467464185249]], [[0.4792186076673528, -1.112760437125527, 0.3183172848093825], [0.3799629072502142, -1.0397861801571104, 0.307850623752975], [0.28611043855758433, -0.8520192319358764, 0.41429290694665466]], [[0.07996509753045944, -0.8127252809149814, 0.1061275953665215], [0.10940380563646679, -0.7382430942677218, 0.03711300280240715]], [[0.5336633972567917, -1.1106814015919995, 0.1555010176080731], [0.49361780032099656, -1.0368178182810297, 0.04746800902371051], [0.4364663589623292, -0.9221731566363442, 0.15499030128305424]], [[0.09840890055072626, -1.0363957521781788, 0.12246343031465257], [0.11029214563861434, -1.1100950963610585, 0.11481829473226401], [0.06001821957604414, -0.7719855344205006, 0.10151279246955569]], [[0.2577859467635879, -1.162580397870667, 0.1611358643658527], [0.2879507338213463, -1.1456928898827212, 0.1590340228885414], [0.2672082580684825, -0.8294978781458542, 0.07725786997916562]], [[0.12390874252186623, -0.9599154005241664, -0.34663501749483405], [0.14062687548173103, -1.0864855976437713, -0.19717078449955006]], [[0.2837593801331294, -1.0871779458297828, -0.32090719909808896], [0.24810239023416353, -1.0871207641603617, -0.2663708457393763]], [[0.0777270233251578, -1.103612289106436, -0.6875966573205312], [0.16107768097556496, -1.0871645333292044, -0.6102272588667345]], [[0.17308247956165246, -1.1372856016244595, -0.7214703270329588], [0.24246133694880845, -1.05818769601813, -0.6960953053231049]], [[0.2405994488922943, -0.9303414071014999, 0.6220413759005345], [0.13902314640986102, -0.968225543409579, 0.5850648020531031], [0.15487925536991276, -0.8527084316110796, 0.5811524388428163]], [[0.23025157428133272, -0.924926936753248, 0.6265666745763642], [0.1276173011352095, -0.9116661436050338, 0.5496339744861959], [0.1747995205946381, -0.8771109310959474, 0.5698747179838535]], [[0.17809742365715708, -1.099488075024423, 0.14179964734025263], [0.1991214397299803, -1.1278939931218899, 0.1369261588104027], [0.1636132388222633, -0.8007417062831774, 0.08938533122436065]]]}