{"bodyId": "h0", "timestamp": 1645466026861000000, "continuousState": [[[0.3133305637029764, -0.7912745245405413, 0.6373196809695336]], [[0.18597993785363237, -0.8060872497157059, 0.7804081337809565], [0.2295703813491623, -0.7897031635604865, 0.6380279146250137]], [[0.33941251886920065, -0.8553487682602603, 0.7942870721310122], [0.23777055680455328, -0.9128871282412685, 0.7427509706451714]], [[0.06720353164270765, -0.8362607290499042, 0.612115490005485], [-0.019206560882142343, -0.8936568605783275, 0.5691531726315391], [0.047673002030426126, -0.8365965955396222, 0.5500687377149139]], [[0.391911319314497, -0.9976262527762958, 0.6560006032080219], [0.2856974208891442, -0.9328062757058289, 0.5566724680262405], [0.18100592151245154, -0.7685103792226066, 0.6550626640563587]], [[0.042167609955441554, -0.9130419948979918, 0.2902391140308722], [0.06426430874602573, -0.7480861493746966, 0.29811953648979717]], [[0.4535957044160418, -1.0987553166736383, 0.3889000228760324], [0.390861889997712, -1.1273494990819488, 0.3596233799227364], [0.2825077838821013, -0.8579197994743797, 0.4131846636483911]], [[0.09130280696796444, -0.7539150165010571, 0.07177159441973191], [0.11645939284758766, -0.74789921053407, 0.028628203971043265]], [[0.5140736929589442, -1.1552636944622183, 0.20211951286204388], [0.495159581876934, -1.0326163306611218, 0.03610558823211152], [0.4124481306329659, -0.9163444867997497, 0.16527016010499185]], [[0.09479820053602295, -1.0599813669796951, 0.1513873833030397], [0.11882355434580394, -1.1277805745324798, 0.14762654960198573], [0.05300945874603902, -0.772001546617054, 0.14361194989688275]], [[0.25928690342780414, -1.1737394271270245, 0.20505859114616887], [0.28548905560063775, -1.130272130406551, 0.14697094043529724], [0.25030940736656304, -0.8080178379303424, 0.13574937222912342]], [[0.1221746242007562, -0.9658299449232075, -0.3271355454499598], [0.14010535417660364, -1.0559879413065731, -0.22294027890229517]], [[0.30776499721376693, -1.0380134943040018, -0.36837590345563886], [0.26280000583632235, -1.0687242922137747, -0.2223918345581113], [0.15369601554416068, -0.5058882911268561, 0.0052677963338951805]], [[0.07470160780160018, -1.1109953870580296, -0.661667090239141], [0.15692471058269464, -1.0694585860804997, -0.6321355842144376]], [[0.1617689262999089, -1.1387719531927616, -0.7087591797906079], [0.2370508554093409, -1.038504601999302, -0.7095416988929905]], [[0.21908381633954588, -0.9094593919288445, 0.6407123900260789], [0.12592065195173202, -0.8858541948372969, 0.547322558268966], [0.12966081237050675, -0.8283709342694597, 0.5882918369229406]], [[0.22955742547860233, -0.9169434909131, 0.6340580466067535], [0.13324543000350092, -0.9132315681420782, 0.5629128203288898], [0.11433946177143883, -0.8025534873811144, 0.6025657008856363]], [[0.17704255198191354, -1.11686039705336, 0.17822298722460428], [0.20215630497322085, -1.1290263524695154, 0.14729874501864149], [0.15165943305630103, -0.7900096922736982, 0.1396806610630031]]]}