{"bodyId": "h0", "timestamp": 1645466141498000000, "continuousState": [[[0.31335425303305553, -1.0836909663835463, 0.6064039686743702]], [[0.1502242717581619, -1.1263192151544636, 0.79098772950599], [0.1538784909682578, -1.0229665207207796, 0.6934732593906364]], [[0.26963838117533684, -1.1984674302583975, 0.8004234970725779], [0.16961694809272404, -1.2566416436104104, 0.7237752659367319]], [[0.07971786159768879, -1.1097070627704706, 0.613273303067863], [0.1373546206077204, -1.2333622208451203, 0.5567518498473276], [0.18340061700590682, -1.1405232215941523, 0.42096718442759873]], [[0.16694817651883642, -1.4094044174461686, 0.7295916686669024], [0.08810378164301136, -1.4591722744794362, 0.6364967894082333], [0.12339146689906744, -1.3315053690767291, 0.634132456711623]], [[0.043545544094107824, -1.0956300127839251, 0.37733563168391715], [0.1697709626030065, -1.4075111841850196, 0.41459099003961675], [0.17812655597833094, -0.9331485724995804, 0.24017366627570103]], [[0.1509421824815972, -1.643256192147093, 0.5956298052357656], [0.024345243460452304, -1.688800788479543, 0.5090093797053759], [0.08147770729540527, -1.5480370873903788, 0.5215000600110702]], [[0.11515518949306447, -0.7718060057391591, 0.06087297675314307], [0.21516010147445758, -1.1933292548913261, 0.33684964583378196], [0.11763850191921144, -0.7604928343670324, 0.053746015649733025]], [[0.14209543131541347, -1.6886622309684973, 0.4643096759582388], [0.09131485480790746, -1.6355560240428082, 0.28681288297387275], [0.06798397698179315, -1.3646733028324398, 0.38514573566677346]], [[0.05782446076724235, -1.3425619525415908, 0.16250050391517967], [0.23043681101991803, -1.4999752322960431, 0.22516651075363192], [0.1218426003792743, -1.1435081841737766, 0.07575560299173767]], [[0.1433644893396735, -1.4860032619035966, 0.21651218880072043], [0.1623887823618556, -1.6072403119512928, 0.26050495491994197], [0.07410688593024939, -1.3243733770405586, 0.025163474135125763]], [[0.17516591631711687, -1.354020976939106, -0.22469128236698133], [0.2490443514066656, -1.357017904398609, -0.20052463969123302], [0.20221568586986316, -1.1757294338032234, -0.28626754275450017]], [[0.17976738730203923, -1.4575756811924894, -0.2575531305137888], [0.16021850170773577, -1.4617708066496191, -0.24307686665100625], [0.05488452327237714, -1.1864303521497348, -0.2151528079553896]], [[0.0959241645523522, -1.4502821762370595, -0.516655847427407], [0.1654291378637336, -1.3627718653503766, -0.6365367958780317], [-0.15533103872613685, -0.5347306892292302, 0.014574926655753218]], [[0.09453620980363386, -1.489466110953746, -0.6665020194288653], [0.13281616449454947, -1.4366382224343694, -0.6698516723324174], [-0.2101573600386173, -0.6929001296488061, -0.01116833833601616]], [[0.11002836960187923, -1.3069536087082048, 0.7004873535711806], [0.11917571346070976, -1.369089164786697, 0.6098092885151931], [0.09821172624580043, -1.1756334632358585, 0.5521327366853623]], [[0.1233330190582626, -1.2595557401083197, 0.6714324858673827], [0.11272920112536589, -1.3462672476622783, 0.5966243196277805], [0.15339604195248713, -1.2360142953354407, 0.5275498205696109]], [[0.10059447505345792, -1.4142826072225936, 0.18950634635795005], [0.19641279669088682, -1.553607772123668, 0.24283573283678694], [0.09797474315476185, -1.2339407806071676, 0.050459538563431716]]]}