{"bodyId": "h0", "timestamp": 1645466146255000000, "continuousState": [[[0.26315029177123017, -1.0375083479094716, 0.6212366563184732]], [[0.14622687175082366, -1.113099059765799, 0.7926779403296265], [0.1474667362023836, -1.0260108835110895, 0.6937139876369992]], [[0.266115113260346, -1.1845560438060114, 0.7959959947512907], [0.16443062672850195, -1.2415207328522064, 0.7217896751851268]], [[0.07078045728378252, -1.113588707794297, 0.6187752976825427], [0.12833052457649424, -1.245154754787811, 0.5654546079780576], [0.16154158852173928, -1.1327280560292698, 0.4372309164695861]], [[0.1512244046975202, -1.4125959689192, 0.7314328070019256], [0.08362477884966169, -1.4496374476708342, 0.6357561845214029], [0.10406990667307325, -1.3110692412464213, 0.6429090002521843]], [[0.11523730499984919, -0.8474467115311064, 0.1300261888537706], [0.15524860033391302, -1.4171018758778418, 0.4210668901262471], [0.17312955680166908, -0.9256949021033319, 0.24498251158382578]], [[0.12800506242616316, -1.6772792451957894, 0.5912213613029218], [0.017179120553916905, -1.6862114730906146, 0.5101022509941311], [0.07180665088318183, -1.5464572743955907, 0.5239925025853883]], [[0.09775617905588507, -0.7294130333336291, 0.021753446290883938], [0.2008801581272835, -1.1804989004762771, 0.3225842163278021], [0.09992728297636577, -0.7362222343401442, 0.06631727685845479]], [[0.13717575121904824, -1.687340271747743, 0.45119369465246106], [0.08414882201077356, -1.633841135370756, 0.2885495500461094], [0.07709867698783879, -1.3820717312694644, 0.3859022374703631]], [[0.04905856170903533, -1.34390456641643, 0.16028554532810313], [0.22155817756517837, -1.4830112720042985, 0.19859926777340853], [0.1107914393499061, -1.1388260280427285, 0.09982393760600439]], [[0.13801085207790165, -1.4922704029984435, 0.22523407168070708], [0.16499448857670806, -1.6156536639929207, 0.269061006004764], [0.08316868884801609, -1.3505781361152405, 0.07668147409098847]], [[0.12272144754581416, -1.4240993567031741, -0.08967176233368557], [0.2512811672977322, -1.4155222525493047, -0.1484285120107488], [0.14016159672151018, -1.0751221478547217, -0.18248817741170942]], [[0.19540861876020887, -1.4267040870005325, -0.29173748104730457], [0.15985637665159425, -1.4618094060130102, -0.24288246351283338], [0.12489541987836805, -1.3108038886224436, -0.2742815842711752]], [[0.1212822548018111, -1.416246972367387, -0.5702185998930711], [0.17380739171055581, -1.3861750158736585, -0.6124226689176009], [-0.1535395470106118, -0.5703486181090494, 0.003174935655647304]], [[0.10394447974240406, -1.4776679780148232, -0.676984374760675], [0.132600548381685, -1.4359751248286505, -0.6706127115895815], [-0.18440618214860083, -0.7382239969102911, -0.03763665953220774]], [[0.10259767913345591, -1.2797033978701782, 0.6895945344415519], [0.10814052648981226, -1.386404978194956, 0.6199271198110706], [0.1002574110019705, -1.179924713014704, 0.550560004234669]], [[0.11100243099065135, -1.2630923383567485, 0.6751040523422341], [0.10597765171307796, -1.3473961012293225, 0.6006053962497302], [0.13280574759740627, -1.2218986486378456, 0.5400699583608852]], [[0.09353470689346849, -1.4180874847074367, 0.1927598085044051], [0.19327633307094322, -1.5493324679986096, 0.23383013688908627], [0.0969800640989611, -1.2447020820789845, 0.08825270584849643]]]}