{"bodyId": "h0", "timestamp": 1645466151414000000, "continuousState": [[[0.06485584804522387, -0.006822249243244816, 0.08801709320746576]], [[0.1649613084985923, -1.0958702666343045, 0.797427067027888]], [[0.2893651175490596, -1.181661811142659, 0.8054720439730643], [0.18708800894441519, -1.2147869018686894, 0.7241745352961203]], [[0.08867215063696743, -1.098282734176401, 0.624365651264001], [0.14931908767358598, -1.2406021858858924, 0.570852936845878]], [[0.16644226471106383, -1.3934942252998233, 0.7340110952896257], [0.09400552730866812, -1.4369720463819453, 0.6393028188121151]], [[0.116239628172769, -0.8363348217982296, 0.09313738859507037], [0.1571762134220469, -1.412449935521071, 0.43243234280838316]], [[0.14099087643620245, -1.5758026475846791, 0.6029339284102242], [0.027809850563030092, -1.674722699479412, 0.5016748123029389]], [[0.09417127271817094, -0.7222792885571261, 0.028922781699642908]], [[0.13696421950371873, -1.681797161494421, 0.5132041548729545], [0.10007353318312051, -1.6046227236174146, 0.2743550147520456]], [[0.062495266105238145, -1.3171320453455642, 0.19504339995734998], [0.24221419675018396, -1.4285125153704057, 0.15729687418183835]], [[0.14946258926005174, -1.4774273649352958, 0.2680203967896264], [0.17599951559942706, -1.5839899045093837, 0.24910330618577314]], [[0.16952700400448595, -1.3225221011444654, -0.25211862727552625], [0.21369793559307948, -1.401371080879023, -0.25934751224448915]], [[0.3026992143616968, -1.385426220199675, -0.4003384393703475], [0.19343884662272515, -1.4127764233006774, -0.2823351331425995]], [[0.10304508063258888, -1.4251782733760199, -0.6335875286189603], [0.1626619834251658, -1.367641915340417, -0.6579623627374419]], [[0.12912982667979112, -1.4857410701861233, -0.6771131370580474], [0.12988231097514646, -1.404613366867017, -0.7145481583811857]], [[0.11706377784560112, -1.2888566886772161, 0.7069878156168294], [0.12784923109995705, -1.3493661745221608, 0.6094235342267704]], [[0.12755720767401563, -1.2458884797381122, 0.6791883732768134], [0.12166230749112705, -1.3387871161339189, 0.6050778778289966]], [[0.10597892768264494, -1.39727970514043, 0.2315318983734882], [0.2091068561748055, -1.5062512099398946, 0.20320009018380575]]]}