{"bodyId": "h0", "timestamp": 1645466159119000000, "continuousState": [[[0.2819087905918214, -1.0641120113391929, 0.6179784349922968]], [[0.122774180013075, -1.115673273177605, 0.7777799459520516], [0.1385094320941067, -1.0249816086996342, 0.6817341598998355]], [[0.2526975937808617, -1.1745945757663483, 0.8019648834257851], [0.14649646621741547, -1.2347976931667652, 0.7420962396693649]], [[0.06828374801668424, -1.1182788462802933, 0.6221075504721758], [0.12047520531232803, -1.2524770753968233, 0.559926122374405], [0.16360894319334363, -1.15144205783511, 0.4225046993155612]], [[0.1398208053388924, -1.4189970564472243, 0.7391086465853369], [0.07850980764754573, -1.4523089870449781, 0.6410482706863764], [0.09735808459933715, -1.2983940604337905, 0.6474754543837518]], [[0.11481199746946169, -0.8481813183455689, 0.13061038328599084], [0.15796266717440693, -1.4191327338959718, 0.40983929365939953], [0.18122753966715566, -0.9623607221066299, 0.23451103214580216]], [[0.1314798257613864, -1.6259301482180444, 0.6074269010580726], [0.005915359186185909, -1.6846986494258849, 0.5039772824215616], [0.07267578552232135, -1.548176733656217, 0.5234247059721994]], [[0.09754975561603219, -0.7328787020538621, 0.03430250213827146], [0.14681345388467898, -0.9376430730849972, 0.14149797469952663], [0.1280441212705994, -0.7637597402704742, 0.03945353889663894]], [[0.13347819924731397, -1.7030711699471257, 0.49549375080654956], [0.08306983552095337, -1.631942843438322, 0.286442843907619], [0.07154581770116453, -1.3871669897486856, 0.3945966262192787]], [[0.04605226237825433, -1.3601668146265278, 0.17557938926317007], [0.2199028029692323, -1.4918828165621933, 0.19736085885295873], [0.1113192953760469, -1.1394584265324679, 0.09910977022789214]], [[0.13464054252854096, -1.4968070795602444, 0.2309082396752946], [0.1602437464366181, -1.6169398154320644, 0.26719645121346625], [0.08247011490179768, -1.3504718156013338, 0.06742680774865994]], [[0.16065358308321387, -1.3736574313770042, -0.18159093822523786], [0.25406697107186366, -1.4274726718205728, -0.13401555932420994], [0.178785440831418, -1.1363777864351559, -0.22411970205880916]], [[0.16119528870455957, -1.467874185642912, -0.24330096505212873], [0.1476968342586702, -1.467807929869211, -0.2352692280959019], [0.102324939439431, -1.287994010525526, -0.2524887323031717]], [[0.12243202535329212, -1.4284536089550584, -0.5563198541500964], [0.18030298195086414, -1.4146538802890196, -0.5588211777200256], [-0.14776636117440356, -0.6027436592657993, -0.022493865490211706]], [[0.10840908723878384, -1.4715608559242455, -0.6905179306110427], [0.13568148237443323, -1.4456440127868797, -0.6553007423443034], [-0.21631764659778763, -0.7204019622343875, -0.011451327272758993]], [[0.08834374640932874, -1.2916991121160588, 0.7011064892223673], [0.10581413165139286, -1.3957070811057084, 0.6237807830108438], [0.08289442079822185, -1.1633480333128996, 0.5594170720846977]], [[0.10405227667778832, -1.268637951363759, 0.6806080985287564], [0.09949250647993688, -1.3523930312209007, 0.6004871965303906], [0.1304835138963404, -1.2249180591344504, 0.5349900768496565]], [[0.09034640245339765, -1.428486947093386, 0.20324381446923234], [0.1900732747029252, -1.554411315997129, 0.2322786550332125], [0.09689470513892229, -1.2449651210669008, 0.08326828898827604]]]}