{"bodyId": "h0", "timestamp": 1645466197845000000, "continuousState": [[[-0.2558646127055312, -1.1812672693026385, 0.6719007140388158], [-0.20965362778946828, -1.0837888460512497, 0.7080375515252362]], [[-0.1253280214617708, -1.1336006689906009, 0.7108527595197092]], [[-0.19725425233547111, -0.9651676204243986, 0.7558358023586645]], [[-0.06498378593507692, -0.9248921735943358, 0.5024731139134273], [0.009786266085649808, -0.9231967805994504, 0.5380120014289773]], [[-0.3330755808657973, -1.1261159023626082, 0.6243834550483289], [-0.2872243615452381, -1.0580665828593827, 0.5706070668560086]], [[0.03945190199411053, -0.9141618722373888, 0.3027120719429337], [0.07392889391885737, -0.8540166214527349, 0.2993936529573341]], [[-0.6604655036996852, -0.9906559193756608, 0.34831425346286227], [-0.5264702643442816, -1.0683384699622924, 0.4460547740210338]], [[0.12396546493713356, -0.8211579862317708, 0.07827437778876689], [0.12146065882869639, -0.7547644660984966, 0.04723088367309469]], [[-0.7766061055049207, -1.244271215454955, 0.3038256613493999], [-0.7384973466349056, -0.948766357359287, 0.5076568882431209]], [[-0.10446298843604718, -1.127603988647399, 0.09528985090820163], [-0.141717097853296, -0.9088994458288702, 0.050800774009816974]], [[-0.316972119470078, -1.1514237597875716, 0.08543289137055554], [-0.3305708224258973, -0.9484663321548761, 0.08423938638034534]], [[-0.16783025880161384, -1.0298434806599064, -0.3884186986832685], [-0.31324917405662855, -0.5430319164221242, -5.865827381357214e-05]], [[-0.36425227724426157, -1.1004526090529585, -0.3737329133624687], [-0.34984670366184834, -0.9891500870687462, -0.29029214433681116]], [[-0.18851393085176182, -1.064900277111982, -0.7474746868970154], [-0.3098510511609899, -0.3917527473785707, -0.2114846268253211]], [[-0.29151933589127443, -1.0660885561985802, -0.73527746164353], [-0.36878697313422626, -0.8849215618598336, -0.5535671816521385]], [[-0.17439827574614242, -1.0998855910538854, 0.6007548741847051], [-0.14388865146168983, -0.9757636255888169, 0.5540359253712809]], [[-0.1990296834004371, -1.0255040379784721, 0.5634282844808781], [-0.13871904772979415, -0.9906316817294165, 0.554309534142493]], [[-0.21071755395306258, -1.1395138742174853, 0.09036137113937859], [-0.23614396013959665, -0.9286828889918731, 0.06752008019508116]]]}