{"bodyId": "h0", "timestamp": 1645466240993000000, "continuousState": [[[-0.1843194298032787, -1.12385027597213, 0.7533812949049863]], [[-0.055517816434011436, -1.0756643793588379, 0.7722931961382538]], [], [[-0.02439396876343647, -1.0018235639687316, 0.6200246699235212]], [[-0.3499212553276533, -1.009301263178406, 0.6830104430767465]], [[0.042891688403665196, -0.9789117343500684, 0.39597943230737065]], [[-0.5396910156392662, -1.0765719772217068, 0.4979202675420029]], [[0.04811906098835306, -0.9091358986547451, 0.21377523512637353]], [[-0.7007010354950566, -1.248041658468681, 0.41879093977558934]], [[-0.19397851128756394, -1.170929405487566, 0.1860960744616209]], [[-0.387361965123565, -1.1147786021529804, 0.18592529317123807]], [[-0.1271212044260035, -1.1171348284268137, -0.3876188048882314]], [[-0.33036292251456345, -1.053384170213922, -0.42561819909906284]], [[-0.2649228700569327, -1.1580364936940415, -0.692991968062443]], [[-0.289981741533448, -1.1749021309306609, -0.7248675821956037]], [[-0.21526291858726365, -1.0408565300651762, 0.6692820187726556]], [[-0.18715761204554487, -1.0055624135735688, 0.6515175565001339]], [[-0.2906702382055645, -1.1428540038202732, 0.1860106838164295]]]}