{"bodyId": "h0", "timestamp": 1645466243070000000, "continuousState": [[[-0.19673159777159788, -1.126309350404605, 0.7536426138605037], [-0.2856966450931073, -1.1644958933987595, 0.6642819695962385]], [[-0.09333224299545972, -1.1227108745020338, 0.8003888189837516], [-0.16089013618263193, -1.1274387421102747, 0.7111973445195483]], [[-0.21520771779318254, -1.02679432355131, 0.8165186940519453], [-0.2281700026515321, -0.9903746725613702, 0.7429984393990878]], [[-0.03230457694373884, -1.0174945315124684, 0.6244430567642933], [-0.08172562798513378, -0.9587787745134924, 0.5183418834321825], [-0.06966649477628628, -0.8291819733123101, 0.569723871623848]], [[-0.353475932978069, -1.0179050891514265, 0.6828288147589401], [-0.34936704447696276, -1.1226849395280976, 0.6188166939170496], [-0.33563982976752416, -1.0139404740911793, 0.5701218208978837]], [[0.016215594612980833, -1.0008895014930368, 0.4050063755774449], [0.02929584718948436, -0.9822490884902948, 0.3495181168737549], [0.06921934287686593, -0.8611248247287192, 0.266878738891701]], [[-0.5386611146628322, -1.0898406074062237, 0.4999046683393995], [-0.6545593943403218, -0.9989034610559129, 0.32898914872442386], [-0.5203601236933271, -1.116797228439105, 0.37835720981927046]], [[0.04270477032603981, -0.9071036150012812, 0.22438542590106114], [0.109853793423212, -0.7986117226426357, 0.06728598615818715], [0.11235863900809617, -0.7536027885005199, 0.051306840097136486]], [[-0.6950618783536118, -1.2416580054004496, 0.415861347457088], [-0.7660842394933314, -1.2562712795482853, 0.313004382905127], [-0.725863746469781, -0.9965458080340668, 0.47563772897429757]], [[-0.19318378189348545, -1.1688168521806268, 0.1839813035073974], [-0.1852228719692478, -1.088160702586865, 0.060048826376783326], [-0.18951480740978022, -0.9109496624232771, 0.04300557434612817]], [[-0.3884277745040481, -1.1198879329071256, 0.19121205915449546], [-0.3420876124644675, -1.1813090157544872, 0.10149768982712581], [-0.34432441919683876, -1.0774840396583147, -0.012350398743912416]], [[-0.1339459643943719, -1.1341658268760961, -0.3627852174545432], [-0.1908618452304759, -1.1362620795945135, -0.29241919995534915], [-0.33614610575775916, -0.4256057982605306, 0.032048601314912384]], [[-0.3282184750932696, -1.0632134981093937, -0.4301129399822554], [-0.3071177695382389, -1.1542591286769481, -0.29905097644789436], [-0.33836916816225926, -0.9536502658040709, -0.33325562265344744]], [[-0.2746000361179084, -1.1632058458191021, -0.6750572029213522], [-0.1828969746371537, -1.075690291690515, -0.7455967457806668], [-0.3114941014304311, -0.392605902372162, -0.26631691820115]], [[-0.2934110448826298, -1.1794473972917796, -0.7302994031987264], [-0.24778101330153912, -1.115131845413836, -0.6595494333968785], [-0.32748510602525527, -0.8225608679647096, -0.5666909252803081]], [[-0.2204389307702429, -1.0525197537382214, 0.6713976752847881], [-0.20832805141051258, -1.0861062849554994, 0.5921757488852595], [-0.21235817823670589, -0.9106587558008764, 0.5795510867688555]], [[-0.19289025496090392, -1.0176998103319475, 0.6536359357616167], [-0.21554633623104827, -1.0407318570207948, 0.568579288674616], [-0.20265316227190522, -0.9215612237017448, 0.5699228462608659]], [[-0.29080577819876674, -1.144352392543876, 0.18759668133094642], [-0.26365524221685765, -1.134734859170676, 0.08077325810195457], [-0.2669196133033095, -0.9942168510407959, 0.015327587801107878]]]}