{"bodyId": "h0", "timestamp": 1645466249234000000, "continuousState": [[[-0.09664583107317337, -1.1351873971460233, 0.7615644261813512], [-0.21875698045163594, -1.1491636837537926, 0.6712641631515359]], [[-0.10242410086278436, -1.084139295486416, 0.7066749133180084], [-0.0873175076324958, -0.9323990651883948, 0.7199221951051477]], [[-0.16216772753546166, -0.980329070274985, 0.8070247026223702], [-0.18691571956176, -1.0050003810811607, 0.7303657288730936]], [[-0.051567282216559984, -1.0614270358582458, 0.6537596990546677], [-0.08637424979263131, -0.941743554439537, 0.5028366323373015], [-0.040411120892778096, -0.867050728230196, 0.5488935649966]], [[-0.3403936595520427, -0.9885520091863529, 0.6680891758974603], [-0.37928021359303, -1.068766536084944, 0.5916322066036752], [-0.307728100418142, -1.0465206168898193, 0.5658089196196077]], [[0.020554476289163626, -1.0112053510009869, 0.42501255447246655], [0.002557071264159494, -0.8881307550695208, 0.2836631755937091], [0.03851857707925577, -0.814325288304556, 0.298378798753956]], [[-0.5410209267560776, -1.0918761278885674, 0.49558332114263615], [-0.6637968760154628, -0.9984591373558864, 0.33399014931046445], [-0.5261994470983635, -1.0948796488795622, 0.3898394522740023]], [[0.057984259409094685, -0.9100378304215604, 0.2274686594289792], [0.11992683441161478, -0.8031074734475154, 0.06534218553409255], [0.10785774632043221, -0.7474489041382222, 0.048664000594750956]], [[-0.7008207550821385, -1.24886530542362, 0.4194975564740966], [-0.7707048228780065, -1.250902164604645, 0.30893185573790527]], [[-0.19789382499887426, -1.1937273690183092, 0.19881428517808541], [-0.2077818339935259, -1.054488449008654, 0.028787067221353047], [-0.20322059377937285, -0.9141502455875897, 0.04682230549040978]], [[-0.387455434543704, -1.1314607519646305, 0.19163641731015413], [-0.3479822164836043, -1.184768241378754, 0.10116105870061554], [-0.3844898194581634, -0.9641057034893157, 0.07955600653932438]], [[-0.13056315670396235, -1.1215285530052652, -0.39294747723662793], [-0.18912515917596884, -1.1424964207236763, -0.27541133490011416], [-0.3300666366403002, -0.5130801512190255, 0.016741614827676554]], [[-0.3371253001198894, -1.0898535136518532, -0.4039097541262835], [-0.29720118038733856, -1.1882070648405942, -0.26657781355020105], [-0.34970061690787135, -0.9732721307851928, -0.29687144869219595]], [[-0.23391276359449176, -1.1513074510241859, -0.7036042600709989], [-0.18474266391478877, -1.0714976871620614, -0.7512544888789786], [-0.3411523362883755, -0.42229896495779373, -0.14620850905496763]], [[-0.3001435152965283, -1.1729040249480782, -0.732409030933389], [-0.2473008114159876, -1.1179469899473975, -0.6443739219890536], [-0.33561531759179, -0.8147890648663405, -0.5164170494736741]], [[-0.19797486960805882, -1.0203872213754663, 0.6520050758742704], [-0.18755881901733673, -1.1026966708161183, 0.6043530163868216], [-0.16592305269264818, -0.9781910634929871, 0.5443891995348065]], [[-0.19598047088430134, -1.0249895225222994, 0.660924437476064], [-0.23282723169283065, -1.0052550452622406, 0.5472344194704883], [-0.17406961065546006, -0.9567856725600077, 0.5573512423081038]], [[-0.2926746297712891, -1.16259406049147, 0.19522535124411977], [-0.2778820252385651, -1.119628345193704, 0.06497406296098429], [-0.29385520661876813, -0.9391279745384526, 0.06318915601486708]]]}