{"bodyId": "h0", "timestamp": 1642439422260000000, "continuousState": [[[-0.21488676108994004, -1.1250882713366646, 0.6175237042983373], [-0.13927739520624316, -1.0849976471546272, 0.6004768280355857]], [[-0.3784177250779531, -1.1629573113702636, 0.7474891636480531], [-0.2583724254076234, -1.093798799248908, 0.6548049291703743]], [[-0.27479610489715156, -1.2133716082594452, 0.686647843528204], [-0.25692409925484766, -1.1976375835978204, 0.7169823820198816]], [[-0.2822018922954069, -1.1539804409278598, 0.5163875917765859], [-0.41659190368786303, -1.2013276005840021, 0.6296449900852816], [-0.21237476712870518, -1.12088028745145, 0.45727416205258387]], [[-0.4879183470099255, -1.3601328129940407, 0.5177433969038205], [-0.427941389681653, -1.3918299158219265, 0.6039640525630282], [-0.3507246747664454, -1.3843623506198122, 0.5687877607979172]], [[-0.24064283770339373, -1.067948053428132, 0.3521845397765393], [-0.21249105308254967, -0.9300667481126357, 0.24511680551585613]], [[-0.4718347777680853, -1.5572333006153798, 0.3061581376943652], [-0.430988519130695, -1.5344709821331661, 0.36469291561815664], [-0.37857338565227683, -1.4728738862488926, 0.3588904114031911]], [[-0.22579247420662196, -0.7821329770990282, 0.03152323445663696], [-0.22234584225929688, -0.777988426618679, 0.04218093676903634]], [[-0.25598272677381917, -1.489950896945041, 0.2533270928803031], [-0.22758941446277792, -1.4967006735624455, 0.35659539412499097]], [[-0.21477236586437076, -1.3314766625835646, -0.017947178122762253], [-0.4543521149779979, -1.510496136528003, 0.31015379074660854], [-0.2570904931061233, -1.2231683581242794, 0.04951712678655029]], [[-0.33422242177577366, -1.4838514080654415, 0.019576981625906154], [-0.40518069923683897, -1.5482371606405994, 0.278395198133654], [-0.3266036523853437, -1.41093700205572, 0.033423489758893976]], [[-0.2491957971413793, -1.3945278984746, -0.4067090895508694], [-0.3934271368007287, -1.5489441986478985, 0.07580470388373683], [-0.23582572322166728, -1.2880162993184774, -0.289016177195494]], [[-0.3211774275402277, -1.5073687370418933, -0.42667667083962457], [-0.2729559703299793, -1.6081042662039005, -0.1646386446717938], [-0.2786867148634573, -1.3776276713102675, -0.2571887842010626]], [[-0.2985024503635033, -1.3910036464255537, -0.7889568247614778], [-0.3436290772352304, -1.5057843719366009, -0.4936242934425089], [-0.26393314394544176, -1.3639553254482197, -0.7028482145888781]], [[-0.33649171561623537, -1.5605425638824417, -0.7994331060048189], [-0.3296623456199772, -1.608519157892213, -0.6429477892587068], [-0.32743321174668594, -1.4122712012678413, -0.6366412078871293]], [[-0.3806905886872844, -1.275062660679107, 0.5143356797241865], [-0.42264875281121306, -1.300724550140541, 0.6171050213932071], [-0.2919597499818112, -1.2087327213753867, 0.5145993611538912]], [[-0.3850601196526662, -1.2570566269609502, 0.5170654943402032], [-0.422266646684758, -1.2965787582029642, 0.6168045213241549], [-0.2815497209475753, -1.2526213190356312, 0.5130309614252505]], [[-0.2744973938200722, -1.407664035324503, 0.0008149017515719503], [-0.4297664071074184, -1.5293666485843012, 0.29427449444013126], [-0.2918470727457335, -1.3170526800899998, 0.041470308272722134]]]}