{"bodyId": "h0", "timestamp": 1642439426280000000, "continuousState": [[[-0.23607677352290862, -1.2960247838221088, 0.6473074436173621], [-0.22302152408456954, -1.2562986068694122, 0.6765131237468858]], [[-0.18314385199674044, -1.162092992166084, 0.6863137469632311]], [[-0.3820365309065866, -1.2888452584954233, 0.6988256129002646], [-0.3590900384387872, -1.2541744749398507, 0.7184371835185672], [-0.2837281699931593, -1.2334473764102292, 0.7146404749196733]], [[-0.2639458306893896, -1.1991490833046379, 0.5438194850948979], [-0.4159954390022246, -1.1996655759353632, 0.6283967607192237], [-0.23480269471105286, -1.1396555832513944, 0.454247835330052]], [[-0.47384542864806545, -1.4095851540341549, 0.5427969629567513], [-0.4473340658576191, -1.3886025032631681, 0.6055887887193742], [-0.37143486836725936, -1.416387313982632, 0.5617544028071237]], [[-0.23514166356377875, -1.0941024778470436, 0.36178128658358966], [-0.1929993278416713, -0.9820838949531296, 0.20881860658122975]], [[-0.47016918229585264, -1.5724739621988744, 0.3192348922887862], [-0.43412294363615844, -1.5327263824912578, 0.3664461326800158], [-0.3722087181487601, -1.4660821834864395, 0.3599880288031462]], [[-0.23091644856959975, -0.7694832878757856, 0.031051954114406533], [-0.2253760775385576, -0.7725573915706225, 0.04620019376597162]], [[-0.25764086926101626, -1.4950243092690154, 0.2638701422349303], [-0.23438563575208926, -1.49757396972428, 0.35639699119298074]], [[-0.2168862624489768, -1.3382387345029727, -0.00282687464501441], [-0.45335307330525776, -1.5148791630426173, 0.3061793169105007], [-0.2530590918638792, -1.2334603904449892, 0.04379899223531891]], [[-0.3411968302102689, -1.480567140070973, 0.030874229641991047], [-0.4096881263620644, -1.5567077240192426, 0.2922208770416931], [-0.33195367267387177, -1.396206417621162, 0.04170788337054199]], [[-0.23709056616624602, -1.4150391296571923, -0.385630196526227], [-0.39796420494713103, -1.5509819512818859, 0.05719080266121446], [-0.22739835878907289, -1.3087500030219685, -0.2950186039584294]], [[-0.27344450208564863, -1.5662140746160234, -0.2999356622870195], [-0.271429417737972, -1.6061094147277242, -0.16935370301476582], [-0.2726436929281799, -1.3936015763941547, -0.2680566568082108]], [[-0.2927916439890882, -1.4012129800128723, -0.7839775720828865], [-0.34498814428697433, -1.5056854252633995, -0.5050799563447165], [-0.26366569667729656, -1.3426630130862045, -0.6774084312167855]], [[-0.35020205565975826, -1.5518294556980456, -0.8086013653407698], [-0.32675257898341936, -1.6146764382781666, -0.6377687428774881], [-0.32740249143383715, -1.4122877048079256, -0.6365218428064713]], [[-0.3626365541277236, -1.3203567661848505, 0.5433127498668135], [-0.42201082535767914, -1.2855329628693315, 0.6022167891733452], [-0.31166156829239555, -1.2554953016660195, 0.49488129215763577]], [[-0.3688956296687275, -1.3043671186693964, 0.5433082240258246], [-0.43166475242992186, -1.2941340395992658, 0.6169927747192989], [-0.3031187815391561, -1.2780214486170132, 0.5080011190685878]], [[-0.27904154632962286, -1.409402937286973, 0.014023677498488318], [-0.4315205998336611, -1.53579344353093, 0.2992000969760969], [-0.2925063822688755, -1.3148334040330756, 0.04275343780293045]]]}