{"bodyId": "h0", "timestamp": 1642439435325000000, "continuousState": [[[-0.2345547912125886, -1.2779949381430338, 0.6383313354525082], [-0.20535766603781258, -1.2576115956546992, 0.6674774185152814]], [[-0.184493073956145, -1.141884708019037, 0.6914842199788619]], [[-0.3725126693146865, -1.2763268294237864, 0.6950675965769592], [-0.33569767456455496, -1.255899728628627, 0.7256490878332662], [-0.2633393066485923, -1.2471394093499546, 0.7241254836260209]], [[-0.2760342183818997, -1.1418708871556027, 0.5115700590841343], [-0.39222644727688216, -1.1985815439934489, 0.6290846382801155], [-0.24243378765289547, -1.1060393306056309, 0.4747223878730482]], [[-0.4571872338691676, -1.4071674121788245, 0.545328957693205], [-0.43073785428481437, -1.36221352387247, 0.5867041678407396], [-0.35039159137818676, -1.3863296226260324, 0.5680556748884209]], [[-0.2486738643680293, -1.0079683329804117, 0.29908900196925226], [-0.19857616468597816, -0.9750977279040316, 0.27335789995471504]], [[-0.46049378777259115, -1.555534464253714, 0.3078787741350697], [-0.4302079895833252, -1.535671148479409, 0.37187284844661106], [-0.3816550992257943, -1.4617499711450836, 0.363543845454087]], [[-0.22966816625605135, -0.7520064622141018, 0.01983400125294965], [-0.2208099788807778, -0.7950268995801977, 0.03869341225907963]], [[-0.25540655546147095, -1.4813668724955673, 0.24590305888216202], [-0.23466942527660628, -1.4904935077336876, 0.35105761445134476]], [[-0.21925357602677198, -1.3221421470824888, -0.019512633549426672], [-0.37161761143023875, -1.5367699485051614, 0.4140108722230539], [-0.22337615973406622, -1.2844415386772479, 0.01148892506141952]], [[-0.3364481734432222, -1.4791950344262974, 0.02286813815967248], [-0.41599774009302415, -1.5578219332561918, 0.32203465428037914], [-0.31635655942073737, -1.416729929287467, 0.02826789714524225]], [[-0.2140836663193264, -1.4516027667658369, -0.3276656341625894], [-0.23270653559886845, -1.2953408677592355, -0.29451269559054327]], [[-0.26969138827625705, -1.5728133475284214, -0.29961283900881286], [-0.2742742449740645, -1.6016347043016765, -0.17127453613339438], [-0.2843339346970588, -1.3623145611520593, -0.2557383518544458]], [[-0.27275426985423035, -1.4294296766795591, -0.7162130517781258], [-0.2595977628438283, -1.3530426558083541, -0.6869247971189153]], [[-0.33929911698229787, -1.5571764466772287, -0.8073934148135238], [-0.3275692382091675, -1.6160130653919849, -0.6334743564437771], [-0.3285219872290538, -1.408860970129461, -0.6341571992310641]], [[-0.35141989071131735, -1.326353097899894, 0.5550627290407257], [-0.4130437819007078, -1.2885512434099806, 0.6086984069934172], [-0.3082703599520158, -1.2057847513139262, 0.5178147163710077]], [[-0.36661072612553364, -1.2745191496672135, 0.5284495083886697], [-0.41148215078084827, -1.2803975339329594, 0.6078944030604276], [-0.2964126895155411, -1.2461844766158316, 0.5213890313807346]], [[-0.2778508747349971, -1.400668590754393, 0.0016777523051229037], [-0.39380767576163145, -1.5472959408806766, 0.3680227632517165], [-0.2698663595774018, -1.3505857339823575, 0.019878411103330884]]]}