{"bodyId": "h0", "timestamp": 1642439544066000000, "continuousState": [[[-0.07766962547400397, -0.7620200635642083, 0.7108825943240416]], [[-0.1581325242639896, -0.7799065461034778, 0.7239800469767865]], [[-0.12620770779406232, -0.8843846439167482, 0.7384645794381861], [-0.12047775911295555, -0.8715469493353072, 0.7580820235542682]], [[-0.3427263023570744, -0.911628031903617, 0.5634645274695058], [-0.3460762103049321, -0.8175551837890129, 0.5370425741739886], [-0.25821291422294035, -0.8699468156824967, 0.5519203726695225]], [[-0.04948171228598974, -0.9263049973805604, 0.5529047504059894], [-0.019515237860709855, -0.9321460450755059, 0.5782416844167713], [-0.03926000719978018, -0.7850745101502554, 0.6099942351620455]], [[-0.270441268674905, -1.0260647796199505, 0.40950205503764403], [-0.326637587699194, -0.924120019323627, 0.42950017375296934], [-0.2198295448360983, -0.7747649354011233, 0.29915398243921804]], [[0.06349785925803336, -1.0575333464580827, 0.2942653170327678], [0.06659555317740606, -1.052300313918334, 0.340139228254134], [0.03692464605265644, -0.8536777949508904, 0.3476396029757658]], [[-0.1461949950262107, -0.6173512089148594, 0.05466650514362237]], [[0.12961452108468496, -1.0682205498200925, 0.04821009354484995], [0.1260986056507959, -1.071757751404855, 0.0950687378371593], [0.12684172991926101, -0.953171976442776, 0.08815454520554278]], [[-0.22737719337404427, -1.1257235107106391, 0.06422312040600153], [-0.2616039002722168, -1.0824548937137217, 0.13223637248296183], [-0.20888472097253807, -0.8665404290176311, 0.09827947694225725]], [[-0.022067688417635567, -1.1414001726967735, 0.11371767212854378], [-0.07480785774296228, -1.131113854409178, 0.1589933728697941], [-0.1351020008880739, -0.7108977277802072, 0.20738634417478335]], [[-0.17094864046833358, -1.1102748629706451, -0.3456017215586378], [-0.20657654188712582, -1.1427454774711838, -0.1709781152791261], [-0.3453175060284879, -0.5284920149086643, 0.022468019255627303]], [[-0.02444731658541488, -1.0956201792155147, -0.32734191459600837], [-0.042364881324490566, -1.1319292221032589, -0.23701352049033875], [-0.178030388167137, -0.548534565575967, -0.0013836854880012184]], [[-0.11828133432154342, -1.1515582050446902, -0.7271640803932303], [-0.1412876104447025, -1.1427304287574402, -0.647046963306933]], [[-0.02901300186211997, -1.0856172162505797, -0.7732906322475639], [-0.050431351064831986, -1.1694874209128647, -0.6740542824038875]], [[-0.19533410968590526, -0.9388370159432451, 0.5632883571667993], [-0.19979839593258297, -0.9110297467557538, 0.5762913853345324], [-0.1614171988960793, -0.8243218677068573, 0.5737906518387338]], [[-0.19610400732153208, -0.9189665146420887, 0.5581846389377476], [-0.18279572408282097, -0.8748506144322594, 0.5576421292953799], [-0.14873646071136026, -0.827510662916376, 0.580957303915784]], [[-0.12472244089583992, -1.1335618417037063, 0.08897039626727266], [-0.16820587900758954, -1.10678437406145, 0.14561487267637796], [-0.17199336093030598, -0.7887190783989191, 0.1528329105585203]]]}