{"bodyId": "h0", "timestamp": 1642439591904000000, "continuousState": [[[-0.06412666839768683, -1.1595260503363065, 0.6579293621399092], [-0.07973158636702837, -1.131481101259507, 0.6777081235632432]], [[-0.061603541153623764, -0.9883908949988838, 0.7048569096013886]], [[-0.21751009034976293, -1.1498841804780138, 0.6936684122402423], [-0.19065925739317224, -1.1176864931640802, 0.7219353026507969], [-0.15151873997388765, -1.0839984873937925, 0.7106456923482914]], [[-0.10972265420872196, -1.1468795442401747, 0.6067623260452215], [-0.2906391357894949, -1.0216155750157028, 0.5746128768996539], [-0.09954676499980608, -0.9704374644544705, 0.4573304139177805]], [[-0.33937617930709063, -1.2072597866707808, 0.4926728137973948], [-0.25994647147612376, -1.2145240280258767, 0.5915901879620201], [-0.20340374991743493, -1.2547082712225923, 0.581256999804998]], [[-0.09673812988290814, -0.9697401111446704, 0.4106365449930707], [-0.09270527198019018, -0.7377155783460102, 0.26100794009088957]], [[-0.29209200911903077, -1.4342483981387868, 0.31202624425572867], [-0.25352028077550426, -1.4124780023983101, 0.3690862151205905], [-0.2452677766585727, -1.261989793592462, 0.37355150352349276]], [[-0.10123526242160263, -0.6751655748004244, 0.059779369236752755], [-0.10120679426150403, -0.65362518976033, 0.04658172487857093]], [[-0.06675899569997701, -1.3785528242696612, 0.30705582541843146], [-0.05940076028997343, -1.3649060600197096, 0.36531076896592674]], [[-0.046607330964931526, -1.2211453150646276, 0.02655257554440782], [-0.2769015886091699, -1.3489369122586141, 0.21761518521348777], [-0.08104967661714535, -1.146393145347659, -0.011500803505519186]], [[-0.1817452704296021, -1.336445266144154, 0.025655864903601167], [-0.22494437425449476, -1.4192704336194915, 0.23514079677670696], [-0.18493029904653657, -1.2771147507452971, 0.04083579126894421]], [[-0.04446518585464998, -1.3392098571588404, -0.2859624873397293], [-0.22124615628926536, -1.3812145229437665, -0.06851235383533538], [-0.24211641837770115, -0.7793842319701774, -0.004607489556427868]], [[-0.08539441281273041, -1.4735711633633637, -0.2611712267292374], [-0.10232627979935227, -1.5018391357399885, -0.14928997712161474], [-0.11868902895455058, -1.2235307687885486, -0.1305843434367533]], [[-0.08208103099606845, -1.3216187883481483, -0.6985577356999841], [-0.17235575410529513, -1.3894750230667123, -0.5402357770186], [-0.2817394122715996, -0.8175932585533852, -0.2613599260441829]], [[-0.13195992238702048, -1.4580313181035778, -0.7847445915143717], [-0.12468385172741647, -1.4956709546834657, -0.6350736642223386], [-0.32578660105898094, -0.9024247971612416, -0.23627496110095214]], [[-0.19851480308875524, -1.2058135996938735, 0.5682191797209446], [-0.27231998473864644, -1.1249976357214961, 0.5922225341020522], [-0.17529962701572943, -1.0707466516791035, 0.5287548303425531]], [[-0.2245494167579063, -1.1770696654554778, 0.5497175699213082], [-0.27529280363280934, -1.1180698015207897, 0.5831015324308371], [-0.1514752574586205, -1.1125728678385314, 0.5192937068613892]], [[-0.11417630069726681, -1.278795290604391, 0.026104220224004493], [-0.25092298143183234, -1.3841036729390528, 0.22637799099509737], [-0.13298998783184096, -1.211753948046478, 0.014667493881712512]]]}