{"bodyId": "h0", "timestamp": 1642439672237000000, "continuousState": [[[0.3402104672587429, -0.9145995349692848, 0.6259565331250396], [0.33863570194219217, -0.8026493817873266, 0.5767771683714007]], [[0.1503109682575393, -0.8845806018861919, 0.6754809659351211], [0.23815422302950395, -0.8149728371837985, 0.621946600395684]], [[0.29022470436276465, -0.9613243889885232, 0.6621487692548442], [0.2785059080124739, -0.9478032175667557, 0.6960016197534562]], [[0.03396182971526296, -1.0005078379623529, 0.5129094303467809], [0.05472761192686193, -0.8992285271587039, 0.5006747401353429], [0.14469326985035313, -0.992054982751529, 0.45780606087745024]], [[0.3407615884238806, -1.1084616821309818, 0.5429775902920749], [0.3600972193647214, -1.058879777246854, 0.5579086518628877], [0.2542002442058613, -0.8603753931012462, 0.5470215966809868]], [[-0.03653904223993876, -0.7622208147104155, 0.23620930481691205], [0.10277356620467559, -0.9118297391256436, 0.1782867913421784]], [[0.5580822284878997, -1.1115178591197559, 0.306479330568292], [0.6326257424726248, -1.0924810342482245, 0.2824665286687955], [0.5373840514841941, -1.007066652129222, 0.31940451422763105]], [[-0.11574230299159183, -0.642599406609035, 0.035494744672350365], [-0.08464303371339854, -0.6570414824068298, 0.0538894490159752]], [[0.7573258779253474, -1.0431921580324444, 0.18669061676072407], [0.6071765726305716, -1.086223767431174, 0.35298282522490165], [0.7672849655626439, -0.966650813794832, 0.16366479353582108]], [[0.11173186537364854, -1.3357397898465186, 0.10307117548176814], [0.11917303836365367, -1.2332465408912923, 0.10817912873780089], [0.01757807067965378, -0.9557132922785199, 0.2150520641525484]], [[0.302159447191258, -1.3513146408633738, 0.1297004317254158], [0.2500503505341677, -1.3736054772411004, 0.2248889348198546], [0.14369076602089903, -0.8885240205808471, 0.235361405599245]], [[0.14867757539000226, -1.3517115385295693, -0.35785042089402164], [0.1490550986392949, -1.334464470575117, -0.2461444086838882], [-0.040682143945592664, -0.837281348446117, -0.006442564353758451]], [[0.3481720929649984, -1.3724319829457312, -0.34389654726370367], [0.33457805557997045, -1.3783713916477311, -0.23174711341309062], [-0.026178407454270358, -0.7017143642262655, 0.06882611989919585]], [[0.20116487075774164, -1.4147707589598166, -0.7486680347747453], [0.20413646554031595, -1.4046225229533227, -0.6580468316134017], [-0.2645163761579862, -0.5909114104921072, -0.001781800299348435]], [[0.3485073187498151, -1.4170335408856172, -0.7682757191177585], [0.3423251919548984, -1.4667802898592526, -0.6584345652315939], [-0.18622345595995116, -0.5362409329353324, 0.009898781334651663]], [[0.19001089828401452, -1.0350616231150491, 0.5187122641500834], [0.18348920569878646, -1.016127442385439, 0.5588009485856886], [0.21343563580233837, -0.9192950214047585, 0.5035358572265606]], [[0.18736170906957178, -1.0544847600466674, 0.5279435103194279], [0.20741241564579166, -0.9790541522027789, 0.5292916959991153], [0.1994467570281072, -0.9262151879263876, 0.5024138287792186]], [[0.20694565628245326, -1.3435272153549462, 0.11638580360359196], [0.18461169444891068, -1.3034260090661962, 0.16653403177882775], [0.0806344183502764, -0.9221186564296835, 0.2252067348758967]]]}