{"bodyId": "h0", "timestamp": 1642438886461000000, "continuousState": [[[-0.05189854035749286, -1.1773672358742149, 0.7739871647571026]], [[-0.016731381144514057, -1.0421577707878316, 0.7554059661022532]], [[-0.15196572339584252, -1.0485895199085464, 0.7291906965087003], [-0.1053298703270753, -1.009809705512064, 0.7316927327049857]], [[0.07343403293479778, -0.9840756065062546, 0.5059685864583463], [0.03847890562210776, -1.0723976671216224, 0.601758320199367], [0.10100767153975321, -0.9336426306519409, 0.5363765394404367]], [[-0.25995987250020436, -1.113225035694005, 0.5782996623629375], [-0.27958437881293785, -1.035864699779007, 0.5698761547835893], [-0.17170303442444146, -1.0636463834043584, 0.5525394714772104]], [[0.17067860528719075, -0.9183297073749326, 0.29331122446750846], [-0.016740515782596166, -1.1712969053331217, 0.4082449085548596], [0.21883980308670092, -0.8837046914693156, 0.24600213372627333]], [[-0.5578690424320953, -1.0255739954197363, 0.3741827743911941], [-0.5191907281698712, -1.0835738625461713, 0.4056066249554734], [-0.41941908597328403, -1.1043123780274882, 0.4438941147713379]], [[0.2754598878539066, -0.814363035957268, 0.09014442053190463], [0.2554525092967008, -0.7311089128301551, 0.053903942836361574]], [[-0.7351825046349534, -1.1706079016871187, 0.3087606112506902], [-0.7205201710613088, -1.183804316938051, 0.36546853110607413], [-0.6332591029370152, -1.1766845396327161, 0.3433072287590856]], [[-0.01877859227048151, -1.1288077154639933, 0.04332643616858611], [-0.05809724651314996, -1.2305926254442472, 0.14098457786132657], [-0.07584269220844786, -0.923009500085066, 0.0645208223997844]], [[-0.2501210108829628, -1.144591774456218, 0.028296873377690934], [-0.22137225904441615, -1.1435304241012618, 0.08613700669601698], [-0.18634582570714864, -1.1206895411062145, 0.010650969317725356]], [[-0.04233440597276994, -1.151993889697362, -0.3611553136489225], [-0.04510161807367585, -1.1643337319542935, -0.3708544942714098], [-0.31239560666352917, -0.6032283435210659, 0.005480574820245221]], [[-0.2754790232554645, -1.2168699092527644, -0.3275150282268289], [-0.2645983889110164, -1.2314263834751888, -0.26521483287683356], [-0.3365845211514309, -0.8978151914474439, -0.18202751063540878]], [[-0.07571402333243427, -1.103202104031062, -0.8423837819382645], [-0.051088543197577385, -1.1676450105652179, -0.6895915702127796], [-0.0723434700604233, -1.0420650698265561, -0.7652403184650424]], [[-0.31303457142360636, -1.0847494951864425, -0.807606716771387], [-0.2991371601009205, -1.1830565112160987, -0.6650823063976303], [-0.3428780996906624, -0.9395998366422371, -0.5649153923283987]], [[-0.07595785462381072, -1.1126764467309669, 0.5846845142085473], [-0.11862894628915677, -1.0424318803482726, 0.5760508146713186], [-0.0021874763454341473, -1.063395066882995, 0.515560661155186]], [[-0.09326291978270329, -1.04865032110013, 0.5421341244106419], [-0.12055273659541504, -1.0541311834503149, 0.5858172374914782], [-0.035347681442344125, -0.9986445070281496, 0.5444580054588235]], [[-0.13444980157672215, -1.1366997449601057, 0.035811654773138524], [-0.13973475277878306, -1.1870615247727545, 0.11356079227867177], [-0.13109425895779825, -1.0218495205956404, 0.03758589585875488]]]}