{"bodyId": "h0", "timestamp": 1642438905690000000, "continuousState": [[[-0.13408362109815664, -1.192521346882904, 0.7161983679727164], [-0.11005074820540672, -1.1537535179723832, 0.7451946092005239]], [[-0.00914180237321971, -1.0964907841579095, 0.7387928524716094], [-0.019172139310040914, -1.1006058859603012, 0.7693042688068837], [0.029101251363763403, -0.9677493709446918, 0.715363898007548]], [[-0.15511747248542795, -1.02463398115136, 0.7565584971448527], [-0.06089190516575749, -1.0340477552583391, 0.7216862304751649]], [[0.07650970732768253, -0.9968715308470653, 0.5134696653821353], [0.018451527611003438, -1.1012617314381026, 0.6219652646231757], [0.06572643110561005, -0.8815874627093343, 0.5579652590147905]], [[-0.23950124980406567, -1.1271942902189689, 0.6015982944993281], [-0.27011476598861245, -1.0348635685397243, 0.5812747063754479], [-0.1469475747707163, -1.114026243694421, 0.5334178326097218]], [[0.1670042275321112, -0.9060447502138138, 0.30009611366292077], [-0.00814305431178608, -1.1596545193958274, 0.44332258822211723], [0.21594081382416253, -0.8676942197019725, 0.24624859476864613]], [[-0.5833758665592237, -0.989908028927994, 0.3420953389282879], [-0.5214917148148166, -1.1177218685894974, 0.43768419901960864], [-0.4244163346862255, -1.0909302443069255, 0.4492930639527639]], [[0.2825063050600275, -0.8074361999724087, 0.0785391202509702], [0.2579279015079894, -0.733817903037804, 0.05168418416944409]], [[-0.7463556565055681, -1.149315032518974, 0.2932703768433378], [-0.7174516886146955, -1.1835608146788348, 0.36217582185099584], [-0.6394368036371237, -1.150916766989274, 0.3484772819286349]], [[-0.013359308191923103, -1.1435816801836365, 0.03121496652511979], [-0.04709169876989128, -1.2163366366952026, 0.1308068368519968], [-0.06105099469285613, -0.9485967830472071, 0.054881315994847246]], [[-0.2354816214727108, -1.1887673941808934, 0.05160187149394191], [-0.22423719389987484, -1.140593144956218, 0.09496440125326755], [-0.19502815422672748, -1.1027860436490737, 0.030356000678990136]], [[-0.039452017471660716, -1.1593042826673703, -0.3745373409132038], [-0.03926553159547708, -1.1558568192964709, -0.38508971055497465], [-0.3233018195342656, -0.5954480067379233, 0.014831658169787765]], [[-0.2827238165478051, -1.1955726154478414, -0.4097538588085883], [-0.26024380420618143, -1.222837611891412, -0.2790754305963734], [-0.328522640658224, -0.931880925950864, -0.2000556872184046]], [[-0.07517783407321699, -1.1261010737930888, -0.8238157334228199], [-0.05227699869689073, -1.169600835986959, -0.6860634347828688], [-0.11754974383559458, -0.9925311592307509, -0.7042207255331959]], [[-0.3124954670383535, -1.0853044539336913, -0.8068411772893637], [-0.2994418431763317, -1.183776042668685, -0.6643796497000941], [-0.3517471289337164, -0.9549242734407966, -0.5741954897086312]], [[-0.07874899249967338, -1.1053909675542368, 0.5865470147739884], [-0.1260868208241479, -1.0655164117932387, 0.589916907165349], [-0.0022012056579698847, -1.0633964140575043, 0.5155382189092088]], [[-0.08149577123819157, -1.062032910533017, 0.5575339799407317], [-0.1258316191888045, -1.0680626499889134, 0.6016199854993118], [-0.04061057183255312, -0.9978068532018777, 0.5456915458122562]], [[-0.12442046483231695, -1.166174537182265, 0.04140841900953085], [-0.13566444633488306, -1.1784648908257105, 0.11288561905263217], [-0.1280395744597918, -1.0256914133481403, 0.04261865833691869]]]}