{"bodyId": "h0", "timestamp": 1642438913127000000, "continuousState": [[[-0.05586995550370644, -1.1798764110558124, 0.7197471538192908]], [], [[-0.14853545839581145, -1.0577231222049013, 0.7459644439342458], [-0.10829458306647277, -1.0051548525016525, 0.7469538386257719]], [[0.0731412000924751, -0.9851063173677266, 0.5129553208835171], [0.06868693537034876, -1.0196671937251314, 0.5674971473780932], [0.10959114901810318, -0.946214469947851, 0.531034646481031]], [[-0.23940477864153142, -1.1142189725959255, 0.6014764012211538], [-0.26366596366386424, -1.011721815990556, 0.5725945351867063], [-0.1347388538596861, -1.1225568928598557, 0.5293068969640712]], [[0.1620191019651379, -0.9182534080230531, 0.3142267830527983], [0.23666399432165575, -0.9074017339077969, 0.23985803530017757]], [[-0.564431567667707, -1.0046303926434639, 0.36166721910894295], [-0.5190989652413319, -1.0843544485592362, 0.4065843608061921], [-0.42233634279099985, -1.0769342255558043, 0.45400293451382356]], [[0.2776333961849249, -0.8351099569690095, 0.1059696478059815], [0.2626057775969144, -0.7402215133050511, 0.05437665982920914]], [[-0.7370489587466428, -1.1597741880821548, 0.3016787541757766], [-0.7161512121376437, -1.1916661906021302, 0.3750180004347077], [-0.637526768854971, -1.159365764310901, 0.34456758091719997]], [[-0.018972180480215317, -1.1473301847619837, 0.04143123102567592], [-0.047566731932577655, -1.2169633672026647, 0.13144131041980756], [-0.022770004918963194, -1.0128213639292638, -0.005448623015619436]], [[-0.2452076107115464, -1.1684305232131544, 0.04917457588280061], [-0.22257155571737175, -1.1343775896303097, 0.08012362954622576], [-0.18715779479503547, -1.1190854338629543, 0.011720414228656884]], [[-0.04430931527437998, -1.1465717656912158, -0.3799021852021789], [-0.04412528030514906, -1.1629551945432834, -0.37349815532424424], [-0.3298156602093034, -0.5947907767571725, 0.0037721069480658453]], [[-0.2878223000749691, -1.1997381797228404, -0.39531712363281524], [-0.26935100029944903, -1.237422762313348, -0.2646282245601259], [-0.3339449032478843, -0.9192062267283734, -0.20553601263872123]], [[-0.07758955038115867, -1.11999025565648, -0.8202763493656763], [-0.0535346544478863, -1.1715694390153506, -0.6826009232338287], [-0.07332638371679323, -1.0245051364032411, -0.7499610407063402]], [[-0.31104639259676814, -1.087952789292655, -0.8024498604272287], [-0.29527791929510316, -1.17464651717263, -0.6824581787269955], [-0.36817047614799003, -0.9162945442592192, -0.534557929008787]], [[-0.07949310602886128, -1.102755339963764, 0.5851846089478279], [-0.1434239309520684, -1.0707863023214694, 0.6061906030412618], [0.009216086024692371, -1.0550013044266169, 0.5167897984506895]], [[-0.08313178927452816, -1.049662644981826, 0.5572158610523354], [-0.09748951414675774, -1.0156945048578438, 0.5700458412823998], [-0.012573852420791454, -1.0343856814038532, 0.5301707717225511]], [[-0.13208989559588086, -1.157880353987569, 0.045302903454238264], [-0.1350691438249747, -1.175670478416487, 0.10578246998301666], [-0.10496389985699933, -1.065953398896109, 0.003135895606518724]]]}