{"bodyId": "h0", "timestamp": 1642438947967000000, "continuousState": [[[0.18692408578775366, -0.8139491845067532, 0.7049152123846356]], [[0.006123230882313591, -0.9764896987028968, 0.7861706365703407], [0.0653687277344559, -0.9002088715266359, 0.7361169256465028]], [[0.14012076491004655, -0.9435080765422776, 0.785651451743739], [0.1295730665724431, -0.9393566791174592, 0.8216592672816345]], [[-0.08611189215416781, -0.9707573687217883, 0.5859719543613251], [-0.0776195726500114, -0.8492263407221818, 0.5473169387166141], [-0.03239581254727297, -0.8657327580545793, 0.5623340568846814]], [[0.23766658159161586, -1.0681459593401734, 0.6286898905480811], [0.2430089383656101, -1.0184526571823205, 0.6320590682524707], [0.23235012660064802, -0.8735803277102763, 0.6048454599574715]], [[-0.007783558591944684, -1.0539352744824546, 0.4217921386767176], [-0.05293427289042296, -0.9174277105405333, 0.36110045320389883], [-0.006237496621647853, -0.7821688957966783, 0.31395210775387583]], [[0.32036047919526467, -1.1086068215362972, 0.3611749027634972], [0.3703081416957972, -1.0756759583859719, 0.3196307864176504], [0.24016224834493172, -0.8435702890903567, 0.3676739773869079]], [[0.12661257630515044, -0.8026724755129491, 0.03114281056635282]], [[0.3603175799218912, -1.0920483116491841, 0.09068662191151766], [0.3779032740510896, -1.0558534621612339, 0.07993041462551198], [0.3606677430506773, -0.945513514084204, 0.10642203567389752]], [[0.025472215395171804, -1.073574310977295, 0.055685148778547466], [0.021802446648482188, -0.9997773864481931, 0.08855671892098793], [0.011794475283670058, -0.7989935792161005, 0.07900133524589814]], [[0.25164550031243993, -1.1656028155927531, 0.16957819901515148], [0.21939430185986886, -1.0689035523125452, 0.12506473861937417], [0.19976821385139587, -0.8129652665138207, 0.07882883061491464]], [[0.09671747322373714, -1.0517348475103416, -0.360757281329942], [0.08886706415815437, -1.0424606060316524, -0.2587311675238182], [-0.12779282342895115, -0.4950751462142491, 0.004965885488670496]], [[0.24116303634526748, -1.0230358325600997, -0.3913242582413581], [0.23382170473172403, -1.0867607014143854, -0.25065321802526963], [0.012170840305159247, -0.47378799527500437, -0.006239643599398548]], [[0.14420736583895355, -1.1091453876561896, -0.7412274520815849], [0.12174375682393013, -1.0906418258575736, -0.6408078794630983]], [[0.25640938571777205, -1.0426400062824828, -0.7793644289844727], [0.23008189971041948, -1.1154911696639178, -0.6373292447005117]], [[0.09397463092437697, -1.0638617919636744, 0.6332781291426175], [0.04836316069274205, -0.9818201349286255, 0.6152400376424196], [0.06211327504354247, -0.8317383894467855, 0.5957907123520922]], [[0.07577734471872402, -1.019451664030981, 0.6073309224547031], [0.08269468285779935, -0.9338394989522512, 0.5896880034845424], [0.09997715702668752, -0.8696565428824278, 0.5835897584210765]], [[0.13855885785380587, -1.1195885632850242, 0.11263167389684947], [0.12059837425417552, -1.034340469380369, 0.10681072877018105], [0.10578134456753296, -0.8059794228649606, 0.07891508293040639]]]}