{"bodyId": "h0", "timestamp": 1642439056038000000, "continuousState": [[[-0.09473575790739597, -0.09772503736721516, 0.12080182552627128]], [[0.043378941545479055, -1.084689434476151, 0.6771466901247206]], [[0.10097560679972889, -1.1971485907156685, 0.714233894027456], [0.07488195768876382, -1.1853190820435997, 0.7519974992327131]], [[0.06365251497475577, -1.2451731993895132, 0.5809868046959769], [0.11584185773936007, -1.1569211296790574, 0.44535571771427584]], [[-0.05551548210188767, -1.398137454133137, 0.5652974472342503], [0.00928323825900823, -1.3674209490350275, 0.6171912543683797], [0.025710573926630564, -1.365227889949968, 0.6074912145865086]], [[0.08778637325213395, -0.9397510843007824, 0.20497198233021008], [-0.10121785347080714, -1.2876861497257812, 0.5429440979476862], [0.11218668761264516, -0.932760187240848, 0.2376509988306985]], [[-0.062386137359341065, -1.5930049098309413, 0.34596505868607885], [-0.05918037960242639, -1.5590106287734333, 0.5042259174374927], [0.020515780263445027, -1.4315305452591343, 0.3763604025395384]], [[0.12142398516214081, -0.8250517645691844, 0.10877329853217654], [0.09790024958605725, -0.7523099720476123, 0.05920655415380904]], [[0.04804099654664684, -1.6060787519313702, 0.12016907317236503], [0.06891061852947711, -1.5862323855531075, 0.2239209626186156]], [[0.1449666090216039, -1.4490919794713877, 0.08101674419455573], [-0.11836537574873163, -1.4169740861891387, 0.2084232064935534], [0.04727128999792107, -1.1807943983476794, 0.10551856819042671]], [[0.06326157174997149, -1.5864158119146923, 0.1677213169758479], [-0.06543651441211262, -1.5514059222633212, 0.2664811001358718], [0.023287042260032864, -1.4196672933520582, 0.0931428922544848]], [[0.13382208152175457, -1.5378848916374221, -0.16262910521340768], [-0.010031780403343404, -1.4091604929494332, -0.19862864476938324], [-0.07563087514371958, -0.9604956957648008, -0.036389798210513025]], [[0.06977907587782117, -1.6013674566934883, -0.267301977021581], [0.07157788964713663, -1.5904886908544829, -0.19430727067370857], [0.03552487664060133, -1.3689372399133892, -0.17521509441852312]], [[0.12030485987026174, -1.579779780796078, -0.44488230711218], [-0.008895335727203468, -1.4818754418466342, -0.5831167675973246], [-0.3174312231796951, -0.6729292922144425, 0.008299932378322994]], [[0.043075558329384145, -1.6055002905244318, -0.7483472801094116], [0.029925846882574048, -1.630775193061397, -0.6412186771272174], [-0.33363805483483555, -0.7689130701278546, 0.015194315060150954]], [[0.0069051295871247476, -1.3286981545899041, 0.5797540131827146], [-0.04872617575409066, -1.2621878659437793, 0.6209887097060743], [0.04968754040957957, -1.2193197795565935, 0.5311081152528154]], [[0.00406851643643405, -1.3216553267613251, 0.5731421259651136], [0.07077621583299532, -1.2610745098145126, 0.5264234661503921]], [[0.1041140903857877, -1.51775389569304, 0.12436903058520182], [-0.09190094508042213, -1.48419000422623, 0.2374521533147126], [0.03527916612897697, -1.3002308458498688, 0.09933073022245575]]]}