{"bodyId": "h0", "timestamp": 1642439190909000000, "continuousState": [[[0.02882742701361718, -1.2468625630494985, 0.6785768916102098], [0.04097577360553517, -1.208870029463317, 0.7023821964047589]], [[0.03675139381980852, -1.089068269100143, 0.6920657960258216]], [[-0.10856141990202361, -1.2644921805600668, 0.7141911273478023], [-0.08250721278235718, -1.2266999513798738, 0.7558917621458631], [-0.04620263212131115, -1.1835314615953, 0.7285041993536584]], [[-0.027879442985322744, -1.2224860599731187, 0.5655258855412895], [0.029297632563073606, -1.145849950274529, 0.46871724200554]], [[-0.2396274151900854, -1.3543403494774584, 0.5294634796257227], [-0.10351544090337017, -1.2896445020224692, 0.5396125550533647], [-0.10441954468710302, -1.4224409541135612, 0.5480552125018898]], [[0.026815133019848225, -1.1281481170935905, 0.3469083667185646], [-0.2052956533503465, -1.2653377834577821, 0.5171959643063327], [0.03264582843902719, -0.996120768196074, 0.2250170670899584]], [[-0.22529113473793438, -1.500654057954965, 0.2577553957823686], [-0.16839482901090908, -1.5001672018063048, 0.4227728724912174], [-0.10056062737856064, -1.4626413871306343, 0.32183490714231233]], [[-0.009548414125570392, -0.783183129073445, 0.05325511612345757], [-0.04963779587233086, -0.7384589449155157, 0.06888295910067399]], [[-0.08111661852086216, -1.577587518923843, 0.09966018422083844], [-0.06660012576900132, -1.5576796064805603, 0.2042065751311435]], [[0.04012360419972055, -1.4108059625338991, 0.09272484894068223], [-0.23857069845884005, -1.4327989282543419, 0.2660928741606994], [-0.03128761749793152, -1.166130145133388, 0.08598796030809175]], [[-0.05753463145094506, -1.5356706706441225, 0.13640292210031668], [-0.16735014065090437, -1.5014136235472362, 0.24984644451904225], [-0.11401513394377738, -1.3999449295737518, 0.05631682043707498]], [[0.014124599439717, -1.481307373991638, -0.26719749451343566], [-0.15515833674265844, -1.4396245003181527, -0.0827364907537036], [-0.19113036885708168, -0.8809308664122364, 0.01721473240400062]], [[-0.05711139918803976, -1.5759802804269267, -0.3513718760444815], [-0.05892021922339552, -1.5946260962113041, -0.1957872293251688], [-0.07111862351715903, -1.361507823219375, -0.1913364926702419]], [[-0.03301451464284444, -1.4397569017213292, -0.7170277573170987], [-0.12236699164051301, -1.500578346119259, -0.5087485193125669], [-0.3210474208250742, -0.6768072334720496, -0.03530184073651549]], [[-0.083266922434309, -1.6007933694134593, -0.7979737844276233], [-0.08103916364710706, -1.6383649051604048, -0.6309690073821427], [-0.34867068376538246, -0.8877590187782116, -0.12454378533878585]], [[-0.11474827291152312, -1.3259135166344291, 0.5671159980044734], [-0.14661027592491493, -1.2199085379603956, 0.5750015832524095], [-0.05567430499338655, -1.2325252183350586, 0.5237366973242443]], [[-0.13375342908770407, -1.2884132047252885, 0.5474946825835061], [-0.037560956062014705, -1.284145452194045, 0.508386227253715]], [[-0.008705513625612255, -1.4732383165890108, 0.11456388552049945], [-0.2029604195548722, -1.4671062759007891, 0.2579696593398708], [-0.07265137572085445, -1.2830375373535698, 0.07115239037258336]]]}