{"bodyId": "h0", "timestamp": 1642439199619000000, "continuousState": [[[0.03928933707813703, -1.2470194614771566, 0.6864396510272192]], [[0.06441323706222679, -1.138122643734988, 0.707457686342865]], [[-0.10378533848526772, -1.2757785673722453, 0.7148488974348385], [-0.08272532536698152, -1.2379913808031089, 0.7457410768914624], [-0.03910706768813221, -1.1965779419363094, 0.7177134150970065]], [[-0.003269941513726504, -1.2439983958343306, 0.6009295705952201], [-0.18213873210457476, -1.1540936528234058, 0.6239997121582759], [0.03337521071159388, -1.1231714737436878, 0.4758935459403565]], [[-0.19477940894658208, -1.3930553223020847, 0.5514417685369818], [-0.12863688706920828, -1.3342213130466127, 0.582628246508652], [-0.0900446792016516, -1.3784061012785869, 0.5585157033639679]], [[0.016899226981912097, -1.1215165123085946, 0.3764564490393194], [-0.23958220177770362, -1.2198953019092111, 0.48931369314450246], [-0.02371687513902354, -0.8920471428555887, 0.27556702993079796]], [[-0.20657373001513446, -1.5010886896489979, 0.26422449013909577], [-0.1575210185694691, -1.4886782862758121, 0.4193491339485308], [-0.10976704133418247, -1.156336779681852, 0.5228807036753608]], [[-0.016999307249613405, -0.7846248456049283, 0.05223013853790115], [-0.04301781001153038, -0.7480147112703244, 0.061506561446152186]], [[-0.08036020057445037, -1.5573211107642553, 0.07736934714833898], [-0.05707941755054269, -1.555441584222895, 0.2016762414314759], [0.016321677480818364, -1.1494905167215537, 0.6022298074954033]], [[0.04478576813777069, -1.422314197959799, 0.0980521359770039], [-0.24698413668144215, -1.438803906254728, 0.28605873108316937], [-0.03241657709805934, -1.160432327075547, 0.04683945051410965]], [[-0.059461830292304674, -1.5318613237298386, 0.12380188053666719], [-0.1612497667517866, -1.502293027640356, 0.2526344494413395], [-0.10082914881523686, -1.3882236362013298, 0.04092819326380359]], [[0.02046695980677493, -1.4944254934376677, -0.2153274805296479], [-0.15344789534903924, -1.4385659235850283, -0.07608647382402056], [-0.20999456912272285, -0.8428100127720917, -0.0005367444364030582]], [[-0.039154992081199436, -1.582971822160492, -0.33160157654189737], [-0.04411223154662314, -1.5811021379656962, -0.21833625307618454], [-0.08924553583196104, -1.3226743195463724, -0.19342712600893563]], [[-0.029441397800173186, -1.4289835960413133, -0.7194049050923884], [-0.11705439969587705, -1.4945831608477662, -0.5237823011049495], [-0.3208480018546891, -0.7032015644348129, -0.07518883710708174]], [[-0.08385871678508239, -1.598503521112889, -0.7883608718155194], [-0.0828565729397841, -1.6398236492739742, -0.6260866006137381], [-0.34022652064297365, -0.9062263658864231, -0.15526640730122332]], [[-0.0915862653835624, -1.3155223359641501, 0.5726276248546543], [-0.12636983519625333, -1.1976709979977573, 0.5589278733727217], [-0.03929108523003366, -1.2148317811177611, 0.5269757692683814]], [[-0.09902467523015429, -1.3185268590682075, 0.576185669566101], [-0.15538780958689152, -1.2441574829350093, 0.6033139793334639], [-0.02833473424502886, -1.2507887875111372, 0.5172046246521622]], [[-0.007338031077266993, -1.4770877608448187, 0.11092700825683555], [-0.20411695171661437, -1.470548466947542, 0.26934659026225444], [-0.0666228629566481, -1.2743279816384385, 0.04388382188895662]]]}