{"bodyId": "h0", "timestamp": 1642439237474000000, "continuousState": [[[0.015329383253755047, -1.2555548105086316, 0.7293501015343578]], [[-0.0012134285711331572, -1.0968452364908174, 0.7154398457947461]], [[-0.14841505229728869, -1.2492074078031519, 0.7103029084082465], [-0.1148782982296157, -1.2309054491364928, 0.7473843705901764], [-0.095666849622005, -1.1654089436389439, 0.7293085285954046]], [[-0.0441321939748926, -1.1322907101550304, 0.5382777351172447], [-0.19036290494577823, -1.1284686457343913, 0.6053064771222744], [0.022996970513808224, -1.1201663821580476, 0.47812291525336237]], [[-0.21894270551517403, -1.349728461973737, 0.5318031236443082], [-0.1250392869900211, -1.3216079687239668, 0.5741587147208234], [-0.10818242758955021, -1.376151526515296, 0.5689278605081154]], [[0.029373651800289835, -1.1371786183619, 0.3609385350747498], [-0.23205303867554472, -1.2337660689645145, 0.4924367526288307], [0.02135348908593593, -0.9636353683998943, 0.23387843191903357]], [[-0.19842891344388525, -1.517139703435285, 0.259446993161242], [-0.17303325599754193, -1.5078719544217911, 0.4445177233639277], [-0.08731853131293921, -1.1908297832735584, 0.6017809298200822]], [[-0.011784433593159505, -0.775478222462763, 0.04727874727182013], [-0.040926656096858194, -0.739719950044353, 0.06553201764600747]], [[-0.07795623246595207, -1.5511479962615862, 0.06305283764290603], [-0.036362033445549446, -1.5495105830147893, 0.17820615081300772]], [[0.03690455796214953, -1.40180691765657, 0.07395897861756207], [-0.22428448654510902, -1.4196978393176725, 0.2428036966897964], [-0.024881646365769727, -1.1771842483917454, 0.07095258499952495]], [[-0.062430621965813615, -1.5264711600820948, 0.11679644118361798], [-0.15262345576127667, -1.513640335496666, 0.24662211090507324], [-0.11184813932556414, -1.365283342089309, 0.07160508669962573]], [[0.029121305116680207, -1.5159786883250634, -0.20261939800291273], [-0.13964585829124854, -1.4203449000859436, -0.1093302799757847], [-0.20247395860409045, -0.8591710352246933, 0.01798207281277253]], [[-0.04266199919167102, -1.589443590759526, -0.32384917336660013], [-0.0424815702975152, -1.5875846834504443, -0.22337691566335827], [-0.07409245660201247, -1.3542608329997101, -0.21454426385607717]], [[-0.02725119527740949, -1.4345784617734065, -0.7222250035581156], [-0.10476672749410043, -1.4803929042416166, -0.5597907761695925], [-0.3311079759007578, -0.6828699450010152, -0.05048940787805595]], [[-0.0801928276013808, -1.604614735208244, -0.774301819228382], [-0.08351773878904245, -1.6403589108507217, -0.6240441257780122], [-0.343745391374626, -0.8989047646774491, -0.13382749961967633]], [[-0.10483230356419171, -1.309399496266908, 0.5780651574343526], [-0.144865146474641, -1.2186588632146051, 0.5788433449328397], [-0.051559323247088784, -1.2237595469420794, 0.5259245089354841]], [[-0.1315374497450333, -1.2410095860643837, 0.5350404293807764], [-0.15770109596789966, -1.225038307229179, 0.5897325959215489], [-0.042592728537870994, -1.2481589543366718, 0.5235253878807389]], [[-0.012763032001832042, -1.4641390388693325, 0.09537770990059002], [-0.18845397115319285, -1.4666690874071693, 0.24471290379743482], [-0.06836489284566694, -1.2712337952405273, 0.07127883584957534]]]}