{"bodyId": "h0", "timestamp": 1642439284642000000, "continuousState": [[[0.3560853684316545, -0.9410551101023599, 0.5080090554993617]], [[0.21616755162688972, -1.034195094099984, 0.647669076653909], [0.27884375420747376, -1.0353115509551607, 0.6052109161199141]], [[0.3698686194614915, -1.111797361999745, 0.637374354371753], [0.327477295165857, -1.0997722716294338, 0.6795699906184558]], [[0.13175250003900119, -1.1837148103931643, 0.5115596455981684], [0.14658197270884377, -1.052222657002461, 0.4690212732263441], [0.21884336588151054, -1.1309171652298686, 0.43197245482348434]], [[0.41732265431998133, -1.2442123248490584, 0.539312445940874], [0.42278730761658434, -1.2250977051362382, 0.5970056993881394], [0.31523197081091237, -0.952776598735578, 0.5479940863965478]], [[0.04650368726939491, -0.941857949885976, 0.26531092007093826], [0.13820094279294093, -0.9795817983462503, 0.17915104077003496]], [[0.5746449352758379, -1.179338740218751, 0.3142264824052283], [1.4233331639717124, -0.6912813121252654, 0.08274826076302211], [0.6244262068783397, -1.118696097540393, 0.2728175186958509]], [[-0.04130891204939802, -0.7841581669787121, 0.06090835242009507], [-0.017729436430488965, -0.7737692468995776, 0.03981844351749675]], [[0.735349863618977, -1.0922076081050494, 0.14052015888082692], [1.5314784011995168, -0.7051187974176842, 0.057095740339796475], [0.7087820372985425, -0.9926525994222741, 0.11891176923154656]], [[0.1870734894505378, -1.5561875213109664, 0.07866194663211212], [0.2258638809986, -1.419499208972721, 0.11867580661338417], [0.16581827126620308, -1.244564242173909, 0.12324593209647228]], [[0.3895327328356254, -1.5289066885408065, 0.08312354853929105], [0.41150231161026063, -1.4926891426821134, 0.19609180756802336], [0.23589901014364223, -1.0348547804777524, 0.20906816144176643]], [[0.23128565306350235, -1.5916063125596207, -0.28133705898355554], [0.32529813644906413, -1.5259828797942778, -0.36060185517607435], [0.296054147336404, -1.5523650792162853, -0.40957033242241725]], [[0.5309498792416891, -1.4692026722941516, -0.2906058457413154], [0.34305104739001324, -1.5704191329426709, 0.003302418575407584], [0.2839483575067909, -1.013562483585131, -0.10978484736741867]], [[0.2816526215892066, -1.6721054294366333, -0.6720656887315801], [0.2848867140860325, -1.6685299786538388, -0.6270718004431316], [-0.21664830636727217, -0.7044182494603859, 0.006060422280716682]], [[0.5985323562770519, -1.493432974056708, -0.7571098761635042], [0.6055032954394803, -1.520040158287117, -0.6492853827619656], [-0.14457560321475338, -0.5575634309087412, 0.00911844196407463]], [[0.27989682674256733, -1.2358288268370505, 0.5420970614861447], [0.24124169283869779, -1.1932235176581945, 0.5708273820526542], [0.26691001113156143, -1.0308450841220473, 0.49047245986502364]], [[0.27453757717949123, -1.2139635676211114, 0.5254360457695212], [0.28468464016271405, -1.1386601810693495, 0.5330134863072418], [0.26703766834621145, -1.0418468819827233, 0.48998327061001606]], [[0.2883031111430816, -1.5425471049258865, 0.08089274758570159], [0.3186830963044303, -1.4560941758274173, 0.15738380709070376], [0.20085864070492265, -1.1397095113258306, 0.16615704676911935]]]}