{"bodyId": "h0", "timestamp": 1642439381591000000, "continuousState": [[[-0.24729547826592546, -1.32012788022424, 0.6338080202560751], [-0.22310770556452358, -1.2933926214426394, 0.6634713129119159]], [[-0.18252068706548352, -1.1467375701882014, 0.6833196573402017]], [[-0.3846464226609157, -1.3036310259914898, 0.699129647785471], [-0.3520703683590723, -1.2620458622200403, 0.7137358764767242], [-0.2753359146166594, -1.2370617915944329, 0.7273572563323564]], [[-0.26545541417547475, -1.1618334399912327, 0.5240115782551138], [-0.39481345449082433, -1.2291519860353741, 0.6367994377276177], [-0.2296441794221158, -1.151711545999277, 0.457013259803535]], [[-0.5183216945561555, -1.3372317198974186, 0.503970851454733], [-0.45044106337791445, -1.3872044499284253, 0.6071038224537162], [-0.35907895586954686, -1.4061585689355618, 0.5709134084765586]], [[-0.2482394947447743, -1.0672687494458168, 0.3424093422179444], [-0.184746503568454, -1.0336254774851836, 0.23635893365439964]], [[-0.5288489756449166, -1.5306442742324817, 0.3023843238310764], [-0.4951330937199981, -1.5676670073863554, 0.4129768820234683], [-0.40053231153012603, -1.5599657794952264, 0.33124218609750955]], [[-0.23167090776731203, -0.7677145229792597, 0.020420607807276614], [-0.2231928305799613, -0.777131299345734, 0.050008434141378455]], [[-0.2823842052157006, -1.5511755149672262, 0.28330878614326194], [-0.25606430606778563, -1.5351380886491168, 0.35830030819123637], [-0.3432576331917746, -1.3172221868333935, 0.4000759323481905]], [[-0.18614030664137504, -1.4050548912211982, 0.06377670256874879], [-0.34991874918361643, -1.5415188593636997, 0.37735085335913665], [-0.26578936195417546, -1.203082624340884, 0.06982013033286272]], [[-0.31649115928121796, -1.5235917455371284, 0.07527006267493275], [-0.4270047187131849, -1.5808425755458329, 0.336055397413217], [-0.3340983730436522, -1.390165523997489, 0.053683945341918116]], [[-0.22314243559437452, -1.4360503900033739, -0.3412231992729513], [-0.3907336780077687, -1.5751927672937656, 0.1208410716856857], [-0.22745310357854598, -1.3087775957236374, -0.2950293658192389]], [[-0.2777621292039658, -1.5737848224469004, -0.31294203247317853], [-0.2669010763002957, -1.6091394174102889, -0.17243422192274427], [-0.27781543220389926, -1.3794433934053203, -0.2490288599237609]], [[-0.2978648675054776, -1.3920829327714495, -0.787244158810063], [-0.3351477868556988, -1.4911795000978838, -0.5294228762394455], [-0.2923614842645278, -1.2687577469328373, -0.6114700668368184]], [[-0.32215937555554297, -1.5970430860430251, -0.7827685872613337], [-0.32319330006467206, -1.638459245107673, -0.6333876163050591], [-0.30843425995308105, -1.4660743701597152, -0.6717696575874649]], [[-0.3562536282307924, -1.3293274863236493, 0.5496276063878447], [-0.42038118581706974, -1.3044089991111454, 0.6176623402652914], [-0.3115118406834483, -1.23652724855801, 0.5157790915871694]], [[-0.39188855436581516, -1.2495325799443258, 0.5139912148549234], [-0.42262725893436937, -1.3081782179818997, 0.6219516300906669], [-0.2943615676458313, -1.2789350574674194, 0.5139633341400468]], [[-0.2513157329612965, -1.4643233183791633, 0.06952338262184077], [-0.38846173394840067, -1.5611807174547663, 0.3567031253861768], [-0.29994386749891383, -1.2966240741691866, 0.06175203783739042]]]}