{"bodyId": "h0", "timestamp": 1642439558136000000, "continuousState": [[[-0.09787647219398732, -0.7805300762001193, 0.7073204857404038]], [[-0.23682647418276703, -0.8626962733210077, 0.7557798834606775]], [[-0.10868175103056643, -0.8453441303279523, 0.7342795150077124], [-0.10874253633984149, -0.8450491824415243, 0.760673152512803]], [[-0.36324261173719713, -0.8846849188225139, 0.5482769871711688], [-0.35412015404564945, -0.8149416118055168, 0.5399439637800676]], [[-0.03704850127103648, -0.9443845688600445, 0.5572845057767015], [-0.01764611854172915, -0.9287805875338044, 0.5763237680015281]], [[-0.2686757908207869, -1.0287393623612338, 0.4186684824012046], [-0.3326265635408801, -0.9140991528020666, 0.4277112076122924]], [[0.06206604187081344, -1.0511855384762567, 0.28959893550410865], [0.07029859911689584, -1.0469351554556616, 0.33524870325946066]], [], [[0.13653527288110656, -1.0651484862588376, 0.03017245466075491], [0.1305850811333784, -1.0658725342778164, 0.08822329694853792]], [[-0.1998618031783172, -1.138189060003426, 0.07402003567435944], [-0.24157697487617047, -1.0632254680630657, 0.10180987104711803]], [[-0.015360030483078213, -1.1409461680678112, 0.107197149043881], [-0.07471143952769943, -1.1452622218277695, 0.1841997443078649]], [[-0.1655042075981683, -1.1225989168620838, -0.341552120164734], [-0.17927197358793379, -1.1001950419698863, -0.24801811105550597]], [[-0.021098339851954084, -1.1052021681013986, -0.31589740751595974], [-0.04166180110715578, -1.132904521253451, -0.22674740349158573]], [[-0.11757595380271213, -1.1526224111681869, -0.7254545217965234], [-0.14995299893575553, -1.154607395818031, -0.6361670570022541]], [[-0.031336299015905955, -1.0786382648050714, -0.7703277559877145], [-0.049240883641799016, -1.167602872533735, -0.6776343450991114]], [[-0.19516753625796973, -0.9387820742637412, 0.5633031685238648], [-0.20523382750610042, -0.9126682715081522, 0.579599597153821]], [[-0.2001455565041168, -0.9145347438412792, 0.5527807464739352], [-0.1858831362936893, -0.8718610996696606, 0.5581338658907978]], [[-0.1076109168306977, -1.1395676140356186, 0.09060859235912022], [-0.15814420720193495, -1.1042438449454175, 0.14300480767749146]]]}