{"bodyId": "h0", "timestamp": 1642438887064000000, "continuousState": [[[-0.06072966242760269, -1.1681846377783192, 0.7687335372238232], [-0.05102777592520291, -1.1329411529051234, 0.7922267422339196]], [[-0.011168768197027057, -1.0594698863732395, 0.7629807962094951]], [[-0.15569718554249695, -1.0552009685374955, 0.7331217800329215], [-0.10531888413334412, -1.0097688953854198, 0.7315699263986406]], [[0.07161684424383713, -0.9772154499528694, 0.5020702055484925], [0.06431044374707018, -1.027904603203998, 0.5786240908379794], [0.10911966683291374, -0.9453530679666282, 0.5312292737415192]], [[-0.2614406916785678, -1.0960017768488766, 0.5823827684326495], [-0.26103126232813134, -1.0057088605105275, 0.5509362546484557], [-0.15400105112432394, -1.099440307931492, 0.5388380001436259]], [[0.168506277891258, -0.9451537270683854, 0.31765654101156504], [0.19907964097863595, -0.8569734291337381, 0.25428302715741713]], [[-0.560019184667342, -1.0115523601635064, 0.36628183320151475], [-0.5114417019852272, -1.0750164077590607, 0.4004304142387338], [-0.4056018310659151, -1.1234348322035368, 0.4345053762433432]], [[0.28282585832545437, -0.8107404528706483, 0.08083754822391453], [0.25490771939938117, -0.7303651636405741, 0.0543700802975271]], [[-0.7500356947710367, -1.1539298680601573, 0.2952239855740464], [-0.7203820665212716, -1.1830320135413968, 0.36467066769468304], [-0.6369521258317801, -1.1618153911961193, 0.350204274080824]], [[-0.015250480420965107, -1.1389550922948541, 0.0441817273845595], [-0.048373013000088894, -1.2181735470358148, 0.13285918362134663], [-0.01768383557895481, -1.0089305870054326, 0.020116350905283742]], [[-0.269926783759564, -1.1349788958172262, 0.014053113818193408], [-0.22550878122596651, -1.1515740192695385, 0.09611388983109337], [-0.20628160225795922, -1.0790516103997738, 0.05357359113267046]], [[-0.04491547032798804, -1.1445945501845942, -0.382135460717409], [-0.05236645932352557, -1.174919026485156, -0.3534003114689246], [-0.3231784308568092, -0.5840758441971949, 0.02913997616966335]], [[-0.29352801849048926, -1.189718655410331, -0.4087208958338593], [-0.2645819638132292, -1.231579189670612, -0.26531635083914007], [-0.3396309072909941, -0.8920155294939591, -0.14589794982845028]], [[-0.06782406246202888, -1.1238172956068384, -0.8102441231352558], [-0.05412864889471103, -1.172435571430122, -0.6807526772699594], [-0.07690305016895027, -1.0340851771113548, -0.7565586664357742]], [[-0.3130770311732731, -1.0841005346783512, -0.8084156782276428], [-0.3022789141739535, -1.190136396308171, -0.6520860060580261], [-0.3672863141356738, -0.9186753867620394, -0.5369134571968217]], [[-0.08091992369091483, -1.0995121383793953, 0.5831693298200709], [-0.11951255390734206, -1.0554947906623395, 0.5878697051906459], [-0.009564872127785007, -1.0371030797664034, 0.5248574740904458]], [[-0.09491192371736534, -1.036608613400873, 0.542226486990571], [-0.09836040929053058, -1.0168067318572627, 0.5647801727432176], [-0.0224406921457051, -1.02239668794906, 0.5350336369425726]], [[-0.14258863209026457, -1.1369669940560403, 0.029117420601376454], [-0.1369408971130277, -1.1848737831526766, 0.11448653672622], [-0.11198271891845701, -1.043991098702603, 0.0368449710189771]]]}