{"bodyId": "h0", "timestamp": 1642438919559000000, "continuousState": [[[0.0318074705633159, -1.1504251896259763, 0.729847858637133], [0.031178861403677094, -1.1155069684372578, 0.755662096636521]], [], [[-0.11462221761563984, -1.1314375891832378, 0.7390400730295233], [-0.09932676344380587, -1.0830110935901645, 0.7548822071760715], [-0.06527374527662122, -1.0412774982752588, 0.7344330766558914]], [[0.0768338370381848, -0.9968738185894461, 0.5133614871845884], [0.026896125284890493, -1.0730871959821253, 0.6127225245815198], [0.11608507008913094, -0.9555762947062665, 0.5269022895035129]], [[-0.26766218005952475, -1.0712364755132406, 0.5696402995748648], [-0.26096374837742153, -1.0198158768126282, 0.580620183678048], [-0.16525707083197083, -1.0620344570333855, 0.5596062500113691]], [[0.1710407891629156, -0.9282761884019404, 0.31509050705554986], [0.22394794293873632, -0.8779803754621595, 0.24002849169226514]], [[-0.5675840646418977, -1.0001501106161177, 0.35849076007317904], [-0.520957567246108, -1.1151778583980452, 0.43555826198854397], [-0.39858237481391934, -1.1228131037951616, 0.4336739661436939]], [[0.28368092807534007, -0.818597928015542, 0.08707116674412174], [0.26185247379547616, -0.7286143206599862, 0.053571356136496995]], [[-0.7466613231306736, -1.1595264727200396, 0.29201697532511517], [-0.7175418665071709, -1.1843414455453478, 0.36300622857269815], [-0.6367011233429833, -1.1631152087844425, 0.34276375917596735]], [[-0.018227535718686405, -1.130059725926942, 0.026844105967558596], [-0.05054345159375395, -1.2209691618330867, 0.136451288745832], [-0.06140750231412673, -0.9488255824757725, 0.05498522514876181]], [[-0.2454011004946195, -1.1677285275398235, 0.04848122149883616], [-0.2198394185138247, -1.1403281700113663, 0.08233425595489807], [-0.2107616446111783, -1.0701789889233302, 0.05925011137060798]], [[-0.04770812531356128, -1.137275204990487, -0.39168860161638785], [-0.048975195130754545, -1.160468931476291, -0.35916682993566695], [-0.32132269348057574, -0.5999067644637397, 0.017827319424074173]], [[-0.30072461422003816, -1.173433342584415, -0.39577278706013685], [-0.2708663887040105, -1.2281109219628086, -0.27226799168406246], [-0.34204602589227584, -0.9022755168318088, -0.15196518054443997]], [[-0.07125751258234647, -1.114921328492153, -0.8241588184036746], [-0.05847158869400815, -1.1789877337674206, -0.6683323115812986], [-0.20966605493864043, -0.8677001993190017, -0.5597644847487133]], [[-0.3068259228366219, -1.0780643055051073, -0.799599647977213], [-0.2981621775171682, -1.1809423165676685, -0.6701542321539028], [-0.3455848106335252, -0.9334705404816821, -0.5585476159805443]], [[-0.08095553215015783, -1.0991877691412781, 0.5770400698983507], [-0.11752010533093882, -1.0351726897086242, 0.5838928749938759], [0.009227743802304733, -1.0550003065799483, 0.5168093719882876]], [[-0.09541417151066997, -1.0340551470513435, 0.5415008933797266], [-0.11703381154626552, -1.0464515363973768, 0.5966713541297839], [-0.024586000371419947, -1.008805375869826, 0.543254269757441]], [[-0.13181431810665295, -1.1488941267333828, 0.03766266373319738], [-0.13519143505378933, -1.1806486659222264, 0.10939277235036504], [-0.1360845734626525, -1.0095022856995515, 0.057117668259684895]]]}