{"bodyId": "h0", "timestamp": 1642438935170000000, "continuousState": [[[0.16909492463606424, -0.7771107687343018, 0.6895778881507508]], [[0.013961045420186224, -0.9449264589720352, 0.7822999490169096], [-0.0009403162164104417, -0.8378366488929891, 0.7580092882448484], [0.07927842086575954, -0.8604072505795879, 0.7313857251464254]], [[0.15444073640498784, -0.9059376658299103, 0.7806635946702549], [0.12543946734608713, -0.935472523813655, 0.8167613784680705]], [[-0.09930225859626018, -0.9325470038542119, 0.5661707550826001], [-0.04839961286333061, -0.7827817461652433, 0.5136205736403561], [-0.018600183795459024, -0.8747326826001058, 0.5504882392665637]], [[0.2527640989320523, -1.0289188954517545, 0.6189800755156947], [0.2726388220232693, -0.9833562080137042, 0.6153692169392349], [0.25199690142104214, -0.8749876510687943, 0.594422908762647]], [[-0.03618738598979082, -1.0255662633212188, 0.3913127968831378], [-0.05111356091697605, -0.9230132523023422, 0.3270883913928926], [-0.006467883559567733, -0.7708225041334846, 0.31928837610690186]], [[0.3559949983079213, -0.987871545314188, 0.2948174274425024], [0.3333060139773969, -1.0630606923118424, 0.3617319208357981], [0.3158954370350988, -0.8572386719010192, 0.34880779676484897]], [[0.07996524419875195, -0.7517081267240695, 0.07169492061944072]], [[0.3910849059366072, -0.9920094024242077, 0.06705947675285429], [0.3016481943504059, -1.0730884915033017, 0.19298115607985888], [0.4141305993691826, -0.9306128483308365, 0.04253957055798452]], [[0.03542053145522317, -1.0623539336684917, 0.05834541663916215], [0.049737517702751366, -1.0083501166080169, 0.057052189665694364], [0.021301166953687778, -0.8017293983897831, 0.08245241685719695]], [[0.23434332242603995, -1.029641320345244, 0.07568157539824427], [0.21841400999725802, -1.0788130290241777, 0.12278519201798743], [0.2282961025630883, -0.8147365388547976, 0.07057621975568473]], [[0.09312247530979634, -1.0396735204854026, -0.36410042666515463], [0.08650103995060876, -1.0674057070563898, -0.24810066407815756], [-0.11072754472264656, -0.519572424554303, -0.00402850453139042]], [[0.263276744044605, -1.0508463276013134, -0.30735524320315966], [0.24104138696144517, -1.0778740398512003, -0.2738901653336745], [0.028829859752167453, -0.4864646865216298, 0.0006167254705190528]], [[0.14324313247695852, -1.1051279624635124, -0.747332515150241], [0.1300460729193158, -1.09195862352394, -0.6484855772605385]], [[0.256040484306133, -1.0401543020915618, -0.7826737801059763], [0.22384534877392048, -1.1216837386997882, -0.6380914155488935]], [[0.07742773240061851, -0.9789450800367749, 0.6027768273033622], [0.08437234530840976, -0.9283342635414957, 0.5862429468938979], [0.10371448086149715, -0.8659967987082404, 0.5654890997290718]], [[0.07673092016789607, -0.9807329496529832, 0.5925754152991474], [0.11211960457996933, -0.8830689770894737, 0.5644948952897955], [0.11669835881279156, -0.87486016683445, 0.5724555740146053]], [[0.13488192694063156, -1.0459976270068678, 0.06701349601870321], [0.1340757638500047, -1.0435815728160973, 0.0899186908418409], [0.12479863475838804, -0.8082329686222903, 0.07651431830644084]]]}