{"bodyId": "h0", "timestamp": 1642439076808000000, "continuousState": [[[-0.30895967784010137, -1.1612732997459243, 0.6698043224765944]], [[-0.20002514304993385, -1.0542782767803742, 0.7277250250750633], [-0.15004360962024887, -0.953363491090492, 0.7357511560590159]], [[-0.2516908885208834, -1.0464755806013937, 0.7219858459102239]], [[-0.13404629885812247, -0.9609137577030376, 0.49767226100333173], [-0.04579737223498537, -0.9573783215864566, 0.5050661171105971]], [[-0.45769527970015117, -1.0712950570851802, 0.5641927335067516], [-0.3589481184601585, -1.0415529370578538, 0.5630115995149173]], [[-0.015541376277727392, -0.9368093260331458, 0.28970479198050714], [0.052572603410267815, -0.8667674190767644, 0.24106670789046347]], [[-0.7402702697325155, -1.0359784937174812, 0.32381057534390423], [-0.5531635587588015, -1.0979662469892117, 0.4113377486344433]], [[0.10012976667185636, -0.7917898549919322, 0.07066412010357825], [0.08624662770485636, -0.7244467730935598, 0.06282229598850375]], [[-0.8349665132666575, -1.284653087643946, 0.2553912370912328], [-0.8038724641807163, -1.0317086705468204, 0.47402461397415574]], [[-0.18253554670511174, -1.14724168143099, 0.04230084107065313], [-0.19294571974494068, -0.9569603252056971, 0.04465736350262739]], [[-0.41390545657675754, -1.1653147378113853, 0.0031281206362430147], [-0.3226523225845921, -1.13895818896192, 0.010049801343381404]], [[-0.21366519124580297, -1.1686861442190843, -0.42301289566063116], [-0.3150390737098888, -0.8343708346049079, -0.09232462957105791]], [[-0.4322815661814693, -1.3276168738369667, -0.3222086073528625], [-0.39665615440201396, -1.2351408389862415, -0.20144589887057895]], [[-0.2591281835535304, -1.183231757820438, -0.8062627309626361], [-0.2833305548986881, -0.7837857440720146, -0.25885749742339936]], [[-0.15795953620601155, -1.178110905446054, -0.644458418662348], [-0.3078996574895386, -0.9753052988454649, -0.3272698459780542]], [[-0.26963729777260315, -1.0679294831320487, 0.5613354079711179], [-0.20862450690838252, -0.9876571435629827, 0.5529788169621013]], [[-0.2958707892791368, -1.016104407394109, 0.5309324972550417], [-0.20237274534757194, -0.9994656293221552, 0.5340388583127572]], [[-0.2982205016409346, -1.1562782096211877, 0.02271448085344807], [-0.2577990211647664, -1.0479592570838085, 0.027353582423004397]]]}