{"bodyId": "h0", "timestamp": 1642439203505000000, "continuousState": [[[0.025973899193098393, -1.2391275881736736, 0.6908452790643702]], [[0.04123353933144003, -1.1125965128763546, 0.7006866449485444]], [[-0.10884775575519978, -1.2647339693548143, 0.7139808066462934], [-0.09287973741889588, -1.2307254632800464, 0.7474496260796186], [-0.06952292428099582, -1.1688974100782377, 0.7265950661226812]], [[-0.02282914444556322, -1.2363707249079166, 0.6103061863509026], [-0.1862713972447574, -1.1090951301683765, 0.588906590935585], [0.01603394198530217, -1.121993203307563, 0.4707925175104444]], [[-0.22440004469607427, -1.349053736268355, 0.536059644521795], [-0.12733060159456155, -1.3234694292487474, 0.570905052621767], [-0.10359295128584223, -1.4054930308609006, 0.5523655063888068]], [[0.023452101890249655, -1.1205965121058445, 0.355838339825036], [-0.20372247723342407, -1.2692599664517212, 0.5125426031911761], [0.020693451643202243, -0.9629365936937064, 0.23427545620119994]], [[-0.19201597003129034, -1.531650274633769, 0.3029993123196587], [-0.1825244398482604, -1.5048705342145303, 0.4435589541156334], [-0.09985714405072366, -1.4438846324340067, 0.32785483847716335]], [[-0.014150988717587243, -0.7676938263927879, 0.041444516696045985], [-0.035026852827067856, -0.7598361529280113, 0.052331599272563034]], [[-0.07924932837958043, -1.5701960391324181, 0.09195744520810178], [-0.06316900635370004, -1.5478099881391203, 0.200990498443528]], [[0.03580668386561048, -1.399786528226644, 0.08830908745686683], [-0.24371406843979426, -1.4307921445327385, 0.26194680371919077], [-0.03865624059534234, -1.151438584712077, 0.07786609893714458]], [[-0.0626898495174103, -1.5358630431341356, 0.14274731114744932], [-0.14928632330374236, -1.479316653496158, 0.21551537773160678], [-0.10618643290268492, -1.3962228197030697, 0.02938123185028496]], [[0.020267656253061928, -1.4784353548920126, -0.21648170426149127], [-0.1513127000540373, -1.434579287525203, -0.09222186528368348], [-0.2281966063093419, -0.8374316680965255, 0.015405107329524825]], [[-0.044191434813383945, -1.5852606917913072, -0.3197413241569004], [-0.042497510437959685, -1.579693360576616, -0.23236007086260124], [-0.08657029860901799, -1.3284046006696275, -0.19708990021190076]], [[-0.028133282346652466, -1.431877366177966, -0.7136387692328608], [-0.11063024338041294, -1.4776414449173938, -0.5550205527931635], [-0.2997282691327986, -0.7431734063047193, -0.11748619972135099]], [[-0.08280176333578226, -1.600277293161053, -0.7843818707485881], [-0.0803214146812985, -1.637692298205838, -0.6328624752891367], [-0.3471580326094632, -0.8909862450158645, -0.13519799579853908]], [[-0.10980343569144974, -1.3104543071477917, 0.58326771760765], [-0.16020055972659242, -1.2254186349344431, 0.5851883690912897], [-0.058633852120674845, -1.2264696985319243, 0.5256836262566185]], [[-0.12361459457081875, -1.2927122305881358, 0.5731829154363488], [-0.15680099941965947, -1.216282279708562, 0.579905821778676], [-0.04377950465027003, -1.263743117084232, 0.5115790119496255]], [[-0.013441582825899911, -1.4678247856803899, 0.11552819930215807], [-0.1965001958717683, -1.4550543990144482, 0.23873109072539878], [-0.07242133674901363, -1.2738307022075732, 0.05362366539371477]]]}