{"bodyId": "h0", "timestamp": 1642439239484000000, "continuousState": [[[0.00819918500962774, -1.2354976372932294, 0.7240915909351605]], [], [[-0.14074506718880947, -1.2637501555035375, 0.728852260846553], [-0.11722411795349319, -1.2270366910543558, 0.7469021859727935]], [[-0.03970889488326046, -1.144973894068062, 0.5585779919073799], [-0.20409070492012, -1.1435602554697746, 0.6141424349098499]], [[-0.21176972108056819, -1.36163830155309, 0.5407216421461553], [-0.0967152691976012, -1.2735420311012198, 0.5333774888796913]], [[-0.02104677714834957, -0.9813166487876361, 0.276577967192581], [-0.24573569706478715, -1.219944263891386, 0.48727508996367896]], [[-0.1840747767379357, -1.5366172636955433, 0.2958245937597199], [-0.17423505761792468, -1.510377820686888, 0.4595414649171907]], [[-0.017471117608732822, -0.7584769160581639, 0.05244985312483563]], [[-0.06658142332955952, -1.5606345841771871, 0.07855727049605399], [-0.04569738754787134, -1.5448078610073992, 0.19057156056189428]], [[0.039928504095066875, -1.3942437357098847, 0.07591754365264158], [-0.23706504812989904, -1.4305881910154803, 0.26301306832968674]], [[-0.04706760284397837, -1.5432307357317347, 0.15625626107843527], [-0.15275171536728005, -1.513594816083172, 0.24655247698365246]], [[0.026793357394597206, -1.5102665197826788, -0.2012443241889652], [-0.14754496099170378, -1.4306582709789897, -0.09069530155629901]], [[-0.045843956799512364, -1.5822646275647765, -0.3252672254291247], [-0.03954800401443137, -1.5769712502814592, -0.22792687643604248]], [[-0.023529795443935075, -1.4247515466038752, -0.7094682136074478], [-0.10897148929040812, -1.4852132659809527, -0.547447268329537]], [[-0.08234825886088137, -1.601019965014142, -0.7821870801788369], [-0.08378161891848146, -1.6406155862229301, -0.6229606555227892]], [[-0.1026253807535028, -1.3018339050626273, 0.580292191577794], [-0.13961114471927072, -1.201591321032836, 0.5676117791958584]], [[-0.12573930798191432, -1.253306097810576, 0.5496498170267676], [-0.1504029870588606, -1.2085511432854972, 0.5737599618947706]], [[-0.0035695493744557494, -1.4687372357208097, 0.11608690236553842], [-0.19490838174858954, -1.472091503549326, 0.2547827726566696]]]}