{"bodyId": "h0", "timestamp": 1642439345076000000, "continuousState": [[[-0.1100370893292213, -0.896467873703785, 0.6385685798031051]], [[-0.2368370295261406, -0.9095384542865679, 0.7094736039903965]], [], [[-0.321467465551035, -0.9772074825517504, 0.5305923846560546]], [[-0.11897140681315954, -0.8930755252193231, 0.6339261136706766]], [[-0.30021136404371607, -0.8711366363236456, 0.30564232953841575]], [[0.01760073050751898, -1.0036488848314726, 0.4267355610660565]], [[-0.23261946394829258, -0.759417945788774, 0.05636859458040183]], [[-0.014203853901413765, -0.8678938165518447, 0.40954274630078036]], [[-0.2817224604536045, -0.8414936284897045, 0.14528883647647373]], [[-0.12949541339927295, -0.8477793091450567, 0.15573377521942555]], [[-0.3320315064838054, -0.7362064664041392, -0.10167643264815363]], [[-0.24686922869626593, -0.6105227312165935, 0.00651535822684185]], [[-0.3267470663462908, -0.7908019449305734, -0.4454941853118821]], [[-0.04823820898151476, -1.05172444795197, -0.7835806890588451]], [[-0.2124319247147498, -0.9505918224124987, 0.5729944248561119]], [[-0.22021943618209727, -0.9351415038855367, 0.5822592491633656]], [[-0.20560893692643872, -0.8446364688173806, 0.15051130584794964]]]}