{"bodyId": "h0", "timestamp": 1642435894806000000, "continuousState": [[[0.18976188994404208, -0.9885312952750729, 0.6433669260192494]], [[0.15163027399883, -1.0721816845237861, 0.7303469682215982]], [[0.2436965606583262, -1.1260966004195077, 0.7701024514177658], [0.27731112624142273, -1.0049083012978897, 0.6909677555531859]], [[0.17946960693526115, -1.3769016039258846, 0.5761616992368757], [0.19961713057827724, -1.2370834467673408, 0.6152929250672318]], [[0.3340747583067772, -1.152139060016836, 0.6033014887192618], [0.2941945756753823, -0.9877924909791533, 0.5634516307766346]], [[0.2309412296571407, -1.5241332287796578, 0.38290590402286606], [0.19023007818412152, -1.308292552898715, 0.3765105886845611]], [[0.3342269780387177, -0.9420187360822001, 0.25486106097920513]], [[0.21122143913070013, -1.5780830618250545, 0.08263284014297834], [0.2005467189679786, -1.358198438217571, 0.1598467057603138]], [[0.27333399332545283, -0.7417130561542808, 0.04329773194096065]], [[0.2894181157985801, -1.5174570437513129, 0.25769683420896405], [0.21555045467930678, -1.3226292882250748, 0.042666970991024455]], [[0.3583421561577449, -1.415742857322477, 0.22377459260100785], [0.28250159024318555, -1.1448229294165417, 0.05552849962677331]], [[0.27071042377644805, -1.4754219946809604, -0.1729346061210546], [0.22479539407711768, -1.2876838693887804, -0.3136755180166092]], [[0.32745156614166965, -1.3763297407724537, -0.1881817751631678], [0.2587003828949985, -1.181190394132741, -0.28091135377401966]], [[0.33815868306949504, -1.4334679328407562, -0.7724366208262128], [-0.18342049348583855, -0.5406416721595708, 0.005959874080863015]], [[0.34307370950397154, -1.4313074337519942, -0.5683415917083904], [-0.15313348352537304, -0.5099549364172336, 0.003269797581987366]], [[0.24939710145853752, -1.2891057923933333, 0.6030247785972329], [0.1901607817819322, -1.0128199529949788, 0.6215014998977703]], [[0.2567721826210192, -1.2645203319713603, 0.5897315939780687], [0.24690585312682978, -1.112437968873247, 0.5893722779219333]], [[0.3238801359781625, -1.466599950536895, 0.24073571340498595], [0.24902602246124617, -1.2337261088208082, 0.04909773530889888]]]}