{"bodyId": "h0", "timestamp": 1642436096677000000, "continuousState": [[[-0.2681345118415128, -1.0405342379049878, 0.6976083370116443]], [[-0.2610586765607862, -1.1407461535343053, 0.7274664651103377], [-0.2373196292981984, -1.1141347063142981, 0.7464272942176234]], [[-0.14918181641666428, -1.061631067032691, 0.728172587891083], [-0.14321285828148222, -0.9798802594864272, 0.7219860777285689]], [[-0.33694557473140074, -1.1707701888191842, 0.5196567834327646], [-0.2844957392614427, -1.2287469198191256, 0.5967879390551369], [-0.23519495344064578, -1.1970380710812858, 0.5564224074294207]], [[-0.04370544888003247, -0.9780408887495495, 0.5319544072263924], [-0.07874074007561105, -1.09348639489935, 0.6295806676451055], [-0.046678768161768636, -0.9193168547171425, 0.5608009815232998]], [[-0.6748027678423403, -1.1602799557094465, 0.2791838196577128], [-0.5518422088642305, -1.3070231865604858, 0.47202097797912035], [-0.4072355267756125, -1.3110582459122342, 0.4353829090550564]], [[-0.022378540622968346, -0.7938707128674838, 0.05711041711749809], [-0.0194992336976616, -0.8478189857438156, 0.29447567966485433]], [[-0.8084349827206889, -1.2178179348789768, 0.37809450607234574], [-0.8079916505732507, -1.247976086767828, 0.4475810927192212]], [[-0.013440302124812398, -0.7426144243191601, 0.03339167900321538], [-0.019802547291033035, -0.7708154842681565, 0.04196843869101996]], [[-0.12688949459577537, -1.292115211088715, 0.029074404317698477], [-0.15399425061266414, -1.3436160128153645, 0.22128888204399], [-0.1329311442194261, -1.2369331457911215, 0.0057356411515209205]], [[0.00574228313950087, -1.157015514065214, 0.031072040845245397], [-0.0813195862685171, -1.3280120866747134, 0.24268044830462743], [-0.057804514230721304, -0.9883688669461546, 0.0893348353860578]], [[-0.0711785402337517, -1.3953854412219926, -0.29210551838297705], [-0.11594955360734782, -1.4013806500979828, -0.1340054522513232], [-0.31675977960398904, -0.7881154469864953, -0.01711079839835905]], [[0.008313970115833347, -1.2667778782787347, -0.3071794306849116], [-0.1258880830555199, -1.3907631587519513, -0.09384472669169663], [-0.2377992574512643, -0.7312276968251539, -0.011962300862901953]], [[0.0253974233724803, -1.4083474871459678, -0.7784463459495142], [0.02064789652207022, -1.461920352803692, -0.6619123958243605], [-0.29323085886424294, -0.7501724731036339, -0.23032743362535846]], [[0.04356377012690382, -1.371888210996648, -0.7025936531478537], [-0.0431692759473985, -1.4043825770819411, -0.5124087200200177], [-0.2582883981475289, -0.7048342760712252, -0.2088003857311217]], [[-0.17434303884312374, -1.1126879452156317, 0.5511570550891387], [-0.17311594548364728, -1.149290906517578, 0.60064391406045], [-0.11070179771084931, -1.1060807642144699, 0.5311254051355467]], [[-0.1903255118057166, -1.074405538784367, 0.5258055953295785], [-0.1816182396685269, -1.161116657359238, 0.6131843033501212], [-0.1409368608012072, -1.0581774628992142, 0.5586116944763603]], [[-0.06057360572813725, -1.2245653625769646, 0.030073222581471937], [-0.11765691844059062, -1.3358140497450388, 0.2319846651743087], [-0.0953678292250737, -1.1126510063686381, 0.04753523826878936]]]}