{"bodyId": "h0", "timestamp": 1642436111819000000, "continuousState": [[[-0.09842407448653123, -1.1367560649978143, 0.6181493510464658]], [[-0.17073359524078252, -1.2265537765025825, 0.6903192945640889], [-0.13675900725754442, -1.1991300931306559, 0.7297061495078497]], [[-0.03228834370664402, -1.1994980572561604, 0.7382135116810884]], [[-0.04648085326576101, -1.3829488831820949, 0.5519527869155508], [0.016830225949257982, -1.3923453839255795, 0.6194730624166636], [-0.08792858712348095, -1.0507882889548905, 0.6479618169305376]], [[0.0633548220819018, -1.2097951405274718, 0.5730867712913043], [-0.10640964841494083, -1.1888404276524944, 0.5951319849629739], [0.01620359295662932, -1.0223839723128791, 0.5112467035085816]], [[0.05014568046044321, -1.560675672204852, 0.3614231596734472], [0.1062957020259111, -1.5433602369027528, 0.37430815441556264]], [[0.11156514321599958, -1.4237159946514593, 0.5002031696698324], [-0.10404317845936595, -1.0785564615859835, 0.4310891517151121], [0.059819768533880824, -0.9836291138199877, 0.2095407119992665]], [[0.02926448956889549, -1.6278750231742336, 0.12184097206359734], [0.032726266241590474, -1.6445593008947217, 0.1850703947457708]], [[-0.046036883501344716, -0.7799190149265463, 0.061755859596052565], [-0.033547923073886654, -0.7621020776395089, 0.05074792007978424]], [[0.07635132684190371, -1.6033377601978946, 0.22244850945270944], [-0.026783827099612023, -1.52006732968352, 0.19318388185612512], [-0.04592743417371925, -1.278051556456834, 0.10646166025970838]], [[0.1306026783379784, -1.532056484551138, 0.21240514763154505], [-0.1078410256088731, -1.3562244331049869, 0.11955311291448156], [-0.012451227051286429, -1.1839921561357394, 0.08208290486843184]], [[0.03380663636456582, -1.4983337503725926, -0.34242491243377016], [0.01693082339169938, -1.5254863704210502, -0.285064594519316], [-0.23955266352241378, -0.8616292121311908, 0.0493552367121467]], [[-0.005920827956707564, -1.6485563410539321, 0.0058349260398762315], [-0.15130361226956945, -1.4085613368865368, -0.2544405904956375], [-0.1859930091655715, -1.1325981974416164, -0.13042485797360992]], [[0.07286441132591004, -1.5089109192116807, -0.7285128979353729], [-0.0013512597962519468, -1.5486970180930257, -0.633177425856499], [-0.2767262193653175, -0.6054585564125929, -0.007894964250306225]], [[0.011909395213143714, -1.507469496471495, -0.6577921429898302], [0.054160513455356885, -1.5545723098801003, -0.5807311435435952], [-0.31005083898380703, -0.7522648398808904, -0.10573871396867474]], [[0.017294531278461422, -1.327328958072139, 0.5813702473790974], [-0.058331263187022975, -1.3074860671052921, 0.6194055033272865], [0.0005484486123599197, -1.1158925883822597, 0.5522759505005129]], [[0.008436984408070392, -1.2963720118547832, 0.5625197791034275], [-0.04478971123284142, -1.2905929057890368, 0.6073025236898187], [-0.035862497083425815, -1.0365861306338848, 0.5796042602195596]], [[0.10347700258994105, -1.5676971223745162, 0.21742682854212725], [-0.06731242635424256, -1.4381458813942536, 0.15636849738530334], [-0.02918933061250284, -1.2310218562962867, 0.09427228256407011]]]}