{"bodyId": "h0", "timestamp": 1642436180226000000, "continuousState": [[[-0.36691017375462875, -0.8486236621772626, 0.720823761799106]], [[-0.4592357491965909, -0.961078130524335, 0.7428606796578414], [-0.40644409518001856, -0.9112941114585715, 0.7641437772855877]], [[-0.33745332807906075, -1.0180445536040783, 0.8224891666092542]], [[-0.6065491668087435, -1.0114594646283552, 0.4944650015475951], [-0.5490881347730356, -1.0281658217477134, 0.561601272548146], [-0.4378744557188172, -1.112690973202842, 0.5080724501640966]], [[-0.21796288755562332, -0.9026140379108314, 0.508047444365958], [-0.17602656620782775, -0.9867676427867145, 0.5684279363603515], [-0.14756251653663244, -0.9151096488640115, 0.5340643866968731]], [[-0.6053270780225972, -1.1084927485541358, 0.2724757008376708], [-0.6052155736873412, -1.0938032506526938, 0.32976655052434767], [-0.5133270043900054, -1.122332634156331, 0.2630525471099934]], [[-0.21962224002872893, -0.798289618159802, 0.053445885958302686], [-0.18772588424381542, -0.7821419715148467, 0.30948773731247997]], [[-0.5674639350042754, -1.1046266955892061, 0.08987130912290553], [-0.6153637756131217, -1.0524131805128007, 0.08445716242434065]], [[-0.209061775130101, -0.7181151079292918, 0.021283523435622342], [-0.2167023455717907, -0.7486180493521506, 0.05802022400729656]], [[-0.452881657395079, -1.1316200272847368, 0.0187781544885135], [-0.4743981606014111, -1.1519516701788475, 0.14166834734223221], [-0.42119360265868566, -0.9815069358107946, 0.05964986451626242]], [[-0.2393376221134778, -1.1151674833213825, 0.06989403082274448], [-0.28531996749566946, -1.1703114449034349, 0.16174988919405964], [-0.2576722954839453, -0.8431659391132607, 0.09436130021059097]], [[-0.42017274617025613, -1.0993504624270283, -0.3835169813560322], [-0.408432037758781, -1.1034800046284623, -0.28701323700310843], [-0.3803117054807057, -1.023708653498658, -0.3954878501209128]], [[-0.27349630293028804, -1.0998714936053116, -0.34015606687785405], [-0.2722634787344598, -1.1346234402065793, -0.25679316165883903], [-0.28059906401996015, -0.7897590163652226, -0.24900476846637853]], [[-0.3511869825717704, -1.1491985012268073, -0.7156485930152716], [-0.37042172450011346, -1.1747941152831474, -0.6584760479944523], [-0.4092459421548774, -0.8720948227480563, -0.4799001199836306]], [[-0.28112032868133796, -1.1101312266472498, -0.7745200309150778], [-0.28632685150398496, -1.191305999326623, -0.6594198824287627]], [[-0.40653471768115357, -0.9609807299474287, 0.5042709381389938], [-0.3818952898173257, -1.0020012780740144, 0.5586805157150195], [-0.3372091421475991, -0.9252623650822847, 0.557855192027287]], [[-0.4122560271821834, -0.9570367512695933, 0.5012562229567765], [-0.3625573504904317, -1.007466732267214, 0.5650146044542488], [-0.29271848612772483, -1.0139003110334268, 0.5210684184304848]], [[-0.34610963975427844, -1.1233937553030597, 0.04433609265562899], [-0.3798590640485403, -1.1611315575411412, 0.15170911826814593], [-0.3394329490713155, -0.9123364374620276, 0.0770055823634267]]]}