{"bodyId": "h0", "timestamp": 1642436246824000000, "continuousState": [[[-0.14767464020565568, -1.1088965078613973, 0.6896637100089416], [-0.1196151943876983, -1.0593389353391625, 0.7145249376288914]], [[-0.0027925538204326417, -1.129721273806745, 0.7310516602185272], [0.019373674259646645, -1.0865121393709836, 0.7604411620825757]], [[0.026101225018644314, -0.9639512406486469, 0.7168660829638385]], [[0.2330518441527125, -1.0977483362225622, 0.5815912521022073], [0.2103546246420549, -1.0596012188574133, 0.6119537246189823], [0.3084814759517329, -1.031098977925046, 0.548691201272743]], [[-0.1025926418958496, -1.0590212303451396, 0.5329723688782051], [-0.10795321769509547, -0.943593304506259, 0.5338020422341034], [0.0005606794708317153, -0.9935748061620757, 0.47851698999741854]], [[0.4033501447926021, -1.0709961596423978, 0.3208315654582008], [0.3830760006306506, -1.0669895780763108, 0.38268297572744814], [0.4190908901789596, -0.9863499115531753, 0.3292794538082159]], [[-0.05735181297616132, -1.176395154801964, 0.34973554358703973], [-0.19115529814087906, -0.9493380098031752, 0.35335968996542055], [-0.11442888467911816, -0.8826645228620323, 0.24647676020757348]], [[0.5088191761772054, -1.1314422971554225, 0.11578628996828755], [0.49492894522719233, -1.1156637584722284, 0.16996069856829576], [0.5140155916774503, -1.0399110014696018, 0.10931490122619858]], [[-0.2365904947186412, -0.8581113715095796, -0.022641733523662166], [-0.23223828845446204, -0.783554576036003, 0.054295795037502925], [-0.17837508528977253, -0.804080817707439, 0.021093790554296277]], [[0.224079093829466, -1.2011531814909258, 0.09137207428584704], [0.19100006463180774, -1.2340014018215322, 0.16576157802254055], [0.22653716990193495, -0.985408831435308, 0.015331406468906184]], [[0.017244749961952688, -1.2087809958175493, 0.045873921875468904], [0.010800364802295626, -1.136414665823187, 0.09916020400476855], [-0.02005384657474596, -0.8685220325750982, 0.10331849501822876]], [[0.24415391789678648, -1.17089373273219, -0.4124678247759246], [0.14480663002437655, -1.2608692733031102, -0.14809715223203157], [-0.02746951401148534, -0.7036741629789383, -0.006229659340627025]], [[0.062383635079120925, -1.3139409991248105, -0.3135288206478797], [0.039394986632409035, -1.3025294175562088, -0.13958189048576153]], [[0.2313665466513965, -1.2752837568423807, -0.6718742606523742], [0.20782894233547466, -1.1707127235488979, -0.6417084723821915]], [[0.3445716543080624, -1.2811846453913656, -0.6964139217048696], [0.3331752442197422, -1.3204367310323675, -0.5305533230080977]], [[0.0848015918870364, -1.139508624835335, 0.5953706538399628], [-0.008022364818284444, -1.071927916207203, 0.6225733772211832], [0.11582658223868858, -0.968583787115658, 0.5306629985933948]], [[0.06522960112843144, -1.078384783283851, 0.5572818104902062], [0.051200703473479714, -1.001597261681836, 0.5728778834265429], [0.15452107771128232, -1.0123368920435607, 0.5136040956350807]], [[0.12066192189570935, -1.2049670886542376, 0.06862299808065797], [0.10090021471705168, -1.1852080338223596, 0.13246089101365455], [0.1032416616635945, -0.9269654320052031, 0.05932495074356747]]]}