{"bodyId": "h0", "timestamp": 1642436328229000000, "continuousState": [[[-0.2138991708124368, -1.0789849743870623, 0.6821173901037526]], [[-0.19795036871142518, -1.1405484280153988, 0.6990262556806979]], [[-0.11427584717370354, -1.0018268971272706, 0.6647724634834575]], [[-0.13935539224574817, -1.308964648373537, 0.5636359461886437], [-0.13786201681018873, -1.1187493888493638, 0.5681611273819401]], [[-0.02737973134961552, -1.1303366887520747, 0.5663884542900719], [-0.038073531836905206, -0.9803885900076792, 0.45138113340627695]], [[-0.11473654679348838, -1.4520864935208184, 0.3236936199819642], [-0.12649297468109721, -1.2686395565862592, 0.35242357580117367]], [[0.0388112732087918, -1.1724953626461603, 0.4216021492255573], [-0.026275505795908538, -0.9169998685745576, 0.14984679491869657]], [[-0.15142019266017503, -1.527786180074091, 0.13260021451744275], [-0.10187850581534597, -1.4505723615772648, 0.12176547318198772]], [[-0.058248346241251414, -0.8163960849432685, 0.16982259973483038], [-0.12409367735690191, -0.6295976579656379, 0.05406249338902375]], [[-0.03341754667131891, -1.5148362167157383, 0.22509512585369562], [-0.12336867585547062, -1.261356633119205, 0.06940910036983872]], [[0.021565447764199552, -1.3789499947112878, 0.15345349562566346], [-0.06359966133705841, -1.2165238287569877, -0.008578008611459298]], [[-0.05347606382386094, -1.4518166880059802, -0.2753500066954], [-0.2675116172404288, -1.0416962409857768, -0.10398050492513222]], [[-0.15588321443632835, -1.452520930561258, -0.22659256539269945], [-0.29917494965193114, -0.9704448837032091, -0.06797051458416736]], [[-0.007510434053628612, -1.4461079579212872, -0.761110051695087], [-0.3188331991869142, -0.840171958362901, -0.12528453336532586]], [[-0.06896526442168516, -1.4835554011662988, -0.6915456755472236], [-0.3274651472396831, -0.8364774868158213, -0.14294111325401104]], [[-0.07203200728407105, -1.253824726304458, 0.584750681410599], [-0.10197463717616961, -1.0438352690367632, 0.5202267553986463]], [[-0.08336756179768184, -1.219650668562806, 0.5650122002393578], [-0.08796777432354697, -1.0495689894285216, 0.5097711303941086]], [[-0.005926049453559679, -1.446893105713513, 0.18927431073967954], [-0.09348416859626452, -1.2389402309380964, 0.03041554587918971]]]}