{"bodyId": "h0", "timestamp": 1642436361528000000, "continuousState": [[[-0.059506800893076695, -1.048835048254326, 0.6987221627309657], [-0.04606321192170326, -1.0120341193614157, 0.7142573086979569]], [[0.0829891257372054, -1.0712718894200342, 0.7454106285900519], [0.0999350540248014, -1.0239156827588884, 0.7579684982010564]], [[0.09275594972555523, -0.8900091278205332, 0.7082780355517875]], [[0.3086023607369027, -1.0811064143921758, 0.6139371688348324], [0.2890266268166203, -1.041215373267292, 0.6283711842472519], [0.2877428768989567, -0.9266728097070926, 0.6351601038647372]], [[0.03255858753940122, -1.0034443778627502, 0.5604264654879851], [-0.03663141019685068, -0.957559798543, 0.5840284578932227], [0.08680048823697484, -0.9188474869760985, 0.4767025486394587]], [[0.49649919856184216, -1.0945146407941113, 0.40674972215102856], [0.563643148867029, -1.027896351141431, 0.37199482506794923], [0.4672586781749908, -0.9479374117615529, 0.418283342256931]], [[0.065049425726666, -1.06845347803963, 0.3324430352518961], [-0.06955453121019717, -0.758357944525424, 0.2690017204938997], [-0.007234790928286605, -0.7755740758144763, 0.2593435427632744]], [[0.5427885067224467, -1.1093932977563443, 0.11604318397753732], [0.5210521344586537, -1.1364217979178803, 0.20680153486415032], [0.5825440519291241, -1.0770457136525926, 0.1425804014051386]], [[0.011251063195113986, -1.0628761603690018, 0.337275813549611], [-0.12132756151674251, -0.6407661877459412, 0.03831033016092267], [-0.11744614590131164, -0.6390279881362388, 0.04629629777976502]], [[0.3156266473175665, -1.1846889145900792, 0.09046966956858893], [0.2887987027138289, -1.2157064368049695, 0.13948673276042278], [0.27493902993422004, -0.9092839800884497, 0.12588882351560549]], [[0.1164973471914017, -1.1852441866694023, 0.057889228509919954], [0.10277865166138478, -1.1247003217079614, 0.09302803534815651], [-0.0033489835364384213, -0.7404407263843411, 0.2178330307998947]], [[0.3390917164122429, -1.1917590478977969, -0.412197234386636], [0.24054316154994693, -1.257369860506275, -0.28698599074545394], [0.08513731193881968, -0.7530954013619768, 0.015784549666084335]], [[0.1582089261177993, -1.2699197527575774, -0.35982130214732566], [0.11992188017504457, -1.2884749786642864, -0.2575239411403283], [-0.08256175346410721, -0.6253524700322246, 0.05863397793297964]], [[0.33682713965095834, -1.1558154909829383, -0.7854246925987474], [0.15581033195128513, -1.323536728333493, -0.39636051396953853]], [[0.2057159053801993, -1.3585570041056383, -0.7303658587498209], [0.20258190744433868, -1.3656914217395288, -0.6836920053853386]], [[0.19096130614921802, -1.1060904223515071, 0.6257238613425532], [0.09297590280955359, -1.0349627282353513, 0.6218570733991393], [0.17339259484183955, -0.8816957427709842, 0.5585382938651595]], [[0.17058047413815197, -1.042275396127463, 0.5871818171614087], [0.1261976083098848, -0.999387585905146, 0.6061998210702373], [0.18727168256796578, -0.9227601483415956, 0.555931326252098]], [[0.2160619972544841, -1.1849665506297407, 0.07417944903925444], [0.19578867718760684, -1.1702033792564654, 0.11625738405428965], [0.1357950231988908, -0.8248623532363955, 0.1718609271577501]]]}