{"bodyId": "h0", "timestamp": 1642436408227000000, "continuousState": [[[-0.3125513365340612, -1.4716677763718717, 0.6527317720064477]], [[-0.39302446810088965, -1.594637716804372, 0.7114620737045994]], [[-0.42251691158796634, -1.6106875466341934, 0.8342807334588459]], [[-0.6145575276724814, -1.6268441573073527, 0.5936608253600865], [-0.5493001018683232, -1.4574424538252706, 0.5929502308483725]], [[-0.25520099282881703, -1.6829987143343905, 0.5697317534600902], [-0.20626749193711147, -1.5559729517022216, 0.5725674901045339]], [[-0.7236051732788773, -1.6397114973869134, 0.35118355352680397]], [[-0.0999939726377248, -1.5070416161084204, 0.3590110214696499]], [[-0.6385573960778219, -1.6091675595296513, 0.6188020789634903], [-0.5082726588335404, -1.4335443634137386, 0.35965306015472565]], [[-0.21836083898878444, -1.32821712715279, 0.3855724695681122]], [[-0.562456596441099, -1.7875618344665551, 0.23645775101406763], [-0.41912027740895585, -1.6531009354150927, 0.06828099468713689]], [[-0.39391530615223314, -1.8550604854614479, 0.2923888805795638], [-0.2690421690674121, -1.4312988349777909, 0.15276746553518827]], [[-0.5702882937401771, -1.7978269801796634, 0.033179121893508245]], [[-0.36233638155140413, -1.8087510880664492, 0.3974492934595646], [-0.18336510180955745, -1.533673111363993, -0.247073988763288]], [[-0.42706248857277995, -1.6381287811893528, -0.682015729274391]], [[-0.17997797762195722, -1.8337089349321483, -0.6447805434627231], [-0.24299596791309708, -1.4229884911716428, -0.45638118174623854]], [[-0.4685422482894004, -1.685560501513791, 0.6290144408536197], [-0.351187923173532, -1.5781117984432556, 0.5560596476891271]], [[-0.4348792602506492, -1.6549214358208717, 0.5816962894100883], [-0.37778379690271735, -1.506707702763746, 0.5827588604764532]], [[-0.4781859512966661, -1.8213111599640015, 0.2644233157968157], [-0.34408122323818396, -1.5421998851964418, 0.11052423011116258]]]}