{"bodyId": "h0", "timestamp": 1643051881983000000, "continuousState": [[[0.019149510648904466, -1.1865078619272649, 0.6185530858651895]], [[-0.16087579168234634, -1.1310543575976781, 0.7280960429596963], [0.04952355463032343, -1.095262586213329, 0.6600578317490308]], [[-0.08470370405994015, -1.246724175654429, 0.7067438596736924], [-0.07081205977995031, -1.208819958131755, 0.7149634636983757]], [[-0.10205961728378088, -1.2385095798438934, 0.6336418029310771], [-0.2581188581079411, -1.0947775072457726, 0.5719224311926994], [-0.09325669729792352, -1.014698051309367, 0.5067429066556796]], [[-0.16424374978475725, -1.3886024515239501, 0.5216310173967691], [-0.1696706382482236, -1.3796383482332435, 0.5876106834261858], [-0.08676812149101609, -1.2913220986775031, 0.564221602852593]], [[-0.05572588585741195, -1.0678735703845585, 0.42167088636840844], [-0.29365467132076195, -1.231477738358717, 0.44191383354161795], [-0.05325865846454181, -0.8662131852152634, 0.30515707345332066]], [[-0.09333754396267735, -1.5450318700943166, 0.28133930113040884], [-0.10507605237407469, -1.4640946976873639, 0.3375791663167014]], [[-0.04269224471499633, -0.8108196559911174, 0.08122615528038102], [-0.05208410914355621, -0.7468730173891025, 0.08175557378793596]], [[0.07608002585030865, -1.4564210644136442, 0.08006888459260408], [0.0032090800210335946, -1.5021784547878767, 0.23996703396464691]], [[0.024168987271142972, -1.327155334217657, 0.10974875887083191], [-0.21495631752113076, -1.2798832169986467, 0.12579838214196903], [-0.07204614339993909, -1.0660340318808605, 0.0670961982900935]], [[-0.035888400584967506, -1.5216814312717033, 0.1850530222327169], [-0.16758265654674775, -1.4386666918188453, 0.19037488665005498], [-0.132665097015909, -1.1873873790284015, 0.08069961134881276]], [[0.08535439585206811, -1.261177292852106, -0.26082122992834944], [-0.11300798726655348, -1.4345127191196907, -0.07883095923516859], [-0.099175475505759, -0.7323462830279963, 0.005111232881335526]], [[-0.04849599452425701, -1.3845841616244259, -0.3637969762033706], [-0.07791310532834839, -1.385010674864464, -0.26885452544509314], [-0.24698803003581826, -0.8792566035632382, 0.004421215334594941]], [[-0.0036431045964439024, -1.4358778411429305, -0.599883069532319], [0.007914873393459754, -1.4873108252321763, -0.5587758324992231]], [[-0.008424425851333961, -1.4816381131259422, -0.6504848641714691], [-0.0576722147204447, -1.3608912476143937, -0.707020076163216], [-0.32864104108136616, -0.7839425651365963, -0.032918994939212354]], [[-0.13545667524734528, -1.294927763547012, 0.5690934493522364], [-0.21972635791923156, -1.2593264551358954, 0.5905269411140965], [-0.1139770058495787, -1.1052141611749196, 0.5627246179810577]], [[-0.13315168353426907, -1.3135560156839219, 0.5776364101639231], [-0.21389474817808235, -1.237207927739508, 0.5797665573094426], [-0.0900124093944698, -1.153010074993435, 0.5354822547541362]], [[-0.005859706656912267, -1.4244183827446801, 0.1474008905517744], [-0.19126948703393926, -1.359274954408746, 0.158086634396012], [-0.10235562020792405, -1.126710705454631, 0.07389790481945313]]]}