{"bodyId": "h0", "timestamp": 1643051887410000000, "continuousState": [[[0.14070395091586516, -1.2237560290501621, 0.6411410024072661], [0.12990401908688076, -1.1868577294231293, 0.6522911389300152]], [], [[0.021686839076814124, -1.2132262787384334, 0.7438841182130937], [0.029684186714261984, -1.1472206143993058, 0.7200563636174062], [0.14882870263101733, -1.2108579720161812, 0.6711904119549319]], [[0.17060415318377553, -1.012173964211221, 0.5503241030785229], [0.006444642171492987, -1.1182189459616196, 0.6481065616141788], [0.23850452410642498, -0.9686975183573024, 0.4958292657744805]], [[-0.15268580991601544, -1.1961093485103047, 0.519593497119327], [-0.1386666496276857, -1.1684301408376765, 0.5654227187071283], [-0.043831313320705445, -1.1633152178914092, 0.5380585005875953]], [[0.3105532797524712, -0.9949586677128648, 0.318858244959108], [0.14593316627162523, -1.1152747753791148, 0.46432675242700583], [0.3596734089430105, -0.9317694101262418, 0.2699716749398706]], [[-0.16847082350410936, -1.301486527496012, 0.26849723206772214], [-0.20764722118849988, -1.2870086403007774, 0.2932548562145121], [-0.11240595513558505, -1.1993085423764875, 0.2702965484637039]], [[0.4720807821338564, -1.0312584573009755, 0.09841201804206845], [0.45843129336242106, -1.0229317065293744, 0.13358538662897113], [0.4751711517085222, -0.9499475348872842, 0.07952396054920152]], [[-0.01347094679019023, -1.3703151117658376, 0.12533824072092847], [0.016456693752652907, -1.3286246150832193, 0.13415932458935198], [0.0012556212115297782, -1.1582244910220636, 0.25619956855252934]], [[0.1695282477526439, -1.1609194554689448, 0.07183348227247222], [-0.005597961211531333, -1.298907173645288, 0.18141895118594054], [0.11954938561490969, -0.9945799389723345, 0.007042475829179162]], [[-0.0031176325996384313, -1.3118464961550524, 0.12874493857629865], [-0.10194238003363287, -1.3027765775536206, 0.15417133728574228], [-0.04953476928315914, -1.098067674738322, 0.012314396582007614]], [[0.11859575261155375, -1.1618810644318596, -0.3972624782593255], [-0.03284263791572095, -1.2778641970388918, -0.13622167750690406], [-0.11888864723391701, -0.6476119262815493, -0.0009824972385885644]], [[0.04198694821882332, -1.3697263148191345, -0.25840005906195196], [0.008325574794773694, -1.3618829452289396, -0.22946540124358128], [-0.18559193918061712, -0.7102901310639756, 0.005119848008210193]], [[0.0801718591680739, -1.1287116441801468, -0.7695780497075317], [-0.026384684181730567, -1.2719380219986418, -0.46046111827795033]], [[0.00384713289699401, -1.3369498825008783, -0.7472154765879166], [-0.00628286983777171, -1.3169964398948253, -0.6782792977154086]], [[0.027885578128831467, -1.1880179483217201, 0.5966929907763787], [-0.052386430625486646, -1.1240216970817867, 0.5844129525078372], [0.10123520421525656, -1.0766619201905605, 0.5160392951282562]], [[0.008959171633880048, -1.104141656360763, 0.5349588000989249], [-0.06611100372809636, -1.1433245433996482, 0.6067646401606536], [0.09733660539285977, -1.066006368124356, 0.5169438831810379]], [[0.08320530757650274, -1.2363829758119986, 0.10028921042438543], [-0.0537701706225821, -1.3008418755994544, 0.1677951442358414], [0.03500730816587527, -1.0463238068553282, 0.009678436205593388]]]}