{"bodyId": "h0", "timestamp": 1643051949519000000, "continuousState": [[[-0.40826781062917744, -1.3017202393699494, 0.6075252529351083]], [[-0.32191424235723454, -1.2473871284298705, 0.6945838099141167]], [[-0.5295776047768204, -1.346859147764583, 0.6850771041254302]], [[-0.4628380202616382, -1.1540439279709689, 0.5641298162562114], [-0.37496664030103455, -1.1944781982750565, 0.5069309644711275]], [[-0.6825580580297339, -1.4077766831986276, 0.4541489984030629], [-0.5272276387411026, -1.3900506685863232, 0.5288882387649997]], [[-0.38288442354719326, -1.0436919803223088, 0.33649892368078227], [-0.2952761389494105, -0.961033668476103, 0.32900360488152713]], [[-0.6482560960687691, -1.5256172977910434, 0.20413683204553545], [-0.5639010696987992, -1.2687353858143164, 0.3618646560760359]], [[-0.2505861852002659, -0.9030655834764543, 0.08697843521477266], [-0.17358758901122195, -0.8907581315314966, 0.11581660240999692]], [[-0.42218793609394906, -1.5021260277594952, 0.11873771008421774], [-0.4352790377591571, -1.1046249298016735, 0.4132590346498045]], [[-0.39619208847562, -1.1989022888583234, 0.02249371215585394], [-0.3998330743310953, -1.0897375800783133, 0.06406214837264235]], [[-0.46814890793799363, -1.4760242063187785, 0.1119877353223031], [-0.539297923839335, -1.1285036463322062, 0.0953100277303417]], [[-0.34581776252722585, -1.1817740459083355, -0.34927415767102077], [-0.34136409982634563, -1.0528417596811837, -0.2650764023907688]], [[-0.47543762829860603, -1.3596116998575645, -0.37840372772672204]], [[-0.38864632647894815, -1.1255124748849796, -0.7881094417935526], [-0.3805629065093279, -1.0629925281715584, -0.6744309105986689]], [[-0.4586321464312989, -1.3043714021369246, -0.8116011883610343], [-0.4786146304097597, -1.1300080314795617, -0.6397766474460271]], [[-0.5665249409793034, -1.3117799451773624, 0.5202988441585736], [-0.46810199686376797, -1.2224290355768723, 0.534435337795826]], [[-0.5726980391456861, -1.2809103055847983, 0.5091394073296371], [-0.45109713952106856, -1.2922644334306899, 0.5179096016180635]], [[-0.4321704982068068, -1.337463247588551, 0.06724072373907852], [-0.4695654990852151, -1.1091206132052598, 0.07968608805149202]]]}