{"bodyId": "h0", "timestamp": 1643052028043000000, "continuousState": [[[-0.1659157496057348, -0.9725009140980685, 0.6323924529693186]], [[-0.3591141809219318, -0.9335190746029467, 0.7090976934765272], [-0.21202247520530704, -0.9172436456556625, 0.668681604034656]], [[-0.2488663659759823, -1.0125352042986655, 0.7006555272688137], [-0.2403110586101025, -0.9879410825577819, 0.7030126935442129]], [[-0.44334064268933904, -1.0475129630665592, 0.571461669880116], [-0.5074860014831888, -0.9738439564298293, 0.5388000196885971], [-0.36051790629625047, -0.9815996047051121, 0.5138017001174429]], [[-0.21077455038609855, -1.1659323984674939, 0.5341134064156687], [-0.20579852919153663, -1.1055817597356645, 0.5426282828096913], [-0.1848900302406683, -0.9155263090591006, 0.6070201639201974]], [[-0.2508196805449783, -1.2503819468436999, 0.44090939839369003], [-0.30297800883816417, -0.8465350223775336, 0.2848309560258663]], [[-0.11584642237395476, -1.2670292616543455, 0.284881548278592], [-0.1285546939186255, -1.2134071633828787, 0.31099222843283525], [-0.1497259605595168, -0.9228809686634183, 0.4063000948454002]], [[-0.10332468259870953, -1.1924540108503345, 0.36018803497143637], [-0.236444277701385, -0.7572454422064614, 0.056342047322487154]], [[-0.002682985578157493, -1.2626819613486027, 0.03667885155875106], [-0.04456891277708408, -1.2492247827940688, 0.12348844760485589]], [[-0.2958718123861039, -1.2485086994602181, 0.1284770326677822], [-0.38847353059751577, -1.0959813354618304, 0.030015192750492137], [-0.3191439631133912, -0.8755700526324096, 0.07568927923823143]], [[-0.1473932035535293, -1.284861503896743, 0.16202694011867202], [-0.21434236984670907, -1.1866891584531571, 0.08146968073183203], [-0.12660491627731663, -0.8959544744656764, 0.05788238938390666]], [[-0.2908301882803761, -1.1459659144007077, -0.28950069593101224], [-0.30593528743556264, -1.1368383123674546, -0.31653174575946474], [-0.29051223933381876, -0.7906171676504252, -0.3135586497133054]], [[-0.04236303623480109, -1.1129235000524123, -0.266613571864488], [-0.06441760259478091, -1.0779527165604115, -0.3414361272947184], [-0.2520105802209236, -0.5130944631372625, -0.012004314685274187]], [[-0.2132399180463752, -1.1795881724643749, -0.7399241105541352], [-0.21451839835340247, -1.1776332516332213, -0.7154014684815662], [-0.307457949563235, -0.729093630076892, -0.7366735572885847]], [[-0.06304540021559957, -1.1512078799780232, -0.7496447835744788], [-0.05995471672980579, -1.1820991662263376, -0.6938229597650247], [-0.3625355095207117, -0.2374076905700394, -0.03298006641817253]], [[-0.31954890339724595, -1.1161625090203162, 0.5603197970763292], [-0.38922143259143116, -1.0948926303309554, 0.5739831478749233], [-0.26364709453105595, -0.9673324745090327, 0.5506562954442721]], [[-0.3270575965377188, -1.1067226807670265, 0.5527875381478924], [-0.3566422653373627, -1.0397128580827468, 0.5407141512491442], [-0.2727039682684594, -0.9485629568821063, 0.5604109320188202]], [[-0.2216325079698166, -1.2666851016784806, 0.14525198639322712], [-0.3014079502221124, -1.1413352469574938, 0.05574243674116208], [-0.22287443969535392, -0.885762263549043, 0.06678583431106905]]]}