{"bodyId": "h0", "timestamp": 1643051292651000000, "continuousState": [[[0.30813074071627605, -1.4448128685167643, 0.6585855918200504]], [[0.1510841643482448, -1.3196269214676415, 0.7793433269891621], [0.33887789047581374, -1.2814643405293296, 0.6625638822178754]], [[0.21854481137898485, -1.4780575456029785, 0.7186070398391037], [0.204937593489266, -1.431405710933301, 0.7484308005096785]], [[0.20043395495349242, -1.457759335716995, 0.6387227527788675], [0.08983383293504454, -1.1809790557902273, 0.5775181740474926], [0.23643315129504472, -1.1723137654887599, 0.5176387922358194]], [[0.06695769052270317, -1.580992739093677, 0.5701507104891149], [0.07007655744431562, -1.5317008280179172, 0.5878242002874645], [0.1797667104794033, -1.5290310929068767, 0.5050990113116369]], [[0.24227413303742415, -1.4240180058511311, 0.45787985248745344], [-0.0032680835737105562, -1.3116753259084044, 0.46386886870344446], [0.2578204839188796, -1.105840568027215, 0.222905033094712]], [[0.08721060321848917, -1.7162653981789742, 0.2900331695355314], [0.09838098051968447, -1.629932407136836, 0.30939283762955494], [0.11470622613345349, -1.4675412780578179, 0.3089266552310781]], [[0.2772393216976357, -1.075012024403185, -0.010394461618670192]], [[0.29294446109462774, -1.5642543958768385, 0.2462838883151095], [0.27318444834638056, -1.541584773046608, 0.308308862490309], [0.17204820819373567, -1.2517248040985396, 0.41131620253414325]], [[0.28768983125568837, -1.560125291202822, 0.1963141380807234], [0.0489025128152456, -1.374307552162079, 0.10900272336531258], [0.22912539659425235, -1.2195695959387105, 0.014793816668921655]], [[0.17877837278917563, -1.627044017007864, 0.13816120959658895], [0.09201611517148689, -1.542273718265784, 0.12940620757886956], [0.13752261795454235, -1.3721692466073154, 0.015377274723825662]], [[0.26186680165435494, -1.6174496611964204, -0.07242590771111712], [0.13928462141891895, -1.3837847309452447, -0.2258232718509503], [0.21842720118778436, -1.2547769211816622, -0.38399845811953814]], [[0.21755170845960237, -1.6232390455802004, -0.26928001974269145], [0.19675712210937402, -1.586330802608749, -0.2751968048709772], [0.1938598971700316, -1.3970678641026861, -0.2381137634949293]], [[0.2582644857812209, -1.6231475335020984, -0.34152718729064513], [0.17029655420765288, -1.4172734962569777, -0.6478963085718368], [-0.21547046399585845, -0.6191559194081845, 0.005200127385811659]], [[0.13418067612354478, -1.6344950774010163, -0.7548594852970788], [0.14143503560132853, -1.6405534999572926, -0.6524311318473852], [-0.15774056405097825, -0.8650353241427099, 0.013935346773784163]], [[0.1285147487030988, -1.492403672571154, 0.5863179924098283], [0.048074242244894205, -1.4089542509733146, 0.6180645231130757], [0.21077050957806365, -1.3435494563896082, 0.506639963512028]], [[0.1336958227380978, -1.519376037405336, 0.6044367316339911], [0.07995519518968008, -1.3563399419040723, 0.5826711871674786], [0.208099930887224, -1.3506724291978183, 0.5113689017737282]], [[0.233234102022432, -1.5935846541053431, 0.16723767383865618], [0.07045931399336625, -1.4582906352139315, 0.11920446547209107], [0.18332400727439735, -1.295869421273013, 0.015085545696373659]]]}