{"bodyId": "h0", "timestamp": 1643052069181000000, "continuousState": [[[0.17031488808694367, -1.038688828502079, 0.6597061485412803]], [[-0.025401208092123206, -0.9985118633440635, 0.719451060288206]], [[0.08988270050906144, -1.1143793241315814, 0.7301707235546808], [0.07645310153169949, -1.0935214751984381, 0.7437325461877569]], [[-0.09443619557419242, -1.1063850888451174, 0.5323393129558278], [-0.09663031086005425, -0.997701652684946, 0.5073474222810994]], [[0.15199478579567433, -1.2718006717301407, 0.5867130968063656], [0.1476692249145941, -1.2190082523826185, 0.6042888150241443]], [[-0.18520705656108238, -0.9106915645706544, 0.27158894599360694]], [[0.3047634401797544, -1.349531868501586, 0.3542192246336193], [0.3379636490222825, -1.2951415968172628, 0.3233972396813356]], [[-0.24670764685593705, -0.7942156657740387, 0.039630697270071735]], [[0.47584846441194756, -1.3054711611587362, 0.12117481571127953], [0.45761002218993607, -1.2985248896771353, 0.20135187773353835]], [[0.08316269762314327, -1.3329056969803859, 0.07672332114223068], [0.029043873311655144, -1.2012914976028828, 0.056028953323782105]], [[0.2435195630035536, -1.337527659224641, 0.07178352629283746], [0.15393915421044335, -1.328285612885827, 0.13075516614961868]], [[0.16526887676000246, -1.3684436377304758, -0.08214047690543769], [0.14671817596824632, -1.184645365777582, -0.3151165017091935]], [[0.3468183850314147, -1.3414481523000852, -0.2967026040765941], [0.32240103188201674, -1.2921043281958706, -0.3013686650538627]], [[0.18460043140897403, -1.2535730780763028, -0.7371014795879511], [0.18108155463205833, -1.2301190135870543, -0.7087568374276081]], [[0.30615713504486586, -1.3793048090735465, -0.7619170978980387], [0.3158631011758657, -1.3902839008607786, -0.6515536899999019]], [[0.039669229978587794, -1.1978126686575685, 0.5672142155824713], [0.01411860009330601, -1.1150589159105577, 0.5559866031702907]], [[0.028779295110740954, -1.189092880287629, 0.5595262048810967], [0.02551945702726993, -1.1083549525337824, 0.5558181186526219]], [[0.16334113031334843, -1.3352166781025134, 0.07425342371753407], [0.09149151376104925, -1.2647885552443547, 0.0933920597367004]]]}