{"bodyId": "h0", "timestamp": 1643052124322000000, "continuousState": [[[-0.3058051804740122, -1.1934092635058804, 0.6217165542485756], [-0.33775916963621666, -1.2146969226186022, 0.6453392406901763], [-0.17019484825719688, -1.1694040954207097, 0.5880580446599128]], [[-0.27879271289752183, -1.120665262895935, 0.6776982367780399]], [[-0.40595782491337995, -1.2481300183425124, 0.6851505401772777], [-0.3835143500003978, -1.2104970284962464, 0.7011273662990141]], [[-0.539656315418474, -1.2085037774154763, 0.6306511382033118], [-0.6092889374533577, -1.1210863167758043, 0.5505027184341609], [-0.465216774951668, -1.0614585829725995, 0.5451231566554615]], [[-0.42447680034014945, -1.3830779908625896, 0.499878563582542], [-0.4081835033854593, -1.3559883447482923, 0.5507034172873053], [-0.31791736518263447, -1.1839437447614183, 0.5679194927807771]], [[-0.6482211395338217, -0.8150273757524025, 0.3892971159293448], [-0.5300748813641648, -0.8952728339685666, 0.40445079460351485]], [[-0.33437364993219193, -1.5046838132375946, 0.25859242695160134], [-0.3719878748624996, -1.480918496811631, 0.3274592266195495], [-0.3796531642770833, -0.9772914053638142, 0.44305038540981856]], [[-0.6987286183362731, -0.6162239922294974, 0.2977952532558503], [-0.6328063080818639, -0.6608199828015584, 0.3655980588881189]], [[-0.23896419895082444, -1.5008374214897642, 0.003578801114520136], [-0.2350757855291039, -1.5085156549536582, 0.08857085731526948]], [[-0.2725232639774878, -1.3109072939272344, 0.11745371375278868], [-0.556537027692485, -1.2424209184163204, 0.09490618824084018]], [[-0.28859319914592785, -1.454732938786541, 0.15768714423550212], [-0.44787471193386985, -1.4047614045378247, 0.14811185629546908], [-0.27198011316262183, -1.0873108638036264, 0.06955986638957934]], [[-0.21757039416401902, -1.4191203629596392, -0.06222627590041552], [-0.46352968207720346, -1.2895839966839493, -0.11673556904572968], [-0.3502896366843362, -0.9756153377481687, -0.22047457004230941]], [[-0.25256527623989683, -1.4874680515720995, -0.10894941516659751], [-0.40205104478365794, -1.3967452558995763, -0.06192479359377567], [-0.38663473799610637, -1.0493035803634654, -0.21839779521357738]], [[-0.34867693161157953, -1.1621051894198267, -0.734752807454671], [-0.3711223344857566, -1.0502994750290087, -0.6908601859299629]], [[-0.38595574242532205, -1.3082673551416895, -0.793479140717239], [-0.3712644196184125, -1.3235716728777773, -0.6867138776214553], [-0.3940480668506978, -1.1541354187459414, -0.7056259348498689]], [[-0.4818728193837154, -1.2747230321549963, 0.5617132832868619], [-0.5333439683715615, -1.2786899992566136, 0.5874158248175005], [-0.4147645013544954, -1.0883194930906428, 0.5747579433431604]], [[-0.48206655787931174, -1.2957908841390329, 0.5652648508929269], [-0.5087362204194085, -1.2385373307620484, 0.5506030678607331], [-0.39156707006715125, -1.122701163867009, 0.5565213247181193]], [[-0.2805582315617078, -1.3828201163568878, 0.1375704289941454], [-0.5022058698131775, -1.3235911614770726, 0.12150902226815463]]]}