{"bodyId": "h0", "timestamp": 1643051310607000000, "continuousState": [[[-0.05743011145808258, -1.2045773212604072, 0.6453159586297681], [-0.0756071580232115, -1.1915496074064655, 0.6625339190117165]], [], [[-0.16960410118901825, -1.2485919942485524, 0.7105416871040913], [-0.16415222404965502, -1.2211312327535366, 0.7362301205834358]], [[-0.1386111607019943, -1.2353703480380445, 0.6286638185953508], [-0.31373233721625426, -1.0930389609558793, 0.581082430651733]], [[-0.2692732896043908, -1.372772342970195, 0.5254457592303428], [-0.22013856152705735, -1.3540304798499458, 0.5546256542778341]], [[-0.09100874889934352, -1.095867313975402, 0.40649505048870727], [-0.3609392896546787, -1.2838550611199193, 0.5098362671962768]], [[-0.1839365160567516, -1.548834962522008, 0.2939851899408563], [-0.21632764233016366, -1.5259914583767293, 0.3336746991570585]], [[-0.04718237916097989, -0.8214041562317287, 0.08708324038718973]], [[-0.017240546141771673, -1.3581831044935406, 0.24146436462047927], [-0.0035627785923775246, -1.3352081320342772, 0.2837864589407548]], [[-0.02640183392529588, -1.3361076825589597, 0.1055450788399872], [-0.2774620903261087, -1.2951813074340635, 0.07690648854265869]], [[-0.11359282224282435, -1.4206661345778013, 0.04684299273833581], [-0.20211442967493598, -1.4408338641045393, 0.12916670171940625]], [[-0.017288021739568338, -1.4579071986014362, -0.09454605513760184], [-0.16214305227257064, -1.2472283259441874, -0.28226418096964645]], [[0.00442481852495491, -1.460794976038524, -0.28150728277699866], [-0.008103213333154002, -1.4342343408050524, -0.2778686107298878]], [[-0.005342837136837919, -1.4841622980173004, -0.40481208019025683], [-0.12742571622542576, -1.2942070187343668, -0.715760095873351]], [[-0.026602695385530728, -1.4111212641516542, -0.778271410045764], [-0.003949536831722389, -1.420788663343259, -0.6927800546741747]], [[-0.20013348615262216, -1.3111635202829568, 0.5731602709433881], [-0.2895972600567608, -1.2417552931245945, 0.58548620487447]], [[-0.20394222515319255, -1.3040713455041197, 0.5770547889128468], [-0.2669354493716558, -1.2235347204029126, 0.5678540424647835]], [[-0.06999732808406012, -1.3783869085683804, 0.07619403578916151], [-0.23978826000052234, -1.3680075857693015, 0.10303659513103247]]]}