{"bodyId": "h0", "timestamp": 1643052224487000000, "continuousState": [[[0.11182724615721462, -0.9343802848536535, 0.6603561678744584]], [[-0.03627896199535863, -1.013359970665735, 0.7673803125966621], [0.07605533243762308, -1.015847742118669, 0.731300214102415]], [[0.08536427942123814, -1.0669888496146152, 0.7966176340247113]], [[-0.13081962641582817, -1.1486344273256064, 0.5784144935024167], [-0.11580920482076773, -1.0611818230971903, 0.5612122734734213], [-0.025604079477759667, -1.086464130158722, 0.520271174276425]], [[0.22028389130859433, -1.2219750784278611, 0.613443736168708], [0.17778849150514575, -1.1973857924602542, 0.6324144816592994], [0.22457622237281316, -1.002809437365158, 0.5874866330321231]], [[-0.14696751580731604, -1.2140758443203064, 0.34560217241976066], [-0.17104511166802705, -1.1105069766808555, 0.3186721172184075], [-0.1019649385245116, -1.0691675867076182, 0.2667262737268077]], [[0.3304298197659137, -1.3160521337654847, 0.35098145757927557], [0.37870399764498663, -1.2440018866431126, 0.27372010126232293], [0.24450173699159028, -0.9689809033529055, 0.4000990079840365]], [[-0.13743222848516773, -1.1904082932311861, 0.12265546800423843], [-0.14951892777510545, -1.0597200536579403, 0.020874738157906192], [-0.09577461539649157, -1.0517796805624613, 0.003542004421852818]], [[0.4635468977234244, -1.2097633913487924, 0.11701037381087676], [0.418325080575064, -1.220650159112471, 0.18804446466182356], [0.5124744505904819, -1.1267237728922543, 0.09614975319527885]], [[-0.014908607420747844, -1.2390975682354217, 0.08524144176898485], [-0.035803549113286204, -1.1832886326853136, 0.0906590942145642], [0.01392857201782971, -0.9812992625627003, 0.05939174871921615]], [[0.1829273172944172, -1.2687010166694257, 0.12276831151695422], [0.13145327652376215, -1.2732486479711347, 0.12077634257748526], [0.24097643357100917, -0.9928873946985087, 0.0033871747937854746]], [[0.052158006015464664, -1.1923898428492734, -0.2629653600358839], [0.01841382163095262, -1.1707845139591835, -0.2763187827733897], [-0.17023553340320352, -0.6302869913920667, -0.002920244796852378]], [[0.18775375744275963, -1.2301538408656298, -0.2431938040299475], [0.16060338039497846, -1.1979519579817823, -0.2570252436346572], [-0.07126592855739644, -0.6038188871085938, 0.013852982141188797]], [[0.07725368769436014, -1.1964789287883324, -0.7688711145450926], [0.08151505734613074, -1.2004020347662547, -0.6698896863978938]], [[0.17382695880158594, -1.1756176045257447, -0.7215716656311024], [0.1512993531325595, -1.2144801673618115, -0.6121074179358472]], [[0.05944830209401403, -1.2410377977981784, 0.6288472918905823], [-0.013329545418858446, -1.1842836735405469, 0.6371928988839621], [0.09131048807490216, -1.0326764543892022, 0.5563827953672924]], [[0.04473213244638308, -1.1853047528767338, 0.5959291148355623], [0.03098964334218901, -1.1292838077787222, 0.5968133775663603], [0.09948607144752675, -1.04463678376194, 0.5538789036542741]], [[0.08400935493683467, -1.2538992924524237, 0.10400487664296953], [0.047824863705237974, -1.2282686403282241, 0.10571771839602473], [0.12745250279441944, -0.9870933286306045, 0.031389461756500814]]]}