{"bodyId": "h0", "timestamp": 1643052280901000000, "continuousState": [[[-0.29477787730433946, -0.9020212980210718, 0.5927295843114384], [-0.26366926122638157, -0.9230529914924108, 0.5916405116182708], [-0.15639279888606006, -0.9686929982015031, 0.5936732624936323]], [[-0.26179913723244586, -0.895690880871676, 0.6967614719202287]], [[-0.3887006674713698, -1.0224767401816421, 0.6883787917237807], [-0.3760522740197181, -1.0001293448726778, 0.693545356674494]], [[-0.36284389032968023, -0.9959703392811843, 0.6125126816937982], [-0.5405328881596229, -0.893217069824477, 0.5217566177046844], [-0.35690802687679046, -0.9315213028920927, 0.4629367794934445]], [[-0.48943503387681947, -1.080841397036002, 0.47210169993074746], [-0.39648551810099186, -1.134964750846133, 0.5282610230279026], [-0.37133330040138524, -1.0472458367311694, 0.610978661414286]], [[-0.3057247628989469, -0.8286581994190467, 0.3475428211668945], [-0.5325528466954699, -1.0915696666813226, 0.4495733102996984], [-0.24155332708207122, -0.7689574913178974, 0.24920255666442104]], [[-0.36910377040634657, -1.3027915519944135, 0.27978266341895175], [-0.3743995871090914, -1.2709448828158931, 0.3045842677458117]], [[-0.16716851879631545, -0.6661323618665418, 0.06939231837346016], [-0.16490834442695035, -0.6226235924823205, 0.049260422458792696]], [[-0.2508974035839945, -1.3452710884595, 0.036486292457846625], [-0.2450120576417969, -1.3356992762508775, 0.07514693058947364]], [[-0.2651090039445765, -1.1544116722247386, 0.18134286791726617], [-0.499424513834845, -1.0534345738735678, 0.0013271798551701686], [-0.38889064417368613, -0.9505467810016718, 0.06045441287611353]], [[-0.284029042616191, -1.2258369630811379, 0.14149248259607305], [-0.4063413840773835, -1.2151145073851843, 0.11504143568538772], [-0.3566433611772015, -0.8949226804132654, 0.11433767888650315]], [[-0.27138649694748773, -1.3493302630640864, 0.03157901498071536], [-0.42877274050228475, -1.0308053582163585, -0.417035131119184], [-0.4039998729478538, -1.0443353471952626, -0.38371258043673895]], [[-0.1618898820215086, -1.150307493508054, -0.21524573956836135], [-0.22731305124522283, -1.149937094512032, -0.2359226404244985], [-0.32570760587745173, -0.7820129488877794, -0.13774528839734912]], [[-0.3984950460891974, -1.144711220479552, -0.7541370160347465], [-0.40759587678269893, -1.140685360332269, -0.7238938439493555], [-0.4123570424606424, -0.9774619100818707, -0.64791203962885]], [[-0.22658596140950582, -1.1267343191435322, -0.7861290465703334], [-0.2012999446819106, -1.1560355001895437, -0.7228213000289089], [-0.3041629808656865, -0.8481727498054543, -0.5390105256229565]], [[-0.4367276715084777, -1.035816402771278, 0.5401021047358552], [-0.4896580284907917, -1.0692698811430768, 0.5619493590583204], [-0.38455148441925, -0.9445220160728068, 0.5580674085443922]], [[-0.4261394621032498, -1.038405868158593, 0.5423071908122729], [-0.46850920313030736, -1.0140909103353049, 0.5250088203662935], [-0.36412066363908785, -0.9893835698116311, 0.5369577204538653]], [[-0.27456902328038374, -1.1901243176529381, 0.1614176752566696], [-0.45288294895611425, -1.134274540629376, 0.05818430777027894], [-0.3727670026754438, -0.9227347307074686, 0.08739604588130834]]]}