{"bodyId": "h0", "timestamp": 1643052334836000000, "continuousState": [[[-0.38591302751468315, -0.9775453528782001, 0.6057172888612834]], [[-0.3262440680178985, -0.9072884147446387, 0.6670346204603803]], [[-0.5204634987115219, -0.981407294707024, 0.683244143633746], [-0.49400938919433357, -0.9763105591577201, 0.6732773442139532], [-0.4126852751653409, -0.9611111805646354, 0.7135144377773779]], [[-0.4244359641844303, -0.8710529837931005, 0.5227259477352157], [-0.5977358026115509, -0.9269192161275253, 0.5679632019913008], [-0.38821027368376815, -0.8446009924884006, 0.4444210017789486]], [[-0.655895258939056, -1.0839516718083553, 0.4976817252768604], [-0.5942260391245024, -1.090279404112704, 0.5282313379127803], [-0.5340984407170134, -1.081499870340344, 0.5672480874925996]], [[-0.35301741323056934, -0.7153917806200774, 0.28286551451578523], [-0.5834765738475437, -1.1403225478553856, 0.45225820210669765], [-0.3156981341539231, -0.6647770419531447, 0.2706786775441845]], [[-0.6218546049009198, -1.2829295949327304, 0.29619546339682423], [-0.6179944353824522, -1.2610087451596037, 0.3193314227690216], [-0.5426765415825165, -0.9888914858302664, 0.4192632576174018]], [[-0.19924865254446344, -0.598194112373319, 0.04597078097860474], [-0.21813521825027582, -0.6178991262337794, 0.057485083993236374], [-0.19982068747047455, -0.5810981474138206, 0.07315450492027054]], [[-0.4466703284530694, -1.294609791853292, 0.11860447570874721], [-0.41674478012447946, -1.272089497904272, 0.1410934742369261]], [[-0.40049744785934976, -1.0449305990596487, 0.015249328604236112], [-0.6114836606147099, -1.2182944980838704, 0.1703173602340302], [-0.4564502705097482, -0.9002900703715035, 0.0677449532385519]], [[-0.4584041555869049, -1.2841793373380064, 0.1329173248789457], [-0.5597650443537885, -1.2260148727231601, 0.10784528106837454], [-0.582848350482803, -0.8742995894171677, 0.179696813477081]], [[-0.36178727555193313, -1.1422185800719695, -0.2554038007381507], [-0.5604606257254507, -1.1835880296012484, -0.15661779305542156], [-0.4865039636493884, -0.9801307272901083, -0.34079640982833237]], [[-0.4235762377353831, -1.2521016672735772, -0.32479891524226634], [-0.4297352229298186, -1.268602772429804, -0.2630541486547897], [-0.486744252356465, -0.9618567908531568, -0.285782924432439]], [[-0.45900675633224863, -1.0825140347158135, -0.7281440483403661], [-0.5281131529302305, -1.1197922240952185, -0.7146853115999795]], [[-0.44504965438544497, -1.2204748169541326, -0.8380594416843039], [-0.4344595836693401, -1.279312200190611, -0.7146752927126385], [-0.6683490421620429, -0.4104888879216835, 0.039104121103987644]], [[-0.5300780913175631, -0.9862443143357944, 0.5231802306577442], [-0.5946095255363267, -1.0057728622167759, 0.5447608660036258], [-0.473639130670896, -0.9170701287424331, 0.5322871030977239]], [[-0.5401656115617431, -0.9775023278007279, 0.5102038365060381], [-0.5959809208680267, -1.0085993101201147, 0.5480972699520406], [-0.4611543572003908, -0.9630504314143723, 0.5058345446357742]], [[-0.42945080172312733, -1.1645549681988276, 0.0740833267415909], [-0.5856243524842493, -1.2221546854035152, 0.13908132065120238], [-0.5196493104962756, -0.8872948298943356, 0.12372088335781645]]]}