{"bodyId": "h0", "timestamp": 1643052340330000000, "continuousState": [[[-0.38718344036701535, -0.9885555873039995, 0.6171392502542894], [-0.24868974115269094, -0.95617894932162, 0.6597519082278545]], [[-0.3239762061165754, -0.9076481759031761, 0.685620746286258]], [[-0.5181008642841562, -0.9974742836885004, 0.689918913338307], [-0.5112040185240783, -0.9798778365808289, 0.6791213762024491], [-0.42829245126702775, -0.9859687861289065, 0.7099951765151924]], [[-0.4141838325190379, -0.89145195616643, 0.5481239485566973], [-0.5909275740433526, -0.9146897265365623, 0.5781185647432492], [-0.3870649766979505, -0.8291598840159253, 0.45832630272943997]], [[-0.660783997820371, -1.0783160378931493, 0.4862585956623491], [-0.5913619363516616, -1.0808817059979259, 0.5220394498936458], [-0.5212582114550007, -1.123496031425356, 0.5531610682569115]], [[-0.3365142498031877, -0.7545417570476469, 0.30806951729267085], [-0.586083037674437, -1.1484373623297122, 0.45828453468785546], [-0.29872125785488224, -0.6596232945913677, 0.2657939640167768]], [[-0.5898891380323634, -1.2691698113605059, 0.26460472542734625], [-0.6066126869151323, -1.2624424457729706, 0.3216309015094847], [-0.5225310587028791, -1.0156837013488276, 0.39807096549761023]], [[-0.19753585213979175, -0.602917316101317, 0.04941376613234216], [-0.3700149653245203, -0.9755157782127348, 0.3213794160215877], [-0.18968686410779667, -0.5859717922020454, 0.06419606235283948]], [[-0.41550657843865524, -1.282559966522662, 0.11145617890164594], [-0.3968172382245516, -1.2970022196873734, 0.15870050160425087]], [[-0.3815145381002071, -1.0170873113627923, 0.0004949582820490406], [-0.6009431077092686, -1.2047404414502434, 0.15345389695856682], [-0.45502605721640155, -0.8849476207307029, 0.07756240941308423]], [[-0.42931717613400133, -1.2829493135891141, 0.1247800718319072], [-0.5548470930832838, -1.263328826685416, 0.1525259952546516], [-0.5776072810151351, -0.8891417349483451, 0.1751519776538385]], [[-0.34821014965772545, -1.168028401990471, -0.22495157818191291], [-0.5252544991140093, -1.1603139441993235, -0.21306090224242213], [-0.4867380794255741, -0.9872810375814105, -0.36656236753069404]], [[-0.4041291660143517, -1.2563347813163315, -0.3346007266539921], [-0.4093238851786324, -1.2581834564422143, -0.2880446334908542], [-0.4106250657412214, -0.9222910459614494, -0.1102295253147968]], [[-0.40226316924815697, -1.213761444360139, -0.5466550610891958], [-0.5077458113653015, -1.0896243327662538, -0.7569193288405854]], [[-0.44524717454718554, -1.220079738190222, -0.839040868191006], [-0.4342194216755817, -1.2794066732500973, -0.7145885970151193], [-0.45362751741187524, -0.9788351642605426, -0.45066686439463144]], [[-0.5218087385817571, -1.0001410200837821, 0.5311811800033654], [-0.5980362650862042, -1.017091139894128, 0.551850613354476], [-0.47406684406441435, -0.8768472196879784, 0.5565519104443445]], [[-0.5374839151697044, -0.9848839970297897, 0.5171912721095232], [-0.5911447551975071, -0.9977857162672441, 0.5500790073184475], [-0.4541615940764756, -0.9763279577206406, 0.5057436854931757]], [[-0.4054158571171042, -1.1500183124759533, 0.06263751505697812], [-0.5778951003962762, -1.2340346340678296, 0.1529899461066092], [-0.5163166691157683, -0.887044677839524, 0.12635719353346136]]]}