{"bodyId": "h0", "timestamp": 1643052341000000000, "continuousState": [[[-0.3752527620132611, -0.9560753683272549, 0.6122906898203371], [-0.3904582622680316, -0.9817977988272317, 0.642854451751153]], [[-0.337285221116858, -0.902105725303876, 0.7040029520339645]], [[-0.5187537606127388, -0.985681332013572, 0.6727946041342188], [-0.4796002767505551, -0.9796056663603432, 0.6652058680640178]], [[-0.42310771125549423, -0.8592721452917143, 0.5177491082891912], [-0.6008687954660547, -0.9236149646340026, 0.5734080859882071], [-0.39246229513165665, -0.8312693115273665, 0.4593956225278296]], [[-0.647157431939678, -1.0991815979061916, 0.49277557511471737], [-0.5932244468569454, -1.0868934518089506, 0.5259214611435434], [-0.5135812738194582, -1.129403526599007, 0.5483169278960329]], [[-0.3360617664895237, -0.7553706392536617, 0.3085417710443876], [-0.5913684737964351, -1.1457611634500386, 0.45228762760583874], [-0.30440261501179533, -0.6610880859989444, 0.2676985549048664]], [[-0.5780793381029473, -1.286415359005397, 0.2723911487967885], [-0.6090522209533195, -1.2664580797046965, 0.31921100519049905], [-0.5289897307559114, -1.0153556176380056, 0.4005430885274458]], [[-0.19757744624714502, -0.6000159172851378, 0.037881281939530886], [-0.41674954605266223, -1.0664360186046127, 0.39156391647880895], [-0.1896768791535941, -0.5859623058063994, 0.06418818855101571]], [[-0.413567044766039, -1.285805364698997, 0.1147967326565793], [-0.395792231570922, -1.2834249495215124, 0.14732310276850624]], [[-0.3688333194607666, -1.0904171988116669, 0.05170780460948321], [-0.6011656072173095, -1.205252551351423, 0.15436324658945755], [-0.4550997773681643, -0.8850727579796742, 0.07772000937036905]], [[-0.43807927334708485, -1.2807327779094502, 0.12870524578240894], [-0.5648657948911866, -1.2611914419671038, 0.16426131499918895], [-0.5800187249089317, -0.8719412041434185, 0.2029452328587169]], [[-0.35857457966608725, -1.18192737424945, -0.22725651342210695], [-0.5617068436762988, -1.1897632803928349, -0.14005235086217183], [-0.4805922319853645, -0.9797854122150143, -0.35403974088515777]], [[-0.40630069685893627, -1.252976842179271, -0.33918024491920185], [-0.4076663678131559, -1.2687738277671718, -0.27812600929495934], [-0.3712456462319945, -0.9298433702648973, -0.1370225723985452]], [[-0.41392301535435627, -1.212894348762203, -0.5801908377665799], [-0.5175417925168871, -1.0737043822561523, -0.767792789329303], [-0.7367206109852658, -0.2756483545895264, 0.19381738091055045]], [[-0.4616228025522122, -1.2105875918593494, -0.861151338484714], [-0.42750866148847844, -1.2657804180399193, -0.7388164040430099], [-0.33921077634065844, -0.9008484083270826, -0.14158640225664387]], [[-0.5212741577447322, -1.013780730932532, 0.5308269303688362], [-0.5991689695496785, -1.0206245937337322, 0.5539276541717608], [-0.44945804149162916, -0.9495798081008836, 0.5161068424627697]], [[-0.5351325715975861, -0.9792268715989529, 0.5052623417019543], [-0.5970466211615, -1.0052542082214766, 0.5496647735658753], [-0.4530217844755574, -0.9803364190631867, 0.5038562752119313]], [[-0.4034562964039257, -1.1855749883605586, 0.09020652519594607], [-0.583015701054248, -1.2332219966592635, 0.15931228079432325], [-0.5175592511385481, -0.8785069810615463, 0.14033262111454298]]]}