{"bodyId": "h0", "timestamp": 1643052364316000000, "continuousState": [[[-0.5068389918846334, -1.2247149333512608, 0.6015868108186537]], [[-0.4441309232212073, -1.2077952840171153, 0.7235145133032412], [-0.3829234719051955, -1.108407819805202, 0.7174400058584353]], [[-0.5633481336721955, -1.2799856467198032, 0.7056638659242684], [-0.47534098427123944, -1.1838753500491306, 0.7205424815276882]], [[-0.4597857403523058, -1.0132719439817508, 0.5988336213905716], [-0.4023862017224997, -0.9671246865921472, 0.5959194588024441]], [[-0.7607884558870439, -1.2124389862142113, 0.4579260562268348], [-0.613718199110096, -1.2036837829676004, 0.5308125744173434]], [[-0.2707775334849439, -0.9769996729353987, 0.6940446021080293]], [[-0.7369305711890308, -1.3256533541109679, 0.19757760845208017], [-0.6152248177493589, -1.2029458539394429, 0.28602989713341687]], [[-0.4234696150262037, -1.073540020801099, 0.784151731345033], [-0.32988041159395765, -1.084213742414785, 0.7704169655910152]], [[-0.5624961748450472, -1.437312965520866, 0.10223265818687688]], [[-0.3931248489340358, -1.1697892667664351, 0.047777692145981376], [-0.4695036858567583, -0.8714554188705375, 0.16647368171750354]], [[-0.5153731155903414, -1.3214881123564712, 0.05954937812955596], [-0.6092575950061376, -0.8536800952497661, 0.2288506746819069]], [[-0.45468565804744693, -1.1036671596051932, -0.4692383190990943], [-0.437381800280916, -0.9842300996606997, -0.2946677460015691]], [[-0.4762396089819646, -1.2647152832514745, -0.3976191783708838], [-0.5071850810671222, -1.090330098087514, -0.3216349607940786]], [[-0.46055296388335387, -1.119753760974626, -0.728820323188397]], [[-0.48146651736054324, -1.2068801255795771, -0.8144651671172014]], [[-0.5256148708772206, -1.2377125816967016, 0.6032517036760039], [-0.5141145162370083, -1.0628204331955862, 0.567878397341425]], [[-0.6102870981196749, -1.1128554650979812, 0.5283798388087032], [-0.5080522004162978, -1.0854042347798738, 0.5633660166098937]], [[-0.45424898226218857, -1.2456386895614533, 0.05366353513776867], [-0.539380640431448, -0.8625677570601518, 0.19766217819970522]]]}