{"bodyId": "h0", "timestamp": 1643051414323000000, "continuousState": [[[0.1680297574380074, -1.0441889688758352, 0.471950355759857]], [[0.20886894952476065, -1.1074571629585803, 0.666838019537151]], [[0.09158629856408479, -1.3076361346003862, 0.6864728674825527]], [[0.13549799646096264, -1.2267745621776418, 0.5671278464352811], [0.16069198514842598, -1.0550848856826596, 0.46657383651631634]], [[-0.13248978427284935, -1.3544149448713103, 0.56122355576484], [-0.037549476896312384, -1.2726648368830114, 0.5716200235914328]], [[0.2591138449321333, -0.9850017736501582, 0.2700414061303251], [0.27186145714090104, -0.9263592919392809, 0.2783781124928095]], [[-0.17646592992320032, -1.4996950010708852, 0.3239091162229568], [-0.1207831463569905, -1.3174743070382244, 0.3265507970426236]], [[0.4612989829078439, -0.9578159555302193, 0.0852781422706348], [0.4823687546402702, -0.9013477351705568, 0.0640608799003668]], [[0.04823063589635046, -1.4434760677186715, 0.238812682675289]], [[0.1069201640179307, -1.4349601860339933, 0.2310053738049509], [0.0183802163323199, -1.0927601998826115, -0.004467466770876394]], [[-0.09611300064379219, -1.4131051952900429, 0.08485849411538693], [-0.1421664213403524, -1.1983927204641704, 0.023897872374734508]], [[0.018449373739284458, -1.2284638942524615, -0.2635350923481825], [-0.17458132219146583, -0.6918048026305685, 0.004572818536886181]], [[-0.04650789788273446, -1.3710978862465444, -0.3673861754105896], [-0.24559056810556668, -0.7856496769366021, 0.024492364752113138]], [[-0.038902074944325404, -1.352497800723151, -0.34953865523154404]], [[-0.006801572554085755, -1.2851621563699314, -0.7868428078387615]], [[-0.006096440371882839, -1.2607210922975878, 0.5468615530627874], [-0.017475018315446955, -1.051087822868198, 0.5747869396832148]], [[0.0015041060940566425, -1.2905947535244762, 0.5641757011000605], [0.061571254126056796, -1.1638748612828356, 0.5190969300538746]], [[0.005403581687069253, -1.4240326906620182, 0.1579319339601689], [-0.06189310250401625, -1.145576460173391, 0.009715202801929057]]]}