{"bodyId": "h0", "timestamp": 1643051732573000000, "continuousState": [[[0.3466091005407659, -1.0015161084738577, 0.6077352823351068]], [[0.09792477315704926, -1.1271458133472614, 0.776577460780318], [0.20682965681520593, -0.995944840576452, 0.7034311710516999]], [[0.23995508620565958, -1.111529733341862, 0.7576628227938742]], [[-0.09536721285490152, -1.0054310162731073, 0.46167297308581845], [0.08068108186799139, -1.138721180464331, 0.5094917792177212]], [[0.31526832792491494, -1.2377766126908125, 0.6076381748784971], [0.3711834011943502, -1.0566447072464475, 0.5309539372261425]], [[-0.08240167323619324, -1.2217527436395506, 0.31010751096379074], [0.03118766658183114, -1.2040019140575908, 0.1810742811465169]], [[0.4323424879811533, -1.2843540399871922, 0.317870072590543], [0.42472568813085076, -1.0560592869143628, 0.32614189109852054]], [[-0.08833697258657397, -1.1301567554648848, -0.0326435079391485], [-0.02345869842188919, -1.1119653201717359, 0.0027475036338548975]], [[0.5679203088306228, -1.1491479695712012, 0.14932515875778907], [0.5943218975332256, -1.0608334299003481, 0.09601845629540007]], [[0.09838493240840629, -1.2344281406072506, 0.053581085572658615], [0.11707942966454055, -1.0154431392400423, 0.024320045345697094]], [[0.30767005064891756, -1.2210615212577887, 0.0764192067151066], [0.323291114263051, -0.9840568417149449, 0.020733736455274876]], [[0.15480753654069584, -1.1824991665691078, -0.2928602909621887], [-0.09909132507895224, -0.6308562677475452, 0.0006856584591494741]], [[0.34106506101904455, -1.1615433326958555, -0.33876238991898466], [0.043005860757893144, -0.5843854232564782, 0.019046795167610542]], [[0.2006060688611227, -1.1670891287538143, -0.7476565671346165]], [[0.34807530003228637, -1.2039727259013921, -0.718538498370141]], [[0.15732759457089807, -1.2510024810168474, 0.6189617549461481], [0.18962451862385654, -1.0645322309082639, 0.5556804802253643]], [[0.10995055753500671, -1.12160381448196, 0.5346555739821578], [0.2259322415311708, -1.0976829438553892, 0.5202228582219318]], [[0.20302749152866192, -1.2277448309325196, 0.06500014614388261], [0.22018527196379578, -0.9997499904774936, 0.022526890900485985]]]}