{"bodyId": "h0", "timestamp": 1643051804866000000, "continuousState": [[[-0.26838384620569933, -1.367554590999778, 0.5931310985893619], [-0.27854319087907176, -1.365518513932133, 0.6160123961937012]], [[-0.19798422944256977, -1.3577050730514837, 0.7341005188697725], [-0.077976785467753, -1.298055332549997, 0.6682237250398333]], [[-0.3233657037862097, -1.4410264820140268, 0.7179056418013814], [-0.3738574825777422, -1.2999082740685945, 0.6960648447005251], [-0.13056417475135096, -1.604014949176383, 0.5836674977324194]], [[-0.18050235741915394, -1.149730925265196, 0.5856946101497575], [-0.3720052704572956, -1.314983194729994, 0.6973010096309594], [-0.0920867161465646, -1.0615853119032082, 0.5562759829468223]], [[-0.4854866254042318, -1.3372820225740933, 0.5490391473607397], [-0.5041116021681629, -1.26393181544301, 0.5388207269506338], [-0.36222184862717455, -1.2930238214450405, 0.52019013442575]], [[-0.09631781398537959, -1.0662279724029626, 0.3164935187464766], [-0.2489147014016484, -1.2648406138531392, 0.4774410274850651], [-0.04997744858867814, -0.970844507214813, 0.30932299944094444]], [[-0.5489359860773765, -1.32061171610051, 0.22318253844578084], [-0.5505409315009195, -1.308787202022672, 0.24181889528288325], [-0.40046803419015686, -1.3137343485679096, 0.20317163036759434]], [[-0.0198777814354133, -0.993175508672216, 0.015807054529094478], [-0.1787975705088316, -1.255649733032965, 0.27533460060696724], [0.017098424670974666, -0.9607361600458885, 0.04330443446534393]], [[-0.45869130318393303, -1.384920137563673, 0.02376379466254619], [-0.4089756204548969, -1.413736523674186, 0.08288593663364008], [-0.30031790209757614, -1.2913379968156662, 0.11301750558691226]], [[-0.13668587941679494, -1.242708452613201, 0.11245473006182549], [-0.2499543214901203, -1.3415075098763412, 0.15749608793583625], [-0.14631377109649946, -1.0476489858784261, 0.037482773754033305]], [[-0.3426124149286572, -1.3134879802377237, 0.03631926922336426], [-0.4008407882242252, -1.3486885458719022, 0.1540632024371673], [-0.31348011498842276, -1.1546005207386445, 0.003278722472819018]], [[-0.13191601502463135, -1.2127904760657497, -0.3448164784217935], [-0.3536541941636182, -1.4766312818544267, 0.03820433944832069], [-0.26297293126525556, -0.6851405251965101, 0.005653689280141316]], [[-0.3158575900133326, -1.2459287388667895, -0.4260103464809015], [-0.31584028399411257, -1.2468523632108506, -0.3658636380454561], [-0.30199227667210615, -1.1053251239801638, -0.30577596701749965]], [[-0.1532144238962312, -1.138037586295316, -0.7753496516638505], [-0.13247150092716087, -1.1710027357297446, -0.7052736022510434], [-0.347523152313291, -0.5098646357522273, -0.024894511760460314]], [[-0.2594546222658738, -1.2044825957753937, -0.7352053574580426], [-0.24441078705187835, -1.192683765156752, -0.7682066707090482], [-0.2641823090270794, -1.1092532158051525, -0.6889434849890109]], [[-0.22660273129751518, -1.436244583290178, 0.7010541143369056], [-0.41255956182899767, -1.2381105057557633, 0.5876823595152043], [-0.23664932723641885, -1.1391328827094145, 0.5510128491794262]], [[-0.3329944914116929, -1.2435064739196446, 0.5673668787552486], [-0.4380584363127292, -1.289457505086502, 0.6180608682907967], [-0.22715428238686958, -1.1773045666741244, 0.5382330586862862]], [[-0.23964914717272606, -1.2780982164254624, 0.07438699964259488], [-0.32539755485717275, -1.3450980278741218, 0.15577964518650178], [-0.2298969430424611, -1.1011247533085353, 0.02038074811342616]]]}