{"bodyId": "h0", "timestamp": 1643051814514000000, "continuousState": [[[-0.17900124162944736, -1.0640410974873298, 0.601223575235345]], [[-0.15926669143998107, -1.0170880463621848, 0.7168337316252413]], [[-0.2782860969860448, -1.1701193144300939, 0.6725017351891907], [-0.28343290967369206, -1.1570579219743355, 0.6952176849186045]], [[-0.1845098796208699, -1.1128870676850242, 0.6109613561534633], [-0.3244170733934961, -1.1249344685304994, 0.5993310274221004], [-0.16424188089851322, -0.9376816159859693, 0.5439898801379363]], [[-0.5424369035512845, -1.1711863596438408, 0.5126843141918505], [-0.5283815334363664, -1.1547652375364374, 0.5346274928081904], [-0.3968685278601032, -1.1873479462566279, 0.5687775331647945]], [[-0.1492379137503359, -0.934798496941454, 0.3457513645498127], [-0.333662344687794, -1.2566902873697947, 0.4713793253139287], [-0.099305994905042, -0.8558297998779207, 0.30482570769865813]], [[-0.5817183348314878, -1.2728775182240437, 0.2537422205547888], [-0.6112912014092075, -1.2613196454097981, 0.28056267924649125], [-0.4601829933051733, -1.2901477867644189, 0.2296824516778433]], [[-0.08188224653214993, -0.8280745193948433, 0.051984635942025514], [-0.1216679061812227, -1.0313907270252294, 0.13876324656681982], [-0.05677820585049398, -0.8005518550923265, 0.058939113496663476]], [[-0.5076062667202568, -1.3467137594995027, 0.0654927131419556], [-0.4746820336524227, -1.3434214829796847, 0.08511892227176054], [-0.3679652027167899, -1.2304692395183419, 0.17119716942261665]], [[-0.2087530246081135, -1.1784611256985689, 0.0859523873741257], [-0.256952643966461, -1.2409437936986685, 0.10056054586885566], [-0.22075906748004348, -1.0079571830287728, 0.023532921851261213]], [[-0.383697855296917, -1.2906660344523977, 0.06616814687314232], [-0.46904595505961755, -1.3202441885018077, 0.16810844275313075], [-0.3780024499543624, -1.1388709068876333, 0.005586227631780849]], [[-0.18238692598217798, -1.2129742914852348, -0.33350743001319794], [-0.24236812580174394, -1.2515057485309968, -0.2377758468663589], [-0.3168836213566988, -0.7811505134161069, -0.12433966352867731]], [[-0.37795324712849443, -1.2257338654656575, -0.379453608036898], [-0.38958714846004827, -1.263877898537049, -0.2960242240053701], [-0.3230997629615475, -1.207479346372531, -0.4463135130822372]], [[-0.18763235088352315, -1.1711929709011006, -0.7671360067755328], [-0.20149254794866778, -1.2017516624118274, -0.6711070380405832], [-0.31855950212064843, -0.763801890654735, -0.4377231956062453]], [[-0.32591686213864024, -1.211471780775284, -0.7803592854616361], [-0.31581714411696193, -1.2334987936273896, -0.6878636317061761], [-0.3457200533831104, -1.0769300473532248, -0.6758028458065476]], [[-0.35342525862441593, -1.1294801597159667, 0.5586634712751573], [-0.4376370428635338, -1.1555129102270716, 0.582918689667032], [-0.2802036292536243, -1.0488364913558361, 0.5535073034618734]], [[-0.36347339158607717, -1.1420367136644325, 0.5618228351726569], [-0.42639930341493126, -1.1398498530334684, 0.5669792601151454], [-0.2805552043793082, -1.0625147811212985, 0.5563837066513654]], [[-0.29622543995251527, -1.2345635800754833, 0.076060267123634], [-0.3629992995130393, -1.280593991100238, 0.1343344943109932], [-0.29938075871720293, -1.073414044958203, 0.01455957474152103]]]}