{"bodyId": "h0", "timestamp": 1643051838835000000, "continuousState": [[[-0.18840929718896948, -1.2119082044237808, 0.6482065796062104]], [[-0.05020259451553177, -1.129046714864415, 0.662577581954778]], [[-0.2989452880741449, -1.174731840043224, 0.7123670555398172], [-0.18829060130311137, -1.1761550388377022, 0.7146855902572965]], [[-0.36485820052576823, -1.115348111211517, 0.636132945836301], [-0.17322791437663165, -0.9220156911312642, 0.545839820606961]], [[-0.41959388478429116, -1.2341117963229942, 0.5398379056532583], [-0.3255930166338604, -1.2456084911812946, 0.5409217989017394]], [[-0.09789082354317291, -0.848790972909783, 0.28438121365421254]], [[-0.4571614976596772, -1.3994021485416315, 0.3011918404288598], [-0.3566009774640353, -1.2481678824533269, 0.2951165489844241]], [[-0.059443910336328454, -0.7626110531630129, 0.04226844974052091]], [[-0.3207514085146741, -1.497969558142195, 0.10574442265136752]], [[-0.3515747715959271, -1.40089355949477, 0.24035955845981105], [-0.18295083548383795, -1.035806800437356, -0.002006748303537309]], [[-0.42201252276702994, -1.4291768110922463, 0.2169527979566097], [-0.32159248304473875, -1.229096122600915, -0.010009247676521449]], [[-0.31925245432677374, -1.4154266363476355, -0.07019109823776404], [-0.31740091318025765, -0.7735551159740546, -0.014110139191716886]], [[-0.28835846459990144, -1.3834059047583962, -0.2640763155343582], [-0.2634225095302216, -1.2880357840557863, -0.30214759931994684]], [[-0.28433927348679355, -1.3918549686345416, -0.4021899084285556], [-0.24626349811379544, -1.000549360734082, -0.5677086755169051]], [[-0.32401630749768273, -1.3611718140172282, -0.7214410574647092], [-0.3098501498222048, -1.2921498361266535, -0.7290979693094547]], [[-0.38803497604725923, -1.1726530799869705, 0.5875504079312892], [-0.24263963364856955, -1.0996829003206647, 0.5375860249046225]], [[-0.3922260426550297, -1.1747299537672555, 0.5879854257447796], [-0.24941046550524604, -1.0838120911562794, 0.5433808097543502]], [[-0.3867936471814785, -1.4150351852935081, 0.22865617820821038], [-0.25227165926428835, -1.1324514615191354, -0.006007997990029379]]]}