{"bodyId": "h0", "timestamp": 1643051863089000000, "continuousState": [[[0.009734411194977866, -1.2634380182166745, 0.64583877542242], [-0.020081142783451744, -1.2285220784728839, 0.6576405497730089]], [[0.04010963409362167, -1.1483360449693567, 0.6476106302787599]], [[-0.11032022200776809, -1.2938030692576914, 0.7184392464117526], [-0.0835786846312645, -1.226147403648675, 0.7189490809539798]], [[-0.11042799671151243, -1.2869201238413013, 0.6147736581546237], [-0.28027244091536563, -1.1424793059901794, 0.5578076348970831], [-0.08478821529063074, -1.0765728962011127, 0.4656745559318666]], [[-0.1990172138581296, -1.4492260097516831, 0.5438052884786977], [-0.19210781265509635, -1.4097266179809722, 0.5927991974628737], [-0.12621058374704408, -1.3431540901129586, 0.5669537273280703]], [[-0.055630070146927724, -1.196190187393588, 0.4650384573592561], [-0.3255616209840234, -1.2728818632367256, 0.44515250078289603], [-0.055159133084707435, -0.9193021646010299, 0.24766915564159453]], [[-0.15650788741435712, -1.6013900567608967, 0.2994647662306067], [-0.17196801966696773, -1.5358046099017453, 0.36144937294663415], [-0.1593897411857268, -1.191464638984423, 0.39810250780104717]], [[-0.04625091730227826, -0.8185313742928153, 0.06656988727455593], [-0.05975244712400585, -0.7481991726371832, 0.06799567475251267]], [[0.026143693000579726, -1.6033586903489647, 0.1097847241308545], [0.008965307868269212, -1.560366720921319, 0.17754606400327155]], [[-0.0023931362456308114, -1.392298688180132, 0.07873105185272511], [-0.21224449443528903, -1.3646013323930202, 0.07205501541155068], [-0.08669177081400115, -1.1075902406162252, 0.1127108675515911]], [[-0.049069089103221275, -1.5889979862733077, 0.1885502940027497], [-0.12818086900389924, -1.4926657069142033, 0.11452868820754114], [-0.12524933413967154, -1.268120451810987, 0.07270001175579299]], [[0.024541979581718776, -1.5414067002825937, -0.075289181342443], [-0.1262410519346635, -1.344123543443112, -0.2767544223159366], [-0.1960524330395922, -0.8677538019534157, 0.02180183687805004]], [[0.004819405292190937, -1.550976657124031, -0.24187554381881138], [-0.013023294138488684, -1.5015562576667834, -0.31476054810170195], [-0.10392294868515939, -1.1275234779230086, -0.08444048885728939]], [[0.01926909023167378, -1.5585110745882806, -0.39622237446957964], [-0.09547299793925146, -1.3581727868183264, -0.6932780062862981], [-0.3209781718446336, -0.7636687367514154, -0.06468075713395793]], [[-0.053007233342940774, -1.5517190214964214, -0.752617042188171], [-0.046876782335614875, -1.560023142103909, -0.6834272360663247], [-0.3202141510137456, -0.7932181993597099, -0.0015793668894076296]], [[-0.14794442021426746, -1.3843810459030688, 0.5812377147159944], [-0.24461485007992279, -1.3151232389309588, 0.5962993411826845], [-0.1030863001292639, -1.1626468269133299, 0.5249300523325395]], [[-0.154722605284821, -1.3680730667964922, 0.5792894733166607], [-0.236190126785231, -1.276102961985576, 0.5753034161799784], [-0.10549939951883741, -1.2098634931570356, 0.5163141416299684]], [[-0.025731112674426043, -1.4906483372267199, 0.1336406729277374], [-0.17021268171959414, -1.4286335196536117, 0.09329185180954591], [-0.10597055247683634, -1.1878553462136061, 0.09270543965369205]]]}