{"bodyId": "h0", "timestamp": 1643051877896000000, "continuousState": [[[0.022399237063088773, -1.1957662799553606, 0.6185221996043737]], [[-0.15192452267827006, -1.1371356312745364, 0.7227480756344489]], [[-0.08571453534519274, -1.244224867814567, 0.7052111513803487], [-0.06729306635947252, -1.2044079830873506, 0.7123443309349948]], [[-0.09849753195904659, -1.2484958101502786, 0.6456902858495697], [-0.24838665211626498, -1.0775226649826182, 0.5610162090404713]], [[-0.16092290313746, -1.4078450485840759, 0.5349403183627703], [-0.17392340938578332, -1.376716295925533, 0.587239457103562]], [[-0.06114059229123614, -1.0728175418372754, 0.4304006185016853], [-0.29441966191863467, -1.2223713633624835, 0.4436491416766297]], [[-0.09375076247645936, -1.544751897714694, 0.2731657897032205], [-0.12539991678454354, -1.4780864942066876, 0.35620750127078105]], [[-0.048109144357694755, -0.8181884394529948, 0.08477245749969842]], [[0.07620708251036101, -1.4559925464515069, 0.07040553354064327], [-0.026846242918606045, -1.5251809282495752, 0.2555063137335214]], [[0.022853863261013463, -1.344944342688269, 0.1347553253888938], [-0.21058973828906558, -1.2726260238583844, 0.12644715963212172]], [[-0.049321859613571384, -1.533380126439408, 0.1988777242742199], [-0.1624742713938908, -1.423347865128725, 0.17584902479304243]], [[0.08340963535246693, -1.2782169947252948, -0.25348558387376197], [-0.09642718119284766, -1.437942030841099, -0.11486758682402343]], [[-0.037848433432578155, -1.3928022879599042, -0.34694553329852207], [-0.07849557783503935, -1.3855103110321825, -0.2681954485457163]], [[-0.009371344681361471, -1.4210606171748952, -0.6265625961679215], [0.0019660045425369255, -1.4845354822443886, -0.5698083092811]], [[-0.0175940240383059, -1.4797324321619372, -0.659597497587906], [-0.06816154758120097, -1.361137462490636, -0.6978482664483934]], [[-0.13697439873840794, -1.318776981245425, 0.5826483406659979], [-0.23020312758888617, -1.2561175739341932, 0.5920884636120514]], [[-0.1297102175482533, -1.3281704293671772, 0.59031530210617], [-0.21115503075102415, -1.2271194804540757, 0.5741278330720166]], [[-0.01323399817627896, -1.4391622345638386, 0.16681652483155684], [-0.1865320048414782, -1.3479869444935546, 0.15114809221258207]]]}