{"bodyId": "h0", "timestamp": 1641579952126000000, "continuousState": [[[0.31714077623398446, -1.0812840018950307, 0.6577779923043743], [0.4182379732376247, -1.0388713203688122, 0.4923119227889792]], [[0.16821651773951785, -1.1711082133696595, 0.7223332435113232], [0.12063214435204317, -1.0320198226716535, 0.6774478846831922], [0.24461873121434285, -1.0295218314912593, 0.5948503408264987]], [[0.27630801120960624, -1.140223161953544, 0.7167457011578575], [0.25484239672231057, -1.0967628461064531, 0.7284423379377232]], [[0.07741124291982232, -1.1986037110073742, 0.5387861138112848], [0.06812739898541009, -1.0819390976602987, 0.48126332754401835], [0.1988113540212587, -1.1495118376770939, 0.3625727741103111]], [[0.38917374357349377, -1.2713275840262874, 0.5980907522686563], [0.38240387154938527, -1.2057121086194258, 0.5973811593924243], [0.2832603885160472, -0.9585432143297069, 0.6262276284057078]], [[0.1499886218133828, -1.312382527245835, 0.41884021329793386], [-0.035177092308280256, -0.9794508900770893, 0.2644777388538544], [0.17703491959156614, -1.115043696265013, -0.02448274892505009]], [[0.5824118723948173, -1.208982818335014, 0.3372614204792168], [0.6504734075999802, -1.186423783548638, 0.2191192401107711], [0.6263594537739271, -1.1650924741881425, 0.23439342192244483]], [[-0.04914724424583039, -0.7529115315449262, 0.03654062858201934], [-0.030615755103466702, -0.7681163777456325, 0.03859447118507964]], [[0.7444071644230913, -1.165295692547286, 0.14892304705398796], [0.778282890412967, -1.154900609919423, 0.14310752192637954], [0.7109769876365237, -1.0564361478790605, 0.09258487596072129]], [[0.20068243032377364, -1.5022402477903232, 0.11120866978520438], [0.16811325023160317, -1.421539938904439, 0.12236015683536539], [0.12228028079117137, -1.0631893512176553, 0.18335353581089442]], [[0.400485844896092, -1.4647561951740304, 0.09207205547040509], [0.4124618919619383, -1.4685717997547343, 0.1361422573410107], [0.39030364203646206, -1.1826355718743202, 0.042573041723033445]], [[0.2796746690627624, -1.5542014373375888, -0.18697358853364254], [0.2354915705471532, -1.5032279227379446, -0.22279528656021297], [0.2690612016774212, -1.365868162793341, -0.4586365444821804]], [[0.5110995914489946, -1.4864353151085474, -0.09249127143596558], [0.369037574629125, -1.4926296635676355, -0.06457513266000103], [0.4397043913332579, -1.2140042225316416, -0.48227721852821237]], [[0.30486312013518524, -1.5679863264656115, -0.7102466592538645], [0.31876611088039986, -1.5361646932507402, -0.6663652765763918], [-0.10658296562030878, -0.7353103308951283, -0.009963592968933233]], [[0.5622953306295764, -1.3964005182873895, -0.7442971781003539], [0.43857629435269385, -1.488317443388088, -0.5295284851923114], [0.01763919055593899, -0.6475191353246268, 0.010749564176248061]], [[0.23856011255970955, -1.235559457017631, 0.571631843183591], [0.21643600788367612, -1.1572207789585585, 0.5407050758455028], [0.2499686627237666, -1.071535693103634, 0.49502085758432]], [[0.23329249324665804, -1.2349656475168307, 0.5684384330399705], [0.22526563526739768, -1.1438256031398621, 0.5393222434682213], [0.24103587126865295, -1.0540275260034004, 0.49440020125800943]], [[0.30058413760993286, -1.4834982214821768, 0.10164036262780474], [0.2902875710967707, -1.4450558693295865, 0.12925120708818805], [0.2562919614138167, -1.1229124615459878, 0.11296328876696393]]]}