{"bodyId": "h0", "timestamp": 1641579969546000000, "continuousState": [[[0.28828628402192014, -0.9635290781431372, 0.5578983039288572]], [[0.577970571949979, -2.70997755829808, 1.61535901844717], [0.12129099013132894, -1.0269205760559785, 0.6466554902358617], [0.21910435353929647, -1.0774209534355288, 0.5821808708629539]], [[0.3058270960707958, -1.0787107231750814, 0.6798785874566513], [0.2503662653826789, -1.1016609811511042, 0.7246561715492552]], [[0.08323962006600139, -1.1800917161626299, 0.5367443168778849], [0.1007984036224916, -1.0612738826771824, 0.4722494936818693], [0.1775186901908523, -1.1202544923914348, 0.41326394137828903]], [[0.39078516605620545, -1.2737219518294889, 0.5934401823559894], [0.45382676552900414, -1.1453036974755253, 0.5224408653593351], [0.30885403797023403, -0.9618871682049528, 0.5786500959782426]], [[0.1527231477233582, -1.300915589937864, 0.411843219722668], [-0.014735780124061848, -0.92920895006973, 0.2161967704969172], [0.10241122273160208, -0.9971686548286337, 0.07852024277324965]], [[0.5792492301687253, -1.1888720199900475, 0.3105360153995973], [0.6919903807323682, -1.1525102045800149, 0.18293074372753093], [0.6061752269421758, -1.1513241329426434, 0.23831317426461318]], [[-0.04345508079944005, -0.7250318830287299, 0.016159388672184027], [-0.022067964614427726, -0.7810103519451009, 0.022510558219990262]], [[0.7561631075752654, -1.1694167568412235, 0.13105244003352778], [0.719738254228985, -1.1802139780888083, 0.19286510241097443], [0.7749006233532381, -1.1093927024988988, 0.03547517818234702]], [[0.18754177866971222, -1.4966763579084421, 0.07773343842554303], [0.20624920937840008, -1.3737785995411989, 0.06384671720445256], [0.12130397598954956, -1.0777078999918257, 0.18216400660045706]], [[0.3958129615941997, -1.4542403324573467, 0.05709463362919509], [0.4175877603651521, -1.4106194503625176, 0.09707223986256164], [0.3288884036470934, -1.1381358928414347, 0.08425892715432548]], [[0.24073474555973573, -1.5443054107813325, -0.20496826692489822], [0.2070979133659232, -1.4889414976071855, -0.21182799342427927], [0.25972902562940425, -1.3512873092799147, -0.4417885129319593]], [[0.5280699219776867, -1.431736719494587, -0.09615258694269357], [0.42709045422447023, -1.41969257451143, -0.1701884995167524], [0.48392874350964066, -1.197733315895682, -0.3123854658809413]], [[0.2980639227893672, -1.5723226071367897, -0.7090889421281563], [0.280741251799022, -1.5451816613174734, -0.6190092996017831], [-0.11449620023672158, -0.7082176898548977, 0.003367550124710794]], [[0.5506674333217239, -1.4009860852695464, -0.7139489406961693], [0.460291985036293, -1.440465029546778, -0.5923131634564296], [0.05005951454077384, -0.6967940675740125, -0.007941964777219424]], [[0.24742317240888084, -1.2494738104101588, 0.583231148015936], [0.23101879542979997, -1.1506996969721335, 0.531721334423765], [0.2549084150506238, -1.0410366114015925, 0.5034394668731517]], [[0.23701239306110342, -1.2269068339960594, 0.5650922496169372], [0.27731258457574787, -1.1032887900763537, 0.4973451795206022], [0.24318636408054317, -1.0410708302981937, 0.4959570186782658]], [[0.29167737013195594, -1.4754583451828944, 0.06741403602736906], [0.3119184848717761, -1.392199024951858, 0.0804594785335071], [0.22509618981832147, -1.1079218964166302, 0.13321146687739127]]]}