{"bodyId": "h0", "timestamp": 1641579986095000000, "continuousState": [[[0.32929117182559287, -0.9814334249878833, 0.5297123095583163]], [[0.16756076851222246, -1.1543531730931598, 0.7266893214031649], [0.13704372283352995, -1.0051841948801474, 0.6322530319730824], [0.2233164514769881, -1.0597259049941932, 0.5908845778613081]], [[0.30124428563613415, -1.0252025496619555, 0.657362052588105], [0.25815885976225494, -1.1014955823453147, 0.715048809592735]], [[0.09159127147709428, -1.1687257363772596, 0.5398987660080568], [0.09918066244464818, -1.0418640748137369, 0.4718734471810755], [0.195849273961756, -1.1236299125661793, 0.41555488048421174]], [[0.4079119051044108, -1.2791514677437592, 0.5965989385081902], [0.421155374644412, -1.177064801514029, 0.5634972864692669], [0.3557411162096744, -0.9866658431857752, 0.5453980001844907]], [[0.13996807460906063, -1.3082626221288363, 0.4357446773801832], [-0.010961597215956131, -0.9248969121105319, 0.22044631486194421], [0.12516152314564333, -1.035681593876553, 0.06815239405239204]], [[0.5895741315416139, -1.2053030865013201, 0.3293371216242904], [0.7156967625327011, -1.1426878192199297, 0.16695177045294174], [0.6054452739748091, -1.1388840764371695, 0.2460683613306549]], [[-0.045442419505488885, -0.7293577996698397, 0.020073684380476298], [-0.023014714589203233, -0.7808677370172638, 0.03217509129641982]], [[0.7596868207540471, -1.160200091246699, 0.11405609774265701], [0.7401314026157879, -1.1640017244578291, 0.17537019073693694], [0.7850222352595253, -1.1173910029108411, 0.016365390562764315]], [[0.18338082104700304, -1.4709429063729829, 0.077689998552535], [0.17433156672899708, -1.395714851723607, 0.10040005851646572], [0.12381955998582517, -1.080551795127291, 0.16981433726230533]], [[0.3928951283884304, -1.4520103035601397, 0.07271544992053625], [0.41745131911628364, -1.4105399452828027, 0.09703228286155663], [0.3247017573879014, -1.1306584786143365, 0.08104797624051963]], [[0.23818836794040732, -1.5275603708805434, -0.2545389794849173], [0.22142468222966571, -1.486082997408095, -0.22632122519980502], [0.26284553115412224, -1.3548693593021974, -0.4587900587674685]], [[0.5321390529688839, -1.439754949031163, -0.07184350507797266], [0.4279911894983486, -1.4182414464467985, -0.16134364647833555], [0.4813808422148804, -1.190404589815047, -0.32898455800572535]], [[0.29758886360379644, -1.5695557815820629, -0.7151168493608872], [0.3047389017451838, -1.5364861178213212, -0.6524070304707432], [-0.13120533519477573, -0.6757605721063438, -0.001105921951081279]], [[0.5462716877071411, -1.4030134232679565, -0.7312532112616704], [0.4628766161853999, -1.4375838268021606, -0.5838956501303998], [0.045980920321495145, -0.6797377141813021, 0.0021395326967219574]], [[0.26420593113977087, -1.2503115554719633, 0.5894465648063161], [0.24025799793143554, -1.12973648805037, 0.5191595932061583], [0.273414352541135, -1.0433055549087615, 0.49759270189412774]], [[0.24975158829075253, -1.2239386020605094, 0.5682488522581235], [0.2601680185445301, -1.109464438163883, 0.5176853668251712], [0.2757951950857152, -1.0551478778759773, 0.4804764403343512]], [[0.28813797471771674, -1.4614766049665613, 0.07520272423653562], [0.29589144292264036, -1.403127398503205, 0.09871617068901117], [0.2242606586868633, -1.1056051368708137, 0.12543115675141248]]]}