{"bodyId": "h0", "timestamp": 1641580005056000000, "continuousState": [[[0.3338025184359938, -0.9958173461711239, 0.6091611060829103], [-0.925721393254165, 0.584580779915331, 1.75239792845532]], [[0.13114377272464817, -1.0102276729301116, 0.6866818643449009], [0.23742913126190246, -0.9947221485100854, 0.6081787000317131]], [[0.2810631668415558, -1.1216507562844917, 0.7213005207282828], [0.2543694931313141, -1.097340489512142, 0.72911349141655]], [[0.054498226449716525, -1.1356772888486137, 0.5160740198154246], [0.09230292681918817, -1.0401461303118167, 0.47421129195363654], [0.17171730554701992, -1.0903491493332507, 0.380887248297189]], [[0.38038624975161184, -1.2750216757776927, 0.5905631876994386], [0.4165431650883915, -1.1627500420464827, 0.528974897562339], [0.24415250043807124, -1.007222739746835, 0.6155303260506717]], [[0.17362488409784893, -1.3184336401537027, 0.45641669451416145], [-0.024686468879052015, -0.9182176000886295, 0.21512005239703802], [0.12189026723532059, -1.0284775286510164, 0.05547881549297662]], [[0.5751136790876001, -1.2467497442686528, 0.30850445738598986], [0.6525348159825646, -1.192486920589008, 0.2678793065763121], [0.5439166282511452, -1.140333753526312, 0.32854655567757796]], [[-0.035589504623891544, -0.6927629831959394, -0.007911370371198156], [-0.022576720495624425, -0.7804294501969626, 0.02325875754927731]], [[0.7701769335558786, -1.1622603750016627, 0.17906670621124832], [0.3899209749764443, -1.277772234113792, 0.3967321242446773], [0.7920133205697839, -1.1191429016056302, 0.045718788559192314]], [[0.19073212142119766, -1.4613757862690726, 0.1019807969449007], [0.18898551735844382, -1.3814638616257782, 0.07099794701678963], [0.18601217607024556, -1.05750426913411, 0.11005191543850046]], [[0.38253964238399957, -1.4600134464621901, 0.11545976142414527], [0.4256005426428555, -1.423703500049068, 0.08114307515611241], [0.40878919517613355, -1.1720828935465637, 0.07615958260982891]], [[0.2688973875221176, -1.5077077379092763, -0.2706320648337792], [0.18229978266372138, -1.3980602973193341, -0.010874668235495433], [-0.01179471502353735, -0.7856979124724481, 0.023267286529623288]], [[0.4325261804209698, -1.4513373857622092, -0.22352894834860404], [0.3197961885871403, -1.4924685972893583, 0.010259239450695068], [0.5795075331619648, -1.0624925801453342, -0.05073436862352465]], [[0.29627875964271455, -1.5584732052143693, -0.7529129354315675], [0.3014371868132488, -1.5280263973971155, -0.6435832996921907], [0.1384031663014862, -1.143375904128436, -0.42827298493102073]], [[0.45796375871747375, -1.3654972799362368, -0.7312780253789147], [0.4148695147953112, -1.4454148755629976, -0.40830161319632285], [0.5861789579523597, -0.75666873070357, -0.05235750115290627]], [[0.2409549155531132, -1.2524697998072158, 0.5899317682226473], [0.22225745941719643, -1.1403192658334893, 0.5310743375594758], [0.2515047873994829, -1.1083341236079782, 0.4555314901939298]], [[0.21744223810066418, -1.2053494823131532, 0.5533186037574316], [0.25442304595378984, -1.1014480861791496, 0.5015930947579877], [0.20793490299254558, -1.0487859445400427, 0.49820878717393036]], [[0.2866358819025986, -1.4606946163656314, 0.10872027918452298], [0.30729303000064967, -1.4025836808374232, 0.07607051108645102], [0.29740068562318955, -1.114793581340337, 0.09310574902416469]]]}