{"bodyId": "h0", "timestamp": 1641580020801000000, "continuousState": [[[-0.925721393254165, 0.584580779915331, 1.75239792845532]], [[0.20988310410895328, -1.1418215016966673, 0.7313707451937734], [0.161044809261622, -1.0340788189791124, 0.6840994820670778], [0.2747004393468262, -1.0469180880968088, 0.5789839117494546]], [[0.3529914544220089, -1.0840592625508154, 0.6827523534818614], [0.2850419538122475, -1.1108687116021898, 0.7225372076160166]], [[0.1143545913313802, -1.183000383169837, 0.5627401280463573], [0.0919537838098703, -1.0756515461170666, 0.4983057385809848], [0.18942899530683022, -1.0961040100907593, 0.40802692672755225]], [[0.42429960299860014, -1.25823900001873, 0.5954166904617308], [0.40325290997204877, -1.1947486357949586, 0.5850125599489577], [0.3065367244856271, -0.972659600302003, 0.5891199536902689]], [[0.14830701344784136, -1.3037958073599283, 0.4041416064917218], [0.0003154641912990197, -0.9287580517646279, 0.25292385235941794], [0.17605159107171686, -1.0592734098178664, 0.04215862054706454]], [[0.6019529337755885, -1.154263942240694, 0.3084195109763934], [0.4096103810624352, -1.3251169908782052, 0.4017007717790879], [0.5982921820517113, -1.0970582752064968, 0.27490766752549534]], [[-0.045935991062081794, -0.7307620734673093, 0.02156283745557186], [-0.03209441145093628, -0.7666971018360009, 0.0499141428841996]], [[0.7644862705918126, -1.1258422728315038, 0.13948659767243732], [0.7289729882966539, -1.117915335273369, 0.19810234412740946], [0.7517524718678339, -1.0422837731280332, 0.038772476988461424]], [[0.19000211810497664, -1.4588862365070243, 0.09880320529069109], [0.2895968259154955, -1.2807984991019186, -0.06609631504749691], [0.11971883777259662, -1.0742563134359742, 0.18566726210892126]], [[0.38949335934863627, -1.4287999572978456, 0.08471541627069423], [0.40991347152584745, -1.4166045529153537, 0.09604636676901457], [0.33362579213881927, -1.1195329824163371, 0.10663267284554356]], [[0.26151440663880626, -1.4980104515115897, -0.23950990896424118], [0.21734006568461628, -1.459913346163024, -0.24532030193471677], [0.14487664881880824, -1.1016137669706625, -0.1729904122366801]], [[0.48832592458831714, -1.4416361132037365, -0.044804866044532154], [0.3789770460370676, -1.4174148457307847, -0.10551783373172774], [0.46669642035056214, -1.152839211101821, -0.32591414708033506]], [[0.293556711681204, -1.5538873518433844, -0.7470538110490298], [0.3088438389557626, -1.5230805540750276, -0.670309006969017], [-0.11969355911995216, -0.697573151936974, -0.0017920055925650935]], [[0.46834335721930276, -1.3304532228941575, -0.7142429192653856], [0.3312299272806327, -1.4533857751666228, -0.3565749340615596], [-0.018621180564331263, -0.6646873006403102, 0.01791957233925001]], [[0.2783685680310074, -1.2426365354493445, 0.5962716007674906], [0.23409707322200912, -1.157386353598815, 0.541016078224577], [0.29204855833629706, -1.0684832412811005, 0.47822958296743856]], [[0.26932709716499015, -1.2206196915942835, 0.5790784092540441], [0.24760334689095953, -1.1352000909560127, 0.5416591492649713], [0.24798285989622865, -1.0343818051963811, 0.4985734402089106]], [[0.2897477387268065, -1.443843096902435, 0.09175931078069266], [0.3497551487206715, -1.3487015260086361, 0.014975025860758828], [0.22667231495570794, -1.0968946479261557, 0.1461499674772324]]]}