{"bodyId": "h0", "timestamp": 1641580038757000000, "continuousState": [[[-0.15587127655615363, -0.9507211421231767, 0.722150791135235]], [[-0.29293452066538395, -1.0440929956524496, 0.7782342027914486], [-0.32893773405228466, -0.9286372673662915, 0.7262950188327724]], [[-0.17547304868065278, -1.0076656709840723, 0.7682308252637726], [-0.19375262496449153, -0.9776730024576012, 0.750666966558067]], [[-0.4074858239623245, -1.060478372513109, 0.59613510799439], [-0.4174049686289708, -0.9146511907890447, 0.5009052881856639]], [[-0.12369416523531651, -1.123898214645572, 0.5758155805685825], [-0.09990948250003517, -1.107565161386765, 0.564522950802701]], [[-0.3405371413224865, -1.185149382058127, 0.41997207949942594], [-0.3959041687234979, -0.9846098031829156, 0.32279076044949373]], [[-0.0333543308339298, -1.2203239256982632, 0.3049574708618892], [-0.007196408127073228, -1.204513202182605, 0.299136472142022]], [], [[0.08108124984178611, -1.2482627462052251, 0.0588543074373602], [0.05344522607295832, -1.2177919770966528, 0.08878029435434054]], [[-0.30601017457580626, -1.2145426621132485, 0.10699010997055503], [-0.30829660425732897, -1.09116562075955, 0.03846795564238459]], [[-0.09116228026239548, -1.2773941643619464, 0.170117589561126], [-0.15040294022955103, -1.1960128113074013, 0.09846431103406927]], [[-0.1898649453476393, -1.2184138232869566, -0.11280111619935274], [-0.2545507880197726, -1.1418698835288614, -0.30604853925268616]], [[-0.0653943641268796, -1.1985810634663938, -0.18253898299400206], [-0.10110240252476999, -1.1532317432646748, -0.2896816255102068]], [[-0.18919952417925723, -1.1884821886373977, -0.6642085250932217], [-0.20902162031804283, -1.140051042269046, -0.6884222434965583]], [[-0.1050914044086314, -1.1878609545226047, -0.7148488658337646], [-0.13069179009474863, -1.1761433035545727, -0.674225063490961]], [[-0.2402633689911246, -1.126752195569526, 0.6111932379587779], [-0.25018620492384325, -0.9926392479991399, 0.522805107659605]], [[-0.2655899945988205, -1.0921882935793406, 0.5859753442814862], [-0.258657225564503, -1.0111081760879048, 0.5327141194941825]], [[-0.19858622741910087, -1.2459684132375974, 0.1385538497658405], [-0.22934977224344, -1.1435892160334755, 0.06846613333822693]]]}