{"bodyId": "h0", "timestamp": 1641580059393000000, "continuousState": [[[0.577970571949979, -2.70997755829808, 1.61535901844717], [-0.10550173508415628, -0.9979243380822522, 0.6964967316639892], [-0.925721393254165, 0.584580779915331, 1.75239792845532]], [[-0.3032833512990517, -0.9628294709994796, 0.7230076901380502], [-0.11627601639898111, -0.9424604320879966, 0.7231961869150839]], [[-0.20384248639057934, -1.0930954074203068, 0.763967679646341], [-0.2061227406516284, -1.0320396079892338, 0.7240758123209778]], [[-0.40432088306699576, -1.0372717240064513, 0.6237931787068114], [-0.41824019155694114, -0.885342865913453, 0.5159904377141986], [-0.30006291284403674, -0.9831758156250776, 0.518397632618563]], [[-0.11837035030542431, -1.1510731200529645, 0.5842459666235549], [-0.1284691151121654, -1.0821171026619363, 0.5516455928727744], [-0.14090675491622595, -0.9687807279567121, 0.6252692155345305]], [[-0.25852959415146526, -1.0933838931049116, 0.6767399660236033], [-0.4041724366886331, -0.9996532032261323, 0.3536552830023627], [-0.28756152859503137, -0.8722319200777671, 0.2645897492534405]], [[-0.010995062260875432, -1.3373491577267422, 0.37328180573153036], [0.014479538394206348, -1.173343649854421, 0.25951013968769976], [-0.08452332631659953, -0.9946076491912093, 0.45232429947496366]], [[-0.23899278916663513, -0.7732790351600805, 0.02606421606902698]], [[0.1980780031728296, -1.3451712807980518, 0.23029206162615323], [0.1568384819462859, -1.3470458551619062, 0.2791075707510635], [-0.925721393254165, 0.584580779915331, 1.75239792845532]], [[-0.20621559210008777, -1.3153321006210186, 0.20706319630366998], [-0.3079766224127224, -1.0584818505422915, 0.013206249326806141], [-0.29566037749527185, -0.8505935066054163, 0.21717770885468923]], [[-0.05743479008751784, -1.347551399932618, 0.23196152714817253], [-0.15361299007287132, -1.188411680511682, 0.09492801603944256], [-0.1470291782546207, -0.8321396223754226, 0.24995720438020785]], [[-0.20861780047134992, -1.181333419055923, -0.22620003660687615], [-0.2417235984126811, -1.1168477000114714, -0.3412619807491737], [-0.32120632435997465, -0.7663256731234851, -0.005930182647940319]], [[-0.09910893569693424, -1.1319324675704088, -0.3398244640498196], [-0.09384004024672787, -1.137958467781928, -0.3327825533593265], [-0.09684792965842137, -0.8716277986163123, -0.037654152918472406]], [[-0.18801821533188323, -1.1898165056187415, -0.6765292813244597], [-0.21402834861903441, -1.1497322541936188, -0.6725795324842186], [-0.31622869385713126, -0.7600857703535691, -0.4711326827558897]], [[-0.10187921837689329, -1.1731483684399524, -0.7309211314275652], [-0.13735049164900381, -1.1760812850489046, -0.6402278999216915]], [[-0.24241650872573028, -1.1224348528768973, 0.6090533629596291], [-0.2594575605284849, -0.9706306354720986, 0.5166871717802866], [-0.20750097419285118, -0.9736985411188344, 0.5700158032549434]], [[-0.26134561668621004, -1.094172422029708, 0.6040195726651831], [-0.2733546533345533, -0.9837299842876946, 0.5338180152934865], [-0.22048483388013135, -0.9759782717908949, 0.5718334240765468]], [[-0.1318251910938028, -1.3314417502768183, 0.21951236172592126], [-0.23079480624279686, -1.1234467655269866, 0.05406713268312435], [-0.22134477787494627, -0.8413665644904195, 0.23356745661744854]]]}