{"bodyId": "h0", "timestamp": 1641580064954000000, "continuousState": [[[0.577970571949979, -2.70997755829808, 1.61535901844717], [0.07687788284931951, -0.6503162742377708, 0.4631820019637345], [-0.925721393254165, 0.584580779915331, 1.75239792845532]], [[-0.3133763056749239, -0.9867124443093394, 0.7368980836955619], [-0.11741905301545696, -0.9413141769176945, 0.7309899998595166]], [[-0.20217048589773517, -1.0962765916013049, 0.7659660610000638], [-0.19629190898148985, -1.037447832077757, 0.7223057384442426]], [[-0.4008416962790221, -1.0437612565494425, 0.6201660682030645], [-0.4142450516661673, -0.8901550446096529, 0.5163531026499297], [-0.3055269741587615, -0.9695969676015309, 0.5292033762540225]], [[-0.13115330841807532, -1.122070618053627, 0.5653533019414749], [-0.12370913660130767, -1.0853992858331591, 0.5508798966832817], [-0.1365919363491347, -0.9628460262266714, 0.6203462277394522]], [[-0.25292398807579425, -1.103159084308215, 0.6688169799912751], [-0.39405559742294805, -0.9792245698515032, 0.3181503550952325], [-0.2949047457667213, -0.8555731030563609, 0.2814432583882065]], [[-0.018121373341935976, -1.3031527871858477, 0.3368517320049864], [0.011308976913910973, -1.1787672068622577, 0.2728947942231601], [-0.06339464517753102, -0.9910565783001817, 0.4489938938808451]], [[-0.22966615400242407, -0.7780601444090858, 0.026287250425466757]], [[0.21326193723750153, -1.326989912845192, 0.21233491679621852], [0.1770981976769881, -1.3063770604391007, 0.24269937661229424], [0.13245636754415846, -1.0938110748238032, 0.271075123438677]], [[-0.2057281987212305, -1.3160009715830294, 0.20764399878036577], [-0.3101740195665351, -1.0639266454280316, 0.01913945205777967], [-0.29570986405043953, -0.8508427311466098, 0.22605386759363721]], [[-0.04706344069317847, -1.3391259808426343, 0.22972081161110536], [-0.1685910252089775, -1.2139817479474733, 0.124414836382857], [-0.12121861063400696, -0.8665918591817958, 0.22000242558716288]], [[-0.2083279103466027, -1.1819239083426032, -0.23732025227195552], [-0.2371134289951098, -1.1106892456154611, -0.3394206755088309], [-0.3001276788800308, -0.7977815852924244, -0.02118205954307406]], [[-0.09734121062043033, -1.1355670328948193, -0.33533764393435916], [-0.08963060740752815, -1.1329954029864964, -0.329164189177344], [-0.11173650836469395, -0.8433912547432095, -0.022925892567243533]], [[-0.19117413643187708, -1.1834717049602272, -0.716302642738976], [-0.2100304584367203, -1.142351260213347, -0.6849588639643993], [-0.33025762330354314, -0.7464697561839992, -0.43274107675561546]], [[-0.089120413118571, -1.2021478563216774, -0.6867562980570854], [-0.13916330005885458, -1.174850567491652, -0.6670741626960452]], [[-0.24397815148311075, -1.1192763777988959, 0.606972093831845], [-0.2542931643119327, -0.9731751720187647, 0.5153493296633889], [-0.20845612683159265, -0.9710702867600365, 0.5647931996989797]], [[-0.2659975023485487, -1.082915937301535, 0.5927596850722697], [-0.2689770941337375, -0.987777165221406, 0.5336164996666057], [-0.2210594552539481, -0.9662214969141012, 0.5747748019967374]], [[-0.12639581970720448, -1.3275634762128319, 0.21868240519573556], [-0.2393825223877563, -1.1389541966877523, 0.07177714422031833], [-0.20846423734222325, -0.8587172951642028, 0.22302814659040004]]]}