{"bodyId": "h0", "timestamp": 1641580067232000000, "continuousState": [[[-0.16373950861280828, -0.9399156906223396, 0.7635066948735219], [-0.925721393254165, 0.584580779915331, 1.75239792845532]], [[-0.36330013874836764, -1.0054248499261162, 0.7526947257052226], [-0.2015774036097221, -0.9807457628631191, 0.7349515508702319]], [[-0.20327121718076585, -1.0808427939348944, 0.7722889040205214], [-0.19862801232106164, -1.0457434024956327, 0.7716463838111645]], [[-0.40953056950724775, -1.0572687337529316, 0.5943709708477596], [-0.42249959433716167, -0.8936242864475998, 0.49248357678128163], [-0.3112812795742763, -0.9896246920394566, 0.5170183847899871]], [[-0.13758684296550117, -1.078435962755421, 0.5627372766807108], [-0.1007512544327055, -1.0553762178475483, 0.5625539337898167], [-0.0420475575830791, -1.01609956691843, 0.5650080854256738]], [[-0.278503423834331, -1.0541656669081985, 0.6328995583207013], [-0.386487083220163, -0.9709358796662353, 0.29984621696478486], [-0.28988619654771963, -0.8838167757179048, 0.2552426655189304]], [[-0.02538137587300815, -1.2001396201031234, 0.3790753576417172], [0.06469244477823555, -1.1239380068246159, 0.26280592487887033], [0.002001700123853256, -0.992792068002886, 0.40452664422250817]], [[-0.24588895648719222, -0.7749191501426214, 0.03655096467325647]], [[0.022688195553459467, -1.0783917990531395, 0.1586953240765141], [-0.030786785705584907, -1.13317647200489, 0.2615810460666408], [0.1035328680545946, -1.036536454546649, 0.12374228559847511]], [[-0.26011260258358904, -1.2185780292312751, 0.11924084960068204], [-0.29794751417109455, -1.083682593973864, 0.025096737180442252], [-0.29591792328781485, -0.8508842796861475, 0.2259726721604255]], [[-0.08137167370994425, -1.1937951181195645, 0.1072099778326927], [-0.1366512230296032, -1.1773599186506618, 0.09416253963454269], [-0.1035377573256211, -0.8834504615151034, 0.1898692583515984]], [[-0.214070680249266, -1.1878459285359877, -0.23528132473322572], [-0.2429112638270463, -1.134726471623361, -0.3235996181097467], [-0.3157102180719734, -0.7628395886253614, 0.004830949602372403]], [[-0.08667453295318728, -1.1391281867971375, -0.3253304415856857], [-0.09416917727116836, -1.1393356526234328, -0.3311233960639959], [-0.21787991307820487, -0.6948673460682921, 0.016944190685699745]], [[-0.1888306893506384, -1.188381265570214, -0.6940308022965205], [-0.21114573219946897, -1.1416856140686928, -0.6985139712118309], [-0.32861494463870433, -0.733533294530152, -0.4156151476856589]], [[-0.10103475258692673, -1.1746560394418195, -0.7283624349472433], [-0.13514533826631436, -1.168364057850977, -0.6786672994883662], [-0.21935075336631948, -0.8643320481879986, -0.5854942900647164]], [[-0.24405091639741228, -1.1192295448793825, 0.6070569353925295], [-0.254370085679122, -0.9731374442687695, 0.5153197693657632], [-0.19782084961826407, -0.9638157399868053, 0.566479403553392]], [[-0.27355870623637446, -1.0678523482541764, 0.5785541237642352], [-0.2616254243849336, -0.9745002521475741, 0.5275187552855491], [-0.1766644185786777, -1.0028621294789433, 0.5410132351078305]], [[-0.17074213814676664, -1.2061865736754198, 0.11322541371668737], [-0.21729936860034887, -1.1305212563122629, 0.05962963840749247], [-0.19972784030671797, -0.8671673706006255, 0.20792096525601195]]]}