{"bodyId": "h0", "timestamp": 1641580071386000000, "continuousState": [[[-0.2113310906950402, -0.90250118759415, 0.7734593157820321]], [[-0.31195428945704917, -1.1413175259114947, 0.8125640694002723], [-0.957288499814475, -2.52095213751786, 1.63025391060747], [-0.2503923921466624, -1.0401036867265478, 0.7058094347331986]], [[-0.30777047906802585, -0.7661029590828135, 0.6651180808351771], [-0.23066394234856302, -1.0636429416383804, 0.7971991140685062], [-0.09265502698528161, -1.0072820693926712, 0.7481246409011324]], [[-0.37410017277255464, -1.1168848274092564, 0.6236584575305137], [-0.4303001825136923, -0.9356223622347353, 0.5185539850949827], [-0.2963736137800983, -1.027235794259937, 0.503585829436113]], [[-0.11714833552452714, -1.040387815432132, 0.541369894461843], [-0.07117878547814738, -1.0432385257716161, 0.5506660407707835], [-0.03683141904265208, -1.0140680853184274, 0.588670928877274]], [[-0.3334009663540898, -1.1539091497818341, 0.45303413469796205], [-0.38483036550403904, -0.9836383042200789, 0.3069059193778003], [-0.2975311308018208, -0.8673308561278004, 0.3061070340524624]], [[0.012157792856516414, -1.1602744074464038, 0.32317865935315604], [-0.013046001637479487, -1.1656744451557532, 0.3474486591858563], [0.013453386610785545, -0.9938733798150009, 0.35752535310912914]], [[-0.37017669545445, -1.0061375771776504, 0.26921299582741964], [-0.2386647099647583, -0.7749549590198798, 0.0334301081270818]], [[0.10569469363394962, -1.140074470839077, 0.05705860288656606], [0.07732330818047761, -1.1237617571987768, 0.09849167921205093], [0.11767231810364054, -1.0360790467080778, 0.05061495864351295]], [[-0.2517264895079907, -1.2188367387321233, 0.12324607195146542], [-0.2932612655969331, -1.0956771390390092, 0.0503952342156091], [-0.2959859584944464, -0.8499436142736325, 0.21794163133983346]], [[-0.0695529178675981, -1.2045427660310757, 0.13056578499752525], [-0.12208674361454941, -1.1593348691644079, 0.09987896967663912], [-0.09352239590862976, -0.8843626420362029, 0.1584904012335595]], [[-0.21456625175103217, -1.1693794373853643, -0.2769330872736093], [-0.24533872202739615, -1.142748283206123, -0.3022108768254512], [-0.3215195769527781, -0.781778552242751, -0.013509417383009481]], [[-0.07843625035678892, -1.137257113732682, -0.33556693856294184], [-0.10885387105021294, -1.1628234817423662, -0.29766135263685234], [-0.10641704250608941, -0.8528207297793812, -0.03461362962744774]], [[-0.20000831677558428, -1.1854632135885703, -0.7043632509722344], [-0.20838195549475547, -1.1311005307126125, -0.7419014416976958], [-0.28990161110921053, -0.7657181329963303, -0.48242110765076696]], [[-0.10648142967212604, -1.1621950325008374, -0.7476956370370231], [-0.13129598694695255, -1.1600874763576086, -0.7051877010167658]], [[-0.2295078520430685, -1.1327727407615982, 0.617334956713327], [-0.28701102258949585, -1.0620366285251919, 0.5825316210830651], [-0.1763609702464426, -1.009948298881042, 0.5470643196498487]], [[-0.2456242541485409, -1.0786363214206942, 0.5825141759961784], [-0.25073948399591983, -0.9894304440031757, 0.5346100129328831], [-0.1666025164113752, -1.0206519397891822, 0.5461283791566935]], [[-0.1606397036877944, -1.2116897523815995, 0.12690592847449533], [-0.20767400460574126, -1.1275060041017086, 0.07513710194612411], [-0.1947541772015381, -0.8671531281549176, 0.18821601628669649]]]}