{"bodyId": "h0", "timestamp": 1641580086662000000, "continuousState": [[[0.577970571949979, -2.70997755829808, 1.61535901844717], [-0.0954742329791044, -0.9120027196397774, 0.6924235073476884]], [[-0.287758580123072, -1.0948800411031754, 0.79259987443249], [-0.3527767487851845, -0.9680000479271358, 0.7393603345145225], [-0.2206280063649667, -0.9527531388104108, 0.7406825362190244]], [[-0.19478862439525635, -1.0404825521936039, 0.764217929815799], [-0.2065174096179151, -1.0158063604810812, 0.7696252339304022]], [[-0.40294685533206953, -1.0693151623310782, 0.594151392772337], [-0.4418429299149428, -0.9482836390650919, 0.5240968147164555], [-0.3041901174674153, -1.0432934474196869, 0.4788155316619571]], [[-0.11823811591931266, -1.120810244082326, 0.583135762753269], [-0.07576034785654406, -1.0354339864983524, 0.5345488227807202], [-0.06325279520577787, -0.9769904805226458, 0.586088723159567]], [[-0.3449948276671895, -1.1482521718838088, 0.43810026962583515], [-0.3907081681381228, -0.9702199765835511, 0.31012544174583634], [-0.30608364280536837, -0.8618421084654662, 0.2882672219473066]], [[-0.026817041570494804, -1.154316385151171, 0.31335698858904504], [0.012438411407651895, -1.149853791291259, 0.30750943919235696], [0.014279602019722337, -1.0082948888672845, 0.3384032569629354]], [[-0.23610962164095217, -0.7799851888803393, 0.026991766716478738]], [[0.09235815607691289, -1.1281216634177424, 0.06094467803885628], [0.06587044656418994, -1.1262563579206921, 0.09763687433565771], [0.12632282290394015, -1.0653069993322795, 0.03301476407928705]], [[-0.26342400497483487, -1.2140688843890803, 0.10455606323168798], [-0.3017927103838207, -1.0925736964408093, 0.034456352329073736], [-0.29899691126802275, -0.8438612028427837, 0.22435618526667023]], [[-0.07820324507861776, -1.2192999503177555, 0.12882095130891869], [-0.13790532490606733, -1.1779799273248759, 0.08583403894255381], [-0.09772338605199193, -0.8930362520291981, 0.170329915376775]], [[-0.19626464305112157, -1.2057472381491106, -0.18489259204883735], [-0.24446405928876935, -1.1376471873780112, -0.31956942680703637], [-0.3247190579549821, -0.7565097995889842, -0.03175806910915269]], [[-0.08561295121894019, -1.1437472373465578, -0.3080130448599243], [-0.10112328721002806, -1.1558955483941302, -0.27578554782376385], [-0.12128047946013043, -0.8394106283460516, -0.034656796583057314]], [[-0.19143526306064218, -1.183442291711425, -0.6864167589769747], [-0.21604722526064335, -1.1534451314483745, -0.6664294059907172], [-0.31681474178967817, -0.7549381351097637, -0.5694976937823868]], [[-0.1008370277352576, -1.1752192579280667, -0.7275204364253829], [-0.12941586609809774, -1.1742587414191252, -0.6778680147154067]], [[-0.23900942383483714, -1.12900968220261, 0.6128137238316571], [-0.27498579383411714, -1.029246299888702, 0.5460438199019444], [-0.20192927975743524, -0.9690176618717058, 0.563930376351887]], [[-0.2605924856256911, -1.0950627032067022, 0.588643577762803], [-0.2588016388857434, -0.9918588127817222, 0.5293228187485879], [-0.1837214563365966, -1.0101419639711664, 0.5324521274107621]], [[-0.1708136250267263, -1.216684417353418, 0.11668850727030333], [-0.21984901764494402, -1.1352768118828425, 0.060145195635813775], [-0.19836014866000734, -0.8684487274359909, 0.1973430503217226]]]}