{"bodyId": "h0", "timestamp": 1641580098521000000, "continuousState": [[[0.577970571949979, -2.70997755829808, 1.61535901844717], [-0.10833296902362233, -0.9137498246846036, 0.6944770683909136]], [[-0.270970418563084, -1.0996762004312375, 0.7787193792280294], [-0.35201242085099904, -0.9727089746581614, 0.7535679526486256], [-0.21320087374834562, -0.9695346880064756, 0.7368273086841481]], [[-0.19298370287835787, -1.0433362873106156, 0.7590244743481438], [-0.21433593528916062, -1.0407844112945208, 0.7761323799516304]], [[-0.4201599650824973, -1.0531956474063517, 0.5892850471563142], [-0.4237630257749492, -0.887102610155889, 0.4746720823208288], [-0.2984720239849781, -1.058678809044896, 0.4670623109617891]], [[-0.11721464814276678, -1.0575330568200654, 0.5504163699788001], [-0.07835172992668282, -1.0291732900587731, 0.5401552951552759], [-0.050696108451454336, -0.998474609029094, 0.5622741536314824]], [[-0.3542349395766104, -1.1465294186902903, 0.43447159238521427], [-0.40097789515433524, -0.9902269419507239, 0.3459153167953053], [-0.28992748466427565, -0.8837425430534048, 0.2635683581598842]], [[0.006799905180819521, -1.1723756925308897, 0.3637174846550353], [-0.020118594952561963, -1.150717264815066, 0.3263209356423171], [0.011442528295824705, -0.9985465743274352, 0.3110664822404545]], [[-0.23676671499062152, -0.7787246089009179, 0.028582707708377342]], [[0.06656515072941849, -1.0614923825671432, 0.04482848112178184], [0.05579846799794508, -1.103915630491705, 0.09942880042193214], [0.10998794533235201, -1.0299631875546882, -0.0016015043877257717]], [[-0.3117858328389632, -1.1431744751116575, 0.03966360527578594], [-0.3144415820184918, -1.1232812475230691, 0.07743266558473572], [-0.29025088903819063, -0.8799079918611563, 0.19734809003507303]], [[-0.08433729984270932, -1.1883208183032374, 0.1110751380076902], [-0.1258248685713359, -1.164900436111231, 0.10600667778399941], [-0.095292818095711, -0.9098891595118754, 0.14596351148445685]], [[-0.21071826561762141, -1.194216393053084, -0.22683999223229212], [-0.24161268496970145, -1.1195909307447494, -0.32732990932768935], [-0.32232721028957256, -0.7795311891138859, -0.020089402082436925]], [[-0.09228837109355226, -1.124522186968018, -0.3559089204003627], [-0.11568077848337732, -1.1694044700663595, -0.22900860921823063], [-0.24250445765426532, -0.6881251247224319, 0.016967908411702703]], [[-0.19397933670434842, -1.1972044911049942, -0.6713011112345804], [-0.2090024907690473, -1.1402506742438967, -0.6886035061975302], [-0.32785336534638676, -0.7509578335717288, -0.46355300889963735]], [[-0.11082947220288397, -1.1742674612840915, -0.7359181994787247], [-0.13192508760303268, -1.18046849037123, -0.6547539666111458]], [[-0.24301756087716742, -1.120859013664985, 0.6079095395300658], [-0.273930328701523, -1.0135875289900982, 0.5376540691987988], [-0.1893600885214506, -0.9959902660632747, 0.5432046892230227]], [[-0.26868730661263207, -1.0553643521132086, 0.5698507085675572], [-0.251057377850816, -0.958137950107331, 0.5074136887380524], [-0.1745840662182162, -1.028576709036995, 0.5146682322966357]], [[-0.19806156634083627, -1.1657476467074475, 0.07536937164173807], [-0.22013322529491386, -1.14409084181715, 0.09171967168436757], [-0.1927718535669508, -0.8948985756865159, 0.17165580075976494]]]}