{"bodyId": "h0", "timestamp": 1641580107767000000, "continuousState": [[[0.577970571949979, -2.70997755829808, 1.61535901844717], [-0.925721393254165, 0.584580779915331, 1.75239792845532]], [[-0.21358516151362383, -0.9536351027264294, 0.745247083189976]], [[-0.2007962868103066, -1.0577978280054665, 0.7764072394603949]], [[-0.40440328018880356, -1.079544684128703, 0.5986388962595066], [-0.3131560268431589, -1.0382417128521495, 0.4847543893221373]], [[-0.11399646356705906, -1.0650255822362995, 0.5548978379592302], [-0.06200367625810144, -0.979301153413773, 0.5846178929673054]], [[-0.36037484891767374, -1.136646258475997, 0.4101099279019358], [-0.292429746144955, -0.8775573360853282, 0.2616956426702888]], [[0.003695132519311084, -1.1216878197461453, 0.310965072670075], [-0.001722181155904834, -0.978274603575855, 0.34712492486079527]], [[-0.22585710649725632, -0.7856399110120258, 0.016671651338090676]], [[0.06802900312746607, -1.0641450073096421, 0.047443458538365846], [0.10655471800653005, -1.0241047422401244, 0.004888495162794104]], [[-0.29328024156230437, -1.1610937555699836, 0.05101964898957667], [-0.29159042949481173, -0.8609098118765727, 0.1976150792512421]], [[-0.07629852715902519, -1.1888434069659821, 0.1150234710726441], [-0.09131435501365548, -0.9159936889077873, 0.1296923532917713]], [[-0.20972481722777792, -1.1794596948675529, -0.2163807489698102], [-0.3132334253328095, -0.7502447486992758, -0.029866441270122168]], [[-0.08175594801695085, -1.1509517145973853, -0.311042075721115], [-0.14993364954049704, -0.7428020136142046, 0.019895279345278682]], [[-0.19093122328289103, -1.1838676294077897, -0.7004708499315999], [-0.32256244803011014, -0.7460616810764304, -0.4596102066663128]], [[-0.109866358968422, -1.1764313981956451, -0.7325616987071957]], [[-0.2429361548256766, -1.120913875341622, 0.607812284885292], [-0.19778132146369864, -0.9780773830764887, 0.5571096174067937]], [[-0.2591998718779313, -1.0722851331825014, 0.5767683671093684], [-0.18757985155063017, -1.0087714331329614, 0.5346861411447213]], [[-0.18478938436066478, -1.1749685812679829, 0.08302156003111039], [-0.1914523922542336, -0.88845175039218, 0.1636537162715067]]]}