{"bodyId": "h0", "timestamp": 1641580110514000000, "continuousState": [[[-0.13198754126848578, -0.8890504542385285, 0.6494722489654909]], [[-0.27701790206510213, -1.062102782717424, 0.7954011196357431], [-0.33731707991610593, -0.9388574558570557, 0.7403228780229607], [-0.22626875316654804, -0.9399564252764081, 0.742099598519235]], [[-0.1606884714023814, -0.9768589361986542, 0.7520596735562772], [-0.20454597712171896, -0.9991962310554483, 0.7629760570541664]], [[-0.41824536152821823, -1.0434804752593168, 0.5781128113327534], [-0.4295235818935671, -0.9231697826904524, 0.4968097402365883], [-0.2986343195156793, -1.0578137990180028, 0.4675759615230233]], [[-0.09457875992869225, -1.07836525304006, 0.5671148721531165], [-0.060159683974732814, -1.0372236180702492, 0.5430446666181001], [-0.04514620510881229, -0.9567354447151106, 0.5942213459029534]], [[-0.3464042173044362, -1.145503343275824, 0.4444600059285875], [-0.36809159541359504, -0.9677574050939903, 0.2776236078519354], [-0.29845125081142065, -0.8965713884099469, 0.25605433722914883]], [[-0.013696629272103245, -1.0716819629760401, 0.269968243724104], [0.007890576724459586, -1.1341224830220509, 0.30921331040899425], [0.03258491632381033, -0.9931505777948636, 0.30881393900875276]], [[-0.2477793972911777, -0.7708448683903759, 0.03239611199260861]], [[0.07363800215281657, -1.0820027686511904, 0.06454388269202771], [0.0285468394578694, -1.143659579517229, 0.15053329366280344], [-0.18029232592047906, -0.6147273967064597, 0.4199160039869555]], [[-0.28755034736391505, -1.1700085948968897, 0.06018482974708528], [-0.30116944764940956, -1.1100894289604992, 0.05736616592456545], [-0.28004964394065646, -0.8202934073922961, 0.18710878635324701]], [[-0.08236769661786991, -1.1720133359826088, 0.07937745784460559], [-0.12496792780691424, -1.1729168707834001, 0.09218309623829746], [-0.1661693827656786, -0.6813525076865964, 0.34765669074279426]], [[-0.21154042015018848, -1.1744001817422294, -0.29525835354074115], [-0.24146269972693157, -1.1350129552946484, -0.3126894956191222], [-0.32921707712897963, -0.6980769007742451, -0.010453290821499261]], [[-0.08240382998322071, -1.1273845562506288, -0.3477759102545457], [-0.09896755571696247, -1.1544293166864783, -0.26748870324238583]], [[-0.18106838413903192, -1.2029790786053585, -0.7017803191104854], [-0.20770084018073365, -1.1383157304997915, -0.6921741126772418]], [[-0.10098329148759178, -1.1754675542955417, -0.7276743776134174], [-0.12043126318116726, -1.1594489871432063, -0.7033740211491577]], [[-0.23434943061680585, -1.123288128352786, 0.6111869672097432], [-0.24191647381290649, -0.9745302776192775, 0.5098807254557778], [-0.19139386584434437, -0.9771899518627956, 0.5560282038840337]], [[-0.25641206072845524, -1.0609228641496884, 0.572613841742935], [-0.24484163293414996, -0.9801967003803508, 0.5199272034273442], [-0.1718902623122458, -1.0072746218665567, 0.5308986537129883]], [[-0.18495902199089248, -1.1710109654397494, 0.06978114379584544], [-0.2130686877281619, -1.1415031498719497, 0.07477463108143145], [-0.22310951335316753, -0.7508229575394463, 0.26738273854802064]]]}