{"bodyId": "h0", "timestamp": 1641580152456000000, "continuousState": [[[0.577970571949979, -2.70997755829808, 1.61535901844717], [-0.925721393254165, 0.584580779915331, 1.75239792845532]], [[-0.24941219563176797, -1.0588422568382927, 0.6878647132090933]], [[-0.3064795395883161, -1.2393229832030812, 0.7582506779177582]], [[-0.2574477419056739, -1.162887626339613, 0.550853237789535], [-0.209270727389803, -1.1166310325884405, 0.4540637159165981]], [[-0.4309241294153179, -1.3580473908272268, 0.5396486808767353], [-0.3276521908955874, -1.2976308667020435, 0.5640597181642755]], [[-0.20973607231699337, -1.0709009330914359, 0.376753543429281], [-0.1981876756905544, -0.9587005844200774, 0.23927119269112773]], [[-0.48171824909206284, -1.6091528989278188, 0.3522400827867198], [-0.3620711112006856, -1.3521179279949207, 0.3674276467450921]], [[-0.20289383329075922, -0.8080385365829907, 0.09165509499105506], [-0.19915316057856303, -0.7796777333200625, 0.030251729313872655]], [[-0.3488640388308337, -1.7075139765927558, 0.17772854773495816]], [[-0.15358385447070488, -1.4110235586583963, 0.14803204513390256], [-0.25591920054672646, -1.2169264477457444, 0.01549101710744738]], [[-0.27041741275632447, -1.5357852911974614, 0.1438084695705999], [-0.30859059257424526, -1.3819682285408423, -0.06159938527947473]], [[-0.1765021663195565, -1.3261669287882527, -0.3723851286442037], [-0.19810516703340364, -1.1272562822220222, -0.24057761627246255]], [[-0.27143275619389684, -1.49802147669025, -0.3279320283025722], [-0.2683405767156293, -1.4520145426656996, -0.4969297860573285]], [[-0.23520696997693158, -1.4015691228123266, -0.6741466960352231], [-0.2751574718993195, -1.23029347246798, -0.7158323363729902]], [[-0.2597294749891108, -1.468035263614644, -0.7279479679064331], [-0.30365662060338894, -1.311663281466683, -0.7706710010320448]], [[-0.3178777094201887, -1.3056805091474735, 0.5665176254989821], [-0.2762798150005753, -1.192762849037357, 0.5061773780838628]], [[-0.3441859356604959, -1.26046750858342, 0.5452509593331352], [-0.2684614591426952, -1.207130949645242, 0.5090617170404368]], [[-0.21200063361351468, -1.4734044249279288, 0.14592025735225123], [-0.28225489656048586, -1.2994473381432934, -0.023054184086013674]]]}