{"bodyId": "h0", "timestamp": 1641580164717000000, "continuousState": [[[0.577970571949979, -2.70997755829808, 1.61535901844717], [-0.04991973283847151, -1.1433546771070857, 0.6127314282064324]], [[-0.3640090702841364, -1.1456006061504507, 0.6942271058842289], [-0.19100656300603047, -1.1137899116653005, 0.6598243228785365]], [[-0.23133127717418311, -1.2493535864385727, 0.7351836082459968], [-0.22980144781383738, -1.2076407766674704, 0.7114775247636735]], [[-0.20720422504371983, -1.1885540938118284, 0.5936733249314077], [-0.3690243672185083, -1.1167591080434087, 0.567802616016752], [-0.14977042844082655, -1.164727539810712, 0.3895886491340923]], [[-0.38148545954311747, -1.408173412202503, 0.5463684881644513], [-0.3392388869223757, -1.3629289909157822, 0.5384074398048846], [-0.2797573799853045, -1.3975606896181125, 0.5144947839936773]], [[-0.1814273330799805, -1.1299450404435165, 0.43728486363069075], [-0.4009313090874367, -1.3075080494089315, 0.48501371872359056], [-0.17423467907003154, -0.9582690408509145, 0.17763151232527208]], [[-0.45947643131979055, -1.5843134426938805, 0.30843991586749864], [-0.41466872376474306, -1.5190848419432963, 0.3973934544118082], [-0.34168045301611993, -1.3956408702894083, 0.33425461747683083]], [[-0.1804365858828399, -0.8416834608459807, 0.12156788875556668], [-0.24494287700345452, -1.377022932758625, 0.48236010226550996], [-0.20349291679520398, -0.7714844985792818, 0.04054339061539736]], [[-0.3383080744457676, -1.6319089835249574, 0.11127733589000077], [-0.3409514642435152, -1.5830588582945344, 0.19617076065250671], [-0.315981182594973, -1.2834173054142377, 0.31911080449940155]], [[-0.13310106792770005, -1.3452742098301473, 0.06077912650029438], [-0.4372600952182567, -1.4698631986501591, 0.3122944665595735], [-0.23321654564099425, -1.1277506945144655, 0.06325127041116074]], [[-0.22394088418150537, -1.5103611713576084, 0.10491319717425784], [-0.37648206509463233, -1.5557335175552562, 0.3032497247774282], [-0.3126738345824386, -1.194383369813307, 0.0835250052758656]], [[-0.1264214683393582, -1.464628293827006, -0.2135093213472654], [-0.957288499814475, -2.52095213751786, 1.63025391060747], [-0.2334521474136816, -1.1674074586162553, -0.3225733726575021]], [[-0.18047374798470328, -1.5710123579857778, -0.29614238797201753], [-0.183577554578372, -1.5252459581009448, -0.25516323809125296], [-0.26173667723514216, -1.2289494701805674, -0.2035159926339689]], [[-0.21167622830013366, -1.3573261413785966, -0.777530751454258], [-0.275303054367632, -1.3588826014957256, -0.6667363746075426], [-0.2630743160101, -1.2384323835742455, -0.7311398845977495]], [[-0.24077426494863574, -1.5736877164621252, -0.8029463807528594], [-0.2426932042687886, -1.5764657422644406, -0.660365248869552], [-0.280052953898801, -1.3167691257835594, -0.6045850726042936]], [[-0.2888665769925139, -1.2922816319388153, 0.5675379550490636], [-0.36171663067339554, -1.2660335578101365, 0.5834471703403283], [-0.2475587979698427, -1.1708710429170168, 0.5129202863003322]], [[-0.2943448422934186, -1.2983637530071657, 0.5700209065479295], [-0.354131627070442, -1.2398440494795955, 0.5531050279108183], [-0.21476390421306552, -1.2811441147144123, 0.4520417165638848]], [[-0.1785209760546027, -1.4278176905938778, 0.08284616183727611], [-0.4068710801564445, -1.5127983581027076, 0.30777209566850083], [-0.2729451901117164, -1.1610670321638863, 0.07338813784351317]]]}