{"bodyId": "h0", "timestamp": 1641580174834000000, "continuousState": [[[0.577970571949979, -2.70997755829808, 1.61535901844717], [-0.07110486897787649, -1.1168127496856979, 0.6321174272280305]], [[-0.38133764687484917, -1.1725697890959854, 0.7153140295043109], [-0.20107190829336197, -1.107697998484079, 0.6652877827127062]], [[-0.2280876393576417, -1.2561767242668183, 0.7521703326912026], [-0.2321291490277939, -1.1918348333955355, 0.711877088770114]], [[-0.22024185494608572, -1.192033826841827, 0.6065400390368461], [-0.3853756980579509, -1.138871802955644, 0.5813108871111214], [-0.16114262482905028, -1.174019085510686, 0.3866243277567971]], [[-0.3822977095540981, -1.407469672601219, 0.5460013771549603], [-0.35545002216626076, -1.369786273048254, 0.5456403165608542], [-0.2834788495410906, -1.4102043600005412, 0.5080652418391205]], [[-0.20036321003889174, -1.1078959815456364, 0.42711006521334727], [-0.40692084887900437, -1.2959295070750807, 0.4813454489400515], [-0.18196080583889052, -0.9755928093481364, 0.20176614363207812]], [[-0.4502459002446587, -1.6019133966388317, 0.3341701957225194], [-0.4217480155021178, -1.5117415584287932, 0.3968552345412708], [-0.3479828174705777, -1.3756255715643486, 0.33973458266547363]], [[-0.19550875228989317, -0.8471157389815265, 0.12034506794172395], [-0.25769884367092566, -1.3758323586051509, 0.48236886176789495], [-0.19951413225853498, -0.7790295096904792, 0.03099255256087874]], [[-0.3434303721872629, -1.62621690862431, 0.10317740577232049], [-0.34970966773526324, -1.5764658928574353, 0.1983936491754983], [-0.3169728654993591, -1.2812297888775057, 0.3209824249937927]], [[-0.12924692691498862, -1.368137197231003, 0.08302646642064948], [-0.42451579187516364, -1.5105579742997557, 0.28801058872269647], [-0.23620177324474967, -1.1202131148549168, 0.06081842512850022]], [[-0.2352714763083944, -1.4936950307081858, 0.08392281884859543], [-0.37858294715851626, -1.574834330531051, 0.2973838374774056], [-0.3259114038004739, -1.2015137897853947, 0.08183658350551126]], [[-0.1378988603627188, -1.4444772911330774, -0.24300104192971395], [-0.957288499814475, -2.52095213751786, 1.63025391060747], [-0.25149008044355536, -1.1222522810890974, -0.27987738824058783]], [[-0.1783554320840326, -1.5744382231572904, -0.2901671319032373], [-0.18628758473572127, -1.5282254118665284, -0.260476290644277], [-0.2754685768738253, -1.2139494113730365, -0.1842549639380493]], [[-0.21128007284964057, -1.339679593884194, -0.7847999891337947], [-0.27473678017758796, -1.3578975787435075, -0.6685778836204913], [-0.25695381076557544, -1.255002130654312, -0.7532857229824221]], [[-0.22750654785949043, -1.5920298610486825, -0.7638223939922625], [-0.2400735925929467, -1.5722501392451445, -0.6837046842856002], [-0.27845618560257923, -1.3763822037235558, -0.6578023013963576]], [[-0.31972582617069584, -1.2900042419675826, 0.5645720015176834], [-0.3665849131079788, -1.261729505570933, 0.5768540850087343], [-0.2617073699766549, -1.1921948766616688, 0.5031681097146454]], [[-0.30126978225009193, -1.299751749721523, 0.5762707080959032], [-0.37041286011210584, -1.254329038001949, 0.5634756018359879], [-0.22231073718507044, -1.2921117227556136, 0.4473447847979588]], [[-0.1822592016116915, -1.4309161139695945, 0.08347464263462245], [-0.40154936951683995, -1.5426961524154033, 0.29269721310005103], [-0.2810565885226118, -1.1608634523201558, 0.07132750431700574]]]}