{"bodyId": "h0", "timestamp": 1641580191986000000, "continuousState": [[[0.577970571949979, -2.70997755829808, 1.61535901844717], [-0.957288499814475, -2.52095213751786, 1.63025391060747]], [[-0.3623141181946038, -1.1926985585118366, 0.7466850308352837]], [[-0.23274424000173355, -1.247629271988365, 0.7598878557789064], [-0.23492134456572245, -1.1986601854059662, 0.7225458676180843]], [[-0.21322646132529194, -1.1777155427162533, 0.5939217621503268], [-0.3707234873148899, -1.1177478967286878, 0.5620321288262036]], [[-0.3743503028354921, -1.4078618213565113, 0.5486384789540071], [-0.35093888817617613, -1.3521593547671675, 0.5388990865931353]], [[-0.17649227014991326, -1.139910684477352, 0.4206404556312986]], [[-0.45735600301448953, -1.5850214752690754, 0.31847496848682], [-0.4185916689722442, -1.5164379408856248, 0.39825800706997827]], [[-0.20862504330558684, -0.8352427737793224, 0.09729148781183095]], [[-0.33050782894287023, -1.6303937263812776, 0.12323187043016359], [-0.3292374175625794, -1.563854527968314, 0.1591869830651913]], [[-0.1342528153317678, -1.3281449068351792, 0.05536618518702574], [-0.426073348876463, -1.5549502197460359, 0.32045329863542626]], [[-0.22911631518279507, -1.501597427787004, 0.10421034932354845], [-0.35396438465820057, -1.5551275247882719, 0.25888808218561166]], [[-0.14710390340735102, -1.412984718763611, -0.27192333589575934], [-0.3379121032178096, -1.418804197057301, -0.11181836767004771]], [[-0.19021088508960593, -1.5813093162040674, -0.2648293234698682], [-0.22647607522951274, -1.50924287620507, -0.30809775128486194]], [[-0.23076591122218704, -1.359832545402986, -0.7722613477830398], [-0.2885780902543016, -1.3957077341777262, -0.6038818963145676]], [[-0.30110389727639475, -1.5710518089909602, -0.7579858482023931], [-0.30426874108335644, -1.5433087117886841, -0.710896992762023]], [[-0.2765008997495256, -1.3125803846115836, 0.5830249410474582], [-0.3648942387770189, -1.2695730992973875, 0.5804828287857329]], [[-0.29378838208039204, -1.2927886820363823, 0.5712801205521669], [-0.360831187745533, -1.2349536257479277, 0.5504656077096695]], [[-0.18168456525728144, -1.4148711673110914, 0.0797882672552871], [-0.3900188667673318, -1.5550388722671538, 0.28967069041051896]]]}