{"bodyId": "h0", "timestamp": 1641580193996000000, "continuousState": [[[-0.13374678054739353, -1.124474579621452, 0.6387996050102667], [-0.925721393254165, 0.584580779915331, 1.75239792845532]], [[-0.32711699641927483, -1.1460273801824787, 0.6961210185650704], [-0.17778779482519325, -1.1434098483894535, 0.625041497815285]], [[-0.15562044981634182, -1.212819742837824, 0.723242596724311], [-0.203480806726256, -1.2007990103891093, 0.6832307767014232]], [[-0.19897436221710052, -1.203836704943794, 0.5894718292714576], [-0.3869039805153037, -1.1468502261777456, 0.5373047584815507], [-0.18878387843544198, -1.0769633177065159, 0.45811707252497014]], [[-0.36724134256067237, -1.4068427191372561, 0.5501078124929653], [-0.2892544717456216, -1.2817227290777033, 0.5018443548668909], [-0.2637408121463358, -1.396772671090709, 0.5206503602223616]], [[-0.16325766645785322, -1.1923389482849869, 0.3665726979025026], [-0.43343203608538383, -1.240357156366777, 0.46203981684371853], [-0.21059555358180182, -1.0155077154628083, 0.19640088460818328]], [[-0.44262076938489125, -1.5915585489380786, 0.329342342313375], [-0.38261810304124877, -1.5133726444627207, 0.4127474655152792], [-0.3308916429246731, -1.425017842016541, 0.35877749556366756]], [[-0.21193236604542504, -0.8057901567322587, 0.07652726701299883], [-0.24635478547902756, -0.8286592372201805, 0.13926927567764102]], [[-0.32479051544590876, -1.6486982579090406, 0.13390615603651956], [-0.32449799763744536, -1.5863713522925633, 0.17575545770164647], [-0.307291714112331, -1.3093775684809885, 0.30864295640350825]], [[-0.11711104557133878, -1.3760614873381802, 0.07619716352043171], [-0.4302012496189922, -1.5105507874288358, 0.2930013499444988], [-0.25347980281390936, -1.0783681757016133, 0.1500646188941821]], [[-0.21507822432930856, -1.5372012031839724, 0.11466424586399637], [-0.35844743994807027, -1.5605670549989052, 0.2595256965292294], [-0.3158899909297709, -1.25152333996084, 0.09675360069593952]], [[-0.1355561155873638, -1.4487777528082944, -0.2364936891475098], [-0.957288499814475, -2.52095213751786, 1.63025391060747], [-0.21457322300164605, -1.1933042180047995, -0.27689204378364707]], [[-0.1887478756940426, -1.5863062356433393, -0.28226293681708614], [-0.21814859751230298, -1.5421290450393135, -0.2920638416276815], [-0.25610944292698645, -1.2696254403193599, -0.24393688546319758]], [[-0.21803697170938285, -1.3639165796685948, -0.7579538627576072], [-0.29038681380331166, -1.3679438396314076, -0.6507739743982743], [-0.26558864916594727, -1.2307915331463588, -0.7079537458353256]], [[-0.30424163737073606, -1.5668578643027573, -0.7671233205221171], [-0.31354497586540964, -1.5570020285954256, -0.677915959445404], [-0.2982021444793864, -1.412232034727836, -0.7675638424190754]], [[-0.2723633188225606, -1.307482759820255, 0.5736692795515772], [-0.3586784398891517, -1.268891339454158, 0.5766367792607108], [-0.22736672233333965, -1.185029025549665, 0.5075557148709999]], [[-0.28310785238888647, -1.305339712040525, 0.5697898208822114], [-0.33807922613046265, -1.2142864776277245, 0.5195745566742208], [-0.2262623452908889, -1.2368679943986125, 0.48938371637366584]], [[-0.16609463495032367, -1.4566313452610764, 0.09543070469221404], [-0.39432434478353123, -1.5355589212138705, 0.2762635232368641], [-0.2846848968718401, -1.1649457578312266, 0.12340910979506081]]]}