{"bodyId": "h0", "timestamp": 1641579351806000000, "continuousState": [[[0.29584070781288774, -1.1974529204665343, 0.733364788626681], [0.36465431221500133, -1.1033592720125414, 0.561817018151741]], [[0.09834132292720743, -1.1171480433101548, 0.7375423563706667], [0.21228298186223338, -1.0922340581502934, 0.64932038581114]], [[0.25215689167421335, -1.2191456602338735, 0.732644862477442], [0.18479322685028365, -1.2224116451461327, 0.7498320583937497]], [[0.21375521230567862, -1.2661085606171192, 0.6441311294093297], [0.08031170463945048, -1.0528927387425024, 0.5322556333968316], [0.23765282311522973, -1.0834615541075612, 0.438631221390426]], [[0.04500849310343369, -1.315993459669234, 0.504995947187034], [0.11177867177226464, -1.39086573472706, 0.6252164358287433], [0.17347377763102, -1.3554761247591385, 0.5731902124721029]], [[0.244740811609431, -1.1932819948241242, 0.44186387009950323], [-0.957288499814475, -2.52095213751786, 1.63025391060747], [0.26469959491640904, -0.9835216956875684, 0.1910983027546862]], [[0.034537561889501855, -1.6788090804338205, 0.42255640196908284], [0.023090020438709113, -1.569328390911862, 0.48199978162825396], [0.11735879220140144, -1.630206614155615, 0.34929820394405064]], [[0.2717086504330727, -0.8099868845832165, 0.09924273766371616], [-0.957288499814475, -2.52095213751786, 1.63025391060747], [0.26622655069977474, -0.7665774006556831, 0.009866809197870863]], [[0.14427010587630984, -1.6623374259814563, 0.2568058788106917], [0.038324309006561696, -1.6660610812562295, 0.3844611580110191], [0.12125314792229902, -1.3780018634300188, 0.29578258514137157]], [[0.2919307206756676, -1.387964992707272, 0.10338138676280284], [0.027836357967333303, -1.3126993133434324, 0.12304706359904882], [0.19886462862287435, -1.175006698315331, 0.0034979018309722054]], [[0.2144707533693485, -1.5661265773219468, 0.1871115027840453], [0.0934662617289288, -1.467125666860558, 0.16780107303424097], [0.11860514478950601, -1.3095047667013344, 0.04025645357327501]], [[0.2999613016181501, -1.5243782462213868, -0.15216769577726996], [0.13325514926434856, -1.3415926894853656, -0.21942738366218006], [0.1706695375452809, -1.196280416676063, -0.3496332907367019]], [[0.27006332763009255, -1.5659145920604094, -0.2640385064580091], [0.24520119502931426, -1.5049437324025599, -0.24087640182508707], [0.17233933093742282, -1.2437864509356538, -0.15214767691198205]], [[0.29603553232256585, -1.544827024738013, -0.46351793962745447], [0.1565118672610546, -1.4037636637504525, -0.628342502448267], [-0.17868061149010162, -0.6895936622266425, 0.05148263636774475]], [[0.1952754710000204, -1.5527502571488967, -0.7284636585764632], [0.20101785843683517, -1.5429978569815, -0.6630700648368804], [0.08698278488452926, -1.2160963502574744, -0.41937041712878775]], [[0.1438954354726466, -1.3170390588280743, 0.5975786713159075], [0.06897006658118754, -1.2706737235278585, 0.6044662832788175], [0.18865683124581, -1.22909227461093, 0.5047585825810219]], [[0.12938185270455616, -1.2910510101431765, 0.5745635382981819], [0.09604518820585756, -1.2218792367347813, 0.5787360346127874], [0.20556330037312487, -1.21946883943335, 0.5059107169312644]], [[0.25320073702250806, -1.4770457850146093, 0.14524644477342408], [0.06065130984813105, -1.3899124901019952, 0.1454240683166449], [0.15873488670619018, -1.2422557325083328, 0.021877177702123607]]]}