{"bodyId": "h0", "timestamp": 1641580205587000000, "continuousState": [[[0.23216663316124142, -1.0836762395911492, 0.6685951356980506], [-0.925721393254165, 0.584580779915331, 1.75239792845532]], [[0.08193097355078521, -1.0887295441936555, 0.7310100035635845], [0.05675577669546472, -0.9303471299738768, 0.6497964124477795], [0.14330988270234635, -0.9595439075698753, 0.6100888961397257]], [[0.19514826775112154, -1.0418350831239904, 0.6976297524462749], [0.1755586054295054, -1.031502373845706, 0.727432514260927]], [[-0.026660635997066473, -1.0971946148758898, 0.5367597422267869], [-0.024647559484984427, -1.0119235301834435, 0.49971128090140415], [0.10283492136611438, -1.1317199301065175, 0.37182268572006083]], [[0.24974751558513936, -1.12852627508255, 0.5450093179281863], [0.24661452106613002, -1.1855214574900224, 0.6001736278745495], [0.13655826665471704, -0.983618755755511, 0.6677625811752852]], [[0.577970571949979, -2.70997755829808, 1.61535901844717], [-0.12854737534788863, -0.8855593251329168, 0.23654649328864052], [-0.06658154501590241, -0.9110686818078335, 0.198754418084232]], [[0.4057923952266389, -1.22229488951321, 0.3352117236167853], [0.3451069031826395, -1.3106468834018208, 0.40128103991257413], [0.41458682063193275, -1.115361890534971, 0.32005715089859343]], [[-0.2140391402101729, -0.7731891074608268, 0.04837583012258739], [-0.18072034133966308, -0.7721255513284945, 0.03078502931994631]], [[0.5223216953671294, -1.2450517511589794, 0.17307907640532005], [0.28681055137869405, -1.331438896006169, 0.281908018086656], [0.5398301899314053, -1.1244458670800057, 0.030977438442685967]], [[0.13547137356135486, -1.389428826679157, 0.13700312003240134], [0.11699068000194601, -1.2404514996094234, 0.062036322030249114], [0.06390182714827142, -0.9558772259265966, 0.1637435023606968]], [[0.3079601296352729, -1.4226689996987842, 0.17597739683075386], [0.26384538600919094, -1.3851195353576928, 0.15737554353544247], [0.31628899799050414, -1.1214251021098716, 0.018691724638023155]], [[0.19759133026275, -1.3591296478077346, -0.17784406474150471], [0.18028808701325127, -1.2325808237619549, -0.3352908316973702], [0.019686920130068897, -0.8591463127027311, -0.06269174519592258]], [[0.3548231942887263, -1.4056318399027745, -0.14740909568299543], [0.3318216521049573, -1.3306532199777819, -0.2807367563005636], [0.3079548768402125, -1.106102803731186, -0.2598120900356349]], [[0.1907583544695548, -1.3614048885178753, -0.7288583373337736], [0.1867057005583399, -1.3006378759029074, -0.6935134659035326], [-0.14716286359359132, -0.673870451877516, -0.001221070381145939]], [[0.3461043213470161, -1.3420091368638443, -0.7389266542218063], [0.3235601569392712, -1.3479073640269132, -0.6642816911006406], [0.012418435303323871, -0.7663200483178834, -0.0156330556163522]], [[0.10504954363884433, -1.1166034331585908, 0.5357492754414277], [0.11177997703761422, -1.0999830588220125, 0.5543526631855473], [0.1411436271512012, -1.0740328817374687, 0.519143447619635]], [[0.11154343979403644, -1.1128604449792199, 0.5408845300774866], [0.1109834807905728, -1.0987224938367328, 0.5499424543879768], [0.11969659401041571, -1.0576693429310142, 0.519792633447673]], [[0.2217157515983139, -1.4060489131889706, 0.1564902584315776], [0.19041803300556848, -1.312785517483558, 0.1097059327828458], [0.19009541256938778, -1.038651164018234, 0.09121761349935997]]]}