{"bodyId": "h0", "timestamp": 1641580209942000000, "continuousState": [[[0.16793711081538376, -0.9930921745760899, 0.6477011000811641]], [[0.0005079712139052228, -1.203857229330339, 0.7518790812968459], [0.06914697357975386, -1.0616635096349578, 0.6316723623738048]], [[0.12047414430440162, -1.1116380836713355, 0.738380713437705]], [[-0.05616184946566727, -1.175051857027322, 0.5566434651904673], [0.07578917738307622, -1.1615727563483915, 0.38636818664064276]], [[0.19311671015244314, -1.0761553025752182, 0.47161989930701087], [0.26630966239213494, -1.0682385314534442, 0.5522417871574741]], [[0.06738939266054972, -1.1530582013424433, 0.5815741186282983], [-0.06767397813470222, -0.9534152171721797, 0.18172773136863252]], [[0.4499071224315485, -1.1496903080552994, 0.35422165230208336], [0.5341596142513041, -1.1753708755877226, 0.24168422515616306]], [[0.577970571949979, -2.70997755829808, 1.61535901844717], [-0.17239995742634884, -0.7741983899251998, 0.03409400343150559]], [[0.671154310108702, -1.1319617129632789, 0.17073302257355238], [0.6606493598115399, -1.0860033134585287, 0.10652179804495687]], [[0.10080953521075664, -1.382428725086614, 0.08268689359659165], [0.05890047006847743, -0.966834481354339, 0.19377100465616737]], [[0.2759054923073613, -1.3777239412899862, 0.09376986280244126], [0.342853001366618, -1.1762313316865547, -0.0011438650447745946]], [[0.1630219404757185, -1.3651818716837612, -0.20446738502399464], [0.11422896175303299, -1.0043299059076984, -0.2334726916939751]], [[0.39929397693248586, -1.3823493666805913, -0.30458390530944546], [0.3166626588429575, -1.094567975818638, -0.21812290129956446]], [[0.19415798083034974, -1.3491069191652958, -0.7280095300084108], [-0.16459304608026215, -0.643254306600257, 0.022394694994307796]], [[0.4043733129955781, -1.4468007197430481, -0.7428618361125466], [-0.04246877475434241, -0.7430019607096952, 0.012140345512585915]], [[0.07118846204393592, -1.1472641428191404, 0.5284974175780817], [0.1530413990941949, -1.0773981028447506, 0.49760803662622766]], [[0.06847743034338793, -1.12560357980127, 0.5141316822487391], [0.17104941988760558, -1.1149056439009177, 0.4693049868990584]], [[0.18835751375905896, -1.3800763331883001, 0.08822837819951646], [0.20087673571754772, -1.0715329065204469, 0.09631356980569639]]]}