{"bodyId": "h0", "timestamp": 1641579353682000000, "continuousState": [[[0.3784464682762594, -1.1115469569068592, 0.5626939441641086]], [[0.08374321133028328, -1.1467345201562047, 0.7534449358582507], [0.22703021723145056, -1.1021096754041786, 0.6410765603326154]], [[0.21490640036242303, -1.2158204487386397, 0.7428491570736702]], [[0.0833597540809139, -1.0591853210737212, 0.53363716610623], [0.24268185645677065, -1.0906169612368863, 0.433422636936454]], [[0.12075244474183222, -1.3818516578670479, 0.623754442440845], [0.18744099933270963, -1.3793456123140055, 0.5587563804381608]], [[-0.957288499814475, -2.52095213751786, 1.63025391060747], [0.2813488205934589, -1.0089102606853038, 0.1854878593516731]], [[0.034624607168403876, -1.5582749740497155, 0.4831333919489824], [0.12048833582772367, -1.5969749421343757, 0.3665337355995706]], [[0.2774517567274033, -0.7690539796727276, 0.0032764271487779606]], [[0.053951883058895866, -1.658751517956, 0.3920683052438494], [0.11116428255410304, -1.3420723326851536, 0.3198860939898789]], [[0.030322772662136455, -1.330700135756002, 0.13385378801958603], [0.19201691057037373, -1.1650378890721746, 0.023740934916442136]], [[0.0840713855555344, -1.494622142172386, 0.19361638630954037], [0.12566035627934613, -1.3219844739267514, 0.03933195848945226]], [[0.13252892849805864, -1.3430995270602977, -0.2066538293284561], [0.1727429557011826, -1.1846412989725614, -0.32783837808963634]], [[0.246184296235191, -1.504155040148736, -0.24254968576995828], [0.1577909815269467, -1.2192470666139656, -0.12656723452870522]], [[0.16039102058864096, -1.3998574745982098, -0.6359925519807198], [-0.15494803586466743, -0.7175606268311634, 0.010966536222612344]], [[0.1969141379947965, -1.5362280934146073, -0.6665530469146128], [0.11567043637856411, -1.26876764962034, -0.45828802814387837]], [[0.08609367873293727, -1.2597532791316661, 0.5987449625970045], [0.18722168024254826, -1.2130571919237156, 0.514295034015178]], [[0.10205609941137306, -1.2205184894703844, 0.5786958042735375], [0.21506142789474014, -1.234981286775446, 0.4960895086873074]], [[0.057197079108835425, -1.4126611389641939, 0.1637350871645632], [0.15883863342485993, -1.243511181499463, 0.031536446702947196]]]}