{"bodyId": "h0", "timestamp": 1641580308499000000, "continuousState": [[[0.577970571949979, -2.70997755829808, 1.61535901844717], [0.7777814530219742, 0.20568574027590625, 0.024773770687370966], [-0.925721393254165, 0.584580779915331, 1.75239792845532]], [[-0.1836435106283496, -0.9206014337277999, 0.7647273894400755], [-0.020026156999858435, -0.8890006865379823, 0.7315452360107084]], [[-0.07391805215934888, -1.0024795015724937, 0.7612400774728845], [-0.08107040101068175, -0.9868627460742032, 0.7502535954708078]], [[-0.24789211246122644, -0.9951157419994408, 0.6198331853070125], [-0.25619865691205823, -0.7802474953490217, 0.49305361488789123], [-0.18387520958905734, -0.8705588470651748, 0.5329227665947585]], [[0.006705402075194544, -1.0761479829481244, 0.6020307024009306], [-0.00996697545459857, -1.04038667221294, 0.5819484406181423], [-0.016924305830495534, -0.8922984407212118, 0.6270858858959785]], [[-0.1604088011135435, -1.0987511953746658, 0.47446817887111004], [-0.957288499814475, -2.52095213751786, 1.63025391060747], [-0.15012323605545486, -0.7808644471939284, 0.23582523167192304]], [[0.09435097985284491, -1.2026553283019876, 0.333879262430691], [0.08800242282742554, -1.1779527195348238, 0.34046759411691485], [0.03165427591628256, -0.891313626534264, 0.48288140277817004]], [[-0.957288499814475, -2.52095213751786, 1.63025391060747], [-0.12068341515376446, -0.6226627948831926, 0.05312486998939392]], [[0.2429245710937118, -1.0096551070394677, 0.3227160972504044], [0.22255373291094926, -0.9861151701012836, 0.3382078240033022], [0.25598363040666483, -0.9757477126773626, 0.29222065767375494]], [[-0.10629140405416859, -1.1264324999554145, 0.122501485898723], [-0.15910609803984288, -1.0130978098359256, 0.061979816229134066], [-0.1362864468654602, -0.7181017391643909, 0.18466098182001733]], [[0.08498874242995286, -1.1809105524016545, 0.19775543835537746], [0.017320037811442646, -1.0970408059560042, 0.11910167531821658], [0.031696271167927614, -0.8013249344815242, 0.16902447653524955]], [[-0.08704089936368808, -1.0774834289623951, -0.3484243122168649], [-0.1001096821284333, -1.0633307763261826, -0.2973647337745631]], [[0.06592153402189516, -1.0767560294578171, -0.30354596784742793], [0.03721708512726041, -1.095870077461828, -0.2746399418888914]], [[-0.014830147315341824, -1.1444027251666558, -0.7075210072493394], [-0.03231039007114034, -1.0767861932094271, -0.7069489999364486]], [[0.07933863889223813, -1.0860725415083785, -0.7150154385798626], [0.02723648032641801, -1.0812711984486554, -0.6330687869018194]], [[-0.10330794928794046, -1.0673285885364543, 0.6255106806113411], [-0.143334293145714, -0.9364336244082159, 0.5506945693184795], [-0.10329786477404046, -0.8841443764024841, 0.5857312488463557]], [[-0.12059335519301595, -1.0356318624737826, 0.6109319438539715], [-0.1330828161833284, -0.9103170837809809, 0.5375010277530168], [-0.10039975770977644, -0.8814286438931933, 0.5800043262453685]], [[-0.010651330812107868, -1.1536715261785346, 0.16012846212705023], [-0.07089303011420012, -1.0550693078959648, 0.09054074577367532], [-0.0522950878487663, -0.7597133368229576, 0.17684272917763344]]]}