{"bodyId": "h0", "timestamp": 1641580340659000000, "continuousState": [[[-0.0347133944838135, -0.7946085800846441, 0.6835081074320034]], [[-0.2004409630632158, -0.9743204394634997, 0.8092553046033346], [-0.957288499814475, -2.52095213751786, 1.63025391060747], [-0.11941730497040792, -0.9060808720133773, 0.6943586851059753]], [[-0.04723315464687505, -0.9244929702576778, 0.781671645277352], [-0.096089571868475, -0.9173741124942918, 0.7713041336830224]], [[-0.2513522237399728, -0.9866005772476503, 0.6001132309282609], [-0.25956415402820665, -0.8008047121580901, 0.4962315510964066], [-0.15281857895139572, -0.9622147762928452, 0.48433923279449154]], [[0.05097682200535886, -1.0118523891627913, 0.5878242830113751], [0.06917072694986703, -0.9494476199022532, 0.5473034816430302], [0.07234666702618597, -0.8911239085355444, 0.6057362922576942]], [[-0.1769881961105929, -1.0943297099055647, 0.45073654917615924], [-0.957288499814475, -2.52095213751786, 1.63025391060747], [-0.15338792035929505, -0.7757676102907212, 0.25011197265850027]], [[0.16097723639382366, -1.1087181778567774, 0.3516708673489126], [0.17610618864432392, -1.0734754530113206, 0.32539434215677265], [0.11848359115708851, -0.8828825533115056, 0.406958210795372]], [[-0.957288499814475, -2.52095213751786, 1.63025391060747], [-0.12202635793191186, -0.6218634604354154, 0.0634897641307216]], [[0.26044166966766447, -1.0833584762702486, 0.06040224802292582], [0.2847780196218679, -1.0784435140085527, 0.07403661303586473], [-0.925721393254165, 0.584580779915331, 1.75239792845532]], [[-0.0987796606645257, -1.1244397579588143, 0.11426994320850237], [-0.15457169080883515, -1.0244316937629638, 0.08614559352037388], [-0.13491292266347, -0.7653194299111585, 0.20963815822582466]], [[0.11128770078273542, -1.2165301135207693, 0.22811769447247454], [0.04718557919969135, -1.0929791782556963, 0.10773985796207364], [0.005555035333096869, -0.7556877318423235, 0.24524245756491836]], [[-0.0657731769598735, -1.1059741799829867, -0.3218799407605828], [-0.10186368597080064, -1.0689070154528497, -0.27958723462452983], [-0.13628093038718259, -0.6571688887882501, 0.03105365721964881]], [[0.08307083045823027, -1.0779323394687157, -0.2933982738160912], [0.0544983077664436, -1.0727791946518979, -0.2946465011301551], [-0.0010814624419559493, -0.7018019476489491, -0.01988676795598643]], [[-0.01618780876009218, -1.1390995708536473, -0.7299680810942473], [-0.039766286509955506, -1.0904064921569383, -0.6723108848175676]], [[0.07888706046817107, -1.0808864751153655, -0.736591689103163], [0.03671288245041793, -1.0822295483048403, -0.6406688857725236]], [[-0.06522192392675769, -1.0592583869756917, 0.6312916283481191], [-0.12453971667058061, -0.9207965233524551, 0.5577260802118289], [-0.06114133014953649, -0.8951960126376705, 0.5678100613740767]], [[-0.10018770086730697, -0.9992264832052208, 0.593968756969818], [-0.09519671353916981, -0.8751261660301717, 0.5217675163697184], [-0.040235955962604875, -0.9266693424141947, 0.5450377625260929]], [[0.006254020059104859, -1.170484935739792, 0.17119381884048845], [-0.0536930558045719, -1.0587054360093302, 0.09694272574122376], [-0.06467894366518656, -0.7605035808767411, 0.2274403078953715]]]}