{"bodyId": "h0", "timestamp": 1641580376571000000, "continuousState": [[[0.007016777464662449, -1.1786279385976686, 0.702340953063977], [-0.021641460924204603, -1.1246540680822084, 0.6786266299245314]], [], [[-0.1411133966909569, -1.1879367833042345, 0.7224115560263709], [-0.13966689720758796, -1.135662692112926, 0.7123068197886842]], [[-0.05177391357700223, -1.148740147775032, 0.6162764925688926], [-0.24208512058355314, -1.0014624007085084, 0.5525649963701518]], [[-0.27863447164254695, -1.272709062117396, 0.537310713561812], [-0.21578578009790628, -1.267884583341194, 0.5596553574365413]], [[-0.0568841731570241, -1.0946989109605727, 0.456393855823515], [-0.3071486403351008, -1.2284482117320286, 0.5026618178283744]], [[-0.3043981362554129, -1.5259365317583442, 0.3785413108674067], [-0.2961521924312014, -1.4572998568496442, 0.45090202453399986]], [[-0.08458988953819885, -0.7134578677773229, 0.12291671003941906]], [[-0.21325536619298957, -1.5383628395478093, 0.13632007588256934], [-0.20962155680748218, -1.5173722584860851, 0.23490276583482594]], [[0.0034924099573450107, -1.2877706627063101, 0.0957630569574166], [-0.30009713810738137, -1.3492533948481498, 0.24003728944276181]], [[-0.0892351974344524, -1.429266650287807, 0.1276456082058839], [-0.28349742658049104, -1.482642416699202, 0.3142856723063485]], [[0.008327347798032458, -1.454399916640849, -0.1301863370916625], [-0.1955871592695715, -1.3200304296076044, -0.12673187320467472]], [[-0.0416629526907879, -1.4957561354099087, -0.2203137477188606], [-0.0642857895220168, -1.466093647046409, -0.25159981192105474]], [[-0.05430521517337461, -1.3519135682175678, -0.6534111903841435], [-0.140831946497064, -1.3065715013575567, -0.6583965229368133]], [[-0.09303648333298309, -1.5160374581499232, -0.7651068795622502], [-0.11552226375976926, -1.4789433613057796, -0.6930227017495755]], [[-0.14874443782815305, -1.2173599609814754, 0.5680383495656418], [-0.20268937397115827, -1.0972777099932385, 0.5216685190627359]], [[-0.1652041926097746, -1.210724604946214, 0.5767936030653523], [-0.2289354503407297, -1.1346734920248513, 0.5561101769033465]], [[-0.0428713937385537, -1.3585186564970586, 0.11170433258165025], [-0.2917972823439362, -1.415947905773676, 0.27716148087455517]]]}