{"bodyId": "h0", "timestamp": 1641580412751000000, "continuousState": [[[-0.957288499814475, -2.52095213751786, 1.63025391060747]], [[-0.032368036235685405, -1.0442029871988905, 0.6480327482610737]], [[-0.15810355846350876, -1.1222648046296122, 0.7145060895177078], [-0.1359535974914502, -1.1091835084740103, 0.6965397533132958]], [[-0.25759093585554327, -1.0063068486363247, 0.5259860558464196], [-0.05487183639386062, -1.0218794878789519, 0.4340439901166795]], [[-0.18084167888950353, -1.150400287392491, 0.4780889613416375], [-0.17229985073084797, -1.3245140290709712, 0.5143378410742514]], [[-0.28289253206016973, -1.1827839117811885, 0.43164180770655536], [-0.06280346664296665, -0.861051702459495, 0.2130391808438714]], [[-0.29685468769905454, -1.4358315478333872, 0.4219087352705453], [-0.20631156980173238, -1.2173216241197897, 0.3431403451550048]], [[-0.10031093265014779, -0.6441803202372913, 0.04782863441169716]], [[-0.19947149113934248, -1.4963354780657485, 0.13049798851958916]], [[-0.3171242759570272, -1.3988817853805415, 0.22402255783828595], [-0.13284073856861212, -1.0580742739654136, 0.048849424646237205]], [[-0.27235113804329136, -1.446702519650508, 0.2271786769065529], [-0.2105441423490343, -1.225780941217238, 0.023723643326676536]], [[-0.21512169721107555, -1.4033751300113646, -0.08564696750010703], [-0.2202059503096251, -0.8283415532413467, -0.0011583519245839113]], [[-0.12188005599798246, -1.468518863656744, -0.22798898543391655], [-0.15383450247793418, -1.1751448253917975, -0.12994471956186882]], [[-0.1810427295363637, -1.3954780783479364, -0.4868623067965797], [-0.3154483690249209, -0.679989457553747, -0.03358856998743698]], [[-0.18583111253916695, -1.430264300629372, -0.6844476004744562], [-0.35916411575225715, -0.8876237559965652, -0.09233703510414981]], [[-0.23114713474092363, -1.1245459914581624, 0.542703527100306], [-0.14597297956353772, -1.093570186963061, 0.5265867141716869]], [[-0.2192163073725234, -1.0783535680144078, 0.5020375085940285], [-0.1135858435623543, -1.1731967584749614, 0.47419091559546545]], [[-0.2947377070001593, -1.4227921525155247, 0.22560061737241943], [-0.1716924404588232, -1.1419276075913258, 0.03628653398645687]]]}