{"bodyId": "h0", "timestamp": 1641580428831000000, "continuousState": [[[-0.03860035082596219, -1.2192001048244574, 0.690749151750973], [-0.05428296828052215, -1.1650480833458547, 0.6614848699048441]], [[-0.925721393254165, 0.584580779915331, 1.75239792845532]], [[-0.18407836397738375, -1.210658731018637, 0.7351730380978003], [-0.1849590958646855, -1.138161500775782, 0.7001997629113916], [-0.12279307016861851, -1.1383469654531486, 0.7012264366949765]], [[-0.07428516854481415, -1.1252066035385426, 0.5901832727855321], [-0.24988611452315856, -1.0149697262715038, 0.5555598759588924], [-0.0919123952180182, -0.9554754718634951, 0.5047129359178604]], [[-0.30657056355961754, -1.2396171196966388, 0.509920688457089], [-0.18586813544060277, -1.1963515667175297, 0.5125882622704836], [-0.18454204958739884, -1.2729474744401719, 0.5460146932766277]], [[-0.06901207255428166, -1.0823134835275166, 0.4451613497571314], [-0.2945920363598904, -1.1837738796446555, 0.44696363591355515], [-0.09680367449100591, -0.8036251817460935, 0.2653285019330588]], [[-0.2842532539081808, -1.4810085994375908, 0.31928707370345966], [-0.2323215944560495, -1.3753360529838203, 0.28642483000025276], [-0.2391594291268675, -1.275328781716215, 0.3848980524305936]], [[-0.08577145785709644, -0.7135553108649748, 0.13239528047292937], [-0.957288499814475, -2.52095213751786, 1.63025391060747], [-0.09806601958333605, -0.6486609893256495, 0.050821834525221043]], [[-0.05360359965151151, -1.485427828431176, 0.27746054158310196], [-0.03675398552815068, -1.4526027463680384, 0.31385264016639014], [-0.06834231892755593, -0.9884965561072822, 0.5173122337443421]], [[0.0866765938438665, -1.5215264375523279, 0.31529522684662914], [-0.2665840408778317, -1.361930304936384, 0.1722127652980081], [-0.15166461442599355, -1.003368271222151, 0.11271390278796711]], [[-0.09342039842952521, -1.5048390399510925, 0.19355624620943224], [-0.19887650591199812, -1.422702169044279, 0.15931734432859357], [-0.24767371438235275, -1.111866913784114, 0.16741765767552397]], [[-0.006627286519773845, -1.3824161360225746, -0.2557076681488073], [-0.1887898399930681, -1.3758729238477616, -0.13478902679195004], [-0.19546985320414045, -0.8313767567811832, -0.024445241654900807]], [[-0.06045034766934709, -1.4762602130666822, -0.24338986720349176], [-0.10375140761916746, -1.480036103876483, -0.21203674915777082], [-0.12706730361429108, -1.2157235220846956, -0.16562483082576684]], [[-0.07359582961430489, -1.3678202346632704, -0.7231245927675523], [-0.1678475930544565, -1.3994918972485668, -0.5223980537963664], [-0.925721393254165, 0.584580779915331, 1.75239792845532]], [[-0.138202863372335, -1.4692017413416967, -0.7580069509716023], [-0.15356195818114782, -1.452157159372913, -0.6813714529855874], [-0.34638032211853487, -0.8630906915430347, -0.06153554307152509]], [[-0.17544268155022968, -1.220834862499516, 0.5617647157861612], [-0.21962504946897154, -1.1171405443979963, 0.5402096433596577], [-0.14046983084948306, -1.1041234898363421, 0.5190881469896282]], [[-0.19042786605221584, -1.1824118616175907, 0.5500519806213106], [-0.21787712498188067, -1.105660646494517, 0.534074069114688], [-0.13822722240270852, -1.1142114731518336, 0.525363814597244]], [[-0.003371902292829354, -1.51318273875171, 0.2544257365280307], [-0.23273027339491492, -1.3923162369903315, 0.16576505481330084], [-0.19966916440417315, -1.0576175925031324, 0.14006578023174554]]]}