{"bodyId": "h0", "timestamp": 1641580434861000000, "continuousState": [[[-0.027549400162944493, -1.2295552696605825, 0.6926192345522348], [-0.049379758908211446, -1.1682965851524516, 0.6608772548644166]], [[-0.01026075207066468, -1.04398116549361, 0.651148159842768]], [[-0.18885015236841762, -1.2005636218948819, 0.7161939650810922], [-0.18521490167161148, -1.1717700856978386, 0.714667373650756], [-0.10072020967007722, -1.1693046214427665, 0.6731213643146623]], [[-0.05051676156055962, -1.181733720498895, 0.6199691054650991], [-0.24889772512254515, -1.0154853098911356, 0.5625312307680812], [-0.09838630278855232, -0.9409436675898977, 0.5004126047906909]], [[-0.298331839659295, -1.2665319832993192, 0.5125195960532505], [-0.16857668761669886, -1.1860186281746565, 0.483253363783799], [-0.18539240126363044, -1.271490523815914, 0.5471259790240681]], [[-0.04938475254027597, -1.0772029353133283, 0.4480031329208767], [-0.3079021500267015, -1.202978220823364, 0.4809024335458003], [-0.09576538874745477, -0.8173125573335442, 0.2535827094387446]], [[-0.2860513147449648, -1.4785286847962935, 0.3166942932746555], [-0.22546511948941672, -1.3739680751800654, 0.2722282230745934], [-0.2410879954128503, -1.2697665852784512, 0.3802763102189768]], [[-0.09236249132573571, -0.6896423518397787, 0.10523663113042514], [-0.10351167263310168, -0.6394967190804776, 0.054389535797501276]], [[-0.05040984734267284, -1.4781253330370243, 0.2811184835596565], [-0.04629835259553139, -1.4548056788534371, 0.32984808077201744], [-0.02790885572945856, -1.0638575947717133, 0.4666638072809386]], [[0.06938053247925324, -1.494957629185239, 0.28323542420666015], [-0.25177746289841485, -1.3231216287051992, 0.12093564278894675], [-0.13195259185537211, -1.043033106777784, 0.06180069184253156]], [[-0.10092580920870853, -1.4915272290559467, 0.16874588927577783], [-0.19221269458768964, -1.4115384959546, 0.1364538218109259], [-0.23849312250766108, -1.1352749080233442, 0.11686349549904063]], [[-0.007326745994845063, -1.3818873847266009, -0.24441819407060517], [-0.21249727049503575, -1.4065229473667462, -0.033506507767103955], [-0.20178111584835412, -0.8343902397859171, -0.01540836416571345]], [[-0.0593984223388897, -1.4783120624398662, -0.23997654380702493], [-0.11365245916718103, -1.4817265991171666, -0.20081033681207994], [-0.13263272496297474, -1.2027200540529166, -0.1623872729268787]], [[-0.07165961517701713, -1.372498409328639, -0.7004070384839822], [-0.1591231695254014, -1.3898214751801279, -0.5168043486207461], [-0.2315011701794608, -0.7565526843594386, 0.002785309424376381]], [[-0.1378794071063204, -1.4534428910093888, -0.7803952431278482], [-0.15831345845372646, -1.458637374887104, -0.6670996234758796], [-0.35144073375025164, -0.8686620550566184, -0.05566384928911983]], [[-0.16814440957079335, -1.2485432840400694, 0.5789910544221295], [-0.22815210830869925, -1.1336242508399321, 0.5528657857075301], [-0.13721581658192794, -1.0963083824976545, 0.5228771936106189]], [[-0.1744243006099273, -1.224132851899107, 0.5662443507591748], [-0.208737206369622, -1.100751969032896, 0.5228922972759401], [-0.14188935202609138, -1.1062170957029058, 0.5237692919073795]], [[-0.015772638364727642, -1.4932424291205928, 0.225990656741219], [-0.22199507874305224, -1.3673300623298996, 0.12869473229993633], [-0.1852228571815166, -1.0891540074005641, 0.0893320936707861]]]}