{"bodyId": "h0", "timestamp": 1641580455363000000, "continuousState": [[[-0.022048005582525232, -1.2188024301674494, 0.7279761460135505], [-0.0401987585331649, -1.1537213937005149, 0.7048413691944988]], [[-0.925721393254165, 0.584580779915331, 1.75239792845532]], [[-0.17431666408737445, -1.1766872237194557, 0.7351933997068874], [-0.17861553965956056, -1.1196539752813777, 0.7025488475295114], [-0.10945427869915292, -1.1190983470196139, 0.701229075733498]], [[-0.08667466065572726, -1.1099351185141004, 0.5640032918977098], [-0.22178550574472122, -1.0316452853423181, 0.5353468077377794], [-0.0898166411150475, -0.9429493030590396, 0.4889424063276344]], [[-0.27738267972118924, -1.2887935378741853, 0.5243447444732499], [-0.16627513626202273, -1.1952502946851367, 0.4943153472736539], [-0.16279373973272337, -1.327073334149004, 0.5278375442810812]], [[-0.07716335325680279, -1.1907945115200753, 0.436039489090591], [-0.3106848587369436, -1.1835254545558236, 0.47127723359217755], [-0.10301885573643654, -0.8831985669134432, 0.18981667008629532]], [[-0.2915685654089294, -1.4726577070740428, 0.2926414761204226], [-0.26075909059086166, -1.394317619055104, 0.35211432353642524], [-0.23097820283285908, -1.3187148847536618, 0.32768369643962614]], [[-0.10335607431271615, -0.6966817950440116, 0.064567471521501], [-0.957288499814475, -2.52095213751786, 1.63025391060747], [-0.11475448983698255, -0.6164847485812162, 0.029879349423962864]], [[-0.20304044512890984, -1.6098300755088006, 0.09263234858998537], [-0.1927468937053416, -1.5611846210696314, 0.12669243388366502]], [[0.00626719492862271, -1.324580533029399, 0.08013911993971345], [-0.28892359491640307, -1.4281965053753922, 0.27579743828709913], [-0.14455284402079704, -1.0045416659503839, 0.15600706921643614]], [[-0.10008094777602583, -1.4659793299063935, 0.09740347270631822], [-0.22917362629478644, -1.4785145671664792, 0.24481679914683774], [-0.23404741162847242, -1.1460444444407436, 0.14501671248953762]], [[-0.01941498533580177, -1.3883121048941525, -0.29429560972755153], [-0.1728446514799673, -1.350847643303993, -0.1838401958558209], [-0.14925848016143506, -0.911357853381449, -0.04593792549285136]], [[-0.04245391451775071, -1.495489141806734, -0.2329916641295], [-0.1921535329106292, -1.6075282906842692, 0.008420968082585079], [-0.13004256771468903, -1.209040251410982, -0.158096892887996]], [[-0.06854340988895036, -1.379151224228597, -0.6891306172400844], [-0.16332331022940627, -1.404577553845503, -0.535090003796412], [-0.1907878039601799, -0.808531145129616, -0.022136884715786787]], [[-0.13617468720982395, -1.4561712450215574, -0.7601582885490668], [-0.16273420574015485, -1.4635310314516896, -0.6691776188941442], [-0.35202608142328584, -0.8492222710869864, -0.03439391435748207]], [[-0.17598312186140386, -1.2332705063385534, 0.568109314703295], [-0.21302084923959652, -1.1409480098870575, 0.5488443693802139], [-0.1351764480249773, -1.099248531557905, 0.5209482959674372]], [[-0.18202867018845825, -1.1993643281941428, 0.5441740181854798], [-0.19403032100337197, -1.1134477900137274, 0.5148310775057167], [-0.12630519042388544, -1.1350113186040218, 0.5083899753043578]], [[-0.04690687642370156, -1.395279931467896, 0.08877129632301584], [-0.25904861060559475, -1.4533555362709358, 0.26030711871696843], [-0.18930012782463473, -1.0752930551955637, 0.15051189085298688]]]}