{"bodyId": "h0", "timestamp": 1641580459852000000, "continuousState": [[[0.2920108323301918, -0.9773681582474019, 0.6082851801564579]], [[0.14586177388265764, -1.0359774572920242, 0.7216743701582333], [0.1226126425722881, -0.9207047169080531, 0.6653664775041002]], [[0.2874375831010525, -1.0193974542037871, 0.657169849019422], [0.24226115551348293, -0.9990169669577449, 0.7001647568320291]], [[0.022422439289962848, -1.090938489638805, 0.5777898900831389], [0.031193440710048814, -0.9177267974908936, 0.4711923358414858]], [[0.2865887403390106, -1.105655326954221, 0.5432226052150313], [0.2800215918806451, -1.1384493549786534, 0.5749370326561651]], [[-0.004959389889771626, -1.163311748994201, 0.3699316289444552], [-0.05563036264613774, -0.7815841312762375, 0.21272123895948036]], [[0.4378789576551221, -1.09676304357375, 0.3174673079947439], [0.27324903336111017, -1.2578754377798675, 0.36952142051931514]], [[-0.10517568621409801, -0.5939980375413343, -0.0036838636675444736]], [[0.5250683943896159, -0.9932794055855458, 0.05802636830946861]], [[0.04115983652830568, -1.36826912534167, 0.0980765184354766], [0.07288910910331192, -1.164357435768853, -0.010180355522315443]], [[0.23337875551799447, -1.3516246381744685, 0.0738101775484512], [0.25865838936384766, -1.2911491652554299, 0.07219335755101275]], [[0.0561605480832974, -1.38828317523095, -0.270927189229335], [0.0070537685357492386, -1.3378384176895535, -0.18650633692574003]], [[0.36731210866999675, -1.3284257701094928, -0.3218698074982602], [0.35939899885547244, -1.3042094729725933, -0.29838910386148343]], [[0.08301564163155795, -1.4091921243612444, -0.7469089193601366], [0.06706988817528736, -1.3892456358269083, -0.6769131486193283]], [[0.3840851590975638, -1.4101786368870695, -0.7577890304567461], [0.37671180495886425, -1.392430005811603, -0.6571840029315108]], [[0.1520266486306472, -1.1153148478391202, 0.5717578203871174], [0.14869119893373284, -1.0419069641795584, 0.536453932133057]], [[0.15450558981448673, -1.098296908296513, 0.5605062476490851], [0.15560751629534697, -1.0280880762347735, 0.5230646842488255]], [[0.13726929602315008, -1.359946881758069, 0.0859433479919639], [0.1657737492335798, -1.2277533005121415, 0.031006501014348653]]]}