{"bodyId": "h0", "timestamp": 1641580478411000000, "continuousState": [[[0.33592794988598024, -0.9380800521003723, 0.5854358924478229]], [], [[0.2883182815783751, -1.0164709629107955, 0.6490536661608715]], [[0.021905154948424432, -1.0344721590406858, 0.5617581528590501]], [[0.31660095274919836, -1.1329417419698302, 0.49622031843564574]], [], [[0.5295630388553594, -1.15492765902121, 0.2841637098264038]], [], [[0.7157123949995315, -1.1293857931188367, 0.07708464186066322]], [[0.006570871522627253, -1.3418193828519624, 0.08591986589305001]], [[0.20530045422508614, -1.3948443678231932, 0.10195378338347383]], [[0.0487230788199563, -1.3715457318214241, -0.28212982781869633]], [[0.3494703096741545, -1.3439385765568463, -0.2642506326484837]], [[0.08551192685041464, -1.4160594543296066, -0.7340053913671212]], [[0.385405262349924, -1.4060921077646182, -0.7145385866165874]], [[0.18655975763628785, -1.1129833668930353, 0.5517920970507639]], [[0.1692530538488114, -1.083706950505258, 0.5289892356473479]], [[0.1059356628738567, -1.368331875337578, 0.09393682463826192]]]}