{"bodyId": "h0", "timestamp": 1641580495697000000, "continuousState": [[[-0.925721393254165, 0.584580779915331, 1.75239792845532]], [[0.11039213274459014, -0.9595947150952981, 0.6691487775762959], [0.25850078648660646, -0.9168228832796043, 0.5447659493766905]], [[0.24638996120950019, -1.0319523601731635, 0.6595181917286517]], [[0.031771451203567724, -0.9274018435379523, 0.4670701942518716], [0.10760432013852872, -0.9793195777492065, 0.4609617002415398]], [[0.3069106744687293, -1.1167124926960168, 0.49242050032045337], [0.22797653601900336, -0.9809165114017238, 0.5456768980152924]], [[-0.062457657510989195, -0.7949866530564413, 0.22328973912355776], [0.055308798125116354, -0.8792456965202448, 0.13800847461071286]], [[0.6774333538888696, -1.1027365654179588, 0.13682810192171346], [0.4580747513750798, -1.0499184573745195, 0.2860392919778614]], [[-0.0957998675113696, -0.5723516583617858, -0.022071442469982827], [-0.09323958084795914, -0.6558313413782892, 0.04124844440484454]], [[0.7514356170252159, -1.1135984495661517, 0.13585005480844292], [0.7439888723890364, -1.1257047446641684, -0.010046884357557406]], [[-0.046693374943964416, -1.2919893055807552, 0.08531941064306858], [0.0299254758302685, -1.1738696429679178, 0.09814835442636638]], [[0.1541431388072918, -1.3573703955890837, 0.08772957331593467], [0.0726494460074345, -0.9837021218565076, 0.2498469959801921]], [[-0.018374707217939656, -1.3423136056206153, -0.21639079284722373], [-0.03475843090717756, -1.121433545770444, -0.2113245374275592]], [[0.19949409457759648, -1.392380303335054, -0.09953912002934207], [0.051985628747348134, -0.8376617764296614, 0.09160012027854236]], [[0.044060440751691354, -1.3787735944438755, -0.650140588952833], [-0.30189973746653065, -0.7130876228636196, -0.0027594117314816424]], [[0.36953929299392296, -1.3973017532704106, -0.6318365230308662], [-0.10102466021797141, -0.6265968183062653, 0.021295736922079533]], [[0.14812430570714585, -1.0510185387563316, 0.5169940761249943], [0.18339393716622376, -1.0037691029369338, 0.49289179264110516]], [[0.16934106283614853, -1.0220571681169845, 0.47974534728616247], [0.16779042807876604, -0.9801180445754651, 0.5033192991284161]], [[0.05372488193166369, -1.3246798505849195, 0.08652449197950163], [0.0512874609188515, -1.0787858824122127, 0.17399767520327925]]]}