{"bodyId": "h0", "timestamp": 1641580501124000000, "continuousState": [[[0.577970571949979, -2.70997755829808, 1.61535901844717], [0.3520452611993924, -0.8747422215703354, 0.5388926754749581]], [[0.18192688253818995, -1.043205643310606, 0.7408243980709495], [0.13104793768263734, -0.9199392711323089, 0.6618800556609108], [0.2305419497250789, -0.9019074267962865, 0.6152394696662475]], [[0.2861844000829247, -0.9814627169949197, 0.671527878986542], [0.2665686004683693, -0.9788659165009037, 0.6850158159882367]], [[0.05656214374267898, -1.0426957966042103, 0.5837192509419196], [0.08392436154604466, -0.8543241663033527, 0.46075754228595045], [0.1480077228756097, -1.0151499688051366, 0.42711891967674265]], [[0.3146055625876016, -1.1189409294333172, 0.5165392264876338], [0.2833686023759726, -1.1441226714862869, 0.5606376025263113], [0.23282187008756816, -0.9095315389966144, 0.5791269666372096]], [[-0.04403236656870457, -0.7657923994863916, 0.21695211682270088], [0.04876242606480918, -0.8202250959864206, 0.18225015835076275]], [[0.5241454021945205, -1.1562148340158143, 0.30824134437037], [0.6510333325540386, -1.103313819345612, 0.16956089020172538], [0.5548658215654316, -1.0935539086142683, 0.23064912439346918]], [[-0.10896758350710123, -0.6021192560782975, 0.0031743835164814715], [-0.09720616466156673, -0.6498599709156425, 0.0492737073155588]], [[0.7156604458791611, -1.131794882642463, 0.07928767461115993], [0.7020502154205425, -1.154650320948974, 0.16970039350505095], [0.7183820691293756, -1.0994379399686918, 0.01717239597568354]], [[0.017729557138159935, -1.2842782681290525, 0.08966949568480453], [-0.003815142097014057, -1.1842661341559437, 0.06554798457047362], [0.0539006606554997, -1.0864432884836037, 0.10955452275057698]], [[0.1922154246187341, -1.32654913653657, 0.09669139030836793], [0.20225494260428256, -1.286181165580724, 0.0660936319698453], [0.0981825693369982, -0.9150356837900572, 0.2501318976822535]], [[0.11782897314606444, -1.3396698352247727, -0.17893166626273938], [0.06698776194881528, -1.2415047464531823, -0.2838418100742177], [0.003457841191464528, -0.9264120092891281, -0.14339610798452274]], [[0.3348446584173885, -1.3199498520786694, -0.27944128008011115], [0.3080176614089698, -1.2755149036278357, -0.34115937712035027], [0.09811757063221926, -0.8100315087870418, 0.03337719722720167]], [[0.18332381857559255, -1.3384439940611308, -0.6583978201612595], [0.13714010230856188, -1.2648042598665148, -0.7094146919290718], [-0.925721393254165, 0.584580779915331, 1.75239792845532]], [[0.29974816345611466, -1.3747347637147316, -0.7605000364683656], [0.30023926557649827, -1.3698188236872644, -0.6914070974419422], [-0.08936708534437487, -0.5983332991233898, 0.03849007130058202]], [[0.1949390167643138, -1.1022982149924787, 0.5557717030433746], [0.15692441995887818, -1.0428220097700471, 0.541058648807266], [0.22330978715514227, -1.0123096407799952, 0.4774899219596631]], [[0.18558385316514028, -1.0808183630187638, 0.5501292387147767], [0.18364648196100863, -0.9992234188948198, 0.5106975724061309], [0.19041479648158893, -0.9623407539008755, 0.5031229431569761]], [[0.10497249087844701, -1.3054137023328112, 0.09318044299658623], [0.09921990025363425, -1.2352236498683338, 0.06582080827015946], [0.07604161499624895, -1.0007394861368304, 0.17984321021641525]]]}