{"bodyId": "h0", "timestamp": 1641580519482000000, "continuousState": [[[0.3746364386522934, -0.9190249069455181, 0.6636765557739286], [-0.925721393254165, 0.584580779915331, 1.75239792845532]], [[0.1316340431379759, -0.9218264278820612, 0.6770745194231231], [0.29652901903061846, -0.8832460696633408, 0.6188306510236974]], [[0.276732037752724, -1.0336776919796677, 0.7015890529008739], [0.2851206812449485, -0.9774182038657868, 0.677768809872723]], [[0.058874547534989774, -1.0154448810599328, 0.5919133897759694], [0.08800098802596967, -0.8382549185576602, 0.4686489375309921], [0.16331135443521627, -0.9648875194419256, 0.455801736567649]], [[0.34056042862196245, -1.1117038772230368, 0.5282767823271151], [0.3536915897248454, -1.0558091910206975, 0.504127394935419], [0.3026346675711954, -0.9526190152926766, 0.5199644749680374]], [[0.22832149105600763, -1.0495614405712914, 0.6287774865586917], [-0.031816805593012476, -0.7661795196632579, 0.23879117035662834], [0.04631209262378744, -0.8145404808182073, 0.1791558509429494]], [[0.5422850423894154, -1.154772420034095, 0.30694897178142466], [0.5445884147264606, -1.1131936289438653, 0.27238466452209464], [0.5497876101250606, -1.0724907951934164, 0.2267410048109031]], [[0.3663715707865136, -0.3428259768488684, 0.3184192997617963], [-0.10811578532644373, -0.6276264440495685, 0.03822658748468144], [-0.0959463289214415, -0.6516310783007273, 0.04688246200496626]], [[0.7128154535048905, -1.135859700778428, 0.09187446910892505], [0.6843751069229883, -1.1595598041061304, 0.1709678006287032], [0.7251080039598494, -1.0948561954718983, 0.018467294214895347]], [[0.006886573647169825, -1.202949096763586, 0.05391293478551806], [-0.0107580253805728, -1.1866435968788354, 0.11012337566834351], [0.05675360028706011, -1.0559066114832127, 0.08456324271270454]], [[0.22577535244508057, -1.3061997851641, 0.10473948570079283], [0.18485645730732325, -1.2635860153380922, 0.09155901649993847], [0.11377005915353866, -0.8996018823975688, 0.24774311855679132]], [[0.11736181971158399, -1.2660608460688905, -0.2604576508242138], [0.07492209604303768, -1.1995303770172372, -0.25518724357032907], [-0.07820271959262093, -0.7760941266042709, 0.0025531849768032355]], [[0.3348765660843639, -1.2883456279839596, -0.3059661956558888], [0.3058715195560464, -1.266108728300059, -0.28734791622422406], [-0.010091136041031179, -0.6638530639727611, 0.08000877063382617]], [[0.17262969187857458, -1.328971846171586, -0.6806163705006287], [0.1363739544737328, -1.2666861028460665, -0.6788369960626669], [-0.23536321611877453, -0.60151035272625, 0.011054613355193421]], [[0.29724120740562165, -1.3721660469527044, -0.7507293373315884], [0.2916497655511765, -1.354253285331541, -0.6702088029139359]], [[0.19147129948624902, -1.0793888750304037, 0.5704943990831861], [0.21785455018129407, -0.9533483266190466, 0.5023544867771523], [0.22977238663843347, -0.9609817770515301, 0.4914893469871353]], [[0.1997174880784761, -1.063574379141485, 0.5600950860515422], [0.22084628887540753, -0.9470320547891788, 0.4863881662332056], [0.23297301100320583, -0.9587532673673012, 0.4878831057678432]], [[0.1163309630461252, -1.254574440963843, 0.07932621024315545], [0.08704921596337523, -1.2251148061084638, 0.100841196084141], [0.08526182972029939, -0.9777542469403908, 0.16615318063474793]]]}