{"bodyId": "h0", "timestamp": 1641580520956000000, "continuousState": [[[-0.925721393254165, 0.584580779915331, 1.75239792845532]], [[0.13473388274252684, -0.9060755177497333, 0.6705558416937971], [0.2872904031602822, -0.8809066682495073, 0.6143892673015743]], [[0.28878148806707726, -0.9621440516025468, 0.6712658214064344]], [[0.09529090058488676, -0.8248857767275444, 0.4518280091157325], [0.1616901785434438, -0.9727840290142351, 0.44274630524179415]], [[0.35145722077268504, -1.0478845270544044, 0.5017612288372639], [0.27647668104679946, -0.9198778756537187, 0.5462453429181442]], [[-0.03528752813664493, -0.7728517870323122, 0.24405447810908942], [0.033844348220622544, -0.7930922612635929, 0.17552543535614618]], [[0.5538119000889197, -1.1040963377228903, 0.27287807326946933], [0.5550069152815452, -1.0782147708217655, 0.22133030629963368]], [[-0.11752005944366106, -0.648544315310918, 0.055656123449812744], [-0.09523018131395167, -0.6528350044639055, 0.04523738738428218]], [[0.6980414171401573, -1.147934607513986, 0.16790197672721452], [0.7472682305695149, -1.1062355065754317, 0.0034037175538745856]], [[0.02678086213411257, -1.1356157189625116, 0.06095068126827963], [0.05078520808753462, -1.0618930640169855, 0.10108740399369776]], [[0.16947860670266057, -1.3021037981491694, 0.1542158273242198], [0.11216532706800697, -0.898769989788663, 0.2578598948523425]], [[0.0916504688873161, -1.2023215366701576, -0.2781574077028355], [-0.925721393254165, 0.584580779915331, 1.75239792845532]], [[0.3080562171553485, -1.2638088568272126, -0.31462074511321503], [0.045045797606967586, -0.7127326022840066, 0.05397653937165625]], [[0.1368398942993485, -1.2658965429671705, -0.6942037657267652], [-0.925721393254165, 0.584580779915331, 1.75239792845532]], [[0.29144084270895965, -1.366459073604546, -0.6858025775588646]], [[0.21763456776772871, -0.9532765093636968, 0.5022341814573013], [0.2426211415831806, -0.9889435832558473, 0.4705497244572654]], [[0.2233740606787859, -0.9363851518909744, 0.4767946189764982], [0.21908342979512163, -0.9463309523339769, 0.49449582407996917]], [[0.09812973441838657, -1.2188597585558405, 0.10758325429624971], [0.0814752675777708, -0.9803315269028242, 0.17947364942302013]]]}