{"bodyId": "h0", "timestamp": 1641580533552000000, "continuousState": [[[0.36065755413058453, -0.8276830097943451, 0.5660552959548191]], [[0.18851196254222596, -1.0051046027418358, 0.7376104343224845], [0.15944474103446293, -0.8748121622432883, 0.6800190045275951], [0.272187717637873, -0.8825608672173395, 0.6167572792334364]], [[0.3232178989529514, -0.9723700976478358, 0.6833198617584841], [0.2755079126627715, -0.9807422316247036, 0.7041818612684618]], [[0.05699379863712706, -1.0253528935348009, 0.58208510878481], [0.09517222506180645, -0.8249009553980351, 0.4517096482039482], [0.1675202793397762, -0.9702816063205434, 0.45120298715359275]], [[0.34256109467435447, -1.0957610551842132, 0.5259290894463793], [0.3536457335681732, -1.055732069788396, 0.5041639332359915], [0.24801430377251454, -0.9093097673553523, 0.5835310403052076]], [[-0.037694169648122666, -0.7773496329989671, 0.2474332992853041], [0.03639603933587887, -0.7950805788215395, 0.1638512345998291]], [[0.5494779191774795, -1.1429944675623809, 0.291824860483034], [0.5624127269453092, -1.0959941444951236, 0.2652208180327813], [0.5234089898322202, -1.055843895820152, 0.2550977150148219]], [[-0.10843154907085839, -0.646264739348205, 0.049272921532222735], [-0.09406526831062989, -0.6545441805412465, 0.04266993877569247]], [[0.7127052334341147, -1.138330761085157, 0.09405118449743677], [0.6972462597676097, -1.1489527405669917, 0.1595783071819088], [0.7207013854258477, -1.1018479547522555, 0.014536873791072047]], [[0.023410644652803847, -1.2627339197257705, 0.09355424706095583], [0.02681046903505635, -1.135627498975828, 0.06096477674272216], [0.0636271662812522, -1.0730252130550644, 0.11693740521862361]], [[0.2200374738853043, -1.303578237731781, 0.08961542305626846], [0.18886786457239513, -1.281412608045112, 0.12869879970164422], [0.11767758224435632, -0.9068563846534092, 0.2503657433480939]], [[0.12722550574956004, -1.3008240573134715, -0.20380233581303608], [0.07460965934259467, -1.2243397695465597, -0.23535641343181157], [-0.925721393254165, 0.584580779915331, 1.75239792845532]], [[0.3364487068056308, -1.307076084012021, -0.26962015248712223], [0.3001828169305676, -1.2716006532995676, -0.27953423736084804], [0.06347837526290157, -0.7419903738060515, 0.04572677379995138]], [[0.17376009652619895, -1.333319569639846, -0.6734796255259108], [0.1363299283739381, -1.2661521250076435, -0.6932455839378681], [-0.2668450079128867, -0.5812904181863408, 0.02315665796891664]], [[0.2937717703473055, -1.3629701586514733, -0.751971392908012], [0.2996048244438365, -1.358482306680808, -0.6873424094028368]], [[0.20115561593298337, -1.0904097257840624, 0.5724936773019724], [0.2209239387553228, -0.9491518651522395, 0.4992538249047742], [0.23462062705022824, -0.9704772407800805, 0.5007786015671569]], [[0.19977744665574076, -1.060556974359507, 0.5540070991155946], [0.22440897931498982, -0.9403165125932156, 0.47793679071996986], [0.20776729155614537, -0.9397956868379478, 0.5173670137294002]], [[0.12172405926905408, -1.283156078728776, 0.09158483505861215], [0.10783916680372574, -1.2085200535104699, 0.09483178822218319], [0.09065237426280426, -0.9899407988542368, 0.18365157428335876]]]}