{"bodyId": "h0", "timestamp": 1641580547354000000, "continuousState": [[[0.29822680073641294, -0.8124999673352179, 0.5832005190347863]], [[0.14362053999361157, -1.009056161526527, 0.7543730269286928], [0.09373568471715643, -0.9306961088679868, 0.6866097622777767], [0.20732656396501037, -0.9362241608304684, 0.6084616478013534]], [[0.30182060721021425, -0.9597945418270946, 0.7115918972922957], [0.23295495921519382, -0.9808264560278215, 0.7117529249788463]], [[0.0554694568521889, -1.038397866817362, 0.5809712686577517], [0.06422172539339221, -0.8737230433308918, 0.47734986403023294], [0.14980731477927267, -1.016047205118615, 0.41725755246505214]], [[0.3441571136658038, -1.1058855948543673, 0.5332755429376825], [0.3574067815699854, -1.0528301982671748, 0.516937097861335], [0.212032865045233, -0.8776038801666532, 0.6340773659439296]], [[0.06244961778469221, -1.1470988976828376, 0.4161480576192611], [-0.04435222133477801, -0.76655908628174, 0.21756908830075528], [0.04160491985574244, -0.8330474195088357, 0.17360656965032306]], [[0.5381550684004014, -1.1399975144059658, 0.3098750954642797], [0.6505205854887837, -1.1030522680101742, 0.17930692144422644], [0.547979909591028, -1.0743409308914247, 0.24556490612468318]], [[-0.12061615772450762, -0.6509741519377323, 0.04889635609643861], [-0.08361417094724777, -0.6593077456369031, 0.03308330655114833]], [[0.71035883121522, -1.1637734931137829, 0.11878777047337019], [0.729850993563053, -1.1317864648449154, 0.14538240335426367], [0.7441879627105805, -1.114501722732854, -0.0016026607082224587]], [[0.04163436607527626, -1.2877722993668654, 0.10426376692820849], [0.009610025342298822, -1.215787026609413, 0.09730631627732111], [0.04660501651124749, -1.057076940604131, 0.12578990695815362]], [[0.24121409772462837, -1.3318426865246598, 0.11791053076938374], [0.19353569149289296, -1.3066948112527774, 0.10438646224311943], [0.14034933018517526, -0.9149837063098917, 0.23644551613355858]], [[0.1220554378165305, -1.281533643795373, -0.24058827298781793], [0.08723686730910085, -1.219219092628708, -0.28385231072251393], [-0.0065311956868032706, -0.9130054451182454, -0.09531686207426482]], [[0.33797743054740503, -1.2861412064254538, -0.33234325214504956], [0.32761362913246006, -1.2557019972350927, -0.335912373809222], [0.09684422488882838, -0.779445405305329, 0.024361293970551978]], [[0.18105005516903094, -1.3265904764185228, -0.691956220863146], [0.13163389295219674, -1.2713837885707313, -0.6975538487753856], [-0.23499574640103615, -0.6604980293642555, 0.025849896764808533]], [[0.29343287680723773, -1.3618711695291783, -0.7537128492402494], [0.2915348545978427, -1.3666322591554685, -0.6858924325163069], [-0.1234581834424997, -0.6155639924670997, -0.05020307713486172]], [[0.19982253552716128, -1.0853089503004645, 0.5691544873889984], [0.1585053201022546, -1.0320926739509237, 0.5514164852749623], [0.23237950488815684, -0.9911995920947916, 0.4966085269170297]], [[0.19981328525899636, -1.0721417308358645, 0.5571234057977171], [0.2108142534816888, -0.9632766207990333, 0.497143480945784], [0.18092008991225283, -0.9468255426426341, 0.5256674592044909]], [[0.14142423189995232, -1.3098074929457626, 0.11108714884879611], [0.10157285841759589, -1.2612409189310951, 0.10084638926022027], [0.09347717334821137, -0.9860303234570114, 0.1811177115458561]]]}