{"bodyId": "h0", "timestamp": 1641580550637000000, "continuousState": [[[0.31606789342999175, -0.8306519029024053, 0.5596518644609916]], [[0.1419448258991573, -1.0023411445263082, 0.7512683373141489], [0.13006895830062404, -0.8876286247894858, 0.658294856320629], [0.2151608696843479, -0.9131642843492254, 0.6127145429244112]], [[0.30421551610800085, -0.9308196330531071, 0.6916609547036565], [0.24648672562285712, -0.9630763126315298, 0.7013981373279645]], [[0.06919160008376873, -1.0829047546455957, 0.6084204389900598], [0.05389571583984354, -0.9024068622260304, 0.49455537818535955], [0.15790077058327534, -0.9912890195323278, 0.43150436283038696]], [[0.3445225757946717, -1.1075660681786068, 0.5344512288015326], [0.3616791591777846, -1.0578119223799654, 0.5173730235323795], [0.21397874810784367, -0.8704468515499703, 0.6380386619000821]], [[0.048057194938884995, -1.1619827789245063, 0.41301939883231853], [-0.05020824163107607, -0.7776069258428688, 0.22635102067141522], [0.043155155070712325, -0.8253069778951032, 0.1889993717032592]], [[0.5381395455592975, -1.1433887847132453, 0.3126128287606813], [0.6050639921051737, -1.0786358191052106, 0.21857338619803657], [0.509986766336306, -1.0338660756683313, 0.29227426435158055]], [[-0.10356568907987729, -0.613119363637618, 0.016837641419683136], [-0.08159119737283582, -0.6623070728785219, 0.02912326396591447]], [[0.7088864086549789, -1.1537725509887793, 0.11719802889420539], [0.7082461637374626, -1.1492882366914112, 0.16385508820700134], [0.7488465275519822, -1.119345280670597, -0.0068185998773289125]], [[0.04811306495880374, -1.2857611783752032, 0.10553795066015037], [0.03093836444559228, -1.1771773771847889, 0.07634213074203688], [0.0147019375856825, -0.9884591804819876, 0.181573749820916]], [[0.24132821999630716, -1.3096521890873722, 0.10618999129590034], [0.22053421778320836, -1.2781722199415948, 0.07835809869935106], [0.18423571047275766, -0.9631650060945193, 0.1755051251227473]], [[0.12065233420457211, -1.2766027056388531, -0.24702073593623886], [0.08840455171927597, -1.2192697757339355, -0.24977570259408965], [-0.026179364076385436, -0.8786544107246343, -0.0733914826375981]], [[0.3406421092526666, -1.2597386918681248, -0.36377557118803927], [0.3122977303181036, -1.2706534727052046, -0.28957030198029643], [0.08816375833937307, -0.7661089368450287, 0.03110287001159806]], [[0.17079380598761473, -1.3188276822612355, -0.7115810812253303], [0.14288682353150572, -1.2599009386647329, -0.6780290103583128], [-0.22527404224747993, -0.6496645021430347, 0.0058618825911559425]], [[0.29417184456630796, -1.3644769911545875, -0.7491647780829077], [0.2921428433792097, -1.3660439822553245, -0.6864354457874143], [-0.13629393199854734, -0.5850855177494911, -0.00813253180319684]], [[0.2041501749849795, -1.0992560489651495, 0.5713597665960113], [0.16222932311303817, -1.0384048515891495, 0.5599891071272258], [0.23363024400654853, -0.9817021844675831, 0.5023960595772858]], [[0.20685708793922022, -1.0952354114121012, 0.5714358338957962], [0.20778743750881407, -0.9801093923029979, 0.5059642008588695], [0.1859397593455595, -0.9308679355411491, 0.5347715123652346]], [[0.14472064247755545, -1.2977066837312878, 0.10586397097802536], [0.12573629111440032, -1.227674798563192, 0.07735011472069397], [0.09946882402922008, -0.9758120932882535, 0.17853943747183165]]]}