{"bodyId": "h0", "timestamp": 1641580553786000000, "continuousState": [[[-0.925721393254165, 0.584580779915331, 1.75239792845532]], [[0.9268790187338973, -1.827781020255149, 0.8039653592124509], [1.1481109972323034, -1.8301079698826368, 0.5545602892971357]], [[0.995793267089804, -1.966293189579185, 0.792857686253519], [1.0214190170681794, -1.9145534460962048, 0.5941483171898929]], [[0.9385432586376541, -1.7622779045008228, 0.6356987443223658], [1.0698317329639913, -1.6696847833714077, 0.4395781029669563]], [[-0.957288499814475, -2.52095213751786, 1.63025391060747], [0.9668816159728862, -1.9892923120800208, 0.39850634173404864]], [[1.2909054723380802, -1.7619917317256446, 0.12857560064752827]], [[0.9166024957495741, -2.14656652877435, 0.3233554525542057], [1.1978150458141337, -2.476291875874103, -0.14034283388071622]], [], [[-0.957288499814475, -2.52095213751786, 1.63025391060747]], [[0.6922907970761438, -1.8920927519025117, 0.28765871828982315], [1.1080744689184026, -1.817858854346529, -0.14913764964199983]], [[0.804646662597559, -2.0312049571011057, 0.21113214949699177], [0.9420762177406901, -1.9228388331658488, -0.13275802471017495]], [[0.8723954467383721, -1.8092607552904276, -0.20351440021786926], [0.8237035667566577, -1.575322470593687, -0.31483603410415983]], [[0.9760126373459732, -2.0839783168984862, -0.07608510989781192], [0.875211309280576, -1.611200682500049, -0.32984341769577363]], [[0.7891168183350437, -1.7716640587162886, -0.6459959886890798], [0.7753342286410274, -1.6581123295386049, -0.7911512076875417]], [[1.2223005794304935, -2.1482814628110956, -0.5644594293410394], [0.5087763688275362, -1.1275450914763134, -0.07979897993038598]], [[0.9856438189272798, -1.8897779309503497, 0.5718197459227405], [1.0774768845304383, -1.9111154798362981, 0.37910030760086677]], [[-0.00937262058841043, -2.1416150210093416, 1.132976327464918], [1.0183566744684387, -1.8294885477257141, 0.4190422223505025]], [[0.7484687298368514, -1.9616488545018087, 0.24939543389340746], [1.0250753433295463, -1.8703488437561888, -0.1409478371760874]]]}