{"bodyId": "h0", "timestamp": 1641580554389000000, "continuousState": [[[1.7817670315591214, -2.0524075350127333, 0.453939624929909]], [[1.597948584430501, -1.9995575289803558, 0.5547497550101106]], [[1.554220810811874, -2.0943995893106444, 0.5522116547919231]], [[-0.8204192550186828, -0.2940916278738357, 0.044044079729064656], [1.691545303182151, -2.044344701741015, 0.3229601681223693]], [[-0.9201683514773128, -0.2479373732625576, 0.006569433530734692], [1.4882257736247841, -2.240799598352185, 0.33995180783597934]], [[1.6754894685384614, -1.8362549259057785, 0.21617116727247176]], [[1.3741116660669417, -2.161312357549676, 0.16188058359962243]], [[1.5425998255377562, -1.787946265527465, 0.4576081310832756]], [[1.4179737815536766, -2.054810759197677, 0.09991853038236265]], [[-0.7796595178704032, -0.43680148727604884, -0.1881314937352374], [1.5731185066174382, -1.9624041277510647, -0.10852387188767332]], [[-0.7675109621875019, -0.4777563760630883, -0.1594127792278739], [1.4734828198271104, -2.142235887149126, -0.15433468129173034]], [[-0.7237046085466812, -0.6409052181049346, -0.3027125199550551], [1.6689975000490986, -1.9684310118939314, -0.4583458054256695]], [[-0.698102343967362, -0.7369563546679745, -0.2267166971458885], [1.4040109668556986, -2.0593667879516784, -0.44968802848861156]], [[-0.6910572710597522, -0.8370135649571462, -0.3804141175492246], [-0.925721393254165, 0.584580779915331, 1.75239792845532]], [[-0.772277408358473, -0.7719224788504548, -0.4652173678197269], [1.2468468224321136, -1.9119121231585896, -0.6808407507643346]], [[-0.8886649114191774, -0.23940745046769907, -0.0013811415572928532], [1.5779951892807427, -2.153023721805786, 0.33540948537769966]], [[-0.8702938032479979, -0.27101450056819665, 0.025306756629899674], [1.5898855384034676, -2.1425721500466, 0.3314559879791743]], [[-0.7735852400289526, -0.45727893166956857, -0.17377213648155565], [1.5233006632222743, -2.0523200074500956, -0.13142927658970183]]]}