{"bodyId": "h0", "timestamp": 1641579388857000000, "continuousState": [[[0.2852238635657117, -1.2886331124152295, 0.6736682896747148], [-0.957288499814475, -2.52095213751786, 1.63025391060747]], [[0.31214721556898295, -1.1426415607342066, 0.6354081449162776]], [[0.1470207500454584, -1.311138964595053, 0.7455385283868055], [0.1566385600971988, -1.2699531780162725, 0.7311657485507292], [0.20150767283391524, -1.2229482139482206, 0.7072271613174803]], [[0.21304318861138832, -1.2983532276608143, 0.6095161474727757], [0.044801879449917204, -1.0978013848457255, 0.5379403408811314], [0.222034535262993, -1.0856655023669153, 0.4415666777569287]], [[0.04436836320596471, -1.3792017500703107, 0.5464812927179161], [0.07653859737692281, -1.4189291061710931, 0.6064485297631683], [0.13833428145766546, -1.3816897115649782, 0.5140285635245583]], [[0.2823406454572695, -1.1776585555822143, 0.41347447042437246], [-0.014962890380708527, -1.1899939155536705, 0.43424462501721317], [0.2725412083686283, -0.9959360547219456, 0.18851752712015557]], [[0.08404497058748217, -1.627288762487325, 0.36807695305009025], [0.1241688169105617, -1.4638574904892643, 0.2424681446530268], [0.07811684772919036, -1.4039912155891092, 0.33853420441318316]], [[0.27769627842284805, -0.752257613289268, 0.05850577398062051], [0.27330235977073625, -0.7642695799480144, 0.008967776793041615]], [[0.3121249722259744, -1.512108124037433, 0.2939300293942928], [0.2509537595771759, -1.4828683543113377, 0.32074892947202494], [0.24454996139269025, -1.098394596418874, 0.46302075104046625]], [[0.32217482859355695, -1.5060223680906384, 0.2049696200676565], [0.03721682670944637, -1.352843989521983, 0.12617947483802672], [0.20063432136577597, -1.1790368430294915, 0.009609139323323967]], [[0.20731781419299805, -1.560850503326048, 0.1678614918968644], [0.13049798823618808, -1.4583299751595982, 0.11770563589790273], [0.10443204244311954, -1.2992021354477892, 0.04182416509811393]], [[0.30401860756655746, -1.5369091247553643, -0.1440132004335115], [0.17476414436353038, -1.307944785174072, -0.32707342652016425], [0.19272631021317, -1.2317012753956074, -0.3912808400775727]], [[0.2654824337151996, -1.5862183282701035, -0.20199134184603706], [0.21839857721797484, -1.5303239876157708, -0.24136146414482873], [0.15967624218619614, -1.2418688030217675, -0.12444158001268812]], [[0.29530204054525755, -1.570655519083339, -0.4237017798073308], [0.1680348948800412, -1.3922736000089067, -0.6516188093336507], [-0.16923571588260566, -0.703975362803709, 0.013165438837488441]], [[0.16839550084456323, -1.5683655586815357, -0.7431688095218594], [0.1597785162223988, -1.5485741137563678, -0.6548337116299953], [0.12300075506508334, -1.2816278552537006, -0.48592805978850806]], [[0.11928718870825611, -1.3005614104702683, 0.5362528349778235], [0.03364452492706482, -1.2848625083033844, 0.6126234232990202], [0.16714092763342436, -1.2044606456974174, 0.4974954200274355]], [[0.12870577590867652, -1.3387774888655626, 0.5779987200953459], [0.06067023841342001, -1.2583652455084093, 0.5721944353221499], [0.18018440836032923, -1.2336776069659467, 0.4777976206407435]], [[0.2647463213932775, -1.5334364357083432, 0.18641555598226045], [0.08385740747281722, -1.4055869823407905, 0.12194255536796472], [0.15253318190444776, -1.2391194892386403, 0.02571665221071895]]]}