{"bodyId": "h0", "timestamp": 1641579393078000000, "continuousState": [[[0.2875894240980247, -1.2990467609272998, 0.6803128548873323]], [[-0.925721393254165, 0.584580779915331, 1.75239792845532]], [[0.16452795123690134, -1.3304791730564864, 0.7546177055948493], [0.2164342678090767, -1.2332344862923466, 0.6998214512576082]], [[0.2037791814310762, -1.2878921991150203, 0.6067526678823814], [0.21582204169130847, -1.0654275479289341, 0.4636969333798837]], [[0.0582927964427592, -1.4116005124228446, 0.5659779217403791], [0.1397683644915204, -1.3840759951991588, 0.5128235444264351]], [[0.2666664668190595, -1.1768783733182666, 0.4303582746768879], [0.2596068280526542, -0.9670763483430986, 0.2142123276855017]], [[0.06374400981199357, -1.5834266815914322, 0.3258475491278918], [0.09711577824088713, -1.4419308968371283, 0.3117017587196711]], [[0.28193728568848664, -0.7813331563338453, 0.08207936114731385], [0.270131488300825, -0.7608980059814081, 0.013565982873908977]], [[0.30181305184237084, -1.52042624126791, 0.30515321304916765], [0.23439090872324742, -1.0687941718497656, 0.4661475943542379]], [[0.32192438521358213, -1.5048015754577015, 0.20329439417531692], [0.20485650538360822, -1.1842964469936794, -0.005815874611893035]], [[0.20649420353312498, -1.5556900973909784, 0.15241037182377615], [0.12060333838647663, -1.3285620753608733, 0.015123412962189109]], [[0.306470558662525, -1.5473100341043675, -0.12849076486470024], [0.19055753573534973, -1.227300859580416, -0.3983219503072599]], [[0.2616843620301905, -1.588027499738926, -0.22684944850535627], [0.16727142173369813, -1.2545660847936977, -0.1373210730373149]], [[0.30278564182447987, -1.6065152953630888, -0.34744866111451955], [-0.17563822238692206, -0.6920955857564237, 0.01984287934501694]], [[0.17568442625106817, -1.5684365099242847, -0.7205478522361957], [0.1072717259453424, -1.2522998679300248, -0.46308964593023594]], [[0.13080416632834052, -1.3379845954286178, 0.5716405763702432], [0.18030944217091338, -1.213913451844106, 0.4979703247403162]], [[0.1310359889369177, -1.3497463557689324, 0.5863652948113802], [0.17779520309141444, -1.2247517715640464, 0.4882602389031594]], [[0.26420929437335355, -1.5302458364243399, 0.17785238299954653], [0.16272992188504243, -1.2564292611772765, 0.004653769175148037]]]}