{"bodyId": "h0", "timestamp": 1641579419677000000, "continuousState": [[[0.28371231532264524, -1.2855858899461032, 0.6773963041540692], [0.23712855807086652, -1.2799391896478995, 0.6969715318383432]], [], [[0.15634199429044882, -1.3230681857617235, 0.754307166808954], [0.15485548621734346, -1.2716115106076018, 0.7263139037551918]], [[0.20162270076830868, -1.2839666383407764, 0.6101859710644453], [0.05509693203538113, -1.0833812448307425, 0.526433010703925]], [[0.038417971795772665, -1.3454517062769915, 0.5074887312434839], [0.08111049696363704, -1.4140511843382142, 0.6020204449384419]], [[0.2523642071621475, -1.1667454987487123, 0.4182004719014891], [-0.02347741032529982, -1.2630809627345956, 0.4619821291234911]], [[0.06473321721899428, -1.5851846852294065, 0.32808854836520185], [0.10039221538387721, -1.4782801640039933, 0.26706937752575355]], [[0.28224864896102864, -0.8289788097047583, 0.11698328192772678], [-0.957288499814475, -2.52095213751786, 1.63025391060747]], [[0.30767384285587485, -1.532523845166053, 0.29488767608981403], [0.23874341412025069, -1.493713495354658, 0.31757800775513734]], [[0.3137925561225655, -1.48866641572148, 0.1725938596780343], [0.04728879403830244, -1.3204422673269463, 0.10581668196763161]], [[0.21128963939263545, -1.5495407232708978, 0.13922856442939424], [0.08429552156841047, -1.4945470506153704, 0.17567527176305542]], [[0.3096018025502499, -1.5089411833910917, -0.16518566211454444], [0.19575049175006898, -1.2858034732102945, -0.351417971574169]], [[0.2654557322201202, -1.6015180799899231, -0.20458892763650538], [0.22987339580409905, -1.5287118760201657, -0.2297738320649143]], [[0.2998703892528589, -1.5939039510726103, -0.36953276025138226], [0.1668646467962449, -1.3936006097825833, -0.6489866191883337]], [[0.17714614102793647, -1.5706233728392371, -0.730861105806401], [0.17094321399684964, -1.5390994680007806, -0.6771090216999457]], [[0.12866530913096774, -1.3339092337021383, 0.5752060258232401], [0.04158792275645318, -1.2750787230816616, 0.6044054647292656]], [[0.12002033628204067, -1.314709172308884, 0.5588373511539646], [0.06810371449950908, -1.2487162145844783, 0.5642267278211834]], [[0.2625410977576005, -1.5191035694961887, 0.15591121205371428], [0.06579215780335645, -1.4074946589711583, 0.14074597686534351]]]}