{"bodyId": "h0", "timestamp": 1641579277034000000, "continuousState": [[[0.4072299850686315, -0.9427242013743686, 0.6973767675556437], [0.45747072283474544, -0.9209269512612123, 0.6087543304606606]], [[0.24331286366002292, -1.07529255046509, 0.783249537075345], [0.2236511860623569, -0.9003056759992081, 0.7387832025966667], [0.3223699000602023, -0.9342597127308705, 0.6852603030109361]], [[0.3607670626323911, -1.0274213699451047, 0.7588381541816296], [0.3470049590658726, -1.015634802105893, 0.7699077156865783]], [[0.09109090486343357, -1.0231388366755707, 0.5756213376951504], [0.1240937565782404, -0.9063216670389811, 0.5219856817706592], [0.2292040494438028, -1.0560224782776215, 0.4403687390539168]], [[0.45392060765664377, -1.127113833005952, 0.5902859708376198], [0.4490853534966055, -1.0704354536796366, 0.5594275666390776], [0.4261148852776544, -0.9755868947428403, 0.5355601652628046]], [[0.09593043459223938, -0.9762406518909093, 0.29901993009787375], [0.21681143747833231, -0.8952552711942332, 0.19074352286940965]], [[0.5308005275992551, -1.190108696302136, 0.28876576612896], [0.6271446985328698, -1.1108707660334238, 0.2422592137574846], [0.4898909421494123, -0.9930446551047363, 0.34303695063518114]], [[-0.957288499814475, -2.52095213751786, 1.63025391060747], [0.2578846056091133, -0.7353479338526698, 0.0327336854858038]], [[0.6577865082190393, -0.9687690472971284, 0.2406932480009687], [0.48809577183165276, -1.153765610419829, 0.41309869764520646], [0.6776833450452864, -0.9829445955449311, 0.11563315773654925]], [[0.24108507655537764, -1.193610719573609, 0.10783065833505745], [0.2059251670841291, -1.02584056100812, 0.04926461445352204], [0.2310593714628315, -0.8700595955248882, 0.01574968270776056]], [[0.4498951283613172, -1.2169734342685716, 0.17459305939201974], [0.3881801865890857, -1.116436016078315, 0.08665484117319955], [0.4584482541277417, -0.8897293184368215, 0.027688195179835118]], [[0.3150744740526299, -1.0680442299036625, -0.32093493615783664], [0.26814093436975917, -1.0533394560391278, -0.28970524199342496], [0.10909740786093969, -0.4832157001297802, 0.0030424961472304]], [[0.500729160907882, -1.2923292234997363, 0.002123424298129839], [0.46725576556272497, -1.0172691386191497, -0.28257902216435826], [0.4183464773342396, -0.5309560625541259, 0.0088143103137317]], [[0.39205475597242423, -1.1010421212003512, -0.7352225886262356], [0.3653195751064984, -1.0484673954464272, -0.7035534286318266]], [[0.4736220008204388, -1.0873529777682944, -0.7081847062865014], [0.49105020311411574, -1.068031888756734, -0.6896489732818099]], [[0.2919131688849682, -1.1503985019429885, 0.6211726446986447], [0.22552516509574405, -1.0607859805456687, 0.5962134638399224], [0.3414770735282884, -1.0349174216055212, 0.46099536804383745]], [[0.2725057562600387, -1.0751263348407614, 0.5829536542663851], [0.28658955503742295, -0.9883785603593088, 0.5407066242048684], [0.3276594673607286, -1.015804686510231, 0.4879644521583607]], [[0.34549010245834744, -1.2052920769210904, 0.1412118588635386], [0.2970526768366074, -1.0711382885432177, 0.06795972781336079], [0.3447538127952866, -0.8798944569808549, 0.02171893894379784]]]}