{"bodyId": "h0", "timestamp": 1641579455187000000, "continuousState": [[[-0.17468294673550622, -1.1355910593220264, 0.7431400557882291], [-0.16646926192736633, -1.0745391525951673, 0.7181173713831162]], [[-0.08591777961140479, -1.0044710110970005, 0.752655211276317], [-0.925721393254165, 0.584580779915331, 1.75239792845532]], [[-0.24621844710846508, -0.9478786895199509, 0.7063873708851307], [-0.169081837213664, -1.0064101781519237, 0.7287183683587705]], [[-0.03388216778214698, -0.9257536937847499, 0.5353501980606299], [-0.018050454305914898, -0.9146748546615715, 0.5157802192243581], [0.03050598903269408, -0.8907289782890984, 0.4916375627387207]], [[-0.341473321052601, -1.065859436791728, 0.6078100216418403], [-0.37083930896064854, -0.923942060794487, 0.5189877873515811], [-0.28169080505483035, -1.0117140279469998, 0.5491631326908202]], [[0.10871626590851197, -0.9538293475487003, 0.36705148664438547], [0.11021837073725371, -0.8918551169154316, 0.2577105268417412], [0.14722796705088204, -0.8558846539393143, 0.21829219802260091]], [[-0.6163267543127672, -1.0504435814398372, 0.36225419639295997], [-0.5776229367232228, -1.0105165479891776, 0.34916243256368706], [-0.49236014762168745, -1.1010111310900281, 0.3424701851062548]], [[0.24255458577051747, -0.82014219184583, 0.10434667518554708], [0.2320326603287416, -0.7978333156580637, 0.08778907663473001], [0.27063977403578576, -0.7613003453418192, 0.012510236261958463]], [[-0.5259656234786654, -1.1879092511767728, 0.15946217835168408], [-0.516152185501599, -1.1636077441115642, 0.18136878271520307], [-0.43455404470465175, -1.1243507304747373, 0.17265278284174035]], [[-0.10825109849896541, -1.1141339650568267, 0.03125015415335497], [-0.13782103541400725, -1.1194972586839427, 0.0826332427793337], [-0.12364431509162688, -0.9663215146031757, -0.030143937133630283]], [[-0.34515136536830326, -1.179157160927628, 0.04343528180495326], [-0.3416577319697587, -1.094591954365996, 0.08549341076460482], [-0.32800021251031986, -1.0069475371339223, 0.029772146585328674]], [[-0.07437769641993397, -1.2607910419421124, -0.28106078584316174], [-0.08370363069323838, -1.2180473969752883, -0.28250608269105304], [-0.3158828236539717, -0.678703890506465, -0.05096557112313016]], [[-0.23117617495903986, -1.1901245784648702, -0.3408368709760621], [-0.2910299621157144, -1.0986552767841993, -0.38601569105762934], [-0.3298177604519724, -0.8108055296297003, -0.16054342326752802]], [[-0.29519648078162086, -1.165958456649921, -0.564608087785988], [-0.32368766523390335, -1.1231209475573174, -0.5992862443619479], [-0.345432742716544, -1.01593683895114, -0.6059532334086739]], [[-0.18797976911396586, -1.0637605225336286, -0.7457803365502718], [-0.957288499814475, -2.52095213751786, 1.63025391060747], [-0.3158786531590724, -0.9808822513731175, -0.5406493513750878]], [[-0.1618892922688237, -1.0626175866341983, 0.6075827683602395], [-0.22539360775107387, -0.9581231162833841, 0.5388752756743929], [-0.1282955270885774, -0.9557047698550221, 0.5144647778949428]], [[-0.18767774441737398, -0.995806565288239, 0.5715801098512351], [-0.19444488163328172, -0.9193084577280293, 0.5173840032879696], [-0.12559240801106814, -0.9512215031180491, 0.5204003477147705]], [[-0.22670123193363434, -1.1466455629922274, 0.037342717979154116], [-0.23973938369188297, -1.1070446065249695, 0.08406332677196926], [-0.22582226380097337, -0.9866345258685489, -0.00018589527415080465]]]}