{"bodyId": "h0", "timestamp": 1641579479642000000, "continuousState": [[[-0.23270039773885864, -1.1290526312118545, 0.6924604549564457], [-0.21577166473609655, -1.0739795058652477, 0.6724410736679911]], [[-0.1123982442149587, -1.0534913690033967, 0.7610430181891239], [-0.16503754406727045, -1.0835920079324282, 0.7600542111476318], [-0.925721393254165, 0.584580779915331, 1.75239792845532]], [[-0.290741941967275, -0.9639689212744131, 0.7245183491343599], [-0.17807523786295154, -1.015039423800479, 0.696667245697833]], [[-0.024848798560137886, -0.9522692769865633, 0.5512563136139395], [-0.06678349811047568, -0.9876236074433176, 0.5765188569452415], [0.01690020764903788, -0.8814821937313388, 0.5018008571390566]], [[-0.3159428386981843, -1.097734333210174, 0.6362053872995388], [-0.3766200886439358, -0.9066149982322873, 0.5129227751457321], [-0.27697562093321426, -1.0058802818531958, 0.5362239223232773]], [[0.10913348383634769, -0.9502434136177169, 0.3568466294543797], [0.1943256841552814, -0.8260497935320739, 0.13294248505539907], [0.14938888493168956, -0.8590395870903962, 0.2147010881279221]], [[-0.47968739783975667, -1.052622817154071, 0.3688862809524218], [-0.5042320008391014, -0.9527520812779395, 0.29483591150410193], [-0.4142974518156931, -1.0452848385720732, 0.24873684555485887]], [[0.24685947933635577, -0.7940443055553712, 0.07765614562326006], [0.25805787522410883, -0.7726540054526683, 0.05097679144473677], [0.2664812955713658, -0.7567150953641419, 0.018537542972945076]], [[-0.3938319466774166, -1.2163202680282883, 0.28339361887748504], [-0.41736390534107604, -1.168511579289679, 0.26747357613920353], [-0.36369273825762094, -1.0160489173131815, 0.4497865997880608]], [[-0.09852336090655278, -1.136718289834993, 0.05346654991359756], [-0.20922254312725574, -1.213088717339289, 0.1793264019792542], [-0.12823571268118628, -0.9416285197509198, -0.014488641956205806]], [[-0.314813338559098, -1.2150227120135288, 0.09360294220060972], [-0.40236465540787525, -1.2139306351077797, 0.20404770467768474], [-0.31256557824319, -1.0071284439405, 0.013837471687443648]], [[-0.07623438456107101, -1.276066240627947, -0.26627541917473385], [-0.09388331728844657, -1.2202149434688363, -0.271995185886758], [-0.33076418375126126, -0.7580087967070632, -0.08875921166949952]], [[-0.25419944862537047, -1.183340936940178, -0.3602324303227289], [-0.28923552512493433, -1.111399782105098, -0.37556678341691696], [-0.3185073033982474, -0.8000745797153435, -0.21524484770830044]], [[-0.20386387968162267, -1.0955046638226347, -0.7506849576692332], [-0.3338792860670161, -1.1240946773195812, -0.6008463146582829], [-0.3335806686092221, -1.0248378025163225, -0.6116356003022039]], [[-0.2962865566727788, -1.1442714446012263, -0.5597940247840292], [-0.21586704631271836, -1.1427820553296173, -0.6507345883769909], [-0.925721393254165, 0.584580779915331, 1.75239792845532]], [[-0.1632293372785093, -1.0592407707152702, 0.6055851626846906], [-0.23109495706237804, -0.9561565962548619, 0.5408281432075308], [-0.13760930129112536, -0.9367209881243503, 0.5216305022274706]], [[-0.1703958186291611, -1.0250018050983687, 0.5937308504567391], [-0.22170179337720575, -0.9471193028378024, 0.5447208160454868], [-0.1300377066420882, -0.9436812377922673, 0.5190123897311669]], [[-0.20666834973282538, -1.175870500924261, 0.07353474605710364], [-0.3057935992675655, -1.2135096762235342, 0.19168705332846947], [-0.22040064546218813, -0.9743784818457099, -0.00032558513438107894]]]}