{"bodyId": "h0", "timestamp": 1641579279647000000, "continuousState": [[[0.577970571949979, -2.70997755829808, 1.61535901844717]], [[0.2524403162998766, -1.0601967943330586, 0.8028775446110226], [0.21025658604837238, -0.9184869912307774, 0.7488299347813305]], [[0.36667900671254927, -1.04177284265348, 0.7731499987446944], [0.32375943939504404, -1.0327698495533573, 0.7823491239138978]], [[0.09878345105403619, -1.0236916004688714, 0.570819772029999], [0.11534672334751139, -0.9313540121339512, 0.5359082725825068]], [[0.46471216794315984, -1.133270015173831, 0.597764760903517], [0.43482534727606714, -1.084991399664967, 0.5855592581443307]], [[0.18525947664497533, -1.211179302314505, 0.4936375731476521], [0.09982576933907672, -0.9578820332375853, 0.2875014783589174]], [[0.541195033869804, -1.1684455269588423, 0.27528560031528304], [0.6096458395314434, -1.1054303663023832, 0.257252000255505]], [[-0.957288499814475, -2.52095213751786, 1.63025391060747]], [[0.6414079107808028, -0.9610484467673808, 0.2274042920591144], [0.40874843324920096, -1.1608040809144236, 0.36684437431131345]], [[0.24371868991314188, -1.2051420793335745, 0.119209613697703], [0.20481046649662504, -1.0279454193340616, 0.0611070985003046]], [[0.4497631509460809, -1.2208311136692749, 0.15021207672588033], [0.38555648177784996, -1.10836519194013, 0.0840946433243801]], [[0.32349718445269127, -1.1420568470024013, -0.21153137808532674], [0.26472724343272946, -1.0451432069769964, -0.281240198181427]], [[0.5011218557500962, -1.2586054310023478, 0.017518594161611833], [0.4733858296127964, -1.011014979100493, -0.29090830914932875]], [[0.39168683629494794, -1.0979573501399291, -0.7395231605127017], [0.3660261448200641, -1.0473416733907333, -0.7051333138618505]], [[0.47360249225906836, -1.0858041864328398, -0.709677552743075], [0.4744191812780547, -1.0583516295634603, -0.6713527969558604]], [[0.2983356312241253, -1.1565288864795051, 0.6266485918779698], [0.24379860459296654, -1.049341565463922, 0.5920125893793204]], [[0.281747809498598, -1.0784808078213513, 0.584292266466758], [0.27508603531178927, -1.008172705899459, 0.5607337653634188]], [[0.34674092042961135, -1.2129865965014246, 0.13471084521179166], [0.2951834741372375, -1.0681553056370958, 0.07260087091234235]]]}