{"bodyId": "h0", "timestamp": 1641579485605000000, "continuousState": [[[-0.22641341447234054, -1.1131919430597592, 0.6727949354408262], [-0.217325907673391, -1.0728033481298, 0.6590099458573366]], [[-0.1106888859319825, -1.0569981797458725, 0.7627120717664604], [-0.18552609743409043, -1.1170911473974294, 0.7686053673677762], [-0.925721393254165, 0.584580779915331, 1.75239792845532]], [[-0.28071996844036173, -0.9988605647257585, 0.715206415609265], [-0.16766044852409, -1.0217897158253044, 0.6756254967453267]], [[-0.03553960253268301, -0.9235096710036639, 0.5413695331009105], [-0.061248046188620564, -0.9777588768338314, 0.5695959488548443], [0.036928631069639506, -0.9003743219377163, 0.48325165968900685]], [[-0.3118979557244749, -1.10477525616812, 0.6406550566918883], [-0.3674633506021281, -0.8972955529218034, 0.503645222434034], [-0.27061116671038177, -1.0215750821086034, 0.5318401495535209]], [[0.10061717086111666, -0.8928681354254184, 0.31789723804590997], [0.16270023883685536, -0.8604425131581162, 0.17726700782068594], [0.13327744409599807, -0.8357944133267599, 0.23075647370240215]], [[-0.47470837114703696, -1.060722862709978, 0.37478416743240306], [-0.5046409788494164, -0.954227207810735, 0.2963284636410992], [-0.4199252768468916, -1.026815590201733, 0.2658553533660115]], [[0.24743308408575615, -0.7957209755613346, 0.07871968837561338], [0.23817848653575568, -0.7872995740577204, 0.06881665640820889], [0.26746018382616654, -0.7559969937122282, 0.00953672485499868]], [[-0.395459070738992, -1.2126191338142844, 0.28929117037610963], [-0.4076163392619049, -1.1620693736419336, 0.26413544390945276], [-0.3781090946395962, -1.0144106656254617, 0.44699385068628916]], [[-0.10320428494939426, -1.1255831057596144, 0.04285068983449625], [-0.19498835257483305, -1.1881795161352144, 0.15184787711543746], [-0.14062037492265655, -0.9178967866469674, 0.022552740986375053]], [[-0.3204053444647169, -1.2050972216264164, 0.08383310300522107], [-0.3998240389015004, -1.2079296306803275, 0.1973092025203831], [-0.3134056274823378, -0.9852114493355248, 0.03490051195332433]], [[-0.07116162843482055, -1.2686380225029041, -0.2709714508731538], [-0.09088080823566425, -1.2157690066858056, -0.2782177718581982], [-0.32798408446146277, -0.7477825337262105, -0.06825687540552683]], [[-0.26847670773120147, -1.1754216197007246, -0.3759872719202302], [-0.28568137367288904, -1.1003531304961505, -0.401253429171472], [-0.34163379136105543, -0.8189381972364074, -0.13401331125990734]], [[-0.19391487093373994, -1.0742580476389831, -0.7375705756884126], [-0.3244041742462025, -1.128830966679882, -0.579082669792531], [-0.32955707997757033, -1.0115504740534784, -0.5721569148689387]], [[-0.27285425361500626, -1.1864713844744925, -0.4880181506052552], [-0.2115403498765709, -1.127650446193703, -0.699842635387579], [-0.2962773753034763, -0.9665564264460818, -0.4618332644990679]], [[-0.15914445640127634, -1.05367094256939, 0.6041344525837995], [-0.23443795679466783, -0.9632798624766781, 0.5457555178240172], [-0.14137775884736425, -0.9160840183397704, 0.5363840451818246]], [[-0.17371877912857894, -1.014142463585892, 0.5910122948963994], [-0.21435569839537433, -0.9375272148778174, 0.5366205856444392], [-0.11684126782037113, -0.9609747020231598, 0.5075459046212638]], [[-0.2118048147070556, -1.1653401636930154, 0.06334189641985866], [-0.29740619573816673, -1.198054573407771, 0.17457853981791027], [-0.22701300120249718, -0.9515541179912461, 0.028726626469849692]]]}