{"bodyId": "h0", "timestamp": 1641579509725000000, "continuousState": [[[-0.22078671476326844, -1.0701750004840263, 0.7237981958901081], [-0.2133050441616634, -1.0266661503181462, 0.70493985784344]], [[-0.11577432527365927, -0.9831309334959146, 0.7508528113362261], [-0.1783867718605956, -1.023475446241041, 0.7683004579139578], [-0.925721393254165, 0.584580779915331, 1.75239792845532]], [[-0.2786730092544485, -0.907068957380754, 0.6970713284814871], [-0.18381028805284116, -0.9884599730002754, 0.7124796693798107]], [[-0.04637516126840663, -0.8985235247245091, 0.548786601420481], [-0.083384186514331, -0.931143244764991, 0.5667409947018718], [0.008569935965816788, -0.8672999046509816, 0.5052233183319679]], [[-0.36197259594892467, -1.0569385928024297, 0.5905216646043228], [-0.3831417489725467, -0.9414708995850449, 0.5339431977040259], [-0.2535647124877679, -1.0629593513345026, 0.49253368756694216]], [[0.09765777289212807, -0.9174192257847522, 0.3497621591447495], [-0.27950086592927714, -1.4338556248413723, 0.7320014289423956], [0.13801279747539819, -0.8184875062245893, 0.23414914162655842]], [[-0.3637409088219812, -1.2919989487827657, 0.43562314865558727], [-0.4074805786418503, -1.1214483172080396, 0.34425789421425357], [-0.3529453969165751, -1.169105232834714, 0.40709729442473463]], [[0.22988043898934318, -0.7905529149638628, 0.07852130979966288], [-0.957288499814475, -2.52095213751786, 1.63025391060747], [0.27443916915034516, -0.7537681531867975, 0.00870252109851899]], [[-0.2597910285038113, -1.5437488441680154, 0.5968441700256386], [-0.35101568216328216, -1.401827267190742, 0.5144240268860771], [-0.1989369453090789, -1.4246850083020215, 0.4550348236534507]], [[-0.11948001302385192, -1.0899396778268153, 0.027736144718174982], [-0.252604855463473, -1.2825326347403996, 0.28461917783546054], [-0.15008975913321354, -0.91466424461487, 0.010042663517239925]], [[-0.3495387250081412, -1.17142275186154, 0.04577574743213475], [-0.36826683725783005, -1.140943106006782, 0.1405399449039728], [-0.3524030561810727, -0.9814233852771799, 0.06339443249484655]], [[-0.07781081242853449, -1.27244305432977, -0.270879401060816], [-0.08492998831720144, -1.2063726274231754, -0.2918654735963193], [-0.3288957026026075, -0.6215116461576231, -0.0040816965939012295]], [[-0.23634057535375375, -1.1983778023294127, -0.3353859853346117], [-0.293216947115957, -1.1034138012882893, -0.37939305301840776], [-0.34538183113053555, -0.8104679393272917, -0.102554783219034]], [[-0.3017705595394725, -1.1717770463481627, -0.5337817048596492], [-0.3282324885360903, -1.1331469795429283, -0.5833832788499265], [-0.3421643358856702, -1.0249769571169378, -0.6070903669564727]], [[-0.18103606209667378, -1.082236250654462, -0.6750390191151117], [-0.29103484375179534, -0.822918110631373, -0.5596425404339294], [-0.307555900136695, -0.9803194801106754, -0.5439939198379515]], [[-0.18387695361196144, -1.014157296273056, 0.5780766462233973], [-0.2258661344977262, -0.9468879716121208, 0.5413249004999803], [-0.127774527900699, -0.9543721089317586, 0.49134510272171705]], [[-0.20417387860866565, -0.9777310587634694, 0.5696541330124019], [-0.23326296774343885, -0.936307072175018, 0.5503420962029488], [-0.12249738826097556, -0.9651296279927422, 0.498878502949455]], [[-0.23450936901599656, -1.1306812148441776, 0.036755946075154866], [-0.3104358463606515, -1.2117378703735908, 0.21257956136971667], [-0.2512464076571431, -0.9480438149460249, 0.03671854800604324]]]}