{"bodyId": "h0", "timestamp": 1641579515755000000, "continuousState": [[[0.031632289806040714, -1.0896813279969622, 0.5500893456325155], [0.25042403477392927, -0.7892977234299692, 0.287746617311434]], [], [[-0.04977868029872912, -1.2033371462560225, 0.6525709904742851], [-0.06025313711336211, -1.1256258948179183, 0.6192170979356808]], [[-0.019073246547002654, -1.1010327109326437, 0.47244925500530144], [-0.09410460612113725, -1.0930540112137512, 0.47966524137177946]], [[-0.38012071708251205, -1.136154488817751, 0.5716061342073777], [-0.37391203480130186, -1.1003993820561486, 0.5615560795171357]], [[0.06689390611646118, -0.9591210245512829, 0.24118736913786432], [0.04130045320100095, -1.042680534294063, 0.2749910609700952]], [[-0.5966372235564517, -1.1871538734711848, 0.37478358362154673], [-0.5486205078170816, -1.1519968239941747, 0.3483769981597653]], [[0.23984079435437555, -0.8263884645713369, 0.08805191157191561], [0.24810033711318802, -0.7815170835816729, 0.12126376475994327]], [[-0.3856347879768174, -1.3300819102626142, 0.3522864210695831], [-0.37325236975617404, -1.2879716981831295, 0.3149163405145199]], [[-0.2019120562003368, -1.1827225570097548, 0.034684205717892436], [-0.2637074388037567, -1.2584378034922201, 0.1432230010148703]], [[-0.36908858768209185, -1.271582892004221, 0.10436022790957433], [-0.4358593114264122, -1.161490435457918, 0.08781502698157229]], [[-0.1208127708789265, -1.3289435334379773, -0.285647883246289], [-0.18229078695029655, -1.3001245006012745, -0.23448531993716082]], [[-0.2604762947278033, -1.259147122162843, -0.30080837708008534], [-0.3194244476479353, -1.1648485108038547, -0.33067321597507404]], [[-0.3445743015465781, -1.2082749713891907, -0.5906178774334301], [-0.3591834484623082, -1.1305413430922375, -0.6077443325789335]], [[0.577970571949979, -2.70997755829808, 1.61535901844717], [-0.23859928252016172, -1.1708796355824105, -0.5824939776741919]], [[-0.17386088952363327, -1.153527014847923, 0.5548387677762696], [-0.22693660924140802, -1.065700949182959, 0.5103437449819339]], [[-0.19959698181475735, -1.1185935998751972, 0.5220276946063396], [-0.23400832046121955, -1.09672669663495, 0.5206106604444576]], [[-0.28550032194121433, -1.227152724506988, 0.06952221681373338], [-0.34978337511508445, -1.2099641194750692, 0.11551901399822129]]]}