{"bodyId": "h0", "timestamp": 1641579533242000000, "continuousState": [[[0.20751109444108073, -0.8432160168827971, 0.6097743300440723]], [[0.577970571949979, -2.70997755829808, 1.61535901844717], [0.004834488938910808, -0.866841830150036, 0.738743050057459], [0.10420935298770628, -0.910968760373212, 0.6993147239832386]], [[0.18000875614488565, -0.9287763241125808, 0.7537540128942986], [0.11487421791585073, -0.975321538513884, 0.7981779196476266]], [[-0.06972654670464573, -1.0080541877603906, 0.5902064005804581], [-0.052810654772794674, -0.875388998565988, 0.5294344962439548], [0.029502881711590767, -0.9591425572662852, 0.5110389829996547]], [[0.2625123913625209, -1.0257639533274236, 0.5758595212868765], [0.273789957031892, -1.0247965890314747, 0.5861679166423579], [0.18507713909618073, -0.8335599701750234, 0.6657784373085102]], [[0.026163251267678544, -1.1253599026526833, 0.4777248516851267], [-0.06570879079478131, -0.9747366826568757, 0.32203691039953686], [0.07851905042758278, -0.8895936342439428, 0.2131408175106484]], [[0.3998242289395073, -1.1624920583557588, 0.3432004351782507], [0.3821261092950874, -1.1155140433360937, 0.305793254673846], [0.3485386034532446, -0.9566592263201006, 0.3421448748077558]], [[0.10964220854646123, -0.7689990122075965, 0.0009339476065661767]], [[0.4129090768547016, -1.0918250278194048, 0.14884138287838833], [0.2925947724916109, -1.1097466485327723, 0.2120480443956827], [0.40210955952098004, -0.9695675511083393, 0.04098537639252853]], [[0.08583383678698342, -1.2484035447661028, 0.17790048910417178], [0.04787299026816538, -1.023395709228065, 0.0332936571234439], [0.06580626331543238, -0.9291494960590927, 0.06189309583636016]], [[0.2885505403492363, -1.2275311924681374, 0.19785741764179487], [0.22680619788300938, -1.1316925210671165, 0.089975292647126], [0.24403705067785997, -0.8896569519663375, 0.08231872111474647]], [[0.1236225288352304, -1.1226415187860384, -0.3375148855974839], [0.10665966574167185, -1.0973197041929146, -0.3033663938930111], [-0.09361391502349004, -0.6387208150762934, 0.013657389115487417]], [[0.26396743785951116, -1.1296820972251203, -0.3345786118753027], [0.27655174730155063, -1.1024542919692788, -0.36749722291683495], [0.06911969625255798, -0.6490664146022393, -0.023043842393424274]], [[0.18349141246066514, -1.175579954760626, -0.6972994781313047], [0.1497484616209397, -1.1076432306830368, -0.7048690970594982]], [[0.2680841126359713, -1.1717564221203007, -0.7169477344160555], [0.23101335750215646, -1.1526261951720937, -0.6803759132709759]], [[0.10962302706204663, -1.0456879301936683, 0.6004032459902544], [0.09300098357893583, -0.9774173047971493, 0.5717744235783302], [0.13868631934314302, -0.9422579759809768, 0.5578686804258737]], [[0.09639292232893759, -1.0169090705439072, 0.5830329609336673], [0.11048965112954867, -0.9500927937987313, 0.5578012064431563], [0.10729001040388575, -0.8963512637206543, 0.5884087101540825]], [[0.18719218856810985, -1.2379673686171202, 0.18787895337298333], [0.13733959407558738, -1.0775441151475906, 0.06163447488528495], [0.15492165699664617, -0.9094032240127151, 0.07210590847555332]]]}