{"bodyId": "h0", "timestamp": 1641579548987000000, "continuousState": [[[0.1975737540067729, -0.7402324191696783, 0.603231762274052], [-0.925721393254165, 0.584580779915331, 1.75239792845532]], [[0.02372532103442304, -0.955357578348712, 0.761798020118166], [0.1776521912175164, -0.9229725257002794, 0.7144735653706012]], [[0.14797839436123283, -1.0725401223521138, 0.783903962814291], [0.15685306092664086, -1.02740752183851, 0.753284974395906]], [[-0.06460397347027258, -1.0400342817572614, 0.6075662138955487], [-0.06409003661865409, -0.8909388272719152, 0.5257208109382827], [0.013378447446416697, -0.9450748977500153, 0.5237856830587366]], [[0.22122327893732197, -1.115726833843655, 0.5789423966911875], [0.23864703027079925, -1.0939520138140388, 0.5664781629168794], [0.21600927982839213, -0.9722123391339111, 0.5940318151219588]], [[0.021580183283055387, -1.1819249397948968, 0.48758549632192283], [-0.957288499814475, -2.52095213751786, 1.63025391060747], [0.06290060431444089, -0.8922215643245536, 0.22528928621163868]], [[0.3337250618205424, -1.2385465725978824, 0.30789101044364275], [0.3506047146265513, -1.208851573225456, 0.33150264900831794], [0.2628246737653467, -0.9972838943608793, 0.41700806446869554]], [[-0.06110940759736894, -1.0321033530472334, 0.2906890761010672], [0.10308796012131083, -0.7618369130062359, 0.01985827573246568]], [[0.5754946458193644, -1.2062464889727214, 0.24564866665792162], [0.5411693224505079, -1.1888010653156826, 0.28219306066898286], [0.5981776030848531, -1.1250171617777536, 0.16809705650807283]], [[0.08344746984549589, -1.2570079051489966, 0.16513175839875194], [0.03831511226368978, -1.0339428001304842, 0.026105257179774632], [0.06249028321484884, -0.9228079461119727, 0.059154288280013345]], [[0.26732469960495, -1.2784977001802276, 0.18662264588149258], [0.18091354939478044, -1.1617220227983573, 0.11627214389766016], [0.19435649566934132, -0.8577717417872276, 0.1734061701217855]], [[0.1237745156527843, -1.1230699289783586, -0.33651971237188594], [0.09847189191850947, -1.1049640249233073, -0.3263504335984091], [-0.09008060015649555, -0.6054891277191596, 0.01210085772635583]], [[0.26140205744372963, -1.1537903678539154, -0.3099414004508918], [0.25247398323538994, -1.1302715413432467, -0.3398824339896398], [0.0527340426513212, -0.6490815944180477, -0.01595338728800022]], [[0.17719652576276512, -1.1907082924337271, -0.6665361311396236], [0.14055831898979654, -1.1327458670902788, -0.6731912595312615]], [[0.2647871642149918, -1.1537106550032523, -0.7440695699393025], [0.2290655037426763, -1.155198927657839, -0.6763446472002299]], [[0.08745742031741949, -1.1174879110298324, 0.6249186238045406], [0.04950855325335057, -1.035083727596253, 0.5760724654135756], [0.10845236106231715, -0.9693556028472153, 0.5568508298854931]], [[0.07830965273352469, -1.0778805578004582, 0.5932543052933681], [0.08727849682607258, -0.992445420542977, 0.546099486927581], [0.11469386363740441, -0.9586436184419632, 0.5589087490903477]], [[0.17538608472522293, -1.267752802664612, 0.17587720214012226], [0.10961433082923511, -1.0978324114644207, 0.0711887005387174], [0.12842338944209508, -0.8902898439496001, 0.11628022920089942]]]}