{"bodyId": "h0", "timestamp": 1641579549188000000, "continuousState": [[[0.23623944889649195, -0.9704042974228169, 0.7201800880293727], [-0.925721393254165, 0.584580779915331, 1.75239792845532]], [[0.03022769509121459, -0.9661941447953468, 0.7567152352234585], [0.1855024055631207, -0.9337837282829645, 0.7070200734990029]], [[0.14598616011522497, -1.0855182191854051, 0.7890562455145582], [0.1468708781415693, -1.0294797693682822, 0.7508181553060913]], [[-0.06406968268676921, -1.0418227987984867, 0.6085456362667703], [-0.03831802130488515, -0.8464973463798589, 0.5028181421039892], [0.013313370008992575, -0.9451113173374223, 0.5238005854362144]], [[0.22907249102607252, -1.119681955234322, 0.5767723051109777], [0.24774982578065652, -1.0728031506015159, 0.5539817312466722], [0.20410691291285366, -0.9670053150683285, 0.5996696272597362]], [[-0.06984039323802149, -0.9888343298173166, 0.3061192090427889], [0.06469360956136883, -0.8812975627917898, 0.2247785488826084]], [[0.3353259052347289, -1.2468572076718387, 0.3154679389520163], [0.33636063085585843, -1.2337523642538533, 0.3424257340312118], [0.262923220208344, -0.997292286167119, 0.4170948164624497]], [[-0.0536889364197326, -1.0068868167893943, 0.2724832243215711], [0.10627433957146692, -0.766015036825046, 0.01453812857558745]], [[0.5755875772882798, -1.1894349436414355, 0.2303286285234658], [0.5408922861580404, -1.179772952054971, 0.26938067790922204], [0.6097182091208072, -1.1378997961753814, 0.15631072374049593]], [[0.09070044027857005, -1.280917549673481, 0.1978680091126339], [0.05821533142342261, -1.0029739945349079, -0.016921468487036018], [0.06557812061374357, -0.9305513431662409, 0.07050022391186639]], [[0.2641746746635843, -1.2917493370396156, 0.1966164923471554], [0.19171128324873843, -1.1486412684559917, 0.09228593419563302], [0.19442366852005, -0.8577580971524166, 0.17343198786521352]], [[0.12529277754873092, -1.1315546509273198, -0.31420541908310784], [0.10369081297362448, -1.0980163067111717, -0.3364408339845668], [-0.09588402226815096, -0.6341890110902094, 0.010557727716491216]], [[0.26110827151390376, -1.1531377414237869, -0.31064525980789703], [0.2523813923240361, -1.130253787673867, -0.3399454377536175], [0.03270435966084739, -0.6458162664056128, 0.0061493640672036776]], [[0.17939523489001108, -1.1658809746822891, -0.6977162929485967], [0.14478516609947012, -1.1273284889474933, -0.6823514595976858]], [[0.2659177895267959, -1.15937547289517, -0.735209704033152], [0.22795337019261352, -1.1555078273630999, -0.7024518047936978]], [[0.08932316565618548, -1.1234947316130595, 0.6285887023008518], [0.04260626667055312, -1.0451902550939596, 0.5832212767129428], [0.10420641022469923, -0.9733688155895522, 0.5479139586352193]], [[0.08250140416965165, -1.0807523770164043, 0.592658970688874], [0.10471590223788568, -0.9596502484906874, 0.5283999366753307], [0.10871014146092312, -0.9560583162028754, 0.5617351063479753]], [[0.17743755747107717, -1.2863334433565483, 0.19724225072989465], [0.12496330733608052, -1.07580763149545, 0.0376822328542985], [0.13000089456689679, -0.8941547201593287, 0.12196610588853996]]]}