{"bodyId": "h0", "timestamp": 1641579550863000000, "continuousState": [[[0.577970571949979, -2.70997755829808, 1.61535901844717], [-0.925721393254165, 0.584580779915331, 1.75239792845532]], [[0.043281119380379596, -0.9357005920947883, 0.7486447925329238], [0.1876170440121988, -0.9380863383082974, 0.7117322656069415]], [[0.1448268376237205, -1.0807381976838553, 0.7868021336137605], [0.16010971941738172, -1.021890952581675, 0.7433785171600693]], [[-0.05940716538240509, -1.053489145616865, 0.6156971392668877], [-0.04614220169455252, -0.8602888200245618, 0.5121331973849266], [0.013317150197237893, -0.9453499528441094, 0.5242139126562577]], [[0.2141492717033685, -1.111051179628017, 0.5739359543863787], [0.22174764493616528, -1.1143592930317743, 0.581200081867354], [0.23400613160738226, -0.9953738944195787, 0.5686114807112312]], [[0.03353253337518397, -1.1762487577517065, 0.4803748655307205], [-0.062269859752656975, -0.9951764213642715, 0.3312548951115841], [0.06418974928855103, -0.9089261401238415, 0.22952305563102127]], [[0.33631619832858767, -1.2530645614148441, 0.32092047310247485], [0.31755732359936917, -1.251988664532025, 0.3609535475582748], [0.2629106130861981, -0.9972274055016961, 0.4169739432174491]], [[0.10711176738846429, -0.7673034676046537, 0.01312743425219054]], [[0.5755491074870358, -1.1982525556884798, 0.23833677531890096], [0.553240789024948, -1.1782203811190282, 0.2717367660036196], [0.5984953111550968, -1.127068779881939, 0.17610168995632614]], [[0.08693940843688108, -1.267474267974166, 0.17555692054929373], [0.023262902082472614, -1.055417725534102, 0.03972124552705325], [0.06772266655523707, -0.9324824100006948, 0.05842875985389684]], [[0.265920624891743, -1.2666711546909895, 0.16592581863746236], [0.18695724795946433, -1.1647091901382305, 0.09539475247593288], [0.23390830893494452, -0.9179461766848396, 0.10022529400036473]], [[0.12369274717588807, -1.1265953514508686, -0.32050149781890247], [0.10992869645428094, -1.0896594306288439, -0.3475581674688075], [-0.09531409207022712, -0.6224473128186607, 0.014105477775291697]], [[0.25137111371438586, -1.1351454407354127, -0.3490927927022669], [0.2510160208141494, -1.1319335351222957, -0.33783281734026427], [0.05597270306045732, -0.653030080250564, -0.02163024380875833]], [[0.1811079812764037, -1.1721321725915892, -0.688250136359474], [0.14130816920418132, -1.1316594992840727, -0.6747724829650965]], [[0.2660261806208448, -1.161287214536123, -0.7326245646974345], [0.2245957037651447, -1.1598790750856807, -0.6815647046142217]], [[0.08801296566211825, -1.119265685623, 0.6258964058262237], [0.06247273571780265, -1.0270920460353585, 0.5671376087592737], [0.09830707140949768, -0.9654257812606175, 0.5617334801160221]], [[0.0773710531604817, -1.082270162622441, 0.5948165468266332], [0.08780272162080638, -0.987324056528168, 0.5466666396261403], [0.12366164090231008, -0.970361923631844, 0.5464126966837445]], [[0.17643001666431204, -1.2670727113325777, 0.17074136959337805], [0.10511007502096847, -1.1100634578361661, 0.06755799900149306], [0.1508154877450908, -0.9252142933427672, 0.07932702692713078]]]}