{"bodyId": "h0", "timestamp": 1641579597428000000, "continuousState": [[[0.15874092131411777, -0.8580533793656508, 0.6504148951016211]], [[0.014422452860607449, -1.0357477535627262, 0.8009273039702807], [0.05670443702134387, -0.9201221588697664, 0.7120166163901539]], [[0.15604025753443235, -0.9495023306505963, 0.7830988301661301]], [[-0.07013525803181686, -1.0596722361876059, 0.6083758759477635], [0.008811036600705702, -1.0017995800053727, 0.4886478827481513]], [[0.26812659241526476, -1.0578878771841385, 0.5957809345491447], [0.25695602444918886, -0.9251198837305028, 0.5960833667487568]], [[0.017781333037595437, -1.1321104248510592, 0.4477622519946092], [0.06992739246788049, -0.8997889211545077, 0.19892522498942355]], [[0.3820113222719992, -1.1324559543710984, 0.3548258279400882], [0.35356332985437855, -0.9544205315206022, 0.2974411503478802]], [[0.10584466030027939, -0.7642883019488276, 0.0070102648831453784]], [[0.4272263134097487, -1.1123342615569478, 0.10658934893318572], [0.12665302278228618, -0.6519484851927175, 0.3677230943666002]], [[0.08149080251314134, -1.2306749368299317, 0.14214600605220373], [0.0597217823450058, -0.903572370892747, 0.05796426969991142]], [[0.2934475327055432, -1.2318262109813558, 0.17620800316345098], [0.11189466773316403, -0.694873137027471, 0.30348613539958924]], [[0.12481105108273327, -1.1305028778446158, -0.31591218718582503], [-0.08113379587959335, -0.5833651282281883, 0.014538368186954642]], [[0.26792188002451395, -1.1013296911740689, -0.3767656274441247], [0.16430514217219216, -0.5755147300731476, -0.03307504075089829]], [[0.17313970877556295, -1.176038365415475, -0.6890060453822238]], [[0.26882768587006023, -1.1315734403932534, -0.7713948092203937]], [[0.10837808254897713, -1.0857709522435044, 0.6210541275082653], [0.12720198003409533, -0.9371145995780215, 0.5639227469464643]], [[0.09899566719172395, -1.058780056685872, 0.6020784052484541], [0.13288353052494728, -0.9634597318679378, 0.5423656247484541]], [[0.18746916760934226, -1.2312505739056436, 0.15917700460782735], [0.08580822503908492, -0.799222753960109, 0.18072520254975033]]]}