{"bodyId": "h0", "timestamp": 1641579607947000000, "continuousState": [[[0.19862587294280254, -1.3369799485749825, 0.6878981820832701], [-0.957288499814475, -2.52095213751786, 1.63025391060747]], [[0.22793907600893004, -1.1696217925926689, 0.630637155503295]], [[0.06049481781208327, -1.3407592616123865, 0.7492458570626832], [0.05392026281572193, -1.2633943740613458, 0.74261142064678], [0.06612660089086952, -1.1589118499014908, 0.7543454470793365]], [[0.16186673575641708, -1.3157769292068922, 0.6437495624825404], [-0.019879425426032604, -1.0918470799897397, 0.5570669842891465], [0.13444304210444868, -1.070528205239639, 0.48062493212571566]], [[-0.03004717815927993, -1.4267729131471198, 0.5799274736243514], [0.0070412224937747014, -1.3736655075529542, 0.5626784603928969], [0.05555536243509751, -1.3906375327420037, 0.5174596929712698]], [[0.0994491599866062, -1.244346682943194, 0.3821628430111783], [0.05603585461368765, -0.8227227353531648, 0.1069064384580587], [0.10597854866831224, -0.926116274811055, 0.23886021787895917]], [[-0.06453785940493129, -1.5561476291919836, 0.32349529200930704], [-0.01030518921924739, -1.4767364997194374, 0.29639612401580906], [0.0028305423627603687, -1.433553193628784, 0.3002124175899026]], [[0.17897124250542934, -1.144027846116138, 0.3661461470886558], [0.09224737574015385, -0.7012477233180654, 0.028744286418261433], [0.10434942072485831, -0.763739005867623, 0.01769357278508754]], [[0.18390233506957765, -1.6068087050347044, 0.309668444705562], [0.19057449456143094, -1.5301540230424706, 0.302427010548429]], [[0.26605565515567614, -1.6168474397132238, 0.32281047640689264], [-0.07755579141345992, -1.4059988317470251, 0.1722284918685415], [0.07678284585328865, -1.1063544900624283, 0.05667602637393587]], [[0.1232862002958085, -1.597476454206257, 0.18582801112256697], [0.026052628854128068, -1.4799562140000926, 0.1063271267414152], [0.0030657680464358794, -1.2455458134968398, 0.0914633655797199]], [[0.19918709924612843, -1.4668622084537961, -0.2020764652109448], [0.014028453085366266, -1.3858217011431073, -0.1402629719427444], [-0.003674802055512849, -1.0371487709836247, -0.21899022728776107]], [[0.13830267964785758, -1.5982064198705377, -0.23325092761577793], [0.11995711515287555, -1.5334428320251612, -0.3003522035354851], [0.08753870554161214, -1.3722661393322473, -0.2775403899469353]], [[0.14902726304033886, -1.3928998797117815, -0.7161822218248204], [0.06891995343038682, -1.376672215053231, -0.623104845300953], [-0.22770232513056876, -0.6604919513893229, 0.022707738505801545]], [[0.08027688795566834, -1.5924649307584666, -0.7526576688008548], [0.05105810416409162, -1.5656670524258245, -0.6819946930910832], [-0.2378428898029945, -0.8411002739215874, 0.03117998661106558]], [[0.06768533998689202, -1.3407509385829919, 0.5937198442267586], [0.038128936014193315, -1.1840392204192463, 0.5128553715099069], [0.09723537206605892, -1.2011593520599688, 0.49778325911134824]], [[0.06590977879856857, -1.371274921177006, 0.6118385180534459], [-0.006419101466128951, -1.232756293771347, 0.5598727223410217], [0.0949992022697731, -1.2305828689908214, 0.49904231254849274]], [[0.19467092772574232, -1.6071619469597405, 0.2543192437647298], [-0.025751581279665925, -1.4429775228735588, 0.13927780930497835], [0.039924306949862265, -1.175950151779634, 0.07406969597682789]]]}