{"bodyId": "h0", "timestamp": 1641579608550000000, "continuousState": [[[0.2088913431918779, -1.3554335964352147, 0.7018445241433746], [-0.957288499814475, -2.52095213751786, 1.63025391060747]], [[0.22123034557355659, -1.1367012963516383, 0.6645187762013416]], [[0.07006962749735479, -1.3505461139576511, 0.750989688726915], [0.0504370765280473, -1.2768507034102519, 0.7494157162220252], [0.14424293692794665, -1.2958249808355895, 0.6760542766847424]], [[0.16214767147312775, -1.3191683883702803, 0.6522648180970094], [-0.02166071519948265, -1.1049537779144711, 0.5640439715933045], [0.1476631332806635, -1.0642044618017186, 0.4730837235177525]], [[-0.028049121717525383, -1.4312422714475679, 0.5834951845796763], [0.014374035466771184, -1.364911315713335, 0.5545637322712509], [0.058766267248292925, -1.3967701301290603, 0.5133991325971132]], [[0.12363494355995791, -1.2740933907226644, 0.396980551141189], [0.07462062162742633, -0.7918543158853906, 0.07919019077687994], [0.11685535635772415, -0.9418159147548578, 0.2229495125793599]], [[-0.06520732859481015, -1.5547389154880709, 0.3222311521525718], [-0.01828845636069465, -1.467486574260215, 0.28702810315973526], [0.011421239299693964, -1.4333435832361154, 0.2891883528653383]], [[0.18031154127927396, -1.120309777082961, 0.34182045456637966], [0.06640491731139764, -0.7593607925344625, 0.06617534804856717], [0.10480741187164555, -0.7643518172527627, 0.016963019658252643]], [[0.19627296156769425, -1.582278749616216, 0.32603300505610444], [0.16393266681403995, -1.5363417979517533, 0.3310425197522422]], [[0.2603687980949194, -1.6032896051006562, 0.32247783686745635], [-0.08007854809743598, -1.4184067069104123, 0.17428626269771197], [0.09171637220978979, -1.130414798034018, 0.02207031726790265]], [[0.1084461869365132, -1.5617347944261786, 0.14029535240777835], [0.03324804523345781, -1.4724798403644324, 0.09517043803092773], [-0.016282702941717853, -1.2231069464010127, 0.10440964015547416]], [[0.19037858009054354, -1.4412657631253276, -0.2278924047979125], [0.00879692978822133, -1.3916859342371368, -0.13076488772135075], [-0.02931386632963706, -0.9909190398780974, -0.17311610047836568]], [[0.13212603327410288, -1.5842197969649408, -0.24479001246603138], [0.12180458572317887, -1.5317438508203933, -0.30368158175238813], [0.08505996738341381, -1.367530189677414, -0.27266066177579096]], [[0.15513915268708656, -1.3936664572473256, -0.6787094735815573], [0.07367854134273344, -1.3834412149015904, -0.6207065291245302], [-0.23761822964318513, -0.6420558724621497, 0.03885759289253887]], [[0.07843304566381548, -1.5885040971177022, -0.7612499193565587], [0.047093378375873796, -1.569380789685969, -0.672572824432123], [-0.24306206870571823, -0.8293850155349247, 0.026283255736172517]], [[0.06737724619835894, -1.3399376246887305, 0.5931762036918997], [0.03816823672732417, -1.1839600999836453, 0.5129680249576642], [0.1073540835603316, -1.2173102652780696, 0.47785078238223955]], [[0.06704927487780118, -1.375205329908924, 0.6178800013383429], [-0.0036433398663557326, -1.2349325468139032, 0.5593038519322777], [0.10321470026447821, -1.2304872959653894, 0.4932414280574329]], [[0.1844074925157163, -1.5825121997634173, 0.23138659463761735], [-0.02341525143198908, -1.4454432736374223, 0.13472835036431985], [0.03771683463403597, -1.1767608722175154, 0.0632399787116884]]]}