{"bodyId": "h0", "timestamp": 1641579633809000000, "continuousState": [[[0.18382391902338518, -1.2656638744298885, 0.6478263735256069], [-0.957288499814475, -2.52095213751786, 1.63025391060747]], [[0.22401314419656504, -1.1742310183447073, 0.6123558835578315]], [[0.06650158913287729, -1.341317387629718, 0.7513192211584157], [0.05430055962857783, -1.2720899093800446, 0.7459103165287426], [0.11369484583288292, -1.241861524440003, 0.6986580695515003]], [[0.13958206844001486, -1.3021351992435861, 0.6348986933470082], [-0.045965522674711434, -1.1170022974885856, 0.5657063732359429], [0.12508592665158946, -1.080653383713039, 0.46784794718065603]], [[-0.048549118794499635, -1.400390572174714, 0.5349908028510189], [0.02637738562617198, -1.3498121022177034, 0.5336281772216676], [0.04565906759457916, -1.3719712901232475, 0.5289861081229392]], [[0.14797761929155606, -1.2025130185054695, 0.4037305043649435], [0.05648610524851727, -0.8195444454581722, 0.09554972302026798], [0.12700576177192802, -0.9569823980783735, 0.20770943673895026]], [[-0.032234152359260526, -1.5519305592936488, 0.28427144990889985], [-0.010256546570521108, -1.5025113596000423, 0.280818276128868], [0.004243970528156171, -1.4162455040684125, 0.30116607074039115]], [[0.18136369767865235, -1.1282252528932328, 0.35601950561400497], [0.06913769684285354, -0.7544066502593021, 0.06187730297459648], [0.09691217846709965, -0.7645188208813438, 0.019940420641333834]], [[0.20654463927620637, -1.50754620589748, 0.27674085939807513], [0.17723219733423945, -1.4817993044400126, 0.32219578663127546], [0.12743889445434453, -1.072588035254235, 0.48114990242053923]], [[0.2378795492449624, -1.5065471844975424, 0.22163567979441479], [-0.07724069283287749, -1.3666210526131368, 0.1701541651862144], [0.09422281365240637, -1.1187028399523495, 0.020727491867015946]], [[0.10607992488121132, -1.5232183977169973, 0.10828303917630988], [0.026811714872817083, -1.4698579776562573, 0.13521005854752977], [0.005445001368868052, -1.2477983384959528, 0.05890790668778645]], [[0.20730366656902321, -1.477409710627076, -0.16013019796813954], [0.03997607805830139, -1.3561510121108071, -0.17600106609770627], [0.05301271793147566, -1.1042978643142836, -0.3078949580392204]], [[0.17995025304001466, -1.5604561668413406, -0.2042979514225376], [0.13282046530991898, -1.5104266009747642, -0.2530915318187079], [0.07866348439314685, -1.2442938459446915, -0.17547577167475192]], [[0.18767826725526238, -1.5178501527464912, -0.4683226601016268], [0.05182992195393732, -1.3844559903740723, -0.5844452881870602], [-0.22669642891136643, -0.6496511466848167, 0.034488097161611386]], [[0.06183770045024073, -1.5185968815184636, -0.7585758594561413], [0.048955769280876416, -1.522688352657676, -0.6329380494416313], [-0.17635425129430804, -0.8742258593010125, 0.0017936275102523602]], [[0.02840127650892471, -1.3173483330104552, 0.5590021406188204], [-0.03284344406553974, -1.2689671925636972, 0.5804342399062135], [0.08406118987386757, -1.1918196142021402, 0.49749872033862674]], [[0.04551647482275761, -1.3512628857091502, 0.5849447480990135], [-0.009794068524269728, -1.2334071998531444, 0.5496672752288052], [0.08537249712308431, -1.2263123369181432, 0.49841702765179763]], [[0.17197973706308686, -1.51488279110727, 0.16495935948536233], [-0.025214488980030203, -1.418239515134697, 0.15268211186687208], [0.04983390751063721, -1.1832505892241512, 0.0398176992774012]]]}