{"bodyId": "h0", "timestamp": 1641579686203000000, "continuousState": [[[0.2253318707089812, -1.0756453831396853, 0.5900587475783967]], [[-0.014493724095585026, -1.1235851541655557, 0.728952231608968], [0.11006372109545615, -1.110454941099639, 0.652318593515705]], [[0.15681751562117313, -1.215108090983029, 0.7478905361460833], [0.09168374760954201, -1.2198481943262156, 0.7441599434881632]], [[0.10878163272839092, -1.2469955217248658, 0.6062230014958789], [-0.045795271960824224, -1.0982764734902817, 0.5198542924926877], [0.1245201463218063, -1.1014794593588892, 0.4120625722064004]], [[-0.027201625595874024, -1.4168816354608484, 0.5461198127603153], [0.06814647312265587, -1.348236960230498, 0.5334748880616371], [0.07401951144136176, -1.3932982766907114, 0.5122563243737439]], [[0.13573618431853335, -1.2535772924192947, 0.39483511218101275], [-0.07611735181797308, -1.06972310903648, 0.31979236836880287], [0.1131238376658541, -0.969829691083402, 0.16448139144003893]], [[0.005258086463901024, -1.571355429315144, 0.3029557915447203], [0.043317670950590026, -1.4741251097410388, 0.30096738518222277], [0.11621606496545955, -1.1483952094952847, 0.6393903581033507]], [[0.1282870765194789, -0.7972673808059509, 0.11379802948332163], [0.09656857944614117, -0.6963432661710067, 0.034057365165172326], [0.09545621777024382, -0.762793941681607, 0.022267278992915474]], [[0.114427823257086, -1.6676209685435048, 0.09457460990424149], [0.1165861118646303, -1.589750629021352, 0.10443404129878786], [1.6731329721167316, -3.3010350826664014, -0.11816583957876947]], [[0.2086769441302313, -1.3881050880933197, 0.10646206088960564], [-0.06279342982945213, -1.3472047579364819, 0.14569302455218636], [0.09457367936322969, -1.1402925077420418, 0.05388640439982906]], [[0.13495421698488863, -1.513676635311474, 0.1339517478785135], [-0.012843542898340887, -1.5031325386049113, 0.18855244076987865], [0.03488624757444425, -1.3077395852157814, 0.04577620712909214]], [[0.2136388274904759, -1.5164365350439901, -0.11892351280587432], [0.02165985784277913, -1.3683152302722166, -0.10798590548916365], [0.058835339233287653, -1.1319815939121334, -0.3259851486330704]], [[0.19973953080401208, -1.6235192201494633, -0.0715265043811022], [0.12249048841033572, -1.5291633448619202, -0.2045061891952884], [0.06756104081841197, -1.206896836563861, -0.13979424013111386]], [[0.1825697040893307, -1.4964125686204959, -0.5328210111841414], [0.060019809116543144, -1.3754991747478942, -0.5883019771973846], [-0.23812418640142596, -0.6981290314700022, 0.022546646231683343]], [[0.06021017484043867, -1.5140386542780464, -0.7667223315263165], [0.0720023049326779, -1.4996648994948454, -0.6711697091473888], [-0.14770327425502328, -0.9145347817236058, -0.049935673144456016]], [[0.03821009812811643, -1.3271543127844618, 0.5754541157244488], [-0.02499920220209151, -1.2682048327324729, 0.5764302185153996], [0.09182666897080372, -1.2051903644211919, 0.4880237691086293]], [[0.04079000356625845, -1.3319385785928572, 0.5761714071280971], [0.011175600580915823, -1.2232567168603898, 0.5266645902771624], [0.09926982888158403, -1.2473888680248004, 0.46215944829007216]], [[0.17181558055755997, -1.4508908617023968, 0.12020690438405957], [-0.03781848636389651, -1.4251686482706964, 0.1671227326610325], [0.06472996346883697, -1.2240160464789116, 0.0498313057644606]]]}