{"bodyId": "h0", "timestamp": 1641579690156000000, "continuousState": [[[-0.25114273207135096, -1.1886438476894505, 0.7220170546711313], [-0.925721393254165, 0.584580779915331, 1.75239792845532]], [[-0.11415500779511045, -1.1215007939287884, 0.7510594339288903], [-0.06275745675447408, -1.0045039301237824, 0.6995355826874368]], [[-0.16136109221594064, -1.0524380919480878, 0.6947994582871398]], [[-0.012540712367256901, -1.0062390500128062, 0.5749820267444201], [0.004837184166787467, -0.9060876039779505, 0.5437642045705837]], [[-0.28873003956932974, -1.2113590297395296, 0.6827683368212891], [-0.2681843728876955, -1.0629570728552993, 0.5284620446496862]], [[0.06608716448884439, -0.923895810288013, 0.2631291587391873], [0.10874598176436612, -0.9205126233633312, 0.17822722442183547]], [[-0.6614567517971232, -1.0089699159545737, 0.37168118503628667], [-0.4715266899805396, -1.1171344628163673, 0.3833760017157779]], [[0.12354955211457935, -0.8308680490138052, 0.11579206585691315], [0.09521714508859325, -0.7500339551088031, 0.025590415001514044]], [[-0.7795703155410674, -1.2576290010564046, 0.34139229326084486], [-0.6454184865228114, -1.2265042414327212, 0.371822591168415]], [[-0.1429746680992905, -1.0414070996473077, 0.031820633198984094], [-0.12063677640030446, -0.958094788053836, 0.0066908917090897635]], [[-0.3451622657788437, -1.1612681984589883, 0.11090411433170777], [-0.3140137938249704, -1.0235434488526598, 0.009201573260120277]], [[-0.10475606236832669, -1.1673680663329113, -0.23358287854376547], [-0.25233132564242966, -0.6963489345738494, 0.0026959864438004244]], [[-0.3664215040347837, -1.1604271213002626, -0.3399964619873119], [-0.35737353961113827, -0.9978543344387723, -0.26617938253148854]], [[-0.10944940219841826, -1.0480626626784928, -0.7612051094462311], [-0.21714298299785506, -0.8012402975042479, -0.47820503635570377]], [[-0.32207417528685733, -1.0988559801673052, -0.7282367175817943], [-0.35870518438062404, -1.0050518660224312, -0.6980471972628657]], [[-0.15168104715560904, -1.1162757302577992, 0.6298002019366011], [-0.12963952993694772, -0.9853808370961381, 0.5348408728627404]], [[-0.15063537596829332, -1.108799039876168, 0.6288751817828546], [-0.131673594360454, -0.9845223384166248, 0.5361131246101349]], [[-0.24406846693906709, -1.1013376490531481, 0.07136237376534593], [-0.21732528511263743, -0.9908191184532479, 0.00794623248460502]]]}