{"bodyId": "h0", "timestamp": 1641579691228000000, "continuousState": [[[-0.22334439376106996, -1.1766575360878024, 0.7758563535056575], [-0.23204431093756916, -1.1239796161028281, 0.7527345969968637]], [[-0.1128018150585895, -1.0713697252224603, 0.7814674857077115], [-0.14750497207500224, -1.0810347579828103, 0.7712303550325346], [-0.925721393254165, 0.584580779915331, 1.75239792845532]], [[-0.2759586710772063, -0.9986132358968409, 0.7063524233384746], [-0.18085081064776154, -1.0581051509640946, 0.7326658984420757]], [[-0.043899814812454474, -1.0270945616684128, 0.554830962127808], [-0.11556589187390776, -1.0766389252120447, 0.6080419482155097], [0.005045333079488956, -0.9440975644990479, 0.5265939472300911]], [[-0.35151375492283554, -1.1568847947246885, 0.6118222230438592], [-0.36573396053255447, -0.9802673264403823, 0.5007014882048177], [-0.2787796690868455, -1.0726295195455813, 0.5330859078837908]], [[0.05711877092401574, -0.9196011376640172, 0.2573295286483712], [-0.08426247205466442, -1.0951912567780584, 0.39671652462532525], [0.10343209261864983, -0.9197395669801661, 0.22602098285360284]], [[-0.7465982278670589, -1.0065805529412248, 0.3098689891243378], [-0.6049171080603785, -1.112429550871174, 0.4064714344141005], [-0.45802604821865656, -1.2092937329298554, 0.382161542075649]], [[0.11304635559009929, -0.8252851764401814, 0.11800914895179204], [-0.10127888297447907, -1.1574045590237414, 0.2490372132055545], [0.1084595847279024, -0.7689978810043601, 0.010668805037796103]], [[-0.8055982467499596, -1.3288290196581605, 0.35673887373264357], [-0.8023050830458809, -1.3242413538827726, 0.37064769480636484], [-0.6807155940591458, -1.1985109182678397, 0.4271373308211077]], [[-0.12636898748217118, -1.145698234335269, 0.02775816639635975], [-0.1537036897681321, -1.1950840860096728, 0.0617457454567194], [-0.1118686646863627, -0.9800965606484922, 0.031888995759187466]], [[-0.34746021779766756, -1.2072417744312565, 0.03296354249908573], [-0.33584548605996, -1.1581822239617556, 0.0440647823316862], [-0.2845357565933525, -1.0793180934121855, -0.004708657556149465]], [[-0.13328050304642047, -1.1756747982166749, -0.36524194803273335], [-0.24146581917760224, -1.2778311305080003, -0.26886483558192187], [-0.1931253281888372, -0.9556449543120518, -0.012540163159564965]], [[-0.32397397468583256, -1.3627041351826266, -0.305684999531193], [-0.33885466141274667, -1.3591317291849552, -0.2736630983816928], [-0.3025638024755366, -1.1894563991259832, -0.2271877025125515]], [[-0.19530649533933042, -1.1730179408675943, -0.7471825697800822], [-0.3176875753813495, -1.325436048945213, -0.4436693271590343], [-0.31861048217637755, -0.7892595319008184, -0.013350740479125989]], [[-0.3179769988524028, -1.3728874351618432, -0.7554474383069449], [-0.29307565087072485, -1.3982526286784787, -0.7228953793377256], [-0.32318786807062716, -1.171751625996377, -0.5972831237807801]], [[-0.17854848991223, -1.1336980956124185, 0.6237752492864288], [-0.24270189318198, -1.04247940329668, 0.5726177673462698], [-0.1461537899758314, -0.9964850256771554, 0.5397054520024636]], [[-0.197706784867645, -1.0919896781965508, 0.5833265925858336], [-0.2406499262032311, -1.0284531258262135, 0.5543717182101637], [-0.13686716800367826, -1.0083635420223147, 0.529839927556941]], [[-0.23691460263991937, -1.1764700043832628, 0.03036085444772274], [-0.24477458791404605, -1.1766331549857143, 0.0529052638942028], [-0.1982022106398576, -1.029707327030339, 0.013590169101519]]]}