{"bodyId": "h0", "timestamp": 1641579701412000000, "continuousState": [[[0.577970571949979, -2.70997755829808, 1.61535901844717], [-0.3066664629755559, -1.1219915834516332, 0.694709935902379], [-0.925721393254165, 0.584580779915331, 1.75239792845532]], [[-0.17889929351788825, -1.1418571569904437, 0.7514323110661252], [-0.17871382346855902, -1.0964424611365504, 0.7320973350352187], [-0.11616818725498079, -0.9567574140778757, 0.7224210203109757]], [[-0.3456550415445657, -1.0535450226707446, 0.7335932394745599], [-0.20167458764370816, -1.056262726125293, 0.686643385900808]], [[-0.060247136066770235, -1.0212743345230204, 0.5471520810694788], [-0.08972868767348596, -1.0143054125844337, 0.5466466951143834], [-0.025525398072731686, -0.9178633432988306, 0.5438639186723847]], [[-0.3843177573571235, -1.1154960838242327, 0.583115848920122], [-0.4090848585348774, -0.9974527989389252, 0.5253895084197446], [-0.3025504377127137, -1.1224520922641095, 0.4910702553154773]], [[0.03318994217392224, -0.9850832146091959, 0.35269459178342655], [-0.07715352660568242, -1.0821243332816501, 0.3777829187727504], [0.08482759957405772, -0.9019107653109251, 0.22835611679397982]], [[-0.7363397693822569, -0.9963281460880236, 0.28862328565177786], [-0.6137692810996822, -1.1125423760147037, 0.39699782245637194], [-0.5282862553677883, -1.1633739759092698, 0.3830998713790752]], [[0.11184225909438755, -0.8511327103007802, 0.13578436716469078], [0.16248497736357437, -0.7685130365926465, -0.15724890538056746], [0.098042651874237, -0.7553230567803142, 0.028279579828228485]], [[-0.8420395875553675, -1.2778197129319522, 0.3332288126361056], [-0.8231467034400268, -1.2535009512731796, 0.35476019022881333], [-0.7519743625211822, -0.9766904961388758, 0.5892025692557589]], [[-0.12503489309180205, -1.1667958806566683, 0.04565147126589464], [-0.1507710317316796, -1.1822484876420778, 0.07867954147660017], [-0.12138842233678193, -0.9586241643300357, 0.026138403215582917]], [[-0.33075378837103087, -1.2193113390787333, 0.05977693455475608], [-0.36115004179295995, -1.1695655595897863, 0.07366010198291217], [-0.30505711222154785, -1.047037383689946, -0.026522565056773972]], [[-0.12762592042975496, -1.1872517423486804, -0.36301433243484516], [-0.2061643517413818, -1.208856982406228, -0.26411643167525556], [-0.1516750767132532, -0.9230378274415028, -0.0467051222064252]], [[-0.32529949564239435, -1.32982407130654, -0.31538971048428355], [-0.3792021259655387, -1.3410810251865635, -0.2395709489487321], [-0.3530078535102812, -1.1397176591581202, -0.18010163640395827]], [[-0.19994516344263147, -1.1635326362173488, -0.8084114236800755], [-0.29103800987565986, -1.312031092090838, -0.31447095569675176], [-0.2523260935862005, -0.5979712873825821, 0.032815954857281615]], [[-0.051077022469179445, -1.1675226524187197, -0.5844782474384445], [-0.1369571732624162, -1.203112781425424, -0.44153437761282444], [-0.32439533543289467, -0.7728054074148352, -0.09892687401789302]], [[-0.20300351596674182, -1.1125569663263564, 0.6068954550823871], [-0.2873609100601888, -1.0762050403934347, 0.5897021253920913], [-0.17677690132704704, -0.9920869155627461, 0.5351183541241857]], [[-0.22228244671194686, -1.0683852091736266, 0.5651339649948004], [-0.2494067731041817, -1.0058791057616796, 0.536018101767064], [-0.1640379178927227, -1.02015771778147, 0.5174670869939311]], [[-0.22789434073141646, -1.1930536098677007, 0.05271420291032536], [-0.2559605367623198, -1.175907023615932, 0.07616982172975617], [-0.2132227672791649, -1.0028307740099909, -0.00019208092059552762]]]}