{"bodyId": "h0", "timestamp": 1641579710859000000, "continuousState": [[[-0.3106838486703888, -1.1374072451694834, 0.6908291132747548], [-0.2189259534377509, -1.1156407153888903, 0.6573673764117385]], [[-0.20260736248439704, -1.1424433189382, 0.7666779508870187]], [[-0.3568651460524358, -1.0678080159426266, 0.7444597690427406], [-0.19702964618151175, -1.0355933306774343, 0.6969103692036329]], [[-0.06623994657918442, -0.97483182455292, 0.5251087218128638], [-0.025115546780178466, -0.9185342266677927, 0.5431979481384782]], [[-0.41586239460701535, -1.0122845523650503, 0.5296178308189339], [-0.29062501007606023, -1.1163830790868878, 0.49150095177059505]], [[-0.06312194380131897, -1.048628787746527, 0.36029606466541697], [0.09046413114269725, -0.8947740405134943, 0.2053676300588836]], [[-0.6117929735408373, -1.0974733470903835, 0.3772364210976018], [-0.5274243447192025, -1.1396728761498998, 0.3917377931176973]], [[0.09746786233755222, -0.7529423179218175, 0.021640996447386485]], [[-0.8283482251747114, -1.2657238446655177, 0.3546693595361803], [-0.7401304237851876, -0.9802754209726252, 0.5828521154611209]], [[-0.1442519278451988, -1.171626967655404, 0.06674116723145973], [-0.11505820166138636, -0.970858590582526, 0.02213898947312254]], [[-0.3426715022952078, -1.1464030608150855, 0.04980031512908378], [-0.2925799150491051, -1.0386055056454966, -0.0233893169261441]], [[-0.20711748283644682, -1.2131914867489215, -0.24772170699845408], [-0.1619644665762594, -0.9187037518077746, -0.038381850289928465]], [[-0.3716875256863513, -1.3258100314291246, -0.2642438719395721], [-0.35095510880395353, -1.1459037138764698, -0.18704102494480002]], [[-0.2623121340418475, -1.296494150961187, -0.323725820271487], [-0.23314462907509736, -0.6631903827323458, 0.012751918333011147]], [[-0.12565177506824488, -1.1847241104593678, -0.4697494518883736], [-0.3256048771425625, -0.7875644843084088, -0.09563189505679337]], [[-0.2592108101635038, -1.0122192816276654, 0.5369249512349183], [-0.16587099231150637, -0.9999083483469925, 0.5268844336942948]], [[-0.24105117059309988, -0.9935581884589851, 0.5273632763158989], [-0.15787027842811935, -1.0174586528773402, 0.5173494499545366]], [[-0.2434617150702033, -1.1590150142352447, 0.05827074118027176], [-0.20381905835524572, -1.0047320481140112, -0.0006251637265107801]]]}