{"bodyId": "h0", "timestamp": 1641579724661000000, "continuousState": [[[-0.3309126590174628, -1.1879143549274853, 0.695757210803678], [-0.33001506492354726, -1.14426417203309, 0.6771354807244037], [-0.925721393254165, 0.584580779915331, 1.75239792845532]], [[-0.1832787971797054, -1.1598808950204629, 0.7516454135419144], [-0.1899907525552499, -1.122341627866982, 0.728058511559045]], [[-0.1946214766027854, -1.0413459988524922, 0.7000908160095716]], [[-0.05140818607069769, -1.0264648538000756, 0.5521748184345798], [-0.07620837614428311, -0.9929801043079454, 0.5381708507954035], [-0.030970893938588873, -0.9085773651041078, 0.5514641973654184]], [[-0.3620136191602416, -1.1658923994581811, 0.5987263437444139], [-0.40244469768941993, -1.0111597135092534, 0.5291696152618324], [-0.28752703425302595, -1.1438061354440692, 0.4730838416014491]], [[0.03676245678099882, -0.9737347217982495, 0.3466050029752148], [-0.06139194587575392, -1.059859233141426, 0.3738454362263035], [0.0831831602466564, -0.8882761700209525, 0.2397479107824625]], [[-0.7347529527487947, -1.0136417912628872, 0.28024884980585063], [-0.6021951478326995, -1.0781308443753967, 0.3567580382471929], [-0.5161617603086941, -1.187895227041491, 0.3535886534360573]], [[0.1159402655636278, -0.8669322744557317, 0.14824712769274506], [-0.029126196572259455, -1.0623417323036115, 0.382917990583854], [0.09789951002981279, -0.7535980921013947, 0.020965026223389582]], [[-0.8278288731874152, -1.2938584869257064, 0.33835564194183965], [-0.8234292416810266, -1.255544710105356, 0.3408994213594666], [-0.7004402971469599, -1.1138835580425817, 0.4685564285141266]], [[-0.11647611367445132, -1.1138799261286985, 0.02715092042427103], [-0.13885476452994971, -1.1755788716515596, 0.0658662071628151], [-0.11967184393584251, -0.9486001287314438, 0.063175634508567]], [[-0.3454333829051148, -1.17969010145608, 0.04308711288554412], [-0.334280945849728, -1.1311123510988512, 0.040809149047748905], [-0.27520978884620506, -1.0636125318642193, -0.03336901262500458]], [[-0.12206421281309288, -1.1992690065765517, -0.3477815420618029], [-0.20160604012289984, -1.1990065205728324, -0.28845929847040397], [-0.15670240969393867, -0.9133747214459794, -0.03520495788173217]], [[-0.3156776013477951, -1.3436801721115232, -0.2833582301029389], [-0.36665094443135304, -1.3328544721993518, -0.25028800678014385], [-0.34883989002135507, -1.1520954862428736, -0.19392473250274234]], [[-0.1952132328921029, -1.1736333896501439, -0.7775304136680765], [-0.149381844193053, -1.206443361496624, -0.4390974324962291], [-0.23572470160339098, -0.670656915983008, -0.0038678281046303775]], [[-0.049118111108229834, -1.1718530234920868, -0.5777857881059671], [-0.3327259983629288, -1.3599565092282484, -0.290667208757482], [-0.32553740154172717, -0.786819719257768, -0.09474276383078761]], [[-0.1912444858646123, -1.1222466777678115, 0.607516700896858], [-0.30501447600965015, -1.126886566624739, 0.6234189875954628], [-0.16581620620820803, -0.999997634506439, 0.5270782460795964]], [[-0.20671090261546965, -1.0961786266291282, 0.5754505810894969], [-0.23932653691685152, -1.0020699089085994, 0.5336702330286179], [-0.1592489640958074, -1.0261917502740885, 0.5122740194834338]], [[-0.23095474828978307, -1.1467850137923894, 0.035119016654907576], [-0.23656785518983886, -1.1533456113752054, 0.053337678105282005], [-0.1974408163910238, -1.0061063302978317, 0.014903310941781212]]]}