{"bodyId": "h0", "timestamp": 1641579307318000000, "continuousState": [[[0.4501100291180903, -0.8146022800538475, 0.560410963919753]], [[0.577970571949979, -2.70997755829808, 1.61535901844717], [0.2626775958826353, -0.8190991863058477, 0.7522794703242439], [0.35906360119900427, -0.842542803226859, 0.6816505117303632]], [[0.4437827130774657, -0.8624101668482218, 0.7145263543735398], [0.3795242261588072, -0.9180408146161789, 0.7741196328722662]], [[0.1385444819948865, -0.9710139605282688, 0.6268516791682992], [0.15334489371653737, -0.8628756729758318, 0.5640344533318569], [0.29301030047857535, -1.0417373297727839, 0.40747001759976964]], [[0.5011948261237027, -1.038200080836258, 0.6140791307185527], [0.45959309159299444, -1.0296230194261542, 0.6189697549159991], [0.3620499905587834, -0.8816431953407342, 0.6047671979779288]], [[0.21536637872623232, -1.1499319601913707, 0.5319600242802065], [0.09392182137185356, -0.9264058716718513, 0.3367446250925279], [0.23079460302207888, -0.8902559497472807, 0.19028268018915373]], [[0.655607308536094, -1.1254536069957959, 0.36679359064603867], [0.6934471332996639, -1.0688851568521314, 0.2969043998711267], [0.6206626041795402, -1.0025294912004457, 0.33018206722102983]], [[0.14339797599899995, -0.9506398884458098, 0.20679380297351768], [0.24887725196665733, -0.7248009511701335, 0.046155400098532695]], [[0.7947870264877499, -1.1484559484484151, 0.15023463448015306], [0.7832233315461559, -1.1148232292419988, 0.1904523108742302], [0.8206431750059928, -1.0746500346305488, 0.036841665607344254]], [[0.22828905053190562, -1.1670286335191038, 0.1267640340941627], [0.186337602360799, -1.0402989632667154, 0.09899889744038415], [0.19824532452866794, -0.8502683298347867, 0.0360952946252604]], [[0.4474328841408832, -1.1579381880600295, 0.1383068850512439], [0.3783187545351836, -1.104135856970881, 0.10516406529986111], [0.42497987992261144, -0.8484488492107879, 0.04451800751046564]], [[0.24005779901604618, -1.0757920436394093, -0.18553661354322637], [0.2208128937314311, -1.0021150583752831, -0.31654386927022005], [0.03341099831064365, -0.4886935571858382, 0.03328042948188514]], [[0.499884520813315, -1.0969738138809115, 0.039141649110038035], [0.44101252675445624, -1.0319719681430786, -0.29185767666249607], [0.32373283574173706, -0.4726214124614567, 0.02778795449435234]], [[0.2957028035791568, -1.0788694977650835, -0.6962870694445287], [0.2655088036521589, -1.020044623771933, -0.6877667948289647]], [[0.4763223833068908, -1.0833512900157083, -0.6806386222027418], [0.4406228253928681, -1.0791975308803943, -0.6552201857068174]], [[0.3277939198634017, -1.01273971770364, 0.6306370803079893], [0.26384122929364695, -0.9977833940365126, 0.6258097707430925], [0.3218668748427479, -0.9236703443676917, 0.5330547151733056]], [[0.3198696540592946, -1.0046070206822635, 0.620465404943426], [0.3064689926547659, -0.946249346200993, 0.591502104123928], [0.32753014551867937, -0.961690262556759, 0.5061186077888492]], [[0.3378609673363944, -1.1624834107895667, 0.1325354595727033], [0.2823281784479913, -1.0722174101187982, 0.10208148137012263], [0.3116126022256397, -0.8493585895227873, 0.04030665106786302]]]}