{"bodyId": "h0", "timestamp": 1641579784559000000, "continuousState": [[[0.577970571949979, -2.70997755829808, 1.61535901844717], [-0.925721393254165, 0.584580779915331, 1.75239792845532]], [[-0.09913224150346112, -0.9235265927480809, 0.7410340374267925], [0.027036859102866906, -0.8996218418274673, 0.671944441616111]], [[0.05941783631608716, -1.0205354974553822, 0.7531792533808983], [0.017692365517607778, -1.018304127394267, 0.7719498753148404]], [[-0.20617819599573628, -1.0620605817796875, 0.6030265926769729], [-0.21963543672407582, -0.9451989048090281, 0.5302128864656417], [-0.0979636143571595, -1.0291571216156183, 0.45736182032232753]], [[0.07194343254149316, -1.067793311569389, 0.5424703550476238], [0.12635966464957582, -1.0696561775392985, 0.5424791175132806], [0.04199330844149474, -0.8992451697479181, 0.6610623753501423]], [[-0.17387817525491533, -1.130210041100489, 0.44026391100814943], [-0.21888150047820587, -0.9824101641149756, 0.30855999174561544], [-0.06616482843637739, -0.968566851700285, 0.14103272329693461]], [[0.16516955721454524, -1.204192777934966, 0.3286959486705947], [0.17308870446959346, -1.1831535112734137, 0.3232963297998239], [0.1251235486285931, -0.9836601493646489, 0.39432718373314013]], [[-0.02840551146048842, -0.7708240752087778, 0.025786422244034934]], [[0.28983439879967743, -1.183752666137952, 0.09303387322667889], [0.2796370797894199, -1.129004710395042, 0.07737769740420686], [0.2541564682128483, -1.034454898340114, 0.0970722396980761]], [[-0.06896658842387182, -1.2022926384514299, 0.09968779742751344], [-0.11396990691576625, -1.0556401534189908, 0.04088570945091674], [-0.08922814419096692, -0.8948348002443289, 0.17541623314917754]], [[0.1339612612124632, -1.2786745743772987, 0.1878213868399674], [0.04370559100455851, -1.1985055588114977, 0.11101071909660232], [0.09502638005183517, -0.9231084437476198, 0.16202088980540474]], [[-0.032895890079578605, -1.1107253998931244, -0.36249261153552403], [-0.06249924027152942, -1.1150723515958574, -0.307642253839723], [-0.06475025975085957, -0.8231637594096195, -0.06142326206668103]], [[0.13049563699173794, -1.1226536277277235, -0.32054949776339225], [0.097727933298968, -1.117622632474978, -0.33954787617766313], [0.011308394737035377, -0.7583966382127192, 0.031427628324643075]], [[0.03717226772437787, -1.1785614890230611, -0.6603553016192383], [-0.010922851298472258, -1.1086652228123377, -0.6818582336943037]], [[0.10439577301927605, -1.1387663501824996, -0.740253903101179], [0.06693775735485596, -1.1370759745090662, -0.685286803898979]], [[-0.0432130907797188, -1.0852698325642645, 0.5854911785724557], [-0.07556500539740696, -1.0540419064164797, 0.5725584778199959], [-0.01497049964478292, -0.9941510520638918, 0.555600595891157]], [[-0.06711738172712156, -1.0649269466745381, 0.5727484738622983], [-0.04663788603725, -1.0074275411741633, 0.5363460019894611], [-0.027985152957832382, -0.9642011456817683, 0.5592120978362349]], [[0.032497336394295695, -1.2404836064143643, 0.14375459213374042], [-0.03513215795560387, -1.127072856115244, 0.07594821427375953], [0.0028991179304341252, -0.9089716219959744, 0.16871856147729114]]]}