{"bodyId": "h0", "timestamp": 1641579805932000000, "continuousState": [[[-0.925721393254165, 0.584580779915331, 1.75239792845532]], [[-0.14320779898093128, -1.0976323348579107, 0.8299448078601348], [-0.18171054860692815, -0.9683332211750739, 0.7488879496198231], [-0.0614803296492612, -1.0193682284988161, 0.6836270799451509]], [[-0.016489575073894536, -0.962738349747462, 0.7639905672549174], [-0.00636140764759785, -1.0038894301644925, 0.742123468528517]], [[-0.21289094763129723, -1.064892489676808, 0.6248750543025636], [-0.24509973487040693, -0.9002871362350595, 0.5211158785128669], [-0.11732323918745768, -1.0075859034590846, 0.49300188484205876]], [[0.08655310063076077, -1.098705824429681, 0.5719080914940227], [0.07959680828408544, -1.0790167074999437, 0.566987992547457], [-0.925721393254165, 0.584580779915331, 1.75239792845532]], [[-0.15346716301088204, -1.108511259016488, 0.4257042847482648], [-0.22432188542909837, -0.985589700902264, 0.33047096901291084], [-0.07583270251384322, -0.9404386366565762, 0.20431780445025582]], [[0.14943700711081548, -1.1565601795462164, 0.25184353545391214], [0.1568817278979402, -1.1896179327025398, 0.3011230130923497], [0.1080094817137156, -0.928136536845405, 0.394411945268923]], [[-0.20261279411771227, -1.0261555198880556, 0.2992195674664848], [-0.02927863014847798, -0.7696386091567256, 0.027348068743069387]], [[0.22573604223516153, -1.3037935795611466, 0.1025844690719242], [0.1909825893827013, -1.2886274704641372, 0.11345382804526483]], [[-0.10209046185272497, -1.108165653750691, 0.029022717097762163], [-0.12511061083775699, -1.0608628841021195, 0.05249762318739348], [-0.10388052642921686, -0.8487726495485095, 0.15752936332301215]], [[0.10281294683219905, -1.1882812551594557, 0.12589056734642856], [0.0360056983040804, -1.1637716702551475, 0.11225463716711381], [0.08641099055423207, -0.8762345596405123, 0.13868381373749417]], [[-0.05841050311565743, -1.0743279569222102, -0.3747262610662192], [-0.058492808289265064, -1.0955872447233268, -0.31629166895397365], [-0.1893616359782495, -0.7065133729976987, 0.0006423147622580672]], [[0.16249147365132677, -1.2846943116690994, -0.0640224364217088], [0.1209911763626157, -1.0743868202403983, -0.38072950439897824], [-0.05894179373776165, -0.6993854777000765, 0.007729673049585717]], [[0.012386019811364446, -1.1646309591130901, -0.6794265180129422], [-0.019389408661297347, -1.1049530345459653, -0.6772709169940083]], [[0.10391618951270942, -1.1366722296227354, -0.74245980786743], [0.06862008593707758, -1.1355947272076947, -0.6740761596455911]], [[-0.01809791163127178, -1.1542238703399519, 0.6428650080925613], [-0.08128946575725382, -1.001886555020181, 0.5447838287791835], [-0.028485489853263157, -0.9580860677626261, 0.5811987870473637]], [[-0.06316892350026823, -1.0817991570532444, 0.5983915728982931], [-0.08275146329316074, -0.9896519218675016, 0.544051935530162], [-0.5215223162208114, -0.21150256177187682, 1.1226999066486893]], [[0.0003612424897370403, -1.1482234544550733, 0.07745664222209536], [-0.04455245626683829, -1.1123172771786334, 0.08237613017725365], [-0.008734767937492394, -0.8625036045945109, 0.14810658853025316]]]}