{"bodyId": "h0", "timestamp": 1641579806937000000, "continuousState": [[[-0.925721393254165, 0.584580779915331, 1.75239792845532]], [[-0.16200800631483503, -0.9564795801071251, 0.7761361830572981], [-0.027640807134476253, -0.9622463223920595, 0.7077478341193882]], [[-0.01995628285039719, -1.033255765053616, 0.7905724767407951]], [[-0.22822791389005637, -0.9095620810082861, 0.5249528743604543], [-0.13743801372583286, -0.9536574037655343, 0.5339265380402138]], [[0.1092996305361208, -1.0490460772441415, 0.5414384062274622], [0.09224388672530393, -0.9051172698336882, 0.6380487918739881]], [[-0.19961901318674347, -0.9450588718807684, 0.2845498433281095], [-0.07529054471913343, -0.9402722372938668, 0.20442936957757984]], [[0.20828852866673586, -1.1334466275455943, 0.32209874239747394], [0.13885575287110863, -0.9441255698720716, 0.41698312940417814]], [[-0.03130054985689057, -0.766453878664036, 0.030989913226749266]], [[0.24439954544283582, -1.1800931606197966, 0.11856067911220869], [-0.925721393254165, 0.584580779915331, 1.75239792845532]], [[-0.13419158435882794, -1.077225609177024, 0.0697580472441226], [-0.11348619874884835, -0.8487272501786716, 0.19706285903705845]], [[0.05498046953973468, -1.174534907660108, 0.11644685293130452], [0.09149177872827541, -0.8871664947982453, 0.14637319782384983]], [[-0.05125807911873559, -1.0824785989142665, -0.34500750952197623], [-0.1502332694716224, -0.7536464545992155, -0.010448878204945666]], [[0.0758271872516465, -1.1351472431584892, -0.29652269526169994], [-0.056153325299203916, -0.7294608768167867, -0.0063514141129183965]], [[-0.016462104779094933, -1.097435590909998, -0.7152797161718837]], [[0.06003967284527145, -1.1471471450105726, -0.6549220501540847]], [[-0.09895668742941244, -1.0461915816200438, 0.5798439391135561], [-0.000783110275430432, -0.9785180317479051, 0.553962591471505]], [[-0.059464141676967786, -0.9793040791262138, 0.5331956402939583], [-0.02259706350026447, -0.9293873367996113, 0.585987664957101]], [[-0.03960555740954663, -1.125880258418566, 0.09310245008771356], [-0.010997210010286473, -0.8679468724884585, 0.17171802843045414]]]}