{"bodyId": "h0", "timestamp": 1641579826501000000, "continuousState": [[[0.18889996413296162, -0.955434180580887, 0.6640450199069929]], [[-0.11422124194934224, -0.9539444758088933, 0.7639625980452338], [0.052999786537829, -0.9409111626760556, 0.7238546607723693]], [[0.0036729533637887, -1.04392649586693, 0.7525538757836379]], [[-0.2343119748913105, -0.8926195567751953, 0.5496974223963826], [-0.1363597359821248, -0.9416259830338747, 0.5415907262044539]], [[0.10040618421585668, -1.0488920787352198, 0.5371599434339791], [0.06976025771985828, -0.9542652248744086, 0.6297518389824915]], [[-0.22589212061882702, -0.9829360838791927, 0.3549120413023974], [-0.1168907083093822, -0.8653913378348378, 0.27201510173993526]], [[0.1735327236195805, -1.1908837258872145, 0.2928418746709436], [0.10961769255477727, -0.9528115354897746, 0.4444062044692645]], [[-0.03232953018626805, -0.7634669467851211, 0.025096058084531636]], [[0.3330071946356311, -1.0714534739248813, 0.3348584839601654], [0.3678194454171988, -1.0443669101459097, 0.2484345299479127]], [[-0.1277966017994666, -1.0651804875847368, 0.05746746689636928], [-0.08423954526185451, -0.8271805597675062, 0.15176209384537165]], [[0.03797641575624522, -1.137474550368361, 0.09368684172639852], [0.09381512424347416, -0.8891637700378991, 0.13454684529766237]], [[-0.06127471994303413, -1.0998468741178524, -0.3096923365483497], [-0.09650624014325071, -0.6317998115954149, 0.003869785004343984]], [[0.10686451658806684, -1.0935601651642217, -0.35409288549852014], [0.00827861087967574, -0.7359677214843267, 0.0075845854791696254]], [[-0.018308055713805782, -1.103380949101557, -0.67973752566953]], [[0.06253181035245436, -1.1428152509886358, -0.6749461335566613]], [[-0.03427229424661016, -0.932673307221022, 0.4920921806396892], [-0.02136972704144824, -0.9705923929100084, 0.5718808175438832]], [[-0.06695289533772691, -0.9707558177552076, 0.5434286829151809], [-0.033299739131133266, -0.9479456039541416, 0.5856712825934727]], [[-0.0449100930216107, -1.1013275189765488, 0.0755771543113839], [0.004787789490809824, -0.8581721649027026, 0.143154469571517]]]}