{"bodyId": "h0", "timestamp": 1641579853971000000, "continuousState": [[[0.05386302677384924, -0.8922081470690246, 0.7367313356555976]], [[-0.1357269692913563, -0.9574035318173229, 0.7732663262228836]], [[0.007717361026709946, -1.0441584311464733, 0.7773729603287278], [0.024843932126542234, -0.997523615830016, 0.7689782359637576]], [[-0.22959998388009084, -1.0150916167384234, 0.6041032902606875], [-0.2364092723935618, -0.8906020596462492, 0.5349721301145098]], [[0.06938919510811375, -1.0586615752705884, 0.5881990559072561], [0.11309639528604132, -1.0252380227986648, 0.5600694834750004]], [[-0.16552614297378893, -1.1333679792736904, 0.46085419024337715], [-0.21968982007064675, -0.9812897993194394, 0.3420773751280177]], [[0.19737320269082254, -1.2374768985093063, 0.3832435094360056], [0.23435455470640154, -1.1889625041674043, 0.362594543781422]], [], [[0.3015031197307396, -1.2383720850435802, 0.1387841515446151], [0.30482070157869634, -1.2130049402791134, 0.12197615940906359]], [[-0.07548247451028622, -1.1702170557438833, 0.09062148048260843], [-0.12218125370755362, -1.0577909141637745, 0.058093331244770896]], [[0.135185865091844, -1.2722135483485828, 0.22000417393255045], [0.05729012635301367, -1.149889439572604, 0.11805838139344838]], [[-0.06859873089420776, -1.092818197005342, -0.3746962802964744], [-0.05194524761779573, -1.0850553018979558, -0.32994959386002765]], [[0.11438214907742628, -1.0988014866503166, -0.3424703895224701], [0.10789455250782498, -1.0918249542021357, -0.35644244485190457]], [[0.013867606220212547, -1.1657403530911934, -0.691701127175351], [-0.01690457116554689, -1.099899609834264, -0.6982415436937801]], [[0.10152312095092841, -1.1282092697359356, -0.7553944063438391], [0.07940595222809921, -1.1197684111590005, -0.7135614221762798]], [[-0.04860527025912298, -1.0800814517124666, 0.6246045264168365], [-0.07292607001812479, -0.9947055276609889, 0.5674614449792439]], [[-0.08010539438598854, -1.0368765960045059, 0.5961511730839718], [-0.06165643855376024, -0.957920041222457, 0.5475208067947551]], [[0.029851695290778885, -1.221215302046233, 0.15531282720757944], [-0.03244556367726997, -1.1038401768681894, 0.08807585631910964]]]}