{"bodyId": "h0", "timestamp": 1641579855177000000, "continuousState": [[[0.577970571949979, -2.70997755829808, 1.61535901844717], [0.0759544427776192, -0.8623824374918418, 0.6819499977243687]], [[-0.10382082343027277, -1.0666334079938593, 0.8195878282339264], [-0.1584180273423269, -0.9218884686504616, 0.7556121109548282], [-0.0352687615058872, -0.9612327260189119, 0.7025274636580771]], [[0.016674577754797804, -1.004071872496413, 0.7880920379333964], [-0.032351804398694894, -1.0056445032871433, 0.7723896437196602]], [[-0.2128927606522804, -1.0492455193841081, 0.6099898291298844], [-0.2379677680320651, -0.9085608853904239, 0.5439547187338731], [-0.1542977890957462, -0.9334205648080475, 0.5440037586502493]], [[0.0720684581308455, -1.0557783871777413, 0.5582427069620319], [0.057065219086966046, -1.1026802106965679, 0.6083444228158674], [0.07301443762401216, -0.8980212252525743, 0.6393018454929664]], [[-0.16816853212681998, -1.1261195418511951, 0.43947919463201957], [-0.22294213582328104, -0.9878740870793519, 0.3476180397563122], [-0.12081613051804951, -0.8570055992621056, 0.27167499175415344]], [[0.1598037214478084, -1.1265998015392504, 0.304180956976313], [0.1469953372403977, -1.1959985511484708, 0.3855216591512187], [0.10349008028891293, -0.9099288461500412, 0.4085519658062884]], [[-0.035827506943231, -0.7567754968513166, 0.02374264972625384]], [[0.2616029256558956, -1.1499039584027826, 0.05909699426093162], [0.27150549911458244, -1.1147081742995926, 0.06295069211400017], [-0.925721393254165, 0.584580779915331, 1.75239792845532]], [[-0.06325662820135958, -1.1965029767920512, 0.0975416964690059], [-0.12834406468457016, -1.0667834287062385, 0.05871274546134542], [-0.09129702218702695, -0.9053607869424034, 0.16655607739374734]], [[0.1354354942673225, -1.2666053674072997, 0.19695232771475446], [0.0636691278674204, -1.151153102056666, 0.09587054337050072], [0.06867294182407124, -0.8829873080605575, 0.19454996979433137]], [[-0.04391149864590205, -1.110064366857923, -0.3438553953045216], [-0.05811490173615064, -1.0951474495828861, -0.31718218518665564], [-0.0791648061422785, -0.7848515103081786, -0.02550493711305135]], [[0.10406158976530688, -1.0914187318014468, -0.3564770401299602], [0.11372616769090316, -1.0843074221807614, -0.36709006665740085], [0.04961376659095329, -0.8054792491872032, -0.0015635729465739434]], [[0.023750694229332625, -1.170445190300168, -0.6645142114994471], [-0.01643211739434558, -1.0989079745097494, -0.7001581721412381]], [[0.10491692990987644, -1.1395623073632888, -0.7383266590898672], [0.038372199209771196, -1.1753351679817945, -0.6206100248602573]], [[-0.03537859281724076, -1.0933466717837432, 0.6135933833658969], [-0.06613672100417278, -0.9790695579932165, 0.5425189945484565], [-0.016572259661542077, -0.9636710735671753, 0.5592518303957608]], [[-0.07041215126071745, -1.0525119532809248, 0.5841162680459582], [-0.09045127447254953, -1.0056205480434959, 0.5761495707748703], [-0.04064167573586702, -0.9157208950303108, 0.5916528020716079]], [[0.036089433032981455, -1.2315541720996754, 0.14724701209188018], [-0.032337468408574876, -1.1089682653814523, 0.07729164441592307], [-0.011312040181477856, -0.8941740475014804, 0.18055302359403935]]]}