{"bodyId": "h0", "timestamp": 1641579882647000000, "continuousState": [[[-0.015557616665620722, -1.320622735276809, 0.6650262150975783], [-0.957288499814475, -2.52095213751786, 1.63025391060747]], [[0.004579709774851781, -1.1616342816397305, 0.639632934984049]], [[-0.1370653586236572, -1.350820682018357, 0.7440937043602949], [-0.15741269673503933, -1.2729240717430292, 0.7081177759335424], [-0.09142892975317862, -1.2417104504596574, 0.6899778725235268]], [[-0.05140793737917043, -1.3101405447668042, 0.6414119348446738], [-0.25437221758622186, -1.110458344233822, 0.554662209286441], [-0.03325782934378807, -1.1915852836369807, 0.377070661279993]], [[-0.3034384673921834, -1.3606904858798243, 0.49002030519693607], [-0.15739075704372085, -1.2779825860368388, 0.4680384995893576], [-0.1654404542804726, -1.3422969646212084, 0.5711747188904039]], [[-0.057858493664066035, -1.1370418882023745, 0.42572666097473943], [-0.2848847904669338, -1.3013793782031369, 0.44477278281756716], [-0.04096911344682441, -0.9924683941511501, 0.19640047976066932]], [[-0.25518971113402755, -1.5861521218967702, 0.32085992075977576], [-0.23733245272140635, -1.5130910526187018, 0.30276588421942763], [-0.11964654521244078, -1.2722620551633517, 0.36551756407310165]], [[-0.036767568050395494, -0.8458290240296731, 0.10608554585773788], [-0.03363894860062833, -0.7756683948675154, 0.0324012525478965]], [[-0.021776839427748773, -1.5454493836185548, 0.29202574830490713], [-0.05428933653010315, -1.4981758028277932, 0.30803802418756376], [-0.035831742752773676, -1.1409723173001352, 0.4450548202804996]], [[0.08080086621810201, -1.5460184227313194, 0.26564206528446443], [-0.2912793980400816, -1.4289662974790498, 0.20179621381117907], [-0.10522526146967814, -1.139000663297655, 0.05987658342892188]], [[-0.08576451794745443, -1.5338385298548185, 0.10090861986878319], [-0.18309803918413414, -1.4755079092655579, 0.11739041258731109], [-0.18578087409068833, -1.2669564051731932, 0.05334840223550663]], [[0.03512838582626332, -1.5253419217955109, -0.10088962039303184], [-0.15292506569160746, -1.3700598104644939, -0.1838907414276285], [-0.22120799565409832, -0.8946188418580121, 0.01881038205207597]], [[0.08611275587375733, -1.582050327765297, -0.29439983594838703], [0.03403269003015086, -1.5470247826219872, -0.21975603841621116], [-0.11724368720224465, -1.0630994231663078, -0.11345949185489079]], [[0.577970571949979, -2.70997755829808, 1.61535901844717], [-0.11041283601621821, -1.3919334172858309, -0.6768109589861693], [-0.32769446582744033, -0.854224729669187, -0.08004421789880989]], [[0.577970571949979, -2.70997755829808, 1.61535901844717], [-0.13740802719235323, -1.4716493207490815, -0.1336907673594674], [-0.2419089282686877, -0.6893622385210734, 0.015291419359404368]], [[-0.1826319335736003, -1.3273965468327888, 0.5613547850463356], [-0.23687452776963291, -1.2494586132958139, 0.5612196859211718], [-0.12782982388264863, -1.2390174387232882, 0.4932011649601056]], [[-0.1774232023856769, -1.3354155153233143, 0.565716120020805], [-0.20588148731497136, -1.1942204651353303, 0.5113503544378993], [-0.09934914181213034, -1.2669411241290947, 0.4741226900851985]], [[-0.0024818258646762126, -1.539928476293069, 0.1832753425766238], [-0.23718871861210788, -1.4522371033723038, 0.15959331319924508], [-0.14550306778018324, -1.2029785342354242, 0.056612492832214256]]]}