{"bodyId": "h0", "timestamp": 1641579894573000000, "continuousState": [[[-0.011012202165550988, -1.3175278882609285, 0.6713736723314507], [-0.957288499814475, -2.52095213751786, 1.63025391060747]], [[0.011264439747582622, -1.1612712151407505, 0.6460345687195084]], [[-0.14487539352273382, -1.3481421064693164, 0.7405754755000276], [-0.16459743771853386, -1.2744776906425361, 0.7119114671863893], [-0.09082099455635928, -1.2432797107451428, 0.6888819184273467]], [[-0.07747342606500002, -1.3228649316774295, 0.6408783138304199], [-0.2577411404667731, -1.1293328962006006, 0.5661274295193359], [-0.02929420673004035, -1.1836611643595587, 0.38119288071972557]], [[-0.29281288447731446, -1.3776805014101856, 0.4888112407841243], [-0.14099851248041528, -1.2847161856567788, 0.4623888846966906], [-0.16689131779622068, -1.3580180363370178, 0.5462546920569897]], [[-0.0600716605885287, -1.1487427182035537, 0.43221210033719126], [-0.05379353517026364, -0.9681625042486188, 0.21092211686362128]], [[-0.24072577352972369, -1.585884631942623, 0.31901262652960694], [-0.1949184227220293, -1.4536935414222794, 0.2247470074300757], [-0.1196831694935182, -1.2722054332387205, 0.36539327525037657]], [[-0.029144912352141672, -0.8442092911120724, 0.10783835450273838], [-0.03796576098573401, -0.7678203016782361, 0.03269157344234874]], [[-0.02662116076589105, -1.5228791869643794, 0.26113776283490653], [-0.04045221980198632, -1.4827126284993337, 0.295681748888591], [-0.03612965581806693, -1.125706983701018, 0.4631128584958928]], [[0.0741009560718493, -1.531876491482386, 0.26642625050145563], [-0.2640026757637425, -1.352595647849271, 0.13570440210224644], [-0.10746864644610699, -1.1325978064498043, 0.055698460017279405]], [[-0.08233402385763144, -1.5268582209285952, 0.10561525748348477], [-0.19656065618022622, -1.4837723198390884, 0.1355540726883886], [-0.1788508208836308, -1.2634544254733282, 0.03332055412487711]], [[0.03684369455241998, -1.4983555261601387, -0.0970710109733588], [-0.1601380125556997, -1.3922275050189417, -0.1558595306236188], [-0.20246555143074874, -0.8670719232296109, 1.802394729288892e-05]], [[0.07161886118716443, -1.5699605686493507, -0.28379782924147734], [0.03655540767068577, -1.5444241841840536, -0.21332613244387355], [-0.0954148640446848, -1.1821014055261085, -0.23417685549391298]], [[-0.010900179816469957, -1.5520258985271709, -0.32936683190983107], [-0.1024431906289367, -1.3811424064314233, -0.6989071492115696], [-0.30749892479189134, -0.6101191991227706, 0.017470828567228036]], [[-0.06527433646743486, -1.4429504523876917, -0.6444365524591982], [-0.15097475021833717, -1.479937238516354, -0.09246381037736184], [-0.321279041405372, -0.8339609344279961, -0.050812826855046955]], [[-0.18430488868996364, -1.3366810677186627, 0.5594299520918484], [-0.23347705664971397, -1.2548389417968246, 0.562154302268731], [-0.08436538581154263, -1.3373313737723524, 0.41639591009105015]], [[-0.18514315527115724, -1.3502727165438075, 0.5648447773072721], [-0.1993698264735942, -1.2070245409286897, 0.5142581571080133], [-0.09809276226313052, -1.2708396003482882, 0.46372378638835765]], [[-0.004116533892891072, -1.5293673562054906, 0.1860207539924702], [-0.23028166597198435, -1.4181839838441799, 0.13562923739531751], [-0.1431597336648689, -1.1980261159615662, 0.04450950707107826]]]}