{"bodyId": "h0", "timestamp": 1643047675593000000, "continuousState": [[[0.2884477136969328, -0.9502242623591692, 0.6150786092328513]], [[0.12117858887642802, -1.1083169138767364, 0.7287047112376142], [0.1284049852620598, -1.021072896839536, 0.689551544212978], [0.20948049904815802, -1.025844563261214, 0.644492575175059]], [], [[0.078049137030968, -1.1769023372445058, 0.5787668525292755], [0.077144643843857, -1.0109944943793143, 0.5068061213111923], [0.13769915832000457, -1.0076884785916382, 0.49770001420666876]], [[0.3569545602746335, -1.2178201035381053, 0.5640605436371409], [0.4383929289331523, -1.1378622260546263, 0.5585055521416817], [0.40475275062639193, -1.0405907632862785, 0.5262897974192517]], [[-0.021863353398650087, -0.9041424273388852, 0.2757540639444367], [0.07052883646797325, -0.8828087036739575, 0.257527016573148]], [[0.5415261260468969, -1.206792804665452, 0.3402684143902228], [0.6906483408760442, -1.1044687595749396, 0.1801021374740952], [0.5846669923572019, -1.1014692080932162, 0.2939003891970151]], [[-0.0563346908251261, -0.7747186981102809, 0.05229953991319025], [-0.025459602358091526, -0.7759256155099749, 0.03445203029772781]], [[0.7164614894215187, -1.132781092132055, 0.1459112782390457], [0.746375415638195, -1.0684619564379618, 0.05839082039582921]], [[0.1111704338596251, -1.3922138845648462, 0.07552893807258476], [0.10137894411106929, -1.2982367737723401, 0.12516094798484523], [0.07570347012032452, -1.022815965687727, 0.1621703693060368]], [[0.30542937888056926, -1.423260834275264, 0.1201581394271769], [0.2955319195359245, -1.3973833251463759, 0.14925336042631554]], [[0.1924612872864535, -1.4027789510848916, -0.23532153269958456], [0.2448040130375697, -1.3029192132784595, -0.336932982533815], [-0.037454802580456414, -0.7959078806479842, 0.01869161819257159]], [[0.45187926611299506, -1.3833612600936898, -0.26961893369463974], [0.4236090122147369, -1.3603565756492788, -0.26810840712658335], [0.14401447583944682, -0.7620561906274299, -0.010008588575218802]], [[0.25803997005872487, -1.4419798958843786, -0.7367754690520102], [0.2743293644004874, -1.4299948772380284, -0.6847097323338831], [-0.22416698895921616, -0.5297185592151, 0.014396981717248458]], [[0.4754029084747985, -1.4560451646631087, -0.7116517240588129], [0.5074324348843455, -1.4377918164984536, -0.6694829465106391], [-0.062460051364299884, -0.4859549317802546, -0.04145921510243478]], [[0.2112137129274309, -1.1665565574376382, 0.5523567747349514], [0.19495831746151304, -1.1303735529213355, 0.5679918175390339], [0.26922684245884476, -1.0194352265578062, 0.5163541564442207]], [[0.21750184865280076, -1.1973612203913055, 0.5714136980832082], [0.25776878638850464, -1.0744283602169702, 0.532655836726437], [0.27122595447319825, -1.0241396209389584, 0.5119949058129603]], [[0.20829990637009718, -1.407737359420055, 0.09784353874988083], [0.1984554318234969, -1.347810049459358, 0.13720715420558038]]]}