{"bodyId": "h0", "timestamp": 1643047817700000000, "continuousState": [[[-0.08366476866801276, -0.9265770457059512, 0.6823040141349106]], [[-0.3656161816324264, -0.9656210823046361, 0.7394875479552705], [-0.19461950453556087, -0.9616538238073676, 0.7355703430784147]], [[-0.22403545902727245, -1.0435150881996824, 0.7363276729117236], [-0.21659452354967845, -1.01648163537081, 0.7370285522696092]], [[-0.4442336910589049, -1.045084561824009, 0.5698176172882536], [-0.4410471557061262, -0.9382847550847373, 0.5072371407121286], [-0.3330618416168707, -0.9600206368093918, 0.5342185223235891]], [[-0.12237590022448142, -1.1881243508327441, 0.6205942021438353], [-0.1456803112798044, -1.0969290056969911, 0.5913329448860973], [-0.05135701849412977, -1.0082232378083769, 0.5768584648635416]], [[-0.40243531240269514, -0.9444864444658387, 0.3158672199264394], [-0.3035827872093928, -0.8521379779920984, 0.3124829649114512]], [[0.0004162552463845004, -1.2321384915240507, 0.39848526146291574], [0.052650252880011905, -1.240715687912441, 0.3926050834717152]], [[-0.21600053453964818, -0.7931653258948742, 0.03833085058443042]], [[0.04591045594799503, -1.252868220012181, 0.2515576817633969], [0.025541200315806978, -1.1802273933053185, 0.21401551735180058], [0.08154839459057861, -1.06763212229958, 0.19872302425813215]], [[-0.27817501721050863, -1.1783873966102352, 0.07872731577890812], [-0.3239106903280714, -1.0773468846630907, 0.05409250962337442], [-0.2661098669935281, -0.8615721946981645, 0.06788812631142749]], [[-0.10108210119083177, -1.210483134511203, 0.1530449191263381], [-0.13743483401300882, -1.1761904321918526, 0.114689337230373], [-0.06984213428780683, -0.8940374559655316, 0.05046114353552089]], [[-0.222407964011201, -1.1640548548892697, -0.2633312834852928], [-0.25262498065569394, -1.14758000696569, -0.28620715266457397], [-0.27283025701162433, -0.7899006648326059, -0.38216976407968617]], [[-0.09670983987686699, -1.1382918191156002, -0.31234004697368345], [-0.1267752608202466, -1.1688259104687952, -0.26863842420440376], [-0.2559586501034644, -0.4992339868918172, -0.03842213649212678]], [[-0.18067732026233474, -1.2105485044690047, -0.6813077545382877], [-0.18689354122445234, -1.1494010759657813, -0.7417716703397808], [-0.33694425246109105, -0.7536131957068612, -0.7423519950430797]], [[-0.11548408148061318, -1.1620186515828472, -0.7363158201528617], [-0.12452667165193088, -1.1885349165364745, -0.6647323069763591]], [[-0.2934693152092015, -1.0999598290068604, 0.5848044620918327], [-0.34337897964869357, -1.104443967758382, 0.6015321851287545], [-0.20951509786492395, -0.9575080742647224, 0.5649797791985778]], [[-0.2833047956416932, -1.1166044563283766, 0.5952059097160445], [-0.2933637334929653, -1.0176068803908642, 0.5492850427991129], [-0.19220943005550023, -0.9841219373088843, 0.5555384935935654]], [[-0.1896285592006702, -1.194435265560719, 0.11588611745262312], [-0.2306727621705401, -1.1267686584274716, 0.08439092342687371], [-0.16797600064066748, -0.877804825331848, 0.05917463492347419]]]}