{"bodyId": "h0", "timestamp": 1643047062074000000, "continuousState": [[[0.31422178010942176, -1.2878491897744937, 0.6389037168254599]], [[0.3423488048309239, -1.1469990528507519, 0.6311556381062826]], [[0.19217456873117664, -1.321633644785756, 0.7261573419879224], [0.17038124263600674, -1.2856905125164293, 0.7630686505935098], [0.275553067266327, -1.2415940682242963, 0.6789553902903338]], [[0.18945766417505094, -1.3067775711083878, 0.6196241299869438], [0.06613730560484121, -1.126810691130699, 0.5472680491190349], [0.21989369403483217, -1.0627823576803854, 0.48555572088572063]], [[0.08683190496742116, -1.4796782651007436, 0.6052969029784339], [0.13114362649522704, -1.3989539024297526, 0.6134952838255181], [0.2038892933282137, -1.4359123216434169, 0.5335345135751872]], [[0.2232564071221696, -1.3370415620841132, 0.5251902950723604], [0.19808309573855976, -0.8825413445752037, 0.1384758549704006], [0.23730696125146533, -0.9070097100763183, 0.24083850787206051]], [[0.09102690406250824, -1.6711182604276527, 0.40199528086808467], [0.21644022326616819, -1.5062719777658438, 0.3014788407743785], [0.11381358486234572, -1.4322404469932657, 0.4027255323016208]], [[0.2680233606445927, -0.8231797902713325, 0.0921120818264809], [0.23973138808751682, -0.7357061859742882, 0.06249903791020661], [0.2685258971757982, -0.7470903599739709, 0.030835699737181033]], [[0.3052923550145862, -1.600955527526829, 0.30974161401140154], [0.32912815088432357, -1.5408883262673816, 0.36049830631503244]], [[0.25443678542391, -1.6229688537040436, 0.30890466824599305], [0.05435987377358242, -1.361086377001513, 0.08813082717027965], [0.17684405140770987, -1.211472044486979, 0.058056632754036386]], [[0.13261876259521438, -1.5981395609070341, 0.14132728584991594], [0.09077557814910442, -1.528059614462014, 0.16032988006709892], [0.09095347656045694, -1.3358960804851536, 0.06962306105275351]], [[0.2959968107804936, -1.339672935854716, -0.2461493391676568], [0.050929838208276346, -1.4541018938350647, -0.025813975790763832], [0.23269399415807213, -1.1005853394014804, -0.23063104304927096]], [[0.15196664507168545, -1.5612444227263906, -0.3518960955356589], [0.15286184534487668, -1.5232735355105753, -0.243728720491877], [0.17105198788204068, -1.3991201433297418, -0.3957977126270724]], [[0.22482912756498602, -1.3744981700903283, -0.64133234836363], [0.16570007999577596, -1.3287397146923614, -0.609001250956402], [-0.18481928603267095, -0.5857556743010206, 0.014023421442842077]], [[0.169525194984519, -1.5343545784998665, -0.7695218287138565], [0.17708158649859174, -1.5229444074101985, -0.6655541523410717], [-0.28306765968705105, -0.688910647655939, 0.00515170258217823]], [[0.13986672425497507, -1.3989907700866921, 0.6156217643091271], [0.07116233154577245, -1.306475291795525, 0.618868216258103], [0.20673199287853194, -1.2230124165280398, 0.5183020957482434]], [[0.13814478457123605, -1.3932279181045657, 0.6124605164826888], [0.09864046605003413, -1.2628822967802258, 0.5803816664722765], [0.21189149368152294, -1.249347339661901, 0.5095451172304539]], [[0.1935277740095622, -1.610554207305539, 0.2251159770479545], [0.07256772596134342, -1.4445729957317635, 0.12423035361868928], [0.1338987639840834, -1.2736840624860664, 0.06383984690339495]]]}