{"bodyId": "h0", "timestamp": 1643047882623000000, "continuousState": [[[-0.25515827083959797, -1.2556266192786047, 0.6347786125727792]], [[-0.19885046597948686, -1.1679163854612067, 0.6628819281123699]], [[-0.3753608174927928, -1.2534208460551308, 0.6856429084189111], [-0.29574078372905555, -1.2012040243963984, 0.707852412640874]], [[-0.4851141889592011, -1.154379695561998, 0.5618203594632041], [-0.2832305786350663, -1.0644870866487328, 0.47489533811072093]], [[-0.4512848955011879, -1.4104923184878897, 0.5645593533132349], [-0.35943701078420076, -1.388225728497853, 0.540806395844013]], [[-0.23082077517051647, -0.9759024177054764, 0.23233008441351521]], [[-0.4610406577511127, -1.5435379790610806, 0.32045079609694493], [-0.363740145304037, -1.1225272570146385, 0.44852144535785754]], [[-0.22421645069216323, -0.7804179134058153, 0.034852091283100295]], [[-0.24553210947581317, -1.4769006078641218, 0.3117186244060306], [-0.19348209854489373, -1.1381237034870644, 0.4149993796680973]], [[-0.5019573910594497, -1.4909381118964484, 0.24059684470737341], [-0.27300451170435036, -1.1838062254024226, 0.06862193563996755]], [[-0.4269108339167701, -1.5361062473534166, 0.22059060563360777], [-0.35590852739902534, -1.2475412412631475, 0.09555399889407323]], [[-0.3199858438645886, -1.3458803599121794, -0.25986138765851097], [-0.24422223664807008, -1.252252157201045, -0.3715783073958695]], [[-0.11716052016720058, -1.5070411952337168, -0.2996335312984004], [-0.229447277562694, -1.2482086688045166, -0.3131575452228782]], [[-0.2914795564663206, -1.393731267331838, -0.6940435877993173], [-0.25999453807864503, -1.3409354278802041, -0.8391492593269098]], [[-0.25117527371213355, -1.3433313835453398, -0.44742954162174775], [-0.27028742889829416, -1.2136250690586354, -0.5695224361332443]], [[-0.4807184337536362, -1.3208742643994957, 0.586394715742668], [-0.34263971572200447, -1.1601673198264137, 0.5247117734562047]], [[-0.4681995422301945, -1.2824360070249439, 0.5631898563882195], [-0.3213337947096335, -1.226356407573293, 0.5078508669773669]], [[-0.4644341124881099, -1.5135221796249325, 0.2305937251704906], [-0.31445651955168785, -1.215673733332785, 0.08208796726702039]]]}