{"bodyId": "h0", "timestamp": 1643048119267000000, "continuousState": [[[-0.03895868224743637, -1.1752807481743301, 0.635005433631753], [-0.044933365998462316, -1.1683060439991952, 0.6569598142495958]], [], [[-0.1753882395835914, -1.1682296816854751, 0.712207237413369], [-0.17017923581070193, -1.1360039193980103, 0.715166812728171]], [[-0.08052248021462349, -1.1663393649856904, 0.5815685891824265]], [[-0.2704509380826915, -1.2839903535727244, 0.5248696986657635], [-0.23796802335207046, -1.2962189764432377, 0.5784916420542339]], [[-0.024661228503049415, -1.1416449853395918, 0.45421091700573357], [-0.33051636311990307, -1.1121653922925026, 0.39310929546374185]], [[-0.27547866511020247, -1.4808734378620103, 0.32406556710175916], [-0.2664225606000221, -1.4386737796320392, 0.35072185857721405]], [[-0.08569648547356234, -0.6827823729454969, 0.07636127827255956]], [[-0.06317676719594095, -1.5039597994015883, 0.24789557781684635], [-0.045585517054902325, -1.4845697260037265, 0.3106838599609729]], [[0.07900659475082938, -1.4974747137709432, 0.27891533585480244], [-0.21538318540169454, -1.2920023904393858, 0.10180741968366469]], [[-0.05159641390506686, -1.4846182575170637, 0.14896501814731744], [-0.16592360604190315, -1.4002042039714226, 0.151549465327238]], [[0.025475715919397568, -1.462513656278377, -0.05602606863335535], [-0.08868970195208492, -1.269266930623476, -0.2973610605664414]], [[0.11036991173405525, -1.513639518971151, -0.21650797676276823], [0.1140691759559922, -1.471354670498088, -0.24679901506589208]], [[-0.06095121632238343, -1.3150109256692, -0.700856500642353], [-0.07606763618039936, -1.328251294344827, -0.651278065676997]], [[-0.05000011018349859, -1.3183676232446502, -0.719572081285486], [0.018822770710516856, -1.2902806171038954, -0.472534536041729]], [[-0.18158533397084142, -1.2317706599978775, 0.5649088438206125], [-0.2857310015945288, -1.2257315261294879, 0.6001336227871288]], [[-0.1754867091486575, -1.2251648592792073, 0.553219143924095]], [[0.013705090422881261, -1.4910464856440035, 0.21394017700105994], [-0.19065339572179885, -1.3461032972054041, 0.12667844250545135]]]}