{"bodyId": "h0", "timestamp": 1643048136084000000, "continuousState": [[[-0.0480105445359551, -1.1994291260786127, 0.6453283153589562], [-0.04246666688109424, -1.1651763926958654, 0.6492833334734245]], [], [[-0.1765169984032558, -1.1798895315010696, 0.7172261112180038], [-0.17418044214696593, -1.1418916392399157, 0.7129631214368093]], [[-0.08785186789171795, -1.199653629771195, 0.6225923351397837], [-0.28430439543532815, -1.062274417643716, 0.5707711930838493], [-0.0885127397847214, -0.9590717022158866, 0.496681289908084]], [[-0.24794466959000977, -1.3266362736544994, 0.5559702897340462], [-0.23790622253188087, -1.2962010591637505, 0.5785533006816892], [-0.16179992415410538, -1.277866165389271, 0.5427984932498557]], [[-0.06585463340570952, -1.1411743777916896, 0.4913650553287092], [-0.08650732698730024, -0.8200937411037481, 0.2634822628195712]], [[-0.29885112485238563, -1.4324276654354056, 0.2759158031812887], [-0.2718245753714994, -1.4460649769430127, 0.35848544482863365], [-0.20556982373307453, -1.27277949551048, 0.3641151833575762]], [[-0.09850232252372743, -0.665836267779546, 0.061494731402687464], [-0.08085072612292654, -0.6539790045307352, 0.041231928857606515]], [[-0.05723786403422648, -1.5308823898359103, 0.2514586216592134], [-0.04611352919769596, -1.512954936002771, 0.3008822569144214]], [[0.01995976567390556, -1.3151688503730683, 0.10558213475870981], [-0.24515592991887247, -1.3450831520147941, 0.15765524355685456], [-0.09416157851659546, -1.0258293515564434, 0.08939641146642185]], [[-0.03567945609239892, -1.5377713765882475, 0.2512271626036624], [-0.16440924449871674, -1.3987087696765117, 0.1416573077827905], [-0.1716328196780449, -1.1717105195228623, 0.11356688304516838]], [[0.02924986282324793, -1.4568365587621717, -0.040531059903728295], [-0.10292318453921423, -1.297853704530143, -0.2507394889073098], [-0.18291065811840357, -0.8033761212798887, -0.01889909550753055]], [[0.1189125036544203, -1.513978216480108, -0.2343113760442126], [0.13614321015765896, -1.442394950339005, -0.2873687204989974], [-0.06573935436469358, -1.0906818447787807, -0.02282015108363944]], [[-0.05723994755024653, -1.3235619301710548, -0.7018135256556659], [-0.0779613439737663, -1.3305469860791692, -0.6470528802226585]], [[-0.00010707969349477153, -1.300613065658359, -0.4494821112327181], [-0.2508590007073015, -0.7674558434191235, -0.0019229609046839125]], [[-0.18401869020301703, -1.2399279108695003, 0.5751926210423588], [-0.2856384377622838, -1.2257057019120028, 0.60022503075987], [-0.15107727971610074, -1.0543109445115935, 0.5473023232028296]], [[-0.16789826874086386, -1.2631449517128472, 0.589281312436915], [-0.2611053089836045, -1.1792377384037334, 0.5746622468827692], [-0.1251563319694134, -1.1184689338025788, 0.5197398915789699]], [[-0.00785984520924668, -1.4264701134806579, 0.1784046486811861], [-0.2047825872087946, -1.371895960845653, 0.14965627566982254], [-0.13289719909732017, -1.0987699355396527, 0.10148164725579512]]]}