{"bodyId": "h0", "timestamp": 1643048208645000000, "continuousState": [[[0.29010560141607694, -0.9614859966299503, 0.6062262000253551]], [[0.08893985556875728, -0.9401698080221146, 0.6882255033528442]], [[0.2300348128764071, -1.027716487574642, 0.6868116619297622], [0.21451749985844726, -0.9998594380932835, 0.6960965816165836]], [[-0.006599995736947251, -1.0584085995855075, 0.5558087292698426], [-3.176257445092201e-05, -0.9309846409926632, 0.4926953966073575]], [[0.2641280778876226, -1.1910011551157924, 0.5695817710318127], [0.29635514622273373, -1.0917148987185799, 0.5539115750038315]], [[-0.062364194168965215, -0.7677895860516915, 0.23398699506865905]], [[0.3974737087990876, -1.2868995988011596, 0.29823832235766345], [0.42451048085274323, -1.2299380225035277, 0.2984734605865462]], [[-0.11677661301050213, -0.6854904873792715, 0.06824436745773821]], [[0.5859517403774221, -1.1191338294224422, 0.15561927733291747], [0.39176229051433964, -1.2357541731216497, 0.38226317936794496]], [[0.07205808658168711, -1.3293273836565829, 0.11432793900697202], [0.09982878976961795, -1.189104391429536, 0.06004417074129664]], [[0.25328524178589373, -1.4033391029925137, 0.1455889926507279], [0.2126325380932097, -1.3560834051388002, 0.1661355187649629]], [[0.2988658660685684, -1.3892935837135283, -0.06980015631917547], [0.23456168878705896, -1.2229437280484936, -0.28844242286442423]], [[0.29460520271390916, -1.3646561830185562, -0.28528983625592197], [0.2598723892611261, -1.346080203419667, -0.2221850699645722]], [[0.40115101179431284, -1.380079824266812, -0.6244418263585557], [0.37654938280774, -1.381113061273411, -0.5105958234743486]], [[0.28103450992369333, -1.356706701074158, -0.7553678226007926], [0.2658838531966712, -1.3470433776418331, -0.6615588764337315]], [[0.14665385927130148, -1.1506844061170307, 0.5699068080753265], [0.10833525109647846, -1.0607497458599822, 0.5543629117259068]], [[0.12876404107533768, -1.1247048773506498, 0.5626952501508277], [0.1481616918241414, -1.0113497698556215, 0.5233034858055945]], [[0.16267166418379042, -1.3663332433245483, 0.12995846582884996], [0.15623066393141383, -1.272593898284168, 0.11308984475312978]]]}