{"bodyId": "h0", "timestamp": 1643047213896000000, "continuousState": [[[0.004982896644786128, -1.1662101911902534, 0.6890383591485363]], [], [[-0.12938813892804812, -1.1692352572509686, 0.7400851521485861], [-0.14558601881434408, -1.0975741284906446, 0.7286103360267915]], [[0.049763217755861344, -0.9777085722889742, 0.5477279047643351], [-0.06817220098277599, -1.133021183979884, 0.6543508583395741]], [[-0.29245085273059745, -1.0738730030986194, 0.5793038502708201], [-0.2986445781077489, -0.994951199934702, 0.5626831339105813]], [[0.13493948516223386, -0.8941183474172294, 0.2997288966490326], [-0.0076584627927532845, -1.089140638969476, 0.4481622527238882]], [[-0.40438286494224795, -1.0571797829154523, 0.37737377665777183], [-0.44992326495274293, -0.9829303707899004, 0.3554327824411372]], [[0.2657084203653733, -0.7786857843211257, 0.04815798977175323], [-0.02232824937068356, -1.1359835082682774, 0.3613228835400739]], [[-0.3320876570475572, -1.176698139054695, 0.32370528581783264], [-0.35069792180731696, -1.165216358015891, 0.3336372205905527]], [[-0.01678973157451813, -1.1625063273475746, 0.10047793879843958], [-0.08466914071735465, -1.191752371671826, 0.13548078138583008]], [[-0.23953398987564012, -1.2102343157988802, 0.10990021977224163], [-0.26031578452546444, -1.1260041377421064, 0.09373104061751203]], [[0.030082214287050824, -1.116998559933144, -0.32162643317865225], [0.024958312672632488, -1.1009168843043111, -0.3504563885619858]], [[-0.2338222666605026, -1.1379533751736048, -0.3544615441281671], [-0.26201703055500114, -1.1481983985722988, -0.31219762923204586]], [[0.10665696069623681, -1.0949397692662977, -0.7842974963452205], [0.09598993111784271, -1.0971638699302093, -0.6916777235296356]], [[-0.2229903834795296, -1.0700630393690231, -0.7647570301244018], [-0.22561910926253037, -1.088084140596962, -0.7267452013903577]], [[-0.08476570355098789, -1.148521466946026, 0.6402861702739413], [-0.16249052718867518, -1.036945072030351, 0.5823510075933087]], [[-0.12134381748736806, -1.0257907876937968, 0.5635158775175776], [-0.18340838954526245, -1.063986191957293, 0.6085169961250777]], [[-0.12816186072507912, -1.1863703215732273, 0.1051890792853406], [-0.17249246262140955, -1.1588782547069663, 0.11460591100167106]]]}