{"bodyId": "h0", "timestamp": 1643047237413000000, "continuousState": [[[0.0697186711940514, -1.0743943773107736, 0.6655803127243407]], [[0.08026502949666459, -0.9669327455441139, 0.6876155242718974]], [[-0.07923202202833551, -1.1183802050997764, 0.7343945104074401], [-0.0179480154307895, -1.0528565276846211, 0.7245841427789456]], [[0.07123256064663935, -1.0149191373263948, 0.5657907215652436], [0.0930700194791716, -0.8727310601468075, 0.5362074090579028]], [[-0.28692425422333934, -1.0717820440926684, 0.5792622513333334], [-0.18481677168107724, -1.012314563070769, 0.5872683031758452]], [[0.14296510738308343, -0.9352902253890463, 0.32040145732419645], [0.19884972953855273, -0.8358595439980449, 0.255473488778035]], [[-0.6716612946218863, -0.9000257550457549, 0.27409979433597464], [-0.39428525501917977, -1.1045591745972123, 0.4443370698974072]], [[0.2673930721113499, -0.7996841108601063, 0.06468925350675092], [0.2486939424490846, -0.7147111163896207, 0.05806775434097666]], [[-0.7506136587181597, -1.1884691505948004, 0.27800223478300246], [-0.5962896764869883, -1.207829980775163, 0.3395379590492891]], [[-0.005674822650414912, -1.1502337002167788, 0.08519418587536087], [-0.03637996176004976, -0.918603925109212, 0.05568706787298394]], [[-0.22668327885327216, -1.1895178340235104, 0.07913523569214576], [-0.23219681434981265, -1.0191857723013384, 0.08297397019253538]], [[0.04620608521156511, -1.1428211940187138, -0.30931535954332623], [-0.22251738674277743, -0.610016025451327, -0.008780482810208934]], [[-0.2392741401236565, -1.124317279343662, -0.37091437885808665], [-0.3269168063222777, -0.7997454408952607, -0.09780501451197832]], [[0.11254220829643868, -1.123146366888224, -0.7418375904961667], [-0.33590365888299756, -0.39868363580056565, -0.09041930061235559]], [[-0.22334757664068516, -1.0687465124473756, -0.7662303410095315], [-0.33092868461107994, -0.8154110376157901, -0.44876553287881893]], [[-0.09858012857353071, -1.089373385136896, 0.594546004365615], [-0.05873553628481376, -0.9346201063911961, 0.5683555361446663]], [[-0.10784584678834999, -1.0433505907095317, 0.5725264864492885], [-0.04587337610095282, -0.9425228116087883, 0.561737856116874]], [[-0.11617905075184354, -1.1698757671201445, 0.08216471078375331], [-0.1342883880549312, -0.9688948487052752, 0.06933051903275966]]]}