{"bodyId": "h0", "timestamp": 1643047343675000000, "continuousState": [[[0.128448177092502, -1.2699024319428773, 0.6344689349213735], [0.11893951741006414, -1.2254321362639495, 0.664112607305791]], [[0.1478033632178528, -1.1049257332147437, 0.6758149557399773]], [[0.005765537914238894, -1.2818511876712753, 0.7070370224427236], [0.007182293100364556, -1.2467447790329864, 0.7394652027295803], [0.07662421706885014, -1.2167018409596286, 0.6804417352567023]], [[0.06251188185338996, -1.2998671771834334, 0.6330295924470126], [-0.11658939435806315, -1.1148732635652259, 0.5849379107264514], [0.06079068104694563, -1.0434141884984385, 0.493196159533674]], [[-0.10837281989001246, -1.4201365749995034, 0.5524668608714047], [-0.08275187524863326, -1.3867103570407553, 0.5869662197513839], [-0.014195200273760311, -1.3205681751662843, 0.5507926665553815]], [[0.0671322878814003, -0.8181027038839006, 0.10386867225650098], [-0.17118485312858245, -1.313852065935315, 0.5285817212329735], [0.08251110944049689, -0.9232723475806185, 0.25797597790549753]], [[-0.0904195230981178, -1.5753780348492072, 0.3185517452740434], [-0.11497879700486113, -1.5284622535035375, 0.33697730903352885], [-0.05843149642984091, -1.3847575789313993, 0.3315990991478599]], [[0.12999284768293212, -0.7752100940493147, 0.06581482584317166], [0.09463752624839983, -0.7422829604176093, 0.051062670995964954]], [[0.11862724329721491, -1.4847303978824251, 0.23493098682904612], [0.1462493956047608, -1.4441796729948067, 0.2757543530277651], [-0.02491917844699021, -1.0440159664783597, 0.45106202844344645]], [[0.1779893703477946, -1.4963272263599834, 0.21622936943727833], [-0.09623627881131169, -1.308720633692139, 0.11407328111903348], [0.07489538712410893, -1.1465652505067623, 0.036444731517665696]], [[0.05671141709346822, -1.4929382529024342, 0.10099162936327044], [-0.117059960521111, -1.5155939631089577, 0.26229076586116107], [-0.05389932582976931, -1.1922181990716094, 0.12846909718860733]], [[0.15161437133711542, -1.5106236524551437, -0.0526838838753545], [0.04972673215760404, -1.3055484871304783, -0.29549912669331335], [-0.05171601148114657, -0.8974628252165189, -0.08491359119042952]], [[0.24966955635440669, -1.5393008052038717, -0.26817035111826315], [0.21641491394704238, -1.5084568309510284, -0.20226557337155926], [0.09567189496001949, -1.1370000248322158, -0.11087699660249073]], [[0.09079135865349797, -1.3605533170498254, -0.7131115477485466], [0.07573006181846509, -1.34564290491044, -0.6824671145286891], [-0.2677131148530274, -0.5503241736688674, 0.02255838143395683]], [[0.10031247112750119, -1.3211174658559044, -0.43733658011174237], [-0.1318944438015064, -0.7694878735570663, -0.01244701831619932]], [[-0.03277762114183397, -1.345675088802889, 0.5785799491925387], [-0.12090910648500341, -1.285086592834529, 0.608996694542594], [0.00034214164924861734, -1.1255738523144951, 0.5447875712139492]], [[-0.02293046901831125, -1.3600018760914683, 0.5927482266592087], [-0.0996706348033482, -1.2507918103029905, 0.5859520652389176], [0.023297740386592658, -1.1819911818323614, 0.5219944130445278]], [[0.11735039372063141, -1.494632739631209, 0.15861049940027439], [-0.10664811966621135, -1.4121572984005484, 0.18818202349009727], [0.01049803064716981, -1.1693917247891858, 0.08245691435313651]]]}