{"bodyId": "h0", "timestamp": 1643047418045000000, "continuousState": [[[-0.346946103757016, -1.1240642186662642, 0.6287702698841304], [-0.35440940118837694, -1.107652581974735, 0.6354215536919101]], [[-0.26638674330679707, -1.0460005837102662, 0.7109238043572108]], [[-0.4207937719020691, -1.008646971209515, 0.6964129285906502]], [[-0.17082986514285564, -0.9274744432393709, 0.5297500060206284], [-0.20149214964709583, -0.9857966059490284, 0.5443454343972749]], [[-0.5122141257380308, -1.0281437542560417, 0.546683679960674], [-0.538709741661825, -0.9670315220398307, 0.5069471388454441]], [[-0.05631515117097985, -0.8432837249118716, 0.25143363871662916], [0.06365156707093544, -0.7848416773550391, 0.06822486678657658]], [[-0.6140766395664775, -1.0304864574789314, 0.27125967405414797], [-0.609571610708196, -1.007522724628947, 0.251979578804139]], [[0.08798948840829351, -0.789408583706787, 0.06202142448526615], [0.055332553520987426, -0.7975610311114316, 0.14167731426046348]], [[-0.4857299722160184, -1.2065168679323677, 0.23019577944631942], [-0.48165140384587424, -1.1869570145009476, 0.2351369634384166]], [[-0.2427554667886826, -1.1025197763445438, 0.020765162947637306], [-0.38433244584030324, -1.2935672448434479, 0.2360184417386466]], [[-0.41668170790077186, -1.1718135709087558, 0.05024736014300224], [-0.48587344327806026, -1.0989498024042716, 0.0740667851127863]], [[-0.24671040736303917, -1.239634072958978, -0.3123284415528742], [-0.26174380942632114, -1.2300101059051196, -0.256617077734528]], [[-0.449860693649988, -1.1297616224788423, -0.44012188393492324], [-0.4647453216628936, -1.1557138297277043, -0.33352976854892447]], [[-0.4909717328366586, -1.226855935880078, -0.6753703584274566], [-0.4855237259309465, -1.2250436523957278, -0.645514383265149]], [[-0.43755957813490964, -1.1905717305351962, -0.7950333826910443], [-0.4608370452001169, -1.256593429809909, -0.653855862999007]], [[-0.30896921192510685, -1.0668494654963456, 0.5849636316447029], [-0.39885028902107844, -1.001404047321182, 0.5441547714456572]], [[-0.34152199544044326, -0.9778090987477063, 0.5382168429906512], [-0.3701009456544604, -0.9764140639944295, 0.5256462866213595]], [[-0.32971858734472725, -1.1371666736266497, 0.03550626154531977], [-0.43510294455918175, -1.1962585236238596, 0.15504261342571646]]]}