{"bodyId": "h0", "timestamp": 1643047501259000000, "continuousState": [[[0.045252684956926914, -0.8292161150935631, 0.6689731824725004]], [[-0.15464449445825268, -0.8535748535302279, 0.7372509153372464], [-0.055658473348234705, -0.8939026155571737, 0.7307064043103856]], [[-0.0031324563871582, -0.9163607326044709, 0.759162568989828], [-0.006362923619259164, -0.9057539041096287, 0.7794776469773905]], [[-0.24671965257046735, -0.9797383422589943, 0.5579236152217413], [-0.22434105484881572, -0.8773272561056997, 0.5157615427296909], [-0.15634874973073043, -0.9257143654723308, 0.5455346078061273]], [[0.0985289919218105, -1.0628007247488378, 0.6044364706934395], [0.09638181270995927, -1.040216032068586, 0.6081560899532896]], [[-0.17055476419523624, -1.050245397254086, 0.40790871034702647], [-0.2184640515370646, -0.9586351612473845, 0.31730137067307806], [-0.1284991954794179, -0.8350540872256059, 0.30361201100357815]], [[0.22841722936518377, -1.1064670525961828, 0.3241776088662971], [0.25403605901595805, -1.0763645531636041, 0.30671096670698494], [0.1942507446196442, -0.9044703673170545, 0.3705488026808659]], [[-0.04547348482856939, -0.7709468978731633, 0.03859067620299306]], [[0.2917152369590964, -1.066911196511384, 0.05646161870471955], [0.2928551516814455, -1.0733272174713155, 0.08693878401533617], [0.2979949296949802, -0.9645199111440546, 0.0593000836591715]], [[-0.060093558782135514, -1.1439207889900975, 0.09558253377020498], [-0.13317341532929072, -1.0741385329077435, 0.10294628343802237], [-0.07293265193596454, -0.834414924549075, 0.09605416259796917]], [[0.12518935408178983, -1.1591960122579639, 0.14429184373397508], [0.08550887042328426, -1.122422243542502, 0.10247155207405756], [0.12765205186445328, -0.840870357844217, 0.08091624555666144]], [[-0.03869465857649379, -1.0626832138742879, -0.3531159704382809], [-0.048980229532363584, -1.0810669006845939, -0.26033061553976045], [-0.1627063502137467, -0.54289558981039, 0.018217676614507128]], [[0.13562843122405788, -1.097300645378831, -0.3031046278279601], [0.09346875534748178, -1.0802339941815244, -0.25191904511177077], [-0.03871597341036348, -0.5337697573891604, -0.0010060027121554516]], [[0.042289708631535916, -1.086551411388055, -0.7281429634740517], [0.033789947105549833, -1.0649489359934703, -0.7084605756187998]], [[0.13808849955280766, -1.092651631063484, -0.7378601099277224], [0.12195855546854961, -1.1044503341176437, -0.674928867226652]], [[-0.06089304211037755, -1.0406701214014504, 0.5985653278490777], [-0.04795409202322398, -0.9456940874685174, 0.5525129625940135], [-0.00853147431541712, -0.9176828380430387, 0.5594123300264244]], [[-0.07409533032432843, -1.021269533503916, 0.5811800429575904], [-0.06397962106942823, -0.9587716440871429, 0.5619588163414903]], [[0.03254789764982716, -1.1515584006240307, 0.11993718875209003], [-0.023832272453003234, -1.0982803882251226, 0.10270891775603996], [0.027359699964244366, -0.837642641196646, 0.0884852040773153]]]}