{"bodyId": "h0", "timestamp": 1643047534156000000, "continuousState": [[[0.1280678214148424, -1.0790161439649733, 0.8057525654006186]], [[-0.06370608967573005, -0.9950012349916584, 0.7836600757376948], [-0.09195506682877452, -0.8872373834074807, 0.7716220628836938], [0.032873446092352765, -0.8819848574087931, 0.736929434991434]], [[0.05384676841752292, -0.9623151166476653, 0.7485802098941159], [0.04515674933555569, -0.9657097412689593, 0.7889635948168361]], [[-0.21273296626064297, -0.9475896292311565, 0.5775529680693288], [-0.1775200352791746, -0.8597302430803719, 0.5429968832431831], [-0.09614753225839923, -0.9153851506771562, 0.5374239768737739]], [[0.13730235017681575, -1.0772670211829753, 0.6092167982588808], [0.14167163789451176, -1.0135924756927022, 0.5869452636567472], [0.18387082831312307, -0.9268280379473981, 0.5709571499326732]], [[-0.1981888984785688, -0.9573725813200507, 0.32935101753373397], [-0.16271752735687806, -0.9113272488836395, 0.2718744518926901], [-0.06539800231206527, -0.8390934174796716, 0.27662143789837756]], [[0.2981554442957054, -1.1477552748922817, 0.3405593957597377], [0.29045900215597253, -1.1021301495063742, 0.3479117974043666], [0.25924664942705644, -0.9190288991771071, 0.3982366600623737]], [[-0.15553477204096267, -0.9323575128935384, 0.175437038174999], [-0.029205911480349345, -0.7705650402035518, 0.039401098271422574]], [[0.4666730974238674, -1.156117179579204, 0.13852668919958178], [0.4609875324662105, -1.1242749416449822, 0.17882060986858894], [0.507293683728967, -1.0829244626842853, 0.08014569837040919]], [[-0.05119566467570558, -1.1327316169141304, 0.11732208144824274], [-0.0916627628386355, -1.035136942769049, 0.07658430878101652], [-0.06491806049084947, -0.8359974960654983, 0.07466646413863876]], [[0.12915030895890856, -1.1284615659157804, 0.14644703484934007], [0.10075622292083275, -1.1135055711211446, 0.10793763920958654], [0.11397540636290793, -0.8222069183999036, 0.08884406470322403]], [[-0.011386975756687512, -1.0433535038096073, -0.3604696990658336], [-0.03911840622280649, -1.0664477752162846, -0.25656588235432154], [-0.17111139542975673, -0.5322704914734251, 0.007084064036606996]], [[0.14447570967539053, -1.0778846672158466, -0.2963939452960571], [0.10215311258449145, -1.0701732220068825, -0.2640975556941556], [-0.0592586675874438, -0.5081203149083008, 0.012832492273977536]], [[0.044890850655400105, -1.097417014995148, -0.712283668380955], [0.043298464444080365, -1.0520087201444999, -0.714259474393329]], [[0.1364572405593823, -1.0907269765446477, -0.7268223178714726], [0.13133435997080012, -1.0889348816519817, -0.6443592656054529]], [[-0.030705477626344957, -0.9964612630528911, 0.583868019331004], [-0.045585734516060405, -0.9542970909607729, 0.5756396229929446], [0.018488214594941654, -0.8866045912097038, 0.5758492270185768]], [[-0.037715308041913614, -1.012428325207066, 0.5933848831641048], [-0.017924198692331417, -0.936661359386537, 0.5649710734499651], [0.04386164802736192, -0.9211065943122771, 0.5541905634032236]], [[0.03897732214160149, -1.1305965914149554, 0.1318845581487914], [0.004546730041098623, -1.0743212569450968, 0.09226097399530153], [0.024528672936029228, -0.829102207232701, 0.0817552644209314]]]}