{"bodyId": "h0", "timestamp": 1643047543268000000, "continuousState": [[[0.10036114390036849, -0.9466306098216521, 0.7220495436044465]], [[-0.09652282802789469, -0.8701679926536035, 0.7377517702174412], [0.028778750140558418, -0.8539058967380434, 0.739000182479126]], [[0.003297109248134533, -1.0112215147066266, 0.7577126612074643], [0.00022574482299353438, -0.9803112065345339, 0.7612493802334881]], [[-0.24542206645546194, -0.967184723265311, 0.579479338581649], [-0.21892257622753197, -0.8691126226748218, 0.5242614977751396], [-0.13786191908000722, -0.8811076748573261, 0.556789107650922]], [[0.09795364436970602, -1.116400279056142, 0.5949133674867071], [0.13189908165473296, -1.0078807909855891, 0.5603827909125654], [0.113177226449381, -0.9293068148749196, 0.6049420034950057]], [[-0.18428129816422367, -0.9353083553996893, 0.27719552740435205], [-0.1149839685246139, -0.8195176056262484, 0.3061847359950737]], [[0.22026434686212953, -1.1963316503310295, 0.33432688889803064], [0.22554944192503512, -1.141353417468741, 0.3183328218404602], [0.14085457992965345, -0.9002529957795561, 0.40621028252299407]], [[-0.1590011855303476, -0.9646539393191826, 0.1799825785216338], [-0.03392875383650562, -0.7762863624177003, 0.029518265943013988]], [[0.44243895534515915, -1.0139950228281212, 0.20608806971432192], [0.46206264692774623, -0.9977982205453855, 0.25100459302368616], [0.45573102283495115, -0.9757829650079604, 0.19185244557010495]], [[-0.06602504419805327, -1.1308427830788714, 0.11028434640472073], [-0.11168731567573509, -1.0404226715659108, 0.07102601505759587], [-0.06860042221634521, -0.8270079818554382, 0.10705645442609313]], [[0.12328971722271653, -1.1892143986501336, 0.18646239682453403], [0.08592208448116434, -1.121304817257853, 0.11000713756569858], [0.11131772876558643, -0.8183120196549938, 0.11780748541039188]], [[-0.03259915828407245, -1.0362179074807079, -0.3415099197818501], [-0.03263228261275741, -1.0445306036092659, -0.28871567465141057], [-0.15220629343031655, -0.5369291414930811, 0.01717559915464717]], [[0.13631560398788994, -1.0882542487125533, -0.2660580672376418], [0.10080486291918689, -1.0835243980812486, -0.252744649441202], [-0.04719281546546927, -0.5336737817124076, -0.004509207720251207]], [[0.04316667116396955, -1.0903891848201615, -0.7221118415931687], [0.04271187977486535, -1.0523783100451438, -0.713482208491792]], [[0.13885528237091316, -1.1106056966285576, -0.6837016105916476], [0.12279304470313757, -1.0870696979648649, -0.6534806940725442]], [[-0.05751361854172082, -1.0708313122096413, 0.6142992593764318], [-0.0795836341643219, -0.9948890082961723, 0.5750170181012957], [-0.0013781322470640678, -0.9168444126594809, 0.5645267683818042]], [[-0.07373421104287796, -1.0417925011607265, 0.587196353034178], [-0.043511747286399505, -0.9384967068302055, 0.5423221443438525], [-0.012342346315313113, -0.9052072448661228, 0.5808655555729638]], [[0.02863233651233163, -1.1600285908645025, 0.14837337161462738], [-0.012882615597285374, -1.0808637444118818, 0.09051657631164722], [0.02135865327462061, -0.8226600007552161, 0.1124319699182425]]]}