{"bodyId": "h0", "timestamp": 1643047595863000000, "continuousState": [[[-0.08228056980674459, -1.2486459743912144, 0.6416369435344118]], [[-0.021290917546125776, -1.1508670592067132, 0.6631540778710288]], [[-0.19487958780220938, -1.2483644082063912, 0.716369649548732]], [[-0.3049896966404094, -1.120110181986355, 0.5668626354174737], [-0.1244533962968456, -1.0152097057457463, 0.5013827969573673]], [[-0.2826819533824878, -1.3728940865342336, 0.5503851551180665], [-0.1971470229637392, -1.3601962574577355, 0.5342545336721165]], [[-0.3603176951374297, -1.342815163989121, 0.5250269967952192], [-0.07893899922764147, -0.9059599790151154, 0.25584199675825525]], [[-0.31131765678631507, -1.547258292631238, 0.3407506960943174], [-0.2595925865556137, -1.2741796888177777, 0.38219098894132575]], [[-0.045439569739235575, -0.746773699548222, 0.05379998241924411]], [[-0.07039865889714703, -1.4633209622208125, 0.2923018702721747], [-0.07519481633220415, -1.0033232158621626, 0.43734017764749245]], [[-0.35064272608113534, -1.4690825889692611, 0.24872480679227982], [-0.11907858600444587, -1.1187992955910282, 0.07579149551762909]], [[-0.271108196664944, -1.5091147414145292, 0.22283378188407288], [-0.22745563119793755, -1.2125036590136713, 0.11512637379766866]], [[-0.16707272035943488, -1.3403794219166436, -0.2642617144490158], [-0.25835289659373273, -0.8453961758358757, 0.007416129042967068]], [[0.031373963216875245, -1.513737464166226, -0.2473576061331404], [-0.19429819166192241, -0.8694160902244628, 0.028690320141269376]], [[-0.1221691168286827, -1.3791474511577921, -0.6718567626209386], [-0.3164666100416528, -0.8105035004651477, -0.2021703924879259]], [[-0.09920618858546137, -1.3416802362522278, -0.40965125486433074], [-0.33846385500213727, -0.7332299282319532, -0.06570460795119537]], [[-0.30403585829172886, -1.2640419691581957, 0.5712468277374021], [-0.15904836105296005, -1.179859230185751, 0.5131994590164021]], [[-0.2938358250114486, -1.2465021342602944, 0.5586238952677701], [-0.1608002096302924, -1.187702981601741, 0.5178186653147419]], [[-0.3108754613730397, -1.4890986651918952, 0.23577929433817635], [-0.1732671086011917, -1.1656514773023496, 0.09545893465764888]]]}