{"bodyId": "h0", "timestamp": 1643047636130000000, "continuousState": [[[-0.08251763656216243, -1.275478943702997, 0.669835413631573], [-0.07856382302301201, -1.2405727483153295, 0.6781871448682082]], [[-0.014645991104302536, -1.1607669407241432, 0.6736098107579688]], [[-0.22151608401362144, -1.2754427815428926, 0.6997381893547401], [-0.21752877621347, -1.2638047635479124, 0.7288595491414565], [-0.10571500696446368, -1.2357461939065453, 0.7064887776759453]], [[-0.10788367875051891, -1.2796014420001531, 0.6236993709618894], [-0.29800170061124465, -1.1515100898307644, 0.5736559126111049], [-0.115885724987006, -1.0176825510791394, 0.49795008866219104]], [[-0.3125784313957391, -1.3969530647712078, 0.5211782998809833], [-0.2810634925548757, -1.3787953523286578, 0.5708385096370507], [-0.2085588307899131, -1.3334334445593279, 0.538708092784189]], [[-0.09496065495355471, -1.0841082004844, 0.3977188598124022], [-0.3757019030893155, -1.309079206342742, 0.5173987575563928], [-0.08149402829907104, -0.887415101426455, 0.2742887286929655]], [[-0.30108691571564095, -1.5488296091803662, 0.26995205016149626], [-0.312377667630117, -1.5143112848773392, 0.32267923052888836], [-0.22918896256230936, -1.3571128572059443, 0.32933489983048014]], [[-0.05109867523500966, -0.7780762916474384, 0.0554962366702223], [-0.04803342255720455, -0.742804547550377, 0.057804382111875885]], [[-0.14978143194846272, -1.6438385219474339, 0.12889585388382918], [-0.127819534793169, -1.62739332630532, 0.18744713329939033], [-0.19476702101789145, -1.1172995223613678, 0.423721614822701]], [[-0.024552881194845444, -1.3520781019053207, 0.05664102631576928], [-0.35086806938770876, -1.459142860540469, 0.27795251978676605], [-0.1094418606479498, -1.1159966328184505, 0.10002069676869607]], [[-0.11733254903096102, -1.5144604352553175, 0.08597866171571722], [-0.2829469282125402, -1.52336966448352, 0.24893865975899176], [-0.1618318273176137, -1.3080951274928072, 0.04762767289613756]], [[0.024480181987557692, -1.5966421923907983, 0.07242199239742053], [-0.14260684625341935, -1.3202127412799578, -0.31128485397283256], [-0.24283758544899936, -0.89086175751172, -0.022813135169141296]], [[0.06064305540524384, -1.5420016682071975, -0.2911548536008546], [0.040251352847093136, -1.514470469802315, -0.25242093553360867], [-0.19032228165855347, -0.8773099905084393, 0.021740747270992955]], [[-0.027087195210515613, -1.5605824137252018, -0.2478704657135371], [-0.11800850044032973, -1.3864860796015217, -0.6803133517843301], [-0.3139642874488242, -0.8511792987706239, -0.24631727703295903]], [[-0.11108376402506392, -1.3839636570801266, -0.7382687928557152], [-0.059625328195581195, -1.3525931770412745, -0.43747621939457115], [-0.32408260826545654, -0.8339908637325083, -0.03788115843663997]], [[-0.20639568663015223, -1.3240773142002698, 0.5659851838986376], [-0.30476265558277615, -1.2848171396075136, 0.5823276852404973], [-0.1669773158137935, -1.1613846257648965, 0.5222693889377202]], [[-0.210231055073129, -1.3382772533856806, 0.5724388354214364], [-0.2895325965830602, -1.265152721079711, 0.5722472111240778], [-0.16222227788845955, -1.1755579978192336, 0.51832909072319]], [[-0.07094271511290323, -1.433269268580319, 0.07130984401574325], [-0.3169074988001245, -1.4912562625119945, 0.2634455897728789], [-0.13563684398278175, -1.2120458801556289, 0.07382418483241682]]]}