{"bodyId": "h0", "timestamp": 1609488733416000000, "continuousState": [[[0.22233464850932028, -2.2317491485025203, 0.8441594978758709]], [[1.66027482299516, 1.38843386113612, 1.58287607042858]], [[0.36846286558127317, -2.177548524480115, 0.8576922007413792]], [[0.18638070945462504, -2.335739392121861, 0.7294874970388598]], [[0.48767352091051963, -2.285985724323174, 0.636243698553085]], [[0.05692351439872301, -2.422172492661553, 0.46458935603266305]], [[0.48562992523590154, -2.294436849432791, 0.3293409450922853]], [[-0.09655462611596377, -2.4044137420560707, 0.16450758710395164]], [[0.39380309387776213, -2.329720451578534, 0.06210995174575151]], [[0.053974911764608224, -2.3712669106556477, 0.16573069219202208]], [[0.29666178253482567, -2.2645648486892513, 0.12254538561617623]], [], [], [], [], [[0.34361411647016027, -2.225278102891491, 0.7040454454123677]], [[0.33702711518257233, -2.3108625582225173, 0.6828655977959724]], [[0.17531834714971695, -2.3179158796724497, 0.14413803890409915]]]}