{"bodyId": "h0", "timestamp": 1609488745074000000, "continuousState": [[[1.42604589871181, -2.80473854757645, 1.69753131829218], [0.19765629071959645, -2.106114542310312, 0.9632559087504142], [0.22478015889357317, -2.2881015555147703, 0.8534405233797375]], [[1.42604589871181, -2.80473854757645, 1.69753131829218], [0.24247343773808128, -2.2316340287633345, 1.0147319666784425], [1.66027482299516, 1.38843386113612, 1.58287607042858]], [[0.5324352075173667, -2.279539893272755, 0.754514387145575], [-1.13867949267045, -2.33001540420462, 1.88733596350958], [0.4072242340746064, -2.133527478073256, 0.8857920008068083]], [[1.42604589871181, -2.80473854757645, 1.69753131829218], [0.12074308333125838, -2.3417928854699626, 0.8418579830748947], [0.2077717448257712, -2.306857011733001, 0.7126386519280905]], [[0.6407212266284998, -2.3507796916076336, 0.513714400220626], [0.31601928818661307, -2.263170137492637, 0.9195055147573616], [0.4852317458879267, -2.2965334703440696, 0.6332423524411483]], [[0.38082064369638835, -2.559095302985381, 0.45741586246013555], [0.055992703745821215, -2.406485843973307, 0.5409639512750971], [0.035508659418335364, -2.4077284759374242, 0.4439757202164143]], [[0.7060811797758177, -2.3204685201746478, 0.17646256866708598], [-1.13867949267045, -2.33001540420462, 1.88733596350958], [0.5083704499971873, -2.223351644030736, 0.3418201028493655]], [[1.42604589871181, -2.80473854757645, 1.69753131829218], [-0.002381997079614173, -2.3637066380573963, 0.3063063866149889], [-0.0793008621150535, -2.3380664360758736, 0.18827186775078486]], [[0.6867867183427951, -2.2193331892400137, -0.07013826246235233], [-1.13867949267045, -2.33001540420462, 1.88733596350958], [0.4345483127764489, -2.273870444441849, 0.034709246223770585]], [[0.5211619454898553, -2.505327881197572, 0.1734642086545105], [0.10114288721745757, -2.3096523870409853, 0.3577868026094], [0.08941741341342824, -2.283431773375832, 0.17276187345923555]], [[0.6243644082320616, -2.401066263997266, 0.09436063968047814], [0.13359443944452587, -2.258170779469283, 0.38643024091440337], [0.32246210611931403, -2.225191749301747, 0.12571537581076275]], [[1.42604589871181, -2.80473854757645, 1.69753131829218], [0.02926585144296756, -2.306746600500104, 0.02045816830359337]], [[0.6567894662912049, -2.3719960229505457, 0.2017037637204253], [0.014701547460542308, -2.311183957029527, 0.0513447652265977]], [[1.42604589871181, -2.80473854757645, 1.69753131829218], [0.3249536465492846, -2.489790441383728, -0.5777147108673188]], [[0.49587376757167134, -2.40368446480421, -0.5045280483149177], [0.010119975599164777, -2.3524017567142192, -0.2900970299769914]], [[0.5101608331612553, -2.438811173453392, 0.5829821225727054], [0.2031822349971959, -2.3013812049620483, 0.8928330534177034], [0.3718374142752774, -2.2078781609997207, 0.706832322318651]], [[1.033383562670155, -2.5777591195920415, 1.105622859256403], [0.21838118575893573, -2.3024815114812998, 0.8806817489161282], [0.34650174535684897, -2.3016952410385354, 0.6729405021846194]], [[0.5727631768609585, -2.453197072597419, 0.13391242416749433], [0.11736866333099172, -2.283911583255134, 0.3721085217619017], [0.20593975976637113, -2.2543117613387897, 0.14923862463499915]]]}