{"bodyId": "h0", "timestamp": 1609488758273000000, "continuousState": [[[1.42604589871181, -2.80473854757645, 1.69753131829218], [-1.13867949267045, -2.33001540420462, 1.88733596350958], [0.08168975088382813, -1.7674772638927805, 0.8357746074275478]], [[1.42604589871181, -2.80473854757645, 1.69753131829218], [-0.038424850760219176, -1.7732021414054484, 0.9655625656400857], [1.66027482299516, 1.38843386113612, 1.58287607042858]], [[0.26248198737017825, -1.8773719029785876, 0.7893872427551605], [-1.13867949267045, -2.33001540420462, 1.88733596350958], [0.2620597396812008, -1.7277455321056356, 0.8981456117379842]], [[0.12154348445785734, -2.1157454380590863, 0.5851044887197618], [-0.05325787239886126, -1.965924486455679, 0.768971300834277], [0.013686414350803977, -1.9334552793154993, 0.7165572639343987]], [[0.3716755023397742, -1.886853634478292, 0.5737051339615977], [0.19014058466408046, -1.817459287518849, 0.8465833660124304], [0.30902492131287373, -1.8257683763514652, 0.6511493962799988]], [[0.11971973734689945, -2.130266301895031, 0.2799833309651296], [-0.09308051223090108, -2.0172699035438333, 0.5086384004253366], [-0.0690512102519305, -1.9587488399687372, 0.42616649049888444]], [[0.4430207977138738, -1.8423577602003605, 0.26759947132833406], [-1.13867949267045, -2.33001540420462, 1.88733596350958], [0.3340837265154317, -1.7108636704586606, 0.38161159761137564]], [[0.13847756729924754, -2.0891645280062012, 0.11130383176420455], [-0.09030507475158323, -1.9697674446319877, 0.21453599648635246], [-0.11836251180398016, -1.8359428184700681, 0.1806450211885846]], [[0.32602421414977534, -1.708502216536395, -0.06838508629873097], [-1.13867949267045, -2.33001540420462, 1.88733596350958], [0.20705597099805106, -1.7127328488212583, 0.11604827146626673]], [[0.26216589845307836, -2.1102193615745857, 0.112025160202468], [-0.09496939449204289, -1.9507143347746503, 0.4668070155264785], [-0.024129318244045184, -1.8253583829918754, 0.1648957379928755]], [[0.3816009729802696, -1.9588472533693602, 0.09287034301577402], [-0.0385434380241263, -1.8616779645577506, 0.4846689622270741], [0.15634734881644774, -1.8143604234046382, 0.16763475326412802]], [[0.15385192209717125, -1.9902235205004166, -0.3851332765482969], [-0.07117762428074359, -1.9874930599588112, 0.18300041198538985]], [[0.3373955457295976, -1.8075486179391453, -0.35559611329538865], [-0.07289664158480402, -1.9301252056421063, 0.24299395248854472]], [[0.1968249967662521, -1.9688625041178367, -0.8444239635431493], [0.18422467348894056, -2.0612354589873743, -0.5431678134270466]], [[0.39077859081257293, -1.8327251443464028, -0.821433831827627], [0.13881827828229598, -2.0294741754704426, -0.39507424392605217]], [[0.28081935429314897, -2.0211683094970856, 0.609346572379001], [0.021923475356333322, -1.896588657874951, 0.8382067695328956], [0.19713377504349627, -1.8373065586693598, 0.7044389294802031]], [[0.24660949339881577, -2.0012995362686894, 0.5794048113406798], [0.0684413561326096, -1.891691886987264, 0.8077773334233538], [0.16135566783183886, -1.8796118278334824, 0.6838533301071987]], [[0.321883435716674, -2.034533307471973, 0.10244775160912101], [-0.0667564162580846, -1.9061961496662003, 0.4757379888767763], [0.06610901528620128, -1.8198594031982567, 0.16626524562850176]]]}