{"bodyId": "h0", "timestamp": 1609488783331000000, "continuousState": [[[1.42604589871181, -2.80473854757645, 1.69753131829218], [-1.13867949267045, -2.33001540420462, 1.88733596350958], [-0.23217390007908323, -1.547094803108549, 0.5638167721884753]], [[1.42604589871181, -2.80473854757645, 1.69753131829218], [0.01991115410736488, -0.930345059300786, 0.8756019571699747], [1.66027482299516, 1.38843386113612, 1.58287607042858]], [[0.287900175022583, -1.0086574579956176, 0.8600711354460213], [-1.13867949267045, -2.33001540420462, 1.88733596350958], [0.3462946756785463, -0.9043259911624566, 0.8489866091597928]], [[-0.09944969939825277, -1.035508030901205, 0.517380436776917], [-0.005019299453993709, -1.0559228152050304, 0.6606093357186948], [0.09663111157753801, -1.0355178643893723, 0.6746556962142225]], [[0.381435488951796, -1.0441486041611687, 0.597762616179242], [0.32248703398047696, -1.006772024748996, 0.7028994461874505], [0.4102793948838499, -1.0285480956093627, 0.6567579442926985]], [[-0.07023325678212844, -1.1748316626359547, 0.2862535615180828], [-0.08496034728930169, -1.1138576347611715, 0.3433477893237795], [0.4465261275763375, -0.3901537240323123, 0.7196140890342217]], [[0.4564385413187122, -1.0781532393458042, 0.33550284390054763], [0.20175677132351333, -1.165817499304401, 0.6063733126263446], [0.4080268672240448, -1.029964651559487, 0.30088898235317263]], [[0.13544228460445473, -1.2440272772870797, 0.32906425347705026], [-0.008605406586321918, -0.9138277462686883, 0.2064282238873647], [0.40926286165937875, -0.35588274058405633, 0.5395519410436096]], [[0.3260705380597262, -1.096946723222073, 0.26454539579662195], [-1.13867949267045, -2.33001540420462, 1.88733596350958], [0.2317521967886207, -0.8646445699850343, 0.1863224605290772]], [[0.11501220636389675, -1.228742777643463, 0.07214163405030183], [0.04788282335935112, -1.1532394492595086, 0.17645550419871925], [1.66027482299516, 1.38843386113612, 1.58287607042858]], [[0.32741470772915027, -1.126491943423526, 0.08302875129825193], [0.17579288915440827, -1.2391353309276223, 0.2268771974595607], [0.2895532136435677, -0.9758797802481607, 0.1145705947519251]], [[0.04791859081422811, -1.1503778819468358, -0.40779488030379185], [0.12204445487638327, -1.195764966456766, -0.2857730551302047]], [[0.31900959999861667, -1.126196710614259, -0.25954872326684475], [0.2572542856833684, -1.194411778955714, -0.2515207390346763]], [[0.07271284404636003, -1.225572435791053, -0.7935824338702477], [0.1146660468633589, -1.327272921347316, -0.6244498001457501]], [[0.30088761793122787, -1.0304845990896747, -0.8174990125676784], [0.2454423438844635, -1.2399138008745887, -0.4980434957095716]], [[0.16665580716503992, -1.0633990075338486, 0.5743423759360489], [0.14200917888828468, -1.0442171735797974, 0.6794387404938016], [0.26727280501738937, -1.0075888195602345, 0.6701286966090672]], [[0.14099289477677163, -1.0398283175311869, 0.5575715264780795], [0.15873386726324162, -1.0313474199770132, 0.6817543909530727], [0.25345525323069396, -1.0320329799993675, 0.6657068202534605]], [[0.2212134570465235, -1.1776173605334945, 0.07758519267427688], [0.1118378562568797, -1.1961873900935656, 0.20166635082913997], [0.9749140183193639, 0.20627704044397965, 0.8487233325902526]]]}