{"bodyId": "h0", "timestamp": 1609488799009000000, "continuousState": [[[1.42604589871181, -2.80473854757645, 1.69753131829218], [-1.13867949267045, -2.33001540420462, 1.88733596350958]], [[0.2139508451161507, -2.326508739027492, 0.7423092599348411], [-0.06348296267754194, -2.124776752904728, 0.9871734367584037]], [[0.25999947698777115, -2.235193372243237, 0.7694782435768271], [-1.13867949267045, -2.33001540420462, 1.88733596350958]], [[0.3148651410549035, -2.4402004246638778, 0.5873027837536094], [0.13562964475928063, -2.2909352415402484, 0.7799389956060528]], [[0.2981530241478789, -2.0876982013950824, 0.6032136749841962], [-0.07001725379907842, -2.0108449367341934, 0.9763046001612641]], [[0.29892128609623003, -2.5206137837772142, 0.2643774450922338], [0.08941598430168085, -2.415242049811376, 0.5826478472608071]], [[0.3291579279191188, -2.0190694942705427, 0.37166774732758645], [0.09203284595935823, -1.936267187785574, 0.5693297538279907]], [[1.42604589871181, -2.80473854757645, 1.69753131829218], [-0.09120681228299521, -2.2734896941066762, 0.6459826606867958]], [[0.38286256998353796, -2.1530151836668994, 0.3628232332309915], [0.05722108434950268, -1.9588324545983042, 0.2391479042260698]], [[0.32743326681438023, -2.3263770553366268, 0.04329257756204585], [-0.10951616503184458, -2.258550844765913, 0.5721712023914867]], [[0.38361486521745625, -2.1259221352253435, 0.07428582011931861], [0.046497659785754486, -2.0594971680257723, 0.3362505998530685]], [[0.2914709622684344, -2.331807530814016, -0.08111347709510053], [0.062479359323379224, -2.2766972828073397, 0.056279425273726424]], [[0.394222228517384, -2.14362009995952, 0.36320518068580676], [0.05252251393978824, -1.9891307375992078, -0.0067453971591187045]], [[0.2382870481989603, -2.2121324558914353, -0.7967706258129096], [0.19403484137752236, -2.269451516121628, -0.48888379105103863]], [[0.16507149918816477, -1.8827603565771942, -0.8008427552466751], [0.14977202280291135, -1.984785203314795, -0.5048360931063225]], [[0.31440562461887667, -2.2860114648065104, 0.5871707114473815], [-0.024061596423235354, -2.146355440392059, 0.9233510725540581]], [[0.3065090826013912, -2.26394931302948, 0.5952582293689028], [0.03280619548010111, -2.1508900891372207, 0.8781217978836584]], [[0.35552406601591824, -2.226149595280985, 0.05878919884068223], [-0.03150925262304505, -2.1590240063958426, 0.4542109011222776]]]}