{"bodyId": "h0", "timestamp": 1609488093188000000, "continuousState": [[[0.15458876898541707, -0.8017611309210579, 0.7941511378632118], [0.21883027857814707, -0.6386271909541648, 0.7521783772359116]], [[1.42604589871181, -2.80473854757645, 1.69753131829218], [1.66027482299516, 1.38843386113612, 1.58287607042858]], [[0.10210252016262888, -0.8297604568602259, 0.8290295305070781], [0.27148348491840113, -0.6929506883309944, 0.8599253885202256]], [[-0.09347102328226709, -0.9497506320187261, 0.6606938511628826], [-0.0020923845811331443, -0.7145665390904914, 0.6682198134552451]], [[0.14109302787733036, -0.9954179455247634, 0.665448277895845], [0.2404163506195196, -0.9367901248307575, 0.7040850471072935]], [[1.42604589871181, -2.80473854757645, 1.69753131829218], [0.3528017874594753, -0.08531769067521155, 0.7434942842129848]], [[0.2214777369601939, -1.1823012921494254, 0.4136099827340378], [0.2771716463861327, -1.0752511343857656, 0.4798683206731076]], [[1.42604589871181, -2.80473854757645, 1.69753131829218], [0.4142471116666244, -0.023068591670084793, 0.6721242065325965]], [[0.29374459459697566, -1.0171150468563803, 0.1505277127891973], [0.2608490759615001, -1.0562331887274032, 0.19866744405687187]], [[0.0775592940300065, -1.1397997955997006, 0.13105046646198404], [0.383286073635571, -0.34913579892406177, 0.4720387741956735]], [[0.23643307972320216, -1.1519191097906338, 0.15543788551900017], [0.2825214093525237, -0.8553679716919174, 0.2194597688369111]], [[0.0328183046920254, -1.0338640824743275, -0.2324290326971481]], [[0.27392219247111593, -1.0798164114536288, -0.21511573152131613]], [[0.007701212997605733, -1.0524468498709327, -0.6540898800002932]], [[0.30353358675237496, -1.1033738517429024, -0.6371931444517898]], [[0.061670982847807476, -1.0195223471064665, 0.6891808185010544], [0.22458462348736496, -0.6852327359435926, 0.7348418984820744]], [[0.023811002297531636, -0.9725842887717447, 0.6630710645293638], [0.11916198301919323, -0.8256783319606245, 0.6861524302812693]], [[0.15699618687660433, -1.1458594526951673, 0.1432441759904921], [0.33290374149404733, -0.6022518853079896, 0.3457492715162923]]]}