{"bodyId": "h0", "timestamp": 1609488871570000000, "continuousState": [[[0.09657708417451993, -1.7301613530520892, 0.7182025155480569], [-1.13867949267045, -2.33001540420462, 1.88733596350958], [0.10247182546534805, -1.6334713161943233, 0.8591382057956207]], [[1.42604589871181, -2.80473854757645, 1.69753131829218], [-0.13983204428960805, -1.6660926850298092, 0.9375102397353344], [0.03130927651917714, -1.6376370151056352, 0.9438087754496673]], [[0.16070440620800852, -1.8767532446121313, 0.8047440575288001], [-0.04874350191859511, -1.7601671486462291, 0.9919436082173717], [0.17108199415429004, -1.7153353024510096, 0.9165447361208265]], [[1.42604589871181, -2.80473854757645, 1.69753131829218], [-0.2056976438947562, -1.8025326621367919, 0.7182280675601365], [-0.14922309883562113, -1.794422398925129, 0.7489793472320039]], [[0.22669149870311434, -1.960231687119177, 0.5869142642623952], [0.09466641654796759, -1.8545791079508358, 0.8111358848206809], [0.19643536601800382, -1.8626471215691938, 0.6971137562106078]], [[0.08052219137405525, -2.0773849382282688, 0.4865392941717972], [-0.28136386573200856, -1.8548134917331656, 0.5036673764691275], [-0.2378131014190008, -1.8299263571357716, 0.4550720258211183]], [[0.30133977422847424, -1.949861414092753, 0.2508688687010634], [-0.015120990220981456, -1.9574497434216023, 0.7187222310811434], [0.10783498083715748, -2.049825205085586, 0.3227442410192993]], [[1.42604589871181, -2.80473854757645, 1.69753131829218], [-0.2468100676106697, -1.8045141773648177, 0.17668931385065378], [-0.23754984633368026, -1.6870433248698546, 0.20849904137984088]], [[0.2797348780113733, -1.8267053895568148, -0.06129122026104983], [-1.13867949267045, -2.33001540420462, 1.88733596350958], [0.1767859912214642, -1.8174793337925457, 0.142926480657122]], [[0.12602597236286028, -2.073444508963566, 0.20685047773754772], [-0.1995825258772197, -1.945024462637365, 0.4047993129322749], [-0.2111872634522225, -1.850115087291112, 0.143534790539533]], [[0.19713927828331523, -1.9866832170239968, 0.1298671190641687], [-0.07518628546250783, -1.9926608647422834, 0.46111063789178197], [0.04392660726526976, -1.8424850160654462, 0.16111411018521027]], [[0.0016900376346955515, -1.9320821280988285, -0.3312207959749893], [-0.16003707032644376, -1.904704500410675, 0.09091718177955888]], [[0.22197888857927595, -1.880224816150422, -0.17907820694623666], [-0.24433203144503857, -1.8899212881314305, 0.3774660612891183]], [[0.013010109402089576, -1.9354661544590364, -0.8037306159387739], [-0.022132474796657586, -2.0021051350991605, -0.5050398497257511]], [[0.16026060211662418, -1.6932380170119519, -0.7619316259499038], [-0.1285046900167437, -1.9144613190879096, 0.042688969863605486]], [[0.10214024998874982, -1.996058263439103, 0.6290910294647618], [-0.10069241360878478, -1.8471602810991548, 0.8069446028664956], [0.07023988639545564, -1.7440546168221216, 0.745394051275305]], [[0.8263686987074622, -2.382485117347813, 1.1422227912772875], [-0.055515613673394304, -1.828555885043814, 0.7646819761904087], [0.023606133591191347, -1.8285347602471613, 0.7230465517213058]], [[0.16158262532308776, -2.0300638629937815, 0.1683587984008582], [-0.13738440566986376, -1.9688426636898242, 0.43295497541202843], [-0.08363032809347637, -1.8463000516782793, 0.15232445036237163]]]}