{"bodyId": "h0", "timestamp": 1609488873178000000, "continuousState": [[[-1.13867949267045, -2.33001540420462, 1.88733596350958], [0.12812358326174733, -1.6240968208769273, 0.8498150733233285]], [[-0.11372937634371905, -1.658675052657561, 0.9004158898814885], [0.02908412456328935, -1.6582617465042127, 0.9182209700525703]], [[-0.047714947398532104, -1.761121526413582, 1.00396635318309], [0.1164519623680611, -1.8480157382933131, 0.8664090755159533]], [[-0.2027673849991929, -1.8007299795602547, 0.7145187953053345], [-0.1593162171808249, -1.811877203765728, 0.7443713754073846]], [[0.09959035547768358, -1.854706857635327, 0.8016983587193569], [0.21168671064225686, -1.8075284151783864, 0.7233569044474966]], [[-0.28676748071919644, -1.844815682214327, 0.4783659279427721], [-0.2460176727234431, -1.8180201948945198, 0.446633566730386]], [[-1.13867949267045, -2.33001540420462, 1.88733596350958], [0.16700990173304175, -1.8711888674052048, 0.41085340207645626]], [[-0.23634502177656014, -1.7986249265357142, 0.15688567586699875], [-0.24710732306838024, -1.7031357271682825, 0.20075529760739452]], [[-1.13867949267045, -2.33001540420462, 1.88733596350958], [0.13506807683871647, -1.6322442194636957, 0.6480505148980988]], [[-0.21181475071332545, -1.9448506717108265, 0.41720999929783664], [-0.16376124005951231, -1.7910676116156723, 0.17014465156481395]], [[-0.0784635881385991, -1.9889407170588658, 0.44036756692400636], [0.045662655260853, -1.839061854521693, 0.1625684240845644]], [[-0.16053751676442563, -1.9051317205482925, 0.09168006976446974]], [[-0.24216211772200258, -1.8832147145231575, 0.3663361928417266]], [[-0.020265253239669434, -2.0015834577528464, -0.5090723921096061]], [[-0.14717677628181236, -1.9138861249709516, 0.07686682733388417]], [[-0.10351592928243747, -1.8483019191095145, 0.8097407995103095], [0.11098246875319506, -1.6659857191024172, 0.7763128381866875]], [[-0.051588514760754656, -1.8277184185977908, 0.7581085770123457], [0.026185246730715983, -1.809702809472057, 0.7338641399274406]], [[-0.14513916942596228, -1.9668956943848461, 0.4287887831109215], [-0.059049292399329656, -1.8150647330686827, 0.16635653782468918]]]}