{"bodyId": "h0", "timestamp": 1609488883831000000, "continuousState": [[[1.42604589871181, -2.80473854757645, 1.69753131829218], [-1.13867949267045, -2.33001540420462, 1.88733596350958], [0.1884984316311955, -1.076542024050601, 0.8033240265740458]], [[1.42604589871181, -2.80473854757645, 1.69753131829218], [-0.029409361265797074, -1.1371695676922564, 0.8796140077817662], [1.66027482299516, 1.38843386113612, 1.58287607042858]], [[0.2220259524425794, -1.2093267112734194, 0.8259747062684526], [-1.13867949267045, -2.33001540420462, 1.88733596350958], [0.2968035193897187, -1.1342630497061679, 0.8573070328066943]], [[-0.07298281526197914, -1.3074855361719937, 0.5961067286027257], [-0.07773836677840551, -1.2060865690032556, 0.6603350556334628], [0.0739595356778533, -1.105788723652435, 0.717640271742688]], [[0.3223449232618276, -1.3647415036624628, 0.5982787386017243], [0.27628307281238906, -1.2735532155468663, 0.6936902867364241], [0.341756933337942, -1.3014684378698544, 0.6532120961075529]], [[-0.0710228116766658, -1.4089128499963963, 0.40213335555231366], [-0.1886633876261372, -1.3140704348614052, 0.3998572452992748], [-0.10415333986590247, -1.2656267754242019, 0.4229572427079997]], [[0.40718885621474876, -1.3470049753944608, 0.28925203114011344], [0.18572335654191185, -1.4102890145180118, 0.5743200635590511], [0.36436847350729007, -1.2519044309738265, 0.36115190095610816]], [[0.13233139933387128, -1.4648106241833414, 0.4074955356877994], [-0.14920070629391136, -1.1712110639227966, 0.23985912483243021], [-0.052039302063982884, -1.103122656960257, 0.23964394304792047]], [[0.38166184343833254, -1.2490816619585874, 0.04870850855579034], [-1.13867949267045, -2.33001540420462, 1.88733596350958], [0.3366744396140806, -1.1863046148556038, 0.1105494787418575]], [[1.42604589871181, -2.80473854757645, 1.69753131829218], [-0.02703434572339769, -1.3172403924830247, 0.1983947954346359], [0.22509478034770036, -0.8466928990093967, 0.34847991191415706]], [[0.2462569567094266, -1.3740743813637146, 0.05022753292507631], [0.1629500730090745, -1.3983057829809007, 0.1575290014063533], [0.33975491784521883, -1.0342893813478355, 0.25030427492621987]], [[0.29795468870842146, -1.3277992001210315, -0.0008304951194182397], [0.06656138545125523, -1.2479129340177428, -0.12281438727636407]], [[0.17542252893727883, -1.4151721971090605, -0.4031974854464495], [0.17796565482224191, -1.466527438181757, -0.25603366256641236]], [[0.14560052269157042, -1.1830607509485582, -0.6445045926475295], [0.12269359614554176, -1.196740481145339, -0.5666800293713046]], [[0.07664557493322888, -1.538293939141236, -0.776472313707081], [0.08659760863373034, -1.6335748181068384, -0.5735687837305994]], [[0.12993636178749268, -1.3462825161056369, 0.5988843998875024], [0.07078519487823143, -1.2592233417627852, 0.6951955242772023], [0.23684202442818236, -1.1698368894309032, 0.6972426829333314]], [[0.12468105399992424, -1.3361135199172283, 0.597192733602225], [0.09927235301699178, -1.239819892275061, 0.6770126711849435], [0.20785823450789764, -1.2036285807611447, 0.6854261839251204]], [[0.8361514277106183, -2.0894064644700823, 0.8738794256086282], [0.0679578636428384, -1.3577730877319627, 0.1779618984204946], [0.2824248490964596, -0.9404911401786161, 0.29939209342018847]]]}