{"bodyId": "h0", "timestamp": 1609488931334000000, "continuousState": [[[1.42604589871181, -2.80473854757645, 1.69753131829218], [1.2865867187842697, -1.1950393199057041, 0.6297408042326482]], [[1.3232591187414227, -1.3030139324786514, 0.763346136451946], [1.66027482299516, 1.38843386113612, 1.58287607042858]], [[1.4546317755127962, -1.2871226822245343, 0.7964797625194013], [1.3972511956463864, -1.2073759269633337, 0.6738840889360249]], [[1.4219477211069504, -1.485001673409722, 0.552741655898624], [1.3089288863466044, -1.239856894711712, 0.5576635798584628]], [[1.5389332500889223, -1.2295855788574848, 0.625781530529971], [1.4598720951744932, -1.2102773937653513, 0.4504876527829027]], [[1.3857868828416957, -1.5220536521360066, 0.2316371195403899], [1.2436081615627432, -1.3164390660088225, 0.2903776123240358]], [[1.563116143141013, -1.3407591228160949, 0.48012092158456077], [1.45144234710171, -1.1694148733441245, 0.13241643268223857]], [[1.2933002877529456, -1.4882309452913782, -0.05273203635282231], [1.66027482299516, 1.38843386113612, 1.58287607042858]], [[1.42604589871181, -2.80473854757645, 1.69753131829218], [1.3206426147102062, -1.1545498186061809, -0.12670545549861023]], [[1.4365772112985542, -1.4776098981172952, 0.12805299836628548], [1.1351564414893778, -1.320594648820802, -0.03326332008953359]], [[1.5096996785756724, -1.4226999363869801, 0.16010905795697927], [1.2843843812688962, -1.1818058578295263, -0.053623601532744036]], [[1.2362932473587045, -1.465908718370083, -0.13932071856942763]], [[1.4521381555500343, -1.285564745274081, -0.26625055049328683]], [[1.207107514663862, -1.4122289334734848, -0.7444908890522217]], [[1.4379353875442387, -1.2589461700796711, -0.8332500670976681]], [[1.4697152565309852, -1.4017685744494224, 0.6141332157995614], [1.3992355147474143, -1.211491259076972, 0.5096260986006083]], [[1.4804404855979363, -1.3572936261336035, 0.5892615932142975], [1.384400490760549, -1.2250671442385315, 0.5040756163206828]], [[1.4731384449371134, -1.4501549172521377, 0.14408102816163237], [1.209770411379137, -1.2512002533251643, -0.04344346081113881]]]}