{"bodyId": "h0", "timestamp": 1609488966375000000, "continuousState": [[[1.42604589871181, -2.80473854757645, 1.69753131829218], [1.1825230158487665, -1.0249283320251796, 0.34972973783495753], [1.66027482299516, 1.38843386113612, 1.58287607042858]], [[1.1877138489579324, -1.047962323319558, 0.32906053008366554], [1.1418248772894746, -1.0255777713072287, 0.4392741641380695], [1.1421880869244199, -1.2286598126628911, 0.26611584275419187]], [[1.3523512415172971, -1.0564096884250898, 0.36299166648496195], [1.242522909931909, -1.022698342315411, 0.5504138018297002], [1.278872393853407, -1.077167073626385, 0.2348982184743269]], [[1.1487513152018423, -1.3378181909977154, 0.3813024105822509], [1.086327544139273, -1.2457529327571573, 0.5279585021625244], [1.0455498728557682, -1.3880077346303816, 0.26678828540424804]], [[1.4840150127614518, -1.279727826878712, 0.38202191607826896], [1.2895798888873433, -1.17362274717031, 0.5330957805322949], [1.3251992714376426, -1.1692864790613808, 0.24617335209081093]], [[1.42604589871181, -2.80473854757645, 1.69753131829218], [1.0493240398060968, -1.5429720709676311, 0.45195095684134134], [1.1241183653312685, -1.102315768298248, 0.2360196794173648]], [[1.5536179529609342, -1.418633682633348, 0.23861976978808142], [1.0654141385987332, -1.4018000433835942, 0.4572770440451861], [1.3614056184320955, -1.2581305247081767, -0.08501672257846304]], [[1.2521037387627483, -1.6058188834530018, 0.11495738563788316], [1.121859146374089, -1.5023461765135455, 0.19644413266779726], [1.02631804288679, -1.5207038670912183, -0.14255386037034623]], [[1.42604589871181, -2.80473854757645, 1.69753131829218], [1.3829093050843646, -0.9945341552252631, 0.05752067159222962], [1.383626464722213, -0.4379357798077159, 0.20786593584645985]], [[1.336699894423967, -1.7134484332284399, 0.06140812703233056], [1.204460894925761, -1.6582201164697872, 0.32485169566177485], [1.2172066102704668, -1.333681177704362, 0.33417517405264774]], [[1.5469111324150036, -1.6359643585025299, 0.039129259414824924], [1.2505015345133965, -1.651359157232464, 0.385333996271934], [1.3692449911245261, -1.4907970751607633, 0.1656209099485857]], [[1.42604589871181, -2.80473854757645, 1.69753131829218], [1.2092127186480002, -1.5659479202941635, -0.09965741130948857]], [[1.4811165670185704, -1.6488637984698489, 0.07342095419626249], [1.1330896679821292, -1.5598840205217508, 0.09062798320275278]], [[1.2817343095333555, -1.4960610947643698, -0.7799585270759402], [1.204282554874866, -1.6316915273673689, -0.5202753959281097]], [[1.4699111092837396, -1.4260112662895748, -0.7881292986994983], [1.2567635939718127, -1.552608115543585, -0.3822331118381497]], [[1.3295131289217261, -1.3298262848846483, 0.39466348458448475], [1.2040876783258767, -1.2130132902804895, 0.5308751061911059], [1.2412875809350743, -1.0846594351185916, 0.29569508645673626]], [[1.316383163981647, -1.3087730089382137, 0.38166216333025993], [1.187953716513308, -1.2096878399637336, 0.5305271413474096], [1.1853745721467055, -1.2786471068458813, 0.2564808187475295]], [[1.4418055134194852, -1.6747063958654849, 0.05026869322357774], [1.2274812147195786, -1.6547896368511257, 0.3550928459668544], [1.2932258006974964, -1.4122391264325627, 0.24989804200061672]]]}