{"bodyId": "h0", "timestamp": 1609488118514000000, "continuousState": [[[1.42604589871181, -2.80473854757645, 1.69753131829218], [1.66027482299516, 1.38843386113612, 1.58287607042858]], [[-0.02826546049929246, -0.9977445226868114, 0.8265115251830666], [1.66027482299516, 1.38843386113612, 1.58287607042858]], [[0.1206910683425606, -0.9000870063931432, 0.8423856352318697], [0.20155875672554835, -0.845192385389296, 0.8164669663763051]], [[-0.07193654421196927, -1.0893442151648123, 0.5753648773882614], [0.20010105946981316, -0.8412976108861652, 0.7375952927529372]], [[0.2720483537383578, -0.9350985295709293, 0.6547941671097823], [0.31247358502104694, -0.8957169092918198, 0.6486280824031905]], [[0.017560371006732245, -1.1908014171609698, 0.39815939550972224], [0.45128843504101357, -0.37085639879903765, 0.6818326589476431]], [[0.32808809627068203, -1.0275862438742032, 0.5218154955892376], [0.4062247388806888, -0.4932485196530423, 0.4785231029379713]], [[1.42604589871181, -2.80473854757645, 1.69753131829218], [0.4000616569267499, -0.3395999187473344, 0.5299931945150782]], [[1.42604589871181, -2.80473854757645, 1.69753131829218], [0.30982358252078424, -0.3240253342223145, 0.4749756563992025]], [[0.13923541278539364, -1.2117420344559078, 0.13783888761235175], [0.23218931593468373, -0.7064087592848394, 0.22017450856773224]], [[0.30168320646870006, -1.0672006913131424, 0.10508774711881075], [0.2915831805723519, -0.8008580396748335, 0.14687892280155967]], [[0.07641065376728884, -1.0855932324909778, -0.3553881742329392]], [[0.3205183783161589, -1.087377801183827, -0.2575690702754163]], [[0.11453549404344021, -1.1172086047125256, -0.7483888804704386]], [[0.25586716187663283, -1.0500149096252422, -0.7939446626861832]], [[0.16187298929356242, -1.0904328992131265, 0.6592764570248575], [0.25494314501556925, -0.8705538297402666, 0.6924240845533327]], [[0.10005590476319426, -1.0122213723678708, 0.6150795222490218], [0.25628732224543005, -0.8685072600889925, 0.6931116875780639]], [[0.22045930962704685, -1.139471362884525, 0.12146331736558125], [0.2618862482535178, -0.7536333994798364, 0.18352671568464596]]]}