{"bodyId": "h0", "timestamp": 1609488538105000000, "continuousState": [[[1.4161760609406215, -0.4970287878968067, -0.03240880741430385], [-1.13867949267045, -2.33001540420462, 1.88733596350958]], [[1.4583395324931245, -0.500024915031529, -0.010229805142989656], [2.7681093717034075, -2.302389736070613, 1.1137340269791758]], [[1.407817141664768, -0.5104246551864411, -0.024551695107349447], [2.6040868803943384, -2.3915943210778954, 1.10733457774388]], [[1.481756264794992, -0.28125887321535714, -0.29629976543294867], [2.5112867070640164, -2.20908730998113, 0.9708238889151111]], [[1.42604589871181, -2.80473854757645, 1.69753131829218], [2.598653795731827, -2.50333966303913, 0.9496152652915106]], [[1.4435483194911611, -0.7045288737272268, -0.16653116512088317], [2.6157575615375714, -2.1462992739203166, 0.65667477081092]], [[1.42604589871181, -2.80473854757645, 1.69753131829218], [2.7093203607113314, -2.6647744885550857, 0.6275229684007477]], [[1.4400793578359128, -0.7189456875560594, -0.19125163277669954], [2.8166726848974184, -2.18047832203908, 0.35613983163622964]], [[1.42604589871181, -2.80473854757645, 1.69753131829218], [2.8781105806701435, -2.7741665976926635, 0.4133920484707394]], [[1.4125511658898517, -0.7876008916482764, -0.18525732177948417], [2.4774892301673335, -2.3059105617930404, 0.47559207707623896]], [[1.3931582059819565, -0.7490921152584984, -0.21430416854530865], [2.5468996549428553, -2.5071091128197702, 0.4262889097411655]], [[1.4064012531997334, -0.6148715226824217, -0.5288464384774465], [2.663414366041728, -2.413286742990983, 0.0675157226601304]], [[1.3966232873036797, -0.607553861593551, -0.5388575380824401], [2.6620506694669657, -2.5124572202146576, 0.017407061426935933]], [[1.425353757974099, -0.5104051585341187, -0.8679467430712626], [2.637718188425925, -2.468663156560601, -0.2555247191704064]], [[1.4230302278459979, -0.544583693433391, -0.8138549363941476], [2.6369586087003456, -2.4965337367249547, -0.42363816844292446]], [[1.458046575980071, -0.5569273459049113, -0.08273308721044703], [2.4721932995159976, -2.353562028912968, 0.9828939164560273]], [[1.453901081753401, -1.5429987103959035, 0.7006157764296157], [2.554970251397922, -2.35621348651013, 0.9602195771033109]], [[1.4028546859359041, -0.7683465034533874, -0.1997807451623964], [2.5121944425550944, -2.4065098373064053, 0.45094049340870224]]]}