{"bodyId": "h0", "timestamp": 1642436670996000000, "continuousState": [[[-0.21031233606309058, -1.0297897017124291, 0.7225040836395178], [-0.18636548089913962, -1.0085453811472296, 0.7388795221227275]], [[-0.061903087492623965, -1.0117448749469338, 0.7476712021369416], [-0.05110232262545866, -0.9833823296033184, 0.7734250560670908]], [[-0.08493278613806776, -0.8822770702294617, 0.7342199579595154]], [[0.08356430753663874, -0.8883777265201092, 0.5147020023841207], [0.04353893923498908, -1.0056936985123615, 0.6202156800370326], [0.1258264774805551, -0.8725173080968521, 0.5529822373107558]], [[-0.224311294165581, -1.0077017483966395, 0.6074387959149792], [-0.26181229705690323, -0.8815165613443401, 0.5706112737509357], [-0.20320158127864807, -0.8543382304892656, 0.5764011474152495]], [[0.16643126448884094, -0.8689566572141494, 0.2846092563212652], [0.03749273772380424, -1.068112092642357, 0.41942468010742684], [0.20645044675092739, -0.8550004793058674, 0.25354195842181304]], [[-0.48053860700305545, -0.8486112874848128, 0.3926498778522214], [-0.457879345622192, -0.7995793537387528, 0.39596740315488743], [-0.4117518642530651, -0.8712940234293136, 0.42376171401179746]], [[0.2656287180713002, -0.8019943008377144, 0.08757610346798983], [0.06688478966346179, -1.0308456709818477, 0.27752594440218026], [0.26026904576247567, -0.7365335105209034, 0.04922175506138904]], [[-0.7187251797687724, -0.7679236899057462, 0.2962595940527384], [-0.7006491597899585, -0.8291226276534873, 0.3560234177477497], [-0.5736304819473838, -0.8883792799363953, 0.2888376519682885]], [[-0.009791414476890803, -1.1157530154731383, 0.06169589381240126], [0.007800617785007291, -1.1272573161581552, 0.07828295056734036], [-0.04487464759940041, -0.8768634588706208, 0.05022124997689992]], [[-0.23476668498049375, -1.1255769511170728, 0.06189696225672536], [-0.22421235578704257, -1.067617892004772, 0.09915786028286666], [-0.17825127928651918, -1.0018325356226727, 0.023708779896108534]], [[-0.018276944003208118, -1.153137459360389, -0.35076282819313653], [-0.014629120288352393, -1.143274354391267, -0.35271046941555917], [-0.32651099415405294, -0.5493883645950561, -0.012556464932000688]], [[-0.2721838505866475, -1.1289487051461593, -0.4098018411371631], [-0.2222368995643218, -1.1657425349094088, -0.28139389062566367], [-0.32290267472585743, -0.828903463413337, -0.17745482078790875]], [[-0.05921435248653084, -1.1223995629589005, -0.8079887830489278], [-0.036293935287159185, -1.1488774188913242, -0.7141713196832954]], [[-0.21604319121444504, -1.1123882425566205, -0.7837623898932466], [-0.21531505302553544, -1.1903906673561333, -0.6742506389520219], [-0.3111135934967666, -0.8232098257588663, -0.4794732365104182]], [[-0.06798355635061659, -1.0026045180882035, 0.5908718627391758], [-0.13136681195755573, -0.9719023774816964, 0.6097931243222783], [-0.038427106890940754, -0.8567998556021655, 0.5730841023343354]], [[-0.07037349331447112, -0.9480397374583743, 0.5610703991495499], [-0.10913667891095707, -0.9436051299283508, 0.5954134768939842], [-0.03868755189904649, -0.8634277692930589, 0.5646916923630027]], [[-0.12227904972869227, -1.1206649832951054, 0.06179642803456331], [-0.10820586900101764, -1.0974376040814637, 0.08872040542510351], [-0.1115629634429598, -0.9393479972466467, 0.036965014936504226]]]}