{"bodyId": "h0", "timestamp": 1642436716757000000, "continuousState": [[[0.16136915809200958, -0.776575873917089, 0.6765493984373294]], [[0.0032616278935529985, -0.8299073035500211, 0.7539593744011326], [0.04706379957878015, -0.8371764213813431, 0.7399232320446396]], [[0.15094231494971372, -0.8877738230364112, 0.7734867019979563], [0.12582848199164182, -0.9104438683555243, 0.8150228486117657]], [[-0.1015315943524367, -0.9268284618075364, 0.5560631637683606], [-0.046515566180209356, -0.8017421171554171, 0.49493958242911207], [-0.022847183802594984, -0.8802695305483579, 0.5491426386523186]], [[0.2564672564381678, -1.0542108635056149, 0.6318799771876256], [0.27129970549761206, -0.9861333637927765, 0.6226281374904707], [0.23372653474088612, -0.852431352312615, 0.6037240451413729]], [[-0.029273913812030428, -1.0452511074608293, 0.39710884688457093], [-0.04637696319084905, -0.9380438032125862, 0.3032398118927504], [0.0269105728291843, -0.9052695276145312, 0.25134605559550827]], [[0.3662013108814917, -1.098938940095033, 0.3600477934290913], [0.40559335616174796, -1.0329736730025074, 0.32813386185762106], [0.30385646089595864, -0.8775528486172032, 0.3509218961047461]], [[0.10810367376345686, -0.7773072890300776, 0.04256277793519414]], [[0.40399769053360157, -1.0271966335432217, 0.06618951063799994], [0.3649494327502786, -1.0639076748140937, 0.167688868247726], [0.46175804799407705, -0.9930984503770817, 0.0531103549028179]], [[0.026961301239072255, -1.078747528779998, 0.06016962582059793], [0.04775082157255728, -1.0191930178880275, 0.09944536145671501], [0.03650748206921661, -0.8511679391979436, 0.0828773241912667]], [[0.23825931205171674, -1.084586803896772, 0.10532807367218111], [0.25358692744450884, -1.0780150787878946, 0.10865108995737871], [0.2363612583536585, -0.8492992737991845, 0.06685844397159924]], [[0.09236963945179372, -1.06132726324119, -0.36319466515351695], [0.0892566315418617, -1.076857471826587, -0.23211217853976418], [-0.12047445696541614, -0.5393969409543684, 0.013437387947675017]], [[0.23357773813006544, -1.0740677458411274, -0.3268399274100282], [0.2284067770200331, -1.1039426813326318, -0.23367807063278256], [0.042483095307397134, -0.524493459146739, -0.0006495911022009193]], [[0.151370396800027, -1.1381847444261068, -0.7112358950033885], [0.1349338170806964, -1.1338705441088262, -0.6268515395097991]], [[0.25821698838579765, -1.1105491016042222, -0.6850867918244112], [0.22647800446819022, -1.1521291804603515, -0.6394666277291872]], [[0.08363232091801909, -1.020258173780702, 0.6045855044721526], [0.06684227584869906, -0.9633408511359536, 0.6008763710497433], [0.0885071724976978, -0.8451293742683567, 0.574302314134811]], [[0.07746783104286556, -0.9905196626565757, 0.5939715704779931], [0.11239206965870135, -0.8939377404740968, 0.5587838599597914], [0.10543967546914557, -0.8663504414304865, 0.5764333418968457]], [[0.1326103066453945, -1.081667166338385, 0.08274884974638952], [0.15066887450853306, -1.048604048337961, 0.10404822570704686], [0.13643437021143756, -0.850233606498564, 0.07486788408143297]]]}