{"bodyId": "h0", "timestamp": 1642436718968000000, "continuousState": [[[0.16804709611967827, -0.7855910183991548, 0.6799156541807083]], [[0.052427978044911505, -0.8562445419776096, 0.7344909912764458]], [[0.15082993096644984, -0.8831304944907161, 0.7662531936506649]], [[-0.09085053754385791, -0.9568528510293601, 0.5656694983942536], [-0.005443222870810116, -0.908162572502413, 0.5444881801446222]], [[0.25661564660472025, -1.0542471522431773, 0.6317862379618402]], [[-0.03270172952495287, -1.0543007070315065, 0.40160135908373085], [0.043581935609270595, -0.9307390649065995, 0.23665330442618682]], [[0.3600993162197046, -1.0309199464876981, 0.31804858981059136], [0.31713458324167965, -0.8945113619466906, 0.3495221103065148]], [[0.11473242276729678, -0.7634783991249257, 0.0485195037886017]], [[0.40453059846256195, -1.036485531445691, 0.07400581849897203], [0.44411143403275277, -0.971536592335572, 0.05880900077198414]], [[0.02578449723737475, -1.0730477347005434, 0.046422659095688434], [0.02840214259895557, -0.8391971538433105, 0.09129644988043684]], [[0.24344500910376976, -1.067789144684575, 0.07560932862248437], [0.25068156266516395, -0.8558831245890282, 0.06003601862114327]], [[0.09868821591132171, -1.079198134065414, -0.37457286851350946], [-0.1321630809182468, -0.5230225848569883, 0.02841962612079746]], [[0.23552465936304584, -1.0750126220348166, -0.34666432622594634], [0.036394084044611086, -0.5079419077944809, 0.012261647833440636]], [[0.14466963514292708, -1.139902028134327, -0.725945883449701]], [[0.25250059419523624, -1.0973836946125848, -0.7600180973270979]], [[0.08370205871714775, -1.0203018209797696, 0.6045080870035926], [0.08635560171140755, -0.8426436497205723, 0.5821360041705124]], [[0.08288255453043117, -1.0055500016362688, 0.5987278681780469]], [[0.13461475317057225, -1.0704184396925593, 0.061015993859086404], [0.13954185263205976, -0.8475401392161693, 0.07566623425079005]]]}