{"bodyId": "h0", "timestamp": 1642436768079000000, "continuousState": [[[0.1320397937943768, -1.2364289651407692, 0.738344168593494]], [], [[-0.014970565193167307, -1.2725032639928204, 0.7310263283080642], [0.0038555438710434764, -1.235091593136841, 0.7718251130791522]], [[0.08241476932201824, -1.162432540505822, 0.5641117458694496], [-0.07655275192732625, -1.11144514246082, 0.6193481523600073]], [[-0.09303168552588248, -1.3872453677483976, 0.5551387197810076], [-0.043689155116981016, -1.344862589494722, 0.618075132657647]], [[0.15136755643278293, -1.23746126701042, 0.4590364947185064], [-0.14107274306946338, -1.2567961611303557, 0.5443182528159644]], [[-0.24188667900902894, -1.5064485421121527, 0.2935271644335169], [-0.1471717521031617, -1.4991474423712765, 0.4988293885808067]], [[0.11718414713435754, -0.8046159586359867, 0.09322908371824412]], [[-0.09556336376959651, -1.5767300488177078, 0.1496271857572189], [-0.12855587206511843, -1.5949282771002493, 0.3540249103598876]], [[0.16823788214165608, -1.372498568005358, 0.07624465598559427], [-0.2041705323510794, -1.4713869807769244, 0.4050047398022183]], [[0.049715178792416936, -1.4676444205162937, 0.08868741322609242], [-0.16215517578859795, -1.589036402619286, 0.4429978459120264]], [[0.138249740191987, -1.4762306044076718, -0.20457591173602307], [-0.00771339650662084, -1.3472789592967471, -0.1755846053940886]], [[0.09939181552365062, -1.5445277168274492, -0.3169238549069222], [0.09986811463658807, -1.51881917444865, -0.24270998256393805]], [[0.14503806781197415, -1.5379643559804406, -0.4053669488746322], [0.04857665897937924, -1.3858563124966634, -0.6640968743658789]], [[0.043492977038540825, -1.5879941617195226, -0.7396151725046567], [0.035818740045093334, -1.6072818107907278, -0.6113456682993059]], [[0.009569769660176475, -1.3213438118792276, 0.588115088351752], [-0.06084153316169583, -1.249163313693796, 0.6269265991065298]], [[-0.0053084581019321175, -1.2748389541271097, 0.5596252328252286], [-0.06012095352215363, -1.228153865977771, 0.6187116425088272]], [[0.10897653046703651, -1.420071494260826, 0.08246603460584334], [-0.18316285406983868, -1.5302116916981052, 0.42400129285712235]]]}