{"bodyId": "h0", "timestamp": 1642436837156000000, "continuousState": [[[0.021486660729468365, -0.7443778182642837, 0.6614867114126217]], [[-0.05605379121459375, -0.8288393355633422, 0.719213299947371]], [[0.029683380106719115, -0.8711068593620428, 0.7535831832462807], [0.02038026756015865, -0.8649358401970564, 0.7742777284616453]], [[-0.2300532344206092, -0.9035734292481432, 0.5680649886546938], [-0.21388318780252757, -0.8461888383418068, 0.549540348863391], [-0.12470229823954648, -0.9022010477833664, 0.5420082416909879]], [[0.12734217798594677, -0.977424912640473, 0.5802823755271567], [0.15193903441124146, -0.9428946988662001, 0.6002038483036369], [0.10797727359556863, -0.7968580625371272, 0.6216641688773111]], [[-0.13327997854886542, -1.0142861021037823, 0.42718813364268216], [-0.17597475178184574, -0.9460677113883675, 0.3770465468062707], [-0.08406937719531626, -0.8577155239372943, 0.28098243647827437]], [[0.24017555833262996, -0.9854602927955594, 0.29291110692981825], [0.25452564421139534, -1.0350534895834722, 0.32346691824109697], [0.19526441011563778, -0.8639805403927608, 0.359347131905435]], [[-0.03874487127951798, -0.7661756567922624, 0.04233514571881847]], [[0.275380755380371, -1.0000864063651, 0.07323736980789519], [0.21229400286013655, -1.0629890932669692, 0.17590917542349072], [0.2791006968907994, -0.9329922695279562, 0.0634346242306707]], [[-0.07882507961883806, -1.1011331469457257, 0.05499529332223396], [-0.0771758951695537, -1.0112045152781028, 0.0728480116718524], [-0.08187114978129673, -0.7964543344753009, 0.15610302548145816]], [[0.12985414280383117, -1.1086504022699382, 0.1169057746857578], [0.11409221499131772, -1.0886595623742084, 0.1218177148324735], [0.15957587969051157, -0.882839877515442, 0.09201340568321803]], [[-0.026293946624574627, -1.0655546978745525, -0.3708689284422497], [-0.04958891733136017, -1.0808575256190422, -0.231307069342912], [-0.13653337513100317, -0.5254767585821627, 0.007546122322473869]], [[0.12429721866470023, -1.072099817412958, -0.31669438960527896], [0.09309977433556582, -1.1059294175063306, -0.2135958398526987], [-0.023839967977911547, -0.5292547794404878, 0.010180580558253327]], [[0.0367424662771797, -1.122980466070645, -0.7465875076426176], [0.0012376498568396066, -1.1136212857443837, -0.6721954503919675]], [[0.13540858814863366, -1.1122175382525952, -0.7143950313573163], [0.10517390345644095, -1.1505620637998826, -0.6575263420163999]], [[-0.056586771666678526, -0.9052358494910884, 0.5554554862907017], [-0.06692732582427308, -0.9464040259176465, 0.6051328039460822], [-0.03000181430540305, -0.8453855362406559, 0.5827944090838877]], [[-0.05135552821733122, -0.9404991709443081, 0.5741736820909252], [-0.030972076695643058, -0.8945417686040035, 0.574872098583514], [-0.008362512321988924, -0.8495295551602469, 0.5818362052841495]], [[0.02551453159249656, -1.104891774607832, 0.08595053400399588], [0.01845815991088201, -1.0499320388261557, 0.09733286325216295], [0.03885236495460742, -0.8396471059953714, 0.1240582155823381]]]}