{"bodyId": "h0", "timestamp": 1642437038089000000, "continuousState": [[[0.21932095540387267, -1.1011731931706326, 0.6112205275496144], [0.26778777446204427, -0.9837053649551257, 0.5133505904669038]], [[0.06325163734700978, -1.1200753892295823, 0.6709507157451085], [0.15440801288655437, -1.0316233680970588, 0.5670752619505437]], [[0.18822660867839405, -1.1037151419087112, 0.6475987980864494]], [[-0.030740499348555328, -1.1989160811002224, 0.5076313726379551], [0.04160970209623627, -1.0762185089431302, 0.45130069465219713]], [[0.2239744150231751, -1.2115728050240318, 0.5628696148935436], [0.17027913130075634, -0.9628380652216163, 0.5555303720379338]], [[-0.04535444437446401, -1.0039689710598716, 0.19018799906629402]], [[0.35934040808294965, -1.24972365564258, 0.3695349944475881], [0.4074545668712848, -1.125213130400079, 0.30482107075899334]], [[-0.22404642992124568, -0.761725931768839, 0.05227214037802297]], [[0.4968581104202429, -1.137248039196618, 0.11729929502250891], [0.51268842586832, -1.0614657102956138, 0.09106618528088184]], [[0.026287186320420264, -1.498023727343389, 0.11220420319000168], [-0.015324760763309131, -1.151415615990296, 0.16584417315406974]], [[0.21329170535313335, -1.5046391141190596, 0.12826894549954848], [0.10761875743135163, -1.0462879682315096, 0.20434118663264011]], [[0.09778862065020455, -1.5572886413398883, -0.27675674941151807], [-0.09532294867957658, -0.9586125568538579, 0.018248640408882966]], [[0.3320514972026374, -1.4979699865741198, -0.3095479236035823], [0.28954404448890525, -1.265925159943333, -0.24987137738646636]], [[0.14731856260553222, -1.60683174781323, -0.7331403903573426], [-0.2608679292541919, -0.7022027589734672, 0.006720365959206331]], [[0.3352335074242021, -1.5803420302805853, -0.7593218313652581], [-0.194668782362726, -0.7343651101403188, 0.03865746573669482]], [[0.10616530930795604, -1.2362784145443837, 0.555416833146815], [0.12387757660462384, -1.0584348573058002, 0.49283784754763604]], [[0.09661695783730989, -1.205244443062127, 0.5352504937657494], [0.1059444166984963, -1.0195282870823732, 0.5034155333450654]], [[0.11978944583677681, -1.5013314207312243, 0.12023657434477508], [0.04614699833402125, -1.098851792110903, 0.18509267989335493]]]}