{"bodyId": "h0", "timestamp": 1642437141537000000, "continuousState": [[[0.4054004634338033, -0.968895404379586, 0.42844963441491335]], [[0.15780408333904583, -0.9939257758400595, 0.6806390764713302], [0.19464876552212296, -0.8574265515748011, 0.6066745051420943]], [[0.29336893400091824, -0.9903268327801309, 0.6394731021821731], [0.27083222577693866, -0.9847282398618955, 0.669494294090647]], [[0.018868130578790554, -1.0516680448501616, 0.528926912063332], [0.04808745255874647, -0.9057335739670349, 0.460612002145687], [0.10416987235150232, -0.9702597027672469, 0.4633214098356212]], [[0.3116978602921092, -1.1632462967153856, 0.5115152174040153], [0.33707197071812944, -1.112379630618527, 0.5422781432208967], [0.20152266613820236, -0.8963163573966855, 0.5573909420397674]], [[-0.06050855043128933, -0.7965931906716621, 0.23716625436336747], [0.10789990597746102, -0.954999638256653, 0.13234072266679708]], [[0.5250506274842077, -1.1724358162269892, 0.3078978768828726], [0.6614633026089256, -1.098866501061202, 0.16542831159628268], [0.5381987944746385, -1.068535913545654, 0.2962951692087271]], [[-0.12806814337763583, -0.6512106167024956, 0.03990519814750626], [-0.12971172611254822, -0.6330532218967471, 0.0677116874977085]], [[0.6992237794246138, -1.100995230783579, 0.09376088593112453], [0.7408478885905739, -1.0892081635463307, 0.1550055222476967], [0.7124058947157035, -1.0673622004668255, 0.08556366929185333]], [[0.015034612571878214, -1.3447982710141828, 0.04291240302603039], [0.04492706968603266, -1.2472950580788267, 0.08072431951844394], [0.06822347073614443, -1.1657574948501186, 0.05614853807063147]], [[0.21502609209823303, -1.3601254515676564, 0.05528650682302172], [0.21461699132422996, -1.3741529295394677, 0.1630123200170044], [0.18596117230256648, -1.0744883816391742, 0.09997655075901501]], [[0.0708452893012913, -1.3962467100391438, -0.30167908127066057], [0.08244361437706615, -1.3597445993434103, -0.28777739894065757], [-0.15426017639480127, -0.7905201109649473, -5.2805377026565736e-05]], [[0.2958401024583713, -1.3826212337663824, -0.33312987819940754], [0.3056478906822586, -1.3879141857917943, -0.33832670405467513], [-0.1016255278579532, -0.6314395110275954, 0.06749626387302499]], [[0.1209901698152599, -1.475196060654482, -0.7034867788265965], [0.0990181879719052, -1.4683051044387545, -0.6479617148986977]], [[0.21935416119270157, -1.46707529338158, -0.7710908337280512], [0.23988953012699965, -1.5214335300600879, -0.6691924519940466]], [[0.1715531133110882, -1.1545508101192359, 0.5548613248260879], [0.12845132186546637, -1.0879718654163308, 0.5675383523781388], [0.16002940952703937, -0.942862913313294, 0.5104353823154058]], [[0.1652829954354499, -1.1074571707827736, 0.5202210647336736], [0.19257971163843796, -1.009056602292781, 0.5014450726832919], [0.15284626924485234, -0.9332880300819661, 0.5103561759376942]], [[0.11503035233505562, -1.3524618612909196, 0.049099454924526054], [0.1297720305051313, -1.3107239938091473, 0.12186831976772416], [0.12709232151935546, -1.1201229382446463, 0.07806254441482324]]]}