{"bodyId": "h0", "timestamp": 1642436643928000000, "continuousState": [[[0.25862320433597885, -1.2810280892721522, 0.7689453765224844]], [], [[0.10843262692648736, -1.2575141144173272, 0.7326560237582315], [0.12821942407232245, -1.2175492846430234, 0.7575516186463457], [0.16196730752452648, -1.17249393170438, 0.7299345936077803]], [[0.231027638858616, -1.2247465052639845, 0.5784261264594729], [0.1014545286873938, -1.1165764739029151, 0.5554786308290742], [0.2837078349871722, -1.1061540008793687, 0.4644566802959368]], [[0.07867034789923749, -1.4082381381881754, 0.564684989693941], [0.1788131562256754, -1.3392024598271342, 0.5879065838157911], [0.18064063342902315, -1.4407221176108458, 0.521462955429732]], [[0.24518005744626853, -1.356768513507008, 0.5080461967047809], [0.2181459834970232, -0.836567742581618, 0.13622047210265054], [0.2700410498738315, -0.9550935332186304, 0.2533894996560371]], [[0.07136327016225308, -1.6120736306748515, 0.3637080702071117], [0.18226988000124034, -1.538461332370882, 0.3873474829855472], [0.15873100908034332, -1.532275017331231, 0.3341134919393679]], [[0.3218005359718218, -1.305111284703332, 0.4546561578624555], [0.2430416571294376, -0.713750687244262, 0.05049262969290513], [0.2673496204273169, -0.7449682347207385, 0.04296772807398852]], [[0.16519694303075905, -1.6961315965249728, 0.14755203387445204], [0.19848625585547086, -1.6535261455473385, 0.24399038987079336], [0.21580579350823847, -1.444114816680575, 0.2352578892213153]], [[0.3126593481602574, -1.5295994650451337, 0.14979073135638754], [0.0795559349898951, -1.4123448020617706, 0.16055977055436066], [0.24972535496922554, -1.2443296411478983, 0.025335053591023393]], [[0.21715800054106366, -1.6113375445504667, 0.1977665851933803], [0.15511043165791505, -1.5652039037498027, 0.16945038704244753], [0.18498060457560395, -1.4264946916643302, 0.04065138415168135]], [[0.3090439904374279, -1.6252139603184468, -0.09340108041865713], [0.1893148071987567, -1.4318773731091192, -0.19138741642030555], [0.21369937866498412, -1.2076686220517763, -0.25540170832525644]], [[0.2719183208294494, -1.6184787860953014, -0.29060299683078683], [0.27658144090169, -1.610919197066743, -0.2239772637302475], [0.24122996522758378, -1.417035572565053, -0.19075672521366904]], [[0.32373166409207166, -1.6270104808511858, -0.3934403075034], [0.20709411852240622, -1.498077870052908, -0.6007159175550344], [-0.20276876553062873, -0.6149182777179278, 0.01752383965736609]], [[0.2206487443020298, -1.6331909669929157, -0.700003364903785], [0.21289320974179438, -1.642193176668561, -0.6193784548748882], [-0.14669486592582537, -0.8188679956562392, 0.010849710974087712]], [[0.17036932475669614, -1.350741621323471, 0.5922954482818125], [0.1536702492720503, -1.213967508661808, 0.5648027750525295], [0.24242486280548192, -1.2795512585138322, 0.4910364258973816]], [[0.15484899337892674, -1.31649232172608, 0.5715555580767069], [0.1401338424565346, -1.2278894668650246, 0.5716926073224327], [0.23217423420809769, -1.2734380592451071, 0.4929598178628344]], [[0.26490867435066057, -1.5704685047978002, 0.17377865827488392], [0.11733318332390508, -1.4887743529057866, 0.1650050787984041], [0.21735297977241474, -1.3354121664061143, 0.03299321887135237]]]}