{"bodyId": "h0", "timestamp": 1642436644598000000, "continuousState": [[[0.23126680672667077, -1.244728889335756, 0.8041648196159841]], [], [[0.10209578494130589, -1.2046297751114916, 0.7580296235972798]], [[0.10399220352907046, -1.1132085668354426, 0.5526138407947583]], [[0.16270642719892758, -1.348152509231848, 0.5994312508571995]], [[0.20127967931301793, -0.8605632531958669, 0.1581747965169713]], [[0.17393929883581272, -1.5378043240930173, 0.39897643357127266]], [[0.23688270409776946, -0.7354832761447763, 0.06493616025923599]], [[0.2137335472448777, -1.6434293556903914, 0.23263157710279914]], [[0.07964969842441227, -1.4123257425699853, 0.16065000034355092]], [[0.11821422623320588, -1.5582651488411536, 0.23270142492214174]], [[0.19885835970076415, -1.4238813458044828, -0.22831183662381038]], [[0.28984066374602346, -1.608948030706337, -0.22815137277417796]], [[0.21220404315023855, -1.494682411766698, -0.6238270048905098]], [[0.2120328655952981, -1.6427180147800304, -0.6174893985877651]], [[0.1323725233551276, -1.2302427574084147, 0.581520544945823]], [[0.13334931536399902, -1.2306805380336452, 0.5760225458259789]], [[0.09893196232880908, -1.4852954457055696, 0.19667571263284633]]]}