{"bodyId": "h0", "timestamp": 1642437181000000000, "continuousState": [[[0.034149853673941744, -1.4411983762575966, 0.688500568584497]], [[-0.020941489498616295, -1.476860355680559, 0.7920943926898013]], [[0.07094730072640898, -1.4729215355643843, 0.7839661840865073], [0.13482625419100192, -1.3258935032661556, 0.7387849048536687]], [[-0.1201581951990966, -1.5911460061185896, 0.5782331282389173], [-0.08038582525047844, -1.481006158103444, 0.5814284632941998], [0.0481716567503474, -1.6365988781269618, 0.5180072632817735]], [[0.21228057224918995, -1.492785232850059, 0.6001773761160678], [0.1597414298116756, -1.5061547526288221, 0.6779662528614855], [0.30361288959782295, -1.382213502890067, 0.5244909369328565]], [[-0.33217632331377556, -1.5823384056791459, 0.25875188005908956], [-0.26061919027004044, -1.5840043045621535, 0.3551447826451305], [-0.08685519575914213, -1.6706013179782686, 0.31227960473891725]], [[0.3580424492853719, -1.4538914226142676, 0.25458396203813893], [0.15622057632359543, -1.581479855522296, 0.5276304282226506], [0.4784198897601972, -1.4339363059385557, 0.2849385702499212]], [[-0.5064780941371285, -1.4691499394377978, 0.22330520802610931], [-0.4747945504798091, -1.4873565843774987, 0.32440026591829285], [-0.30438030885324796, -1.4982504058951145, 0.24465817626967346]], [[0.35079408727380645, -1.4764187552211858, 0.3596316795270177], [0.3602806084802024, -1.1968644788485059, 0.14321941972478391]], [[-0.007814241053301973, -1.66453932888404, 0.06006030936356288], [-0.06680957676278576, -1.6044708322747296, 0.1807987616230562], [0.04673652669961781, -1.4871900264588758, 0.06945137532156587]], [[0.2017802072833017, -1.6326643988859464, 0.08924780335953653], [0.09347010262456812, -1.6666213893553694, 0.19532088696644334], [0.21968710672206138, -1.3670764479088944, 0.07872394094761537]], [[-0.06535661336000753, -1.6273861624901418, -0.11526298247982891], [-0.10756647755653226, -1.5682655289332805, -0.20791361725086377], [-0.0346161970878327, -1.4995583433895558, -0.3155783621238385]], [[0.22095545145069245, -1.5880605178388885, -0.3602904019816978], [0.13361356335558083, -1.617129454658873, -0.05533455482709826], [0.21606169342953363, -1.3270235230352305, -0.3045018680342303]], [[-0.1599429342836145, -1.5451875111348594, -0.7213051303994126], [-0.16367919692163646, -1.5615034640643544, -0.6386305857751038], [-0.28803803239342596, -1.0776370856243194, -0.3476385126109798]], [[0.2694382980466031, -1.6445809280305226, -0.7563358769819083], [0.2983908890871969, -1.6512248653750259, -0.6508152076192387], [-0.24788221466902105, -0.5604377259476447, 0.006848773845659406]], [[0.05397226211437339, -1.5596389329936011, 0.6037486497312341], [0.02565694296599841, -1.507185927958028, 0.6312179197828265], [0.15642485835153352, -1.44960357556337, 0.5300128106554506]], [[0.046061188525046676, -1.5419656194843243, 0.5892052521774925], [0.039677802280598584, -1.493580455366133, 0.6296973580778427], [0.17589227317408518, -1.5094061905085145, 0.521249100107315]], [[0.09698298311499987, -1.648601863884993, 0.0746540563615497], [0.013330262930891179, -1.6355461108150495, 0.18805982429474977], [0.1332118167108396, -1.427133237183885, 0.07408765813459062]]]}