{"bodyId": "h0", "timestamp": 1642436653844000000, "continuousState": [[[0.3123204856172562, -1.2604954398805273, 0.6528519005013679], [0.25509305823398, -1.2716991062171075, 0.7123014787195636]], [], [[0.1920505635795696, -1.302683978526425, 0.7192073126242001], [0.19374715837033463, -1.2583952892322459, 0.7516013621500122]], [[0.23395299809586076, -1.2731403985328131, 0.6133402471841255], [0.09986555744989101, -1.0903358501442364, 0.5753988507068724]], [[0.07390585609230732, -1.4088428992050235, 0.5638372642962319], [0.16046189142868217, -1.3426412899688231, 0.5808956619530492]], [[0.2389623534131103, -1.2324502227225413, 0.5170746671629821], [0.23063330778553215, -0.8184744493432814, 0.1196958785892146]], [[0.08257371408238284, -1.5770457994100178, 0.32707551615942265], [0.14568520767535575, -1.4960167483564493, 0.40005101719535063]], [[0.3114118247908142, -1.2687596498167908, 0.43161274228080904], [0.23448053781640377, -0.7388991037068962, 0.06787464869246551]], [[0.2041933038957553, -1.5933415233893875, 0.10669653928182266], [0.22635726414277146, -1.5742158431506519, 0.2292987030531779]], [[0.2981704226351298, -1.4853596085276428, 0.11669576345681676], [0.07862915332879672, -1.3574257678042319, 0.1310462415570086]], [[0.22601965627259352, -1.5849233452200997, 0.16254904851223817], [0.17247098036879838, -1.4799387442715264, 0.14327419753235993]], [[0.3132216349072744, -1.590876947418356, -0.13352625934351925], [0.13697613502239758, -1.4272290820184415, -0.08723066577177896]], [[0.3096955940819935, -1.6142273541256296, -0.3319186244049107], [0.2923552822518536, -1.6087079433430596, -0.158886881765971]], [[0.3330390373610777, -1.635508591000849, -0.39566737935871155], [0.27521170514003934, -1.44309453976499, -0.6741117684273231]], [[0.3603658725120621, -1.6749339146179183, -0.7224681304031823], [0.3636402207187519, -1.6796635338565618, -0.6059492905990037]], [[0.14292514536339151, -1.3421760896426327, 0.585767142263043], [0.1291643788495035, -1.2111795490275676, 0.5753674444793371]], [[0.15392942709408403, -1.3409916488689184, 0.5885887557401788], [0.1301637244392866, -1.2164885700565298, 0.5781472563299608]], [[0.26209503945386164, -1.5351414768738714, 0.13962240598452746], [0.12555006684879755, -1.4186822560378791, 0.13716021954468427]]]}