{"bodyId": "h0", "timestamp": 1642436654648000000, "continuousState": [[[0.35272849726935795, -1.273488109062648, 0.6299706612117513], [0.32386084106980506, -1.2484722198110894, 0.6781493116130837]], [[0.3342555361466868, -1.0919777114145601, 0.6482242613545618]], [[0.2359825635823552, -1.2967625985492786, 0.704178312491605], [0.2513453402363617, -1.241777466730741, 0.7302599361075413], [0.4005729169366332, -1.4025090842000445, 0.6422586383627579]], [[0.23809456049435168, -1.2858124353063694, 0.6042809937192932], [0.11519402471582707, -1.0968617725547822, 0.5769451611194161], [0.2683643621700682, -1.0971474636492264, 0.46902980214280177]], [[0.09347354639424277, -1.3919908166044281, 0.5638900362869494], [0.17749374147416397, -1.3343099060888257, 0.603924238506873], [0.15519230233494619, -1.349516984347093, 0.5910824751045716]], [[0.23101002976429136, -1.3440378693145, 0.5138893887855464], [0.24515286633175104, -0.9165801965900059, 0.21812537664567944]], [[0.06083523649204414, -1.5754694877958015, 0.32465725653314226], [0.1175509891194999, -1.5311833650504534, 0.45067817988288894], [0.1257379534647225, -1.4887355373651383, 0.36114045313271503]], [[0.31133469940515257, -1.2738264809180035, 0.44165038460842365], [0.25928114253742884, -0.7021414163480351, 0.03511367268802257], [0.26371805747910804, -0.7407986207445623, 0.04608297356118485]], [[0.15592030652869182, -1.6113589943167184, 0.09977534736067195], [0.22000559216698634, -1.5759265288486097, 0.18115220077341698], [0.16757965935678487, -1.4599842208605436, 0.16243561200481038]], [[0.2826450432858413, -1.4730134412883882, 0.1290447193507408], [0.04753819817558569, -1.3820177730061185, 0.172325609484677], [0.19100705647251592, -1.2487733368573148, 0.06265766986167909]], [[0.1538047263741793, -1.5950107710848398, 0.18317721902951356], [0.1260476241240528, -1.4825380555048242, 0.18121581579020418], [0.13649863981329902, -1.4680850050797987, 0.041722930833202776]], [[0.36501457453214514, -1.3996634208954024, -0.3753485719807811], [0.09322281628675944, -1.5848828012776721, 0.0896615509602745], [0.306206497509685, -1.2353655131198946, -0.17041162327632375]], [[0.19099745653435818, -1.5621980805547568, -0.3181100440013227], [0.16665122393967935, -1.5288850203272562, -0.24984571045711745], [0.20142632527811388, -1.4352420582033636, -0.23024144124113388]], [[0.3844838135186066, -1.5058474370873982, -0.7326069569615372], [0.2465044514781729, -1.5898161416828287, -0.3889166252305758], [-0.10343979082728194, -0.6811614146427107, -0.006624517968019827]], [[0.2027992503147531, -1.5566551444663135, -0.7389592282856812], [0.17955216717589972, -1.5776526774131576, -0.6112859392555945], [-0.2153432295469947, -0.7753355194759115, 0.004852727035268178]], [[0.16631363109295244, -1.3345362747059557, 0.5812055232078597], [0.159466666494672, -1.2022030601340639, 0.5813149164894225], [0.19822241775489258, -1.2099938017059233, 0.5249160041834972]], [[0.16578405344429722, -1.3389016259553987, 0.5840855150031213], [0.14634388309499552, -1.215585839321804, 0.5904346998131446], [0.2117783322525072, -1.2233322239981597, 0.5300561386236866]], [[0.2182248848300103, -1.5340121061866139, 0.15611096919012718], [0.08679291114981924, -1.4322779142554714, 0.1767707126374406], [0.16375284814290747, -1.3584291709685568, 0.05219030034744093]]]}