{"bodyId": "h0", "timestamp": 1642437557117000000, "continuousState": [[[0.048828788878960194, -1.2323209295367679, 0.7197876082173682], [0.05722884355583935, -1.182620479126471, 0.7427135113931315]], [[0.15988774739132183, -1.2982591030986204, 0.7417560965161579], [0.1649638746468467, -1.2562051105340308, 0.7865632560396694]], [[0.25514883303252, -1.1052552432897542, 0.7140579756308592]], [[0.22947325689471743, -1.4063894077316046, 0.5507482944644292], [0.31872502820819304, -1.3640807654540523, 0.5737159656300872], [0.24769716572261524, -1.294440510964141, 0.5542377613205023]], [[0.290385874370354, -1.216586867591843, 0.5939322801588137], [0.16482063440371997, -1.1028365656282746, 0.5634637141265892], [0.32196320537912504, -1.0807954350611992, 0.4755336379502879]], [[0.26487451722036426, -1.5641780916693369, 0.3527426156196106], [0.28380745871641155, -1.563855749304966, 0.3774611562953474], [0.2231779741237332, -1.3782296714393536, 0.32166664553528235]], [[0.13245658833854168, -1.0699349708930836, 0.43086733786281717], [0.3349345345395851, -0.9890844361892148, 0.2181390563693778]], [[0.2084834693946226, -1.620880018304558, 0.09366997349298578], [0.1993385635745536, -1.606381884034962, 0.17133634749967097]], [[0.22967005805928675, -0.8165478403703679, 0.10248411562826765], [0.2827931926216951, -0.7649071508293812, 0.043876407035826515]], [[0.25922453790556005, -1.6100683840564816, 0.2659020521432013], [0.15060982099274012, -1.5181677423541355, 0.20263873660323117], [0.1914251886558842, -1.4001067091780992, 0.022653366288980625]], [[0.31960644502571867, -1.5291711640502421, 0.2446508276600201], [0.09987369829464299, -1.3215848911238381, 0.1394163578035259], [0.26488588661232826, -1.2368965277511652, 0.016509718140503726]], [[0.23896562994469106, -1.5048878013339713, -0.22905390215906218], [0.2152011918615273, -1.488337199314429, -0.2620218415900766], [0.1808479760879962, -1.2017893582613395, -0.26191131281559954]], [[0.058997458489321364, -1.3197603323994584, -0.25734605635102126]], [[0.3075542633554047, -1.5084296186396395, -0.6650180928820787], [0.23420067678849477, -1.465724596573736, -0.6021402517367309], [-0.17462785875630948, -0.5207183430957809, 0.002976430388723972]], [[0.2845392398867572, -1.569953409995559, -0.524975452821149], [-0.30140952729699333, -0.5488657796798053, 0.006082473950427547]], [[0.2580249591977479, -1.343228828620805, 0.5977963952186061], [0.19961643289960207, -1.264980849464512, 0.6053884250211201], [0.2760021446066758, -1.1980257590917063, 0.5112636486234646]], [[0.2599295656325357, -1.3114881376617238, 0.5723402873116215], [0.2417728313059565, -1.2334586655411635, 0.5685898398783382], [0.28483018555087014, -1.1876179730126701, 0.5148856996353951]], [[0.2894154914656394, -1.5696197740533617, 0.2552764399016107], [0.12524175964369155, -1.419876316738987, 0.17102754720337854], [0.22815553763410623, -1.3185016184646323, 0.019581542214742176]]]}