{"bodyId": "h0", "timestamp": 1642438426777000000, "continuousState": [[[-0.046777846582741756, -0.9343550977116131, 0.6766875444042739], [0.01742667698932765, -0.9965372082388745, 0.6520572924587636]], [[0.054110089601683176, -1.0280762182283312, 0.7287764573181625], [0.07103269812005675, -0.9950637700643177, 0.7487986743321426]], [[0.09706143152361424, -0.8687128220141909, 0.6789925333217053]], [[0.31162205190856307, -1.05885267752284, 0.6032259977926993], [0.3195647305132586, -0.9634229218398156, 0.5968186898234358], [0.34583802648591133, -0.9147214850695345, 0.5867280592050739]], [[0.012023961761347568, -0.9544510096134815, 0.5319856046987599], [-0.02379975357382791, -0.9144846212832345, 0.5612241300871923], [0.09250402108317224, -0.9393113376219177, 0.46852577024953557]], [[0.4753940542699148, -1.1070756604031162, 0.345465262737066], [0.5083828563644687, -1.0260596991069657, 0.3733361620652036], [0.3951688101451558, -0.8954519773843691, 0.41555587265826344]], [[-0.008513531953462328, -1.0014834960830201, 0.3159562741735731], [-0.0700425832290299, -0.7826867648602973, 0.3039650883007099], [0.06581700298745652, -0.9448389704240292, 0.14671704280495146]], [[0.653114940486337, -1.1830461542584063, 0.1645835930735069], [0.6391749679311669, -1.1684006651515046, 0.22476437298252727], [0.641571627149194, -1.0485274776640803, 0.17109595186520188]], [[-0.030365464729244673, -0.95434231677332, 0.28070879360120404], [-0.13069735657331238, -0.6627718312621518, 0.05739907617071083], [-0.12436104578111262, -0.6411716813308297, 0.061089121944948976]], [[0.30710038142240925, -1.1339852079057582, 0.06682094318797249], [0.2800676989290486, -1.1893034914196488, 0.1462970672292485], [0.25202777724465686, -0.8383744661935073, 0.10101908517852787]], [[0.10277769253215108, -1.142364681035987, 0.058850439089604745], [0.12267132534849523, -1.0712843082843866, 0.06285056963042845], [0.01671664573185394, -0.7284126812065042, 0.16064137958608682]], [[0.33717838248123977, -1.159849120389891, -0.396095408969081], [0.31038851471670525, -1.1723885534137641, -0.2828045772922152]], [[0.14150793718803112, -1.227638242736373, -0.2980747145088136], [0.11394974854304118, -1.2116094039017569, -0.21056352017122992]], [[0.3411302037303839, -1.1186788322010064, -0.7549633761310204], [0.32602080521548205, -1.1557489201623707, -0.6703659482531323]], [[0.23750388439837483, -1.129837472121348, -0.6681806529941169], [0.22456647825971743, -1.1515804688599853, -0.6778509309482428]], [[0.1631638389947741, -0.9954083370067526, 0.570636192781911], [0.08692821980758059, -1.0082629539106094, 0.6146732109353457], [0.19296522569699448, -0.8941906069103247, 0.5370777089884619]], [[0.16182300683495532, -1.0066518435681608, 0.5676058012457296], [0.14788248846971536, -0.938953771561525, 0.579021409955314], [0.21917102378454179, -0.9270164113457261, 0.5276269147273047]], [[0.20493903697728016, -1.1381749444708726, 0.06283569113878862], [0.2013695121387719, -1.1302938998520178, 0.10457381842983848], [0.1343722114882554, -0.7833935737000057, 0.13083023238230734]]]}