{"bodyId": "h0", "timestamp": 1642437730379000000, "continuousState": [[[0.0738612512420238, -0.8134362512878032, 0.6963919874108732]], [[-0.05266333696396236, -0.9008992626114987, 0.7685789897967832]], [[0.10970175820251771, -1.0030189402813816, 0.7961712587231854], [0.06019411828590426, -0.9809284221069308, 0.8191832694885317]], [[-0.19231993252045831, -0.9948152904584218, 0.5559192889613733], [-0.1532930065944178, -0.9833364474448254, 0.5789809344655172], [-0.11356246262558245, -0.9953061017871249, 0.5594636701936564]], [[0.19632344904793678, -0.8915027325346936, 0.539624363594166], [0.17353709224482938, -0.9787054087458331, 0.6101512731386205], [0.2106623437483386, -0.8732194915528049, 0.5563952051155224]], [[-0.26485805587118233, -1.0661007740962263, 0.2919808569383582], [-0.22992266872123535, -1.0820493482550617, 0.3638043688657413], [-0.1623432984722577, -1.0663094340430836, 0.2794929196536762]], [[0.18829931000170952, -0.9770114499100369, 0.3350979020539284], [0.14542301692586268, -1.0542631881492432, 0.4769795324021655], [0.17776005569219788, -0.8183400172363595, 0.27583984571666886]], [[-0.28484518908661716, -1.0366672620872648, 0.012923641215966342], [-0.2455773040077106, -1.0038334835154203, 0.05230946932146918], [-0.24233973511225937, -0.9858570272771925, 0.09511341663675965]], [[0.1381384568113393, -0.7607248750732507, 0.051712751956602854]], [[-0.08167468749335116, -1.0931291060897081, 0.038134948747820197], [-0.07756081108016522, -1.0489608373277468, 0.10674550791309145], [-0.061436357206971826, -0.8934505400438022, 0.08451910286487618]], [[0.1294883786186275, -1.0459823081934525, 0.056507953711084635], [0.0891287003629826, -1.1324879063164135, 0.17297345930194807], [0.069657604439894, -0.7567370898547099, 0.14015696311150427]], [[-0.021300411739140213, -1.0809711786975065, -0.35254620265459846], [-0.04069739581893417, -1.0739466199274568, -0.26659477262996023], [-0.18095028985070538, -0.544204439137157, 0.0025735877036739963]], [[0.1238198034432268, -1.0403157527849614, -0.3405037016888419], [0.10115106772587845, -1.0841010193612557, -0.2368651202896832], [-0.06797631418349237, -0.48035840603719726, 0.02958832129269562]], [[0.03143922732551907, -1.1073499212589784, -0.7432607466830795], [0.003009335185123918, -1.1124524791935795, -0.6624331022922259]], [[0.12491954016619655, -1.0761751413531901, -0.7410677121306812], [0.08058810504760561, -1.1467869879707417, -0.6209553196221504]], [[-0.0016101972021208, -0.9528130687402083, 0.5417441315306093], [-0.0064867329733085954, -0.9999244516982095, 0.6049103237791469], [-0.02503719031718954, -0.8310450628810439, 0.6003640997803578]], [[0.002001758263739231, -0.9431590114965577, 0.5477718262777697], [0.01012204282520579, -0.9810209280953293, 0.5945661038020689], [0.04854994056137807, -0.9342627966699648, 0.5579294376545894]], [[0.023906845562638168, -1.0695557071415802, 0.047321451229452416], [0.005783944641408689, -1.09072437182208, 0.13985948360751976], [0.004110623616461084, -0.825093814949256, 0.11233803298819023]]]}