{"bodyId": "h0", "timestamp": 1642437777212000000, "continuousState": [[[0.016125889275903083, -1.168118759546159, 0.6511144595635673]], [[0.023510123849030784, -1.2930194496064165, 0.7320711395441813], [0.024766883650322202, -1.250220267127191, 0.763977458822597]], [[0.13910285091108276, -1.1280121970392325, 0.6649938224947417]], [[0.06404096123726649, -1.3944191212824808, 0.5278453585474956], [0.15489684832032324, -1.3813033195630036, 0.5830995824433562], [0.05182617562663849, -1.2120335936264395, 0.5889733724377797]], [[0.17805870231937027, -1.1990130132717334, 0.5509843709882044], [-0.009806222409358134, -1.1925917557132601, 0.6049630488802662], [0.2091470677223859, -1.1197690688026074, 0.46941980998289967]], [[0.09689113038934083, -1.5874739432383815, 0.3077037077663042], [0.172311094677834, -1.5677030514490586, 0.3573134468664483], [0.12315629520115223, -1.446740864368187, 0.3661219242126955]], [[0.18096046212935007, -1.354144569346655, 0.4503555041588351], [0.030656969392105493, -1.046193086435985, 0.3990708564980008], [0.17127323453836074, -0.9664128627439345, 0.2189586744748312]], [[0.0668795987339369, -1.7021078956069227, 0.10979295175542558], [0.09463691304863253, -1.6751068647545724, 0.1615804159845713], [0.11402311100594176, -1.5860332361213338, 0.1223697720380239]], [[0.07949138906110942, -0.8060889639865279, 0.09156864590437364], [0.10649452140589699, -0.7415438181137153, 0.06318609257128838]], [[0.15217974138870632, -1.621088212557311, 0.2050074762397356], [0.04527313562009738, -1.552048343263316, 0.23344965613298907], [0.0895155158262877, -1.3811506933565008, 0.08796676619685195]], [[0.21899783256496014, -1.53272631815985, 0.18611955718301731], [-0.014506117257161999, -1.3809145962825693, 0.1571938900092884], [0.12845222417292312, -1.1793349693707247, 0.10657137394123695]], [[0.12450057280440863, -1.522105769713157, -0.337874498214485], [0.1453589928878336, -1.5325822137745801, -0.33392983009052], [0.024085560088578095, -1.2029092830689758, -0.13804057879153964]], [[0.04726224518941602, -1.5306234699675307, -0.31037097369764066], [-0.04895822384508719, -1.3842180120796401, -0.23375084732141493], [-0.10158570599454131, -1.0213179041094718, -0.02287297308209002]], [[0.19815688607569426, -1.4980284474815364, -0.7408340133056281], [-0.24181498342116425, -0.6451569059190467, 0.009625388341114316]], [[0.13572533993755054, -1.6543433979367967, -0.6580265251020652], [0.15199634532088302, -1.6712703096906971, -0.4923621993109041], [-0.2895261815142137, -0.659959914689134, 0.0009423900284695752]], [[0.12592795801909118, -1.317301365668881, 0.5602934605141323], [0.053569812198489664, -1.3003139079210226, 0.6036400613014321], [0.16110278611793838, -1.1802573968648937, 0.5215874726334749]], [[0.12104983177831838, -1.296716067277107, 0.53941486476785], [0.07254531295548255, -1.2869475376381319, 0.5940313156618112], [0.1304866216745122, -1.1659013312145234, 0.5291965912103397]], [[0.18558878697683323, -1.5769072653585805, 0.19556351671137645], [0.015383509181467692, -1.4664814697729427, 0.19532177307113874], [0.10898386999960541, -1.2802428313636127, 0.09726907006904445]]]}