{"bodyId": "h0", "timestamp": 1642438034626000000, "continuousState": [[[-0.031721205196295066, -1.1407129604249064, 0.7021059944148123], [0.06900643698240438, -1.1287418265762381, 0.6791468195987472]], [[0.11000927041774405, -1.1824804537209381, 0.752618883744579]], [[0.12583481873552427, -0.9758569267332736, 0.6975196160865699]], [[0.31804422571455215, -1.2015050093683048, 0.5613074221373342], [0.36050543446208505, -1.093673856324127, 0.5808364192807257]], [[0.06284291938924524, -1.1382287320020756, 0.5713717459508494], [0.11554402864515967, -1.0161196338419418, 0.4769198400686905]], [[0.481780552357272, -1.2760363851842644, 0.31474915651208324], [0.4217273553621539, -1.06831853404169, 0.34059683744133296]], [[0.11192812722367879, -1.2798697152663838, 0.3760836595255097], [0.07206380903965992, -0.9495734135386827, 0.23022671586096055]], [[0.5378511983959735, -1.3409149342490687, 0.08417940336648733], [0.3833913335725705, -1.0660756970890761, 0.20230535052556786]], [[-0.04926720967050824, -0.7504902957745638, 0.06207026570972385]], [[0.3153748587193015, -1.3696803831966717, 0.10400199249331199], [0.2597608792898034, -1.007084917102977, 0.14126022606523814]], [[0.13681417677978236, -1.3101793996073308, 0.06151244189966598], [0.06381828988829574, -0.9301368958832237, 0.17010768212134986]], [[0.31659344147923185, -1.363928480544932, -0.3949938995531177], [0.08579350291555787, -0.8564702664627546, 0.027937785286956007]], [[0.13683024262930454, -1.3897654867183877, -0.2691513612354052], [-0.0904040789793934, -0.7943594620234953, 0.002154553489019495]], [[0.3993148924987372, -1.4053838127230909, -0.70141526813442], [0.0029012328278967825, -0.7417326777329796, 0.02992889321603487]], [[0.34113289302568095, -1.3543601384657398, -0.700344952550501]], [[0.20249170735474853, -1.2008755044848116, 0.5881809653939325], [0.23544753237860228, -1.0560751497271594, 0.5342159079646498]], [[0.1904435725518987, -1.1698668706851902, 0.5663395840440918], [0.23802473155362236, -1.0548967450830344, 0.528878129674708]], [[0.22609451774954192, -1.3399298914020012, 0.08275721719648899], [0.16178958458904957, -0.9686109064931003, 0.155683954093294]]]}