{"bodyId": "h0", "timestamp": 1642438098812000000, "continuousState": [[[-0.2588874553078908, -0.7656936730444034, 0.6453261577704141]], [[-0.4045822388932593, -0.9109750994127463, 0.7448010784715073], [-0.334426811125928, -0.8483293155265192, 0.7298179224781425]], [[-0.2718377529292497, -0.8731904979369836, 0.722886764547557]], [[-0.5791348773246442, -0.9532587349132122, 0.5225644158994136], [-0.40579711031089505, -1.0653709202766595, 0.512717654544551]], [[-0.17210333036628211, -0.8975822866750911, 0.5289258187127961], [-0.13258613980672296, -0.8746075565932505, 0.5456901248546909]], [[-0.609084186836611, -1.0536218570266842, 0.2705120835717374], [-0.49979486628063086, -1.078079893674003, 0.25852747695972533]], [[-0.15907206282540443, -0.9318877033531741, 0.2344733853540768], [-0.181321994429388, -0.7797182817662144, 0.3094141276375804]], [[-0.5801444742650629, -1.0519990165918844, 0.048705811118533004], [-0.5344864387565051, -0.9952931800815432, 0.05952005114423564]], [[-0.17554971659282909, -0.9831404570187625, 0.17225098268923933], [-0.2227953683674051, -0.764055691965942, 0.05046292609032177]], [[-0.4392183863025555, -1.1026092581641262, -9.213864690327256e-06], [-0.3702183849983848, -0.9824527510132262, 0.03025366640994498]], [[-0.2236278991237971, -1.0533740678287833, 0.02609324015929837], [-0.25906418191365965, -0.7966975036132382, 0.10675656924047794]], [[-0.3659897956426119, -1.1097570854224723, -0.40926610060786617], [-0.3564829413399926, -0.9882218802321194, -0.3527269345443771]], [[-0.2245989977716628, -1.085554919051811, -0.40355872083062994], [-0.26227577549700254, -0.7403990230194628, -0.2035921827705659]], [[-0.30618869737660936, -1.18899735009913, -0.7376395655182094], [-0.38136673346181027, -0.9206499428089465, -0.5327427457749294]], [[-0.2124669012245285, -1.140299282788317, -0.7593746581171231], [-0.3665830137151982, -0.32791339462567115, -0.03625163112085844]], [[-0.3707118867852983, -0.9296786611895562, 0.5319040572378115], [-0.3075786668406467, -0.8842834401528041, 0.5675725584535571]], [[-0.37561910384546315, -0.9254205107941517, 0.5257451173061048], [-0.269191625058809, -0.969989238434955, 0.529203889699621]], [[-0.3314231427131763, -1.0779916629964548, 0.013042013147304021], [-0.3146412834560222, -0.8895751273132322, 0.06850511782521146]]]}