{"bodyId": "h0", "timestamp": 1642438102497000000, "continuousState": [[[-0.2519556807796035, -0.7912287956682489, 0.6366455949251562]], [[-0.4083521401902008, -0.9163721525469053, 0.74580250835268], [-0.33170663836247416, -0.8545772051587244, 0.7280780270184023]], [[-0.26524854683238513, -0.8733545370104352, 0.7303618396260343], [-0.2744219353623359, -0.9220413422145772, 0.7877168201293048]], [[-0.5841573300200489, -0.9471728694313022, 0.5121881931561316], [-0.5136320756656856, -0.9602497865752504, 0.5459788307867142], [-0.42540601933662914, -1.0122292451850492, 0.5406185013721204]], [[-0.17019164629775357, -0.9020104544439547, 0.5243860633580353], [-0.13189207655468227, -0.9348789653807177, 0.5597084470568079], [-0.13551059221004214, -0.8562457278862544, 0.545917703250991]], [[-0.5941578990502164, -1.0741562185009126, 0.2857345727861831], [-0.571721036385733, -1.0441613223788253, 0.310745021413125], [-0.5002080112772604, -1.0757078788955488, 0.2743910733319209]], [[-0.15067667463915935, -0.9536861205583631, 0.2338623752630009], [-0.20781455849274344, -1.0608993991812297, 0.39163440415172945], [-0.1783618711340459, -0.7728827247015837, 0.31196975972161106]], [[-0.5822936127905338, -1.0548010469975029, 0.022971364737192967], [-0.5801606499270924, -1.0529024001193674, 0.07385025137647316], [-0.5205390360731883, -1.0391111844037548, 0.04589887392068115]], [[-0.14773779523720587, -0.961679172846541, 0.19014049571336145], [-0.23262058973603728, -0.7462557521907094, 0.06408829653301307]], [[-0.4305548023075042, -1.1039393348275826, 0.003692043258610278], [-0.44140486265900314, -1.1492179628552377, 0.1480836339381919], [-0.37811880324440994, -0.9623920423848644, 0.043865990644258224]], [[-0.22236366708562527, -1.0401625324562833, 0.01606663116600604], [-0.2522508907986798, -1.1715784150448065, 0.16671046195971861], [-0.25546105071546044, -0.7889217842388905, 0.10307492630824622]], [[-0.381224230595695, -1.0986678491058735, -0.42641670812393095], [-0.36998897536103603, -1.1313993987152564, -0.29176822225749355], [-0.3565481119582903, -0.9872716790808851, -0.36876564617688923]], [[-0.21742749148466378, -1.1002796031476403, -0.3850756738184109], [-0.22734156536808015, -1.130251862474827, -0.28865882228716133], [-0.3446241049390264, -0.5498634118264172, -0.046778348774937195]], [[-0.3092981567249673, -1.1835980034283948, -0.7462247277570059], [-0.32298493242747073, -1.2127189310748108, -0.6634677647761507], [-0.3645780122313549, -0.942885389046977, -0.5586607333085891]], [[-0.2172287343232261, -1.1303019438294113, -0.7747498735322075], [-0.21623406012690627, -1.1967333283008557, -0.7080696776580593], [-0.35933302232987185, -0.33918220074398797, -0.04885328041150555]], [[-0.3578719343886181, -0.9435093527702212, 0.5267498194989235], [-0.3415386710770984, -0.9582401104448666, 0.5601652143231421], [-0.30465701671252277, -0.8902118928650404, 0.5651003292655801]], [[-0.3771744881589012, -0.9245916619376284, 0.5182871282570835], [-0.3227620761101839, -0.947564375977984, 0.552843638921761], [-0.28045830577333564, -0.9342374865356518, 0.5432681023115558]], [[-0.32645923469656474, -1.072050933641933, 0.009879337212308159], [-0.34682787672884147, -1.1603981889500221, 0.15739704794895526], [-0.3167899269799352, -0.8756569133118774, 0.07347045847625222]]]}