{"bodyId": "h0", "timestamp": 1642438138275000000, "continuousState": [[[-0.3080661280803779, -1.1534420554255773, 0.6505365958364046]], [[-0.3638165057571523, -1.2038721830000856, 0.7225772854657899], [-0.3369098365332766, -1.1840349409347013, 0.7503561550707996]], [[-0.24308841674331677, -1.1535636031254168, 0.7301013684280624], [-0.21139477344976665, -1.0680926048918322, 0.6986642795565601]], [[-0.27215217070945763, -1.3851136408205071, 0.5521675709167387], [-0.19904973804877013, -1.3553222861788516, 0.6021463430150462], [-0.2694913646942305, -1.102569572651653, 0.6387515260494309]], [[-0.1430180565064495, -1.197121902987722, 0.5758257578896102], [-0.31917758773738353, -1.1606819624181974, 0.5647242205782617], [-0.14147347165693547, -1.089905779477271, 0.48808122056850556]], [[-0.1922112848371802, -1.536394786028159, 0.32821225309761815], [-0.16202618482935438, -1.5429198954941175, 0.40325512610006775], [-0.20826894007865682, -1.5021111892704433, 0.32342292560139796]], [[-0.22480231171917486, -0.8252488312142563, 0.0884204646363258], [-0.33507010598658094, -1.3431947966441466, 0.4921997065704443], [-0.17938163817892117, -0.935405637527892, 0.2502233969481146]], [[-0.22167019746918004, -1.6110217450204185, 0.08046125321062259], [-0.18735289224935026, -1.5949211816486937, 0.13210380931115706]], [[-0.2056368443862332, -0.7497374832715966, 0.024694706583393566], [-0.3896424413561558, -1.2198526461681614, 0.4512980589325397], [-0.23003721120339216, -0.7377908289425816, 0.06848661302170045]], [[-0.13892907358500273, -1.5533259178277166, 0.1947163778560932], [-0.27876231928919937, -1.5192155393477262, 0.2133218355398261], [-0.26317248331792364, -1.2513617745994012, 0.12898376286684676]], [[-0.08552087682308296, -1.453833806418054, 0.2023340279641337], [-0.3566460183881375, -1.376339972779006, 0.14438540204379202], [-0.2348649557698047, -1.0579482055931375, 0.18137229820136258]], [[-0.20394157013424874, -1.4424575631529983, -0.3243979574660425], [-0.24732032270207127, -1.5290088725161621, -0.14852233487386912], [-0.23121536221597494, -1.237485130142405, -0.24148716805816406]], [[-0.1563445345446014, -1.351087270627285, -0.27761053748549047], [-0.3253647703421497, -1.4332993195505521, -0.07721288580709285], [-0.23905495328321336, -1.1408966504349096, -0.18948318950365672]], [[-0.14933128840475618, -1.435542756864672, -0.7623450687877578], [-0.1516794705787714, -1.493808041512134, -0.6391394028276309], [-0.27280354422577824, -1.0541642511674858, -0.3964192804145481]], [[-0.06906635316662102, -1.337030587781708, -0.77777803761613], [-0.18990196748156252, -1.5021830323704082, -0.3247451670261594], [-0.3179105478748696, -0.8211602486195919, -0.2200783362380342]], [[-0.19459955788819117, -1.3215063777588951, 0.5822190082372856], [-0.2761102868153458, -1.2934698223010501, 0.6100738034625042], [-0.20923637755660618, -1.0985058222284436, 0.5681917686987373]], [[-0.20758511360795356, -1.2911177719041147, 0.5639966644031744], [-0.2591136628930768, -1.2580021242985246, 0.5834352817966539], [-0.205482418175583, -1.096237676064462, 0.5634163733089682]], [[-0.11222497520404284, -1.5035798621228853, 0.19852520291011344], [-0.3177041688386684, -1.447777756063366, 0.17885361879180905], [-0.24901871954386418, -1.1546549900962693, 0.15517803053410467]]]}