{"bodyId": "h0", "timestamp": 1642441042882000000, "continuousState": [[[0.013222662916528738, -1.1275787942871316, 0.7219885863864554], [0.02254433032844505, -1.0428988149012772, 0.7242599958030191]], [[0.13966547468234702, -1.1413272177029796, 0.7569650787073582], [0.14885411273169002, -1.0923050820067142, 0.7819450685617313]], [], [[0.3673554411066578, -1.1669917898161244, 0.5771283444585495], [0.33893098260142607, -1.1234315908429002, 0.6248766986556835]], [[0.06731701852247746, -1.0541069374699583, 0.5477760431712408], [0.04512271502692322, -0.9822433344369386, 0.5690897457868229]], [[0.5268986723545004, -1.2607143958743747, 0.3520525061233817], [0.5275065206632068, -1.1704530803756406, 0.3935612643877726]], [[0.11185663010862262, -1.2289142590195596, 0.40238614718639387], [0.020981934089467247, -0.868340496817618, 0.30286844891007325]], [[0.7016174182943284, -1.2923776695015565, 0.1540717428373537], [0.6704596818371478, -1.2797354559843868, 0.22752564739687342]], [[-0.03246837678813186, -0.7669695975094484, 0.045221492940422214]], [[0.3196743722065244, -1.2227365578151794, 0.07579565410255928], [0.27747799019769104, -1.252243328945679, 0.1594872442442985]], [[0.11922065613868849, -1.192443761833402, 0.04797181025866082], [0.11675084375836298, -1.110805073041396, 0.09988059913155944]], [[0.27719677502379303, -1.240349982711665, -0.4006681049501699], [0.24007285969943548, -1.2496280808986069, -0.23983077611267523]], [[0.056975706725712505, -1.2805901059172784, -0.28138820732119596], [0.03906341174745043, -1.29010011208074, -0.17967996941482367]], [[0.2398544113460554, -1.2403986294359148, -0.7078013006108301], [0.25617209200344115, -1.2100251104513537, -0.6827681132112418]], [[0.37677564077537284, -1.2678911862625073, -0.5936189474673099], [0.3708719796381039, -1.2870762955506116, -0.5092376515930337]], [[0.23533677943326217, -1.159864519369045, 0.5913126456947497], [0.14364237967598714, -1.1038274988471342, 0.6260316572944085]], [[0.21733622981456763, -1.1105493636430412, 0.5624521938148952], [0.19202684881417464, -1.0528374626399195, 0.5969832222212532]], [[0.21944751417260644, -1.2075901598242909, 0.06188373218061005], [0.197114416978027, -1.1815242009935374, 0.12968392168792897]]]}