{"bodyId": "h0", "timestamp": 1642441065394000000, "continuousState": [[[-0.047644270115148046, -1.1333428196758923, 0.6695073024982652]], [[0.0722345501360675, -1.1811297160313554, 0.7515120535898497]], [[0.12038367710010589, -1.0315385480730952, 0.6832953483459012]], [[0.32531502120303246, -1.1734501113504625, 0.6120297373030981], [0.3792698902336853, -1.0690425164225044, 0.5934831001322174]], [[0.07466038567899025, -0.9832970026316259, 0.4745040751039886], [0.11551291197937386, -1.0848049335112475, 0.46933698297101567]], [[0.5655437606946233, -1.1718268960006015, 0.3622346877099567], [0.4846178773987144, -1.0630427466836805, 0.37549329697365363]], [[0.011950889262446696, -0.9313705552618532, 0.24223779170242166], [-0.07019626504496546, -0.7683524911075656, 0.3263665690066588]], [[0.6704425378881405, -1.287517353557536, 0.23060438828612306], [0.7084190150645571, -1.2026866783964394, 0.1431710033048018]], [[-0.04915604199562096, -0.7960992352067515, 0.06495272668780627], [-0.04787096056866447, -0.7293486392581858, 0.07355722509650253]], [[0.28763308270862187, -1.2671620695916257, 0.12073986247007107], [-0.003314019174789351, -0.5301548071569241, 0.3759969516225858]], [[0.14826099545614535, -1.1162507658529999, 0.04680064456556887], [-0.04906937679009116, -0.6866038833967023, 0.2625888984877236]], [[0.2651162516692084, -1.244616479223984, -0.26495932763129293]], [[0.04778674158184948, -1.2891911158646292, -0.19875407107287502], [-0.003605258928899291, -1.0421242846497063, -0.06851438173408764]], [[0.26111255699166347, -1.204718280184896, -0.6926605266030654]], [[0.3763298770768375, -1.282261724223499, -0.5071613356837781]], [[0.12450284552375512, -1.16054070749855, 0.6096425303171751], [0.20245284587865764, -1.0108135939953797, 0.5593196333768773]], [[0.19998770344101136, -1.0783735569910442, 0.5432669062035433], [0.24739140110652957, -1.076923724966876, 0.5314100415516165]], [[0.2179470390823836, -1.1917064177223127, 0.08377025351781997], [-0.026191697982440254, -0.6083793452768131, 0.3192929250551547]]]}