{"bodyId": "h0", "timestamp": 1642441071022000000, "continuousState": [[[-0.26954441771531823, -0.7575164812515088, 0.6370411732807303]], [[-0.41551217073203695, -0.8781312353914594, 0.732265147402136], [-0.41571264806550157, -0.8721549036538752, 0.7257141074460651], [-0.35244518792914437, -0.8227161332609308, 0.7204264388242894]], [[-0.2751223295197133, -0.8044025645025665, 0.7120388899661942], [-0.27625435756003325, -0.8783453701857264, 0.7833064675836743]], [[-0.5453043981995744, -0.9485366169517333, 0.5273191511189175], [-0.4996853052020621, -0.9035701932493667, 0.5238696110811917], [-0.41877882777162234, -0.9928148752095299, 0.5393267851031668]], [[-0.16013596409843017, -0.8937902372505353, 0.5363429987551134], [-0.11772752724423596, -0.9147632102995578, 0.5624509222968057], [-0.1324844029458767, -0.8117264509763965, 0.5739763079823659]], [[-0.5913651331811289, -0.9880230117500577, 0.23574362558086315], [-0.5587192527529832, -1.0457492593532192, 0.3081581468987131], [-0.45856021451389506, -1.0542528019303767, 0.23912553341663179]], [[-0.1195069229326996, -0.9964095315809263, 0.28472067453332683], [-0.18340386904644834, -1.0370825051452845, 0.3965131202043817], [-0.16464640535764075, -0.7963067201168127, 0.305075811989767]], [[-0.4481419624247143, -1.0360690183185584, 0.3244947292854963], [-0.3842890620671402, -0.846452154202703, 0.09751666234552236]], [[-0.15346830453307675, -1.0372320649966593, 0.19870385740224572], [-0.20071218327301055, -0.7772518244644846, 0.0364633957726993]], [[-0.4210629933584249, -1.0673246180259621, -0.02220648893431365], [-0.40894823108163725, -1.1498618284572966, 0.15897642183729976], [-0.3917208532582943, -0.8458609356871583, 0.11413862982445888]], [[-0.1673442071418481, -1.112407756805623, 0.08925283770766268], [-0.2064564345609199, -1.176685885400082, 0.1805775230386708], [-0.22066228001209598, -0.7873011383242845, 0.1161409989336899]], [[-0.3389299620476567, -1.1243511905583712, -0.3725266460942944], [-0.3428264228636819, -1.123468872521878, -0.26530912759175784], [-0.27718105643798663, -1.039597222591795, -0.5152398545556856]], [[-0.22365874093766858, -1.068206613601349, -0.4213856246095846], [-0.18315862586252074, -1.1363732696274966, -0.24258912424758683], [-0.3403533661464856, -0.47571994334955026, -0.012499538999112492]], [[-0.2682808611788684, -1.1728633824636283, -0.7280768973814524], [-0.299626542150498, -1.1839874618586719, -0.6631980715152692]], [[-0.19443454235320945, -1.1394839569136122, -0.7511147918590025], [-0.1960935354728025, -1.2047073107680604, -0.65454690710611]], [[-0.36135996226883094, -0.9188282189393782, 0.5424786973624256], [-0.3305410047659427, -0.9405264435543312, 0.5630088570854599], [-0.2941116386879108, -0.868804923420545, 0.564516014845978]], [[-0.3527201811490023, -0.9211634271011343, 0.5318310749370154], [-0.30870641622314904, -0.9091667017744622, 0.5431602666889987], [-0.2756316153587495, -0.9022706630929632, 0.5566515465427664]], [[-0.2942036002501365, -1.0898661874157924, 0.033523174386674515], [-0.30770233282127857, -1.1632738569286891, 0.16977697243798529], [-0.30619156663519514, -0.8165810370057214, 0.11513981437907439]]]}