{"bodyId": "h0", "timestamp": 1642441117520000000, "continuousState": [[[-0.2720263859102777, -0.8206493561622363, 0.6676443037635893]], [[-0.40097212746157884, -0.9004754898677481, 0.7402076251474051], [-0.316727439506869, -0.9171227804729029, 0.7284974537470665]], [[-0.25380868155055303, -0.899440782385049, 0.7348407835258817], [-0.2690133449318821, -0.9551288513480174, 0.8015033767672258]], [[-0.5304210257675285, -1.026416408171491, 0.5164441563994902], [-0.47205068852815923, -0.984231204074516, 0.5392736671973144], [-0.37897485943931875, -1.098839588034778, 0.5255810648342862]], [[-0.1584124213704866, -0.9148432277876837, 0.5322870672603546], [-0.11889640161441628, -0.9441934221411583, 0.5632307820553051], [-0.07622899721019016, -0.9199023501290602, 0.5293852815726149]], [[-0.5456919770546886, -1.1075692053784527, 0.2788134551147381], [-0.5363405868272813, -1.0895834390140242, 0.30823898092415936], [-0.46014318632834483, -1.0910084622017782, 0.2742243020023343]], [[-0.11607223107634451, -1.0048512421817868, 0.25173344168645384], [-0.16419117649260362, -1.0712882873814131, 0.3967955379173074], [-0.13750430286078652, -0.8171779727514763, 0.28230468526615093]], [[-0.6092170037050666, -1.0365410954470033, -0.03540436446757189], [-0.5659039090368336, -1.1099858536849476, 0.07825999557133301], [-0.49210054098123446, -1.1063608080831542, 0.03112929148424759]], [[-0.13288840274868763, -0.9802080928026398, 0.1980823299413268], [-0.1846951119732959, -0.7533706267820959, 0.046321680237031426]], [[-0.39309212474883726, -1.0943639361036825, -0.03902662404403512], [-0.39388678351341766, -1.1653611033205058, 0.1416444697707735], [-0.35886296125718375, -0.9753293323302223, 0.06933631244620009]], [[-0.16125964118600639, -1.1116372057372979, 0.05550381075499855], [-0.20213998219583507, -1.1952860618064531, 0.1745661360217161], [-0.22442088804038185, -0.8089616728769455, 0.1268957609558331]], [[-0.3308270897816584, -1.1266130214452954, -0.389455554681265], [-0.33912704867726284, -1.123808160202146, -0.28044867645373284], [-0.3353777660741476, -0.9658101862883968, -0.31085233211698826]], [[-0.18283139936387194, -1.1209444020979888, -0.35021630682922256], [-0.1780889456424386, -1.1269221757336803, -0.25671282740640233], [-0.32245003677570294, -0.5810918204997473, -0.030160538018054406]], [[-0.262291916284322, -1.1679360662582101, -0.7320255633526658], [-0.29246381036805424, -1.1686441459949557, -0.6935494299907891], [-0.3266328231769122, -0.9411915441393794, -0.5730652784944013]], [[-0.19356532222826162, -1.1227707811971097, -0.7729893460009849], [-0.19244019337312956, -1.2088893931233091, -0.6681412304449771]], [[-0.34811684402956167, -0.9639761309980046, 0.5175460550178208], [-0.3130307355236644, -1.0015268866555749, 0.5656194824283947], [-0.2781863320686191, -0.917303369619503, 0.5588545062930679]], [[-0.34441672356900754, -0.9706298179795874, 0.5243656118299224], [-0.29547354507128776, -0.9642123131078372, 0.5512522246263097], [-0.22760192832475445, -1.0093709690819193, 0.5274831732034506]], [[-0.2771758829674218, -1.1030005709204902, 0.008238593355481716], [-0.29801338285462636, -1.1803235825634795, 0.1581053028962448], [-0.2916419246487828, -0.8921455026035839, 0.0981160367010166]]]}