{"bodyId": "h0", "timestamp": 1642441173934000000, "continuousState": [[[-0.27961941073736996, -1.1141624229417402, 0.6513846546665261]], [[-0.3392481269360268, -1.2529068024490586, 0.6972735718117444], [-0.3252454151263656, -1.219488241820808, 0.7272007057725084]], [[-0.19748112862515677, -1.2032612737289297, 0.7085889823617558], [-0.13768192811398827, -1.1240802911338243, 0.6626633385564731]], [[-0.2792799279397571, -1.4194946948829281, 0.5228072877872044], [-0.1975033116364291, -1.39915069765014, 0.570466547155154], [-0.22920023525448774, -1.3057612454683123, 0.5228475170470108]], [[-0.130785786506446, -1.2147347886024553, 0.5317479210357756], [-0.29790223034209046, -1.2051354480053695, 0.5813260559737388], [-0.127738894863473, -1.1006927477799209, 0.48244559450879276]], [[-0.24724835476000484, -1.569622999162175, 0.3322332677787997], [-0.20199757456894896, -1.5873353971168198, 0.3717913978094616], [-0.21664955121007412, -1.4356881123102523, 0.3139841680964184]], [[-0.2504854930464506, -0.8032045425815304, -0.008170949279990847], [-0.28410411420373505, -1.1314443416868651, 0.42288233295504596], [-0.1970562176281414, -0.901605668734804, 0.26268138216747394]], [[-0.3080834455904411, -1.6152552525653858, 0.09995117205691018], [-0.30193278989453043, -1.6284992164894692, 0.18843813723209224], [-0.2506287490668684, -1.4571807579726013, 0.15553205698800854]], [[-0.2044603976650739, -0.7729266736767682, 0.021410326755766818], [-0.2189107438709118, -0.7586887992265006, 0.06005440485339453]], [[-0.1655139153989844, -1.5940858182913749, 0.18004411830227185], [-0.30295827115455676, -1.5898501087568646, 0.2896562215800911], [-0.2192821530110477, -1.3794773385167338, 0.03436112723592866]], [[-0.08625773796062741, -1.4609100844846825, 0.12166985996720503], [-0.35790344425282117, -1.4591994387384948, 0.2315947633073292], [-0.1624404509078916, -1.2118759881701746, 0.05079473791604727]], [[-0.20050956248343588, -1.509980147441282, -0.34147549808906874], [-0.22097198626065606, -1.553537715065972, -0.2871681769233476], [-0.1987124838343749, -1.3152905895512763, -0.2609748924295401]], [[-0.259830619905275, -1.5092677530997283, -0.349136718685507], [-0.37560546745636736, -1.421899114923108, -0.18083901314429118], [-0.2596278993330239, -1.336953186276069, -0.28407277006210596]], [[-0.14625856657898473, -1.4491671727498587, -0.8229972521380122], [-0.23365570132269697, -1.5711733866038702, -0.5654713054039333], [-0.1461319565300474, -1.3206537820430966, -0.6143840150805001]], [[-0.1945659418674921, -1.6430047327264312, -0.7034596294269143], [-0.16591147032269804, -1.680457953443584, -0.5271827969384162], [-0.13725912307195043, -1.5951280967082102, -0.6529122093819736]], [[-0.213719610229971, -1.3255055889326, 0.5310312991903903], [-0.257775928358257, -1.3203356216447197, 0.5972806998200928], [-0.19725156194994198, -1.1236912487658843, 0.5222973106815046]], [[-0.20503285722310155, -1.3171147417426918, 0.52727760441149], [-0.24770277098925977, -1.3021430728277548, 0.5758963015644464], [-0.17846956505898037, -1.2032269966241165, 0.5026465557779018]], [[-0.1258858266798059, -1.5274979513880287, 0.15085698913473844], [-0.33043085770368896, -1.5245247737476797, 0.26062549244371014], [-0.19086130195946965, -1.2956766633434542, 0.042577932575987965]]]}