{"bodyId": "h0", "timestamp": 1642441201136000000, "continuousState": [[[-0.29174408314320777, -1.1942165316143016, 0.6810122990188817]], [[-0.32866682465931946, -1.2714776927522842, 0.70163859074373], [-0.3000883122860768, -1.2543786827160202, 0.734761078723293]], [[-0.21399300174759917, -1.2166041770178326, 0.7053982447765045], [-0.18927141422373484, -1.115050132660645, 0.6914676188819407]], [[-0.31344370390711446, -1.4176828122924097, 0.5312692733620397], [-0.23598201712706057, -1.4006330892142205, 0.5739602659962244], [-0.2446608627687974, -1.2887352379273191, 0.5531301938148893]], [[-0.1448872674042872, -1.19573669642145, 0.5241517206679147], [-0.2974870458280471, -1.2507846500796216, 0.6054708643904427], [-0.13962184705672365, -1.0787505770063563, 0.5065840071594491]], [[-0.2954156849341006, -1.55419940296714, 0.337768077301022], [-0.23411165434349246, -1.5766264086617403, 0.37171857996042923], [-0.24287247778500687, -1.4339994329577102, 0.3438225806137688]], [[-0.23027247046967686, -0.7922707828241671, 0.008801186470924316], [-0.31912822680148734, -1.3537072041144969, 0.4569781233611613], [-0.14418430321508713, -0.9725350961241012, 0.22576139380893878]], [[-0.30979967708985345, -1.6179374489435825, 0.11842396638614217], [-0.3140772858593609, -1.606574204940702, 0.1712408052086577], [-0.25282340072188836, -1.4973347286506506, 0.13038034186905834]], [[-0.20043827077414428, -0.7626826995865383, 0.03459265672985601], [-0.2049933251848498, -0.7841119107613097, 0.04810021690185662]], [[-0.18080326295606697, -1.5783471982978272, 0.1736553344750602], [-0.3176689591107087, -1.582404889080325, 0.26099150533193693], [-0.2530060099330871, -1.3593810370771946, 0.0510120706288989]], [[-0.10424288193524744, -1.4233030647594591, 0.10266949744776177], [-0.3728286860767699, -1.4482872513903682, 0.22920075569653298], [-0.19573941459927457, -1.123227983557613, 0.10973072289694186]], [[-0.19692445076446685, -1.5126172072110806, -0.314846775968894], [-0.25810830108203286, -1.5441649102493553, -0.1909934198668164], [-0.21281640997164808, -1.2815645745510842, -0.23699589807295318]], [[-0.24482288808040487, -1.524062335347584, -0.2792680913097957], [-0.35873669600012015, -1.3786599605024445, -0.24644060705091375], [-0.23666806929524897, -1.3293599218183791, -0.24037591171719597]], [[-0.14515779494127035, -1.4500807120461576, -0.8064946113455823], [-0.1946101350967253, -1.6816349631866196, -0.5319314947404795], [-0.1671843603927392, -1.2733594163784558, -0.5728094996480584]], [[-0.2230999686303431, -1.6422098955362623, -0.6817332487706719], [-0.21469121400614477, -1.581531878916751, -0.5251220379644315], [-0.20125666180778645, -1.4820490811230216, -0.5574183053133814]], [[-0.2153239694746073, -1.3421808461712186, 0.5466444842891574], [-0.26769064326249326, -1.332257350948859, 0.5937058820404979], [-0.17722960179779557, -1.1845910469978627, 0.5227010378075133]], [[-0.22916548565570083, -1.30670975435693, 0.5277104970149772], [-0.2667345314775538, -1.325708869646921, 0.5897155651933336], [-0.19214135491276052, -1.1837429074668377, 0.5298571004871692]], [[-0.1425230724456572, -1.5008251315286432, 0.138162415961411], [-0.3452488225937393, -1.5153460702353465, 0.24509613051423496], [-0.22437271226618083, -1.2413045103174039, 0.08037139676292038]]]}