{"bodyId": "h0", "timestamp": 1642441226462000000, "continuousState": [[[-0.2967206685473105, -1.1610541780193793, 0.6330981811275262]], [[-0.3526261830225429, -1.2298895818690598, 0.6961217032520071], [-0.3166190990532945, -1.2195042146183879, 0.7416221990637665]], [[-0.22337082917851087, -1.1970812032496227, 0.706747551375357], [-0.16968478567488132, -1.1224058096379173, 0.6518274565365701]], [[-0.307203401691148, -1.416857320775381, 0.5384622302757741], [-0.23148749763406473, -1.3962190771694356, 0.5794255672260378], [-0.2830850192578286, -1.1956162263493213, 0.606971835362032]], [[-0.14453678407046233, -1.183852257694099, 0.5176678386682896], [-0.2970696068296242, -1.2538535052086928, 0.5960531282002394], [-0.13255917576399212, -1.0761393275236246, 0.4987897030849472]], [[-0.2858520659961058, -1.547098867198161, 0.3141042537637302], [-0.22331752930286997, -1.563445077095236, 0.3516224257166055], [-0.2730707563225029, -1.3142387816000216, 0.399022677745534]], [[-0.22121694219325927, -0.8351780161942286, 0.02241610683138573], [-0.32460626310108, -1.364307641547158, 0.4684176749543022], [-0.17411402678146715, -0.9168960586221737, 0.25780424644411415]], [[-0.3283382928262354, -1.5973261566127053, 0.08155437506744945], [-0.307362561026982, -1.603769221125858, 0.15196518491997157], [-0.2494406176751931, -1.482890478002132, 0.1360846691565395]], [[-0.20802523782361076, -0.7435386655626064, 0.010330510583977492], [-0.2071467170351371, -0.7663631279669347, 0.052028162417207535]], [[-0.1894244863241089, -1.5640073205708, 0.16334524292428498], [-0.30788209238083697, -1.5731809519045445, 0.2713755304924539], [-0.22816884731370402, -1.338866977607224, 0.1070074612964329]], [[-0.08520629670212632, -1.4483120527830007, 0.13385992592090545], [-0.3481642041671409, -1.4197657967451331, 0.17673138237517438], [-0.20056736187221125, -1.0798523014649304, 0.16390130322009955]], [[-0.19092141781600702, -1.511791614844669, -0.32394606627935085], [-0.24213425104110864, -1.5509503465374332, -0.19358934013906826], [-0.21964539095730562, -1.3288921879700153, -0.20828963869115946]], [[-0.23194536445948888, -1.5299337410858624, -0.2548054147214158], [-0.3387020971080503, -1.3983442251837443, -0.2494812524777027], [-0.20011450568978884, -1.2929826016856418, -0.1839082737028963]], [[-0.1479093306769631, -1.444817101463971, -0.8170033024533426], [-0.21179345311064335, -1.6384330782583267, -0.541691040901436], [-0.2401792921459791, -1.111403311789359, -0.4049091334822359]], [[-0.2343055473898561, -1.6236348977048136, -0.6957119670829492], [-0.19494169138837547, -1.6486022178277229, -0.5267493156224154], [-0.2195432185072872, -1.4131870400507005, -0.486427095102934]], [[-0.21709151756085837, -1.3291867166554543, 0.538967071629316], [-0.26693596189972446, -1.3308603253899114, 0.592386626775793], [-0.1715816391535292, -1.1964813707991993, 0.5258498418513758]], [[-0.22587009288080517, -1.30035478923474, 0.5280650344720319], [-0.2642785522318445, -1.3250362911890643, 0.5877393477131385], [-0.20782209751091035, -1.135877776936473, 0.5528807692234896]], [[-0.1373153915131176, -1.5061596866769005, 0.14860258442259522], [-0.32802314827398893, -1.4964733743248388, 0.22405345643381414], [-0.21436810459295763, -1.209359639536077, 0.13545438225826623]]]}