{"bodyId": "h0", "timestamp": 1642441314567000000, "continuousState": [[[-0.12424632490633697, -1.0499780146074489, 0.6872197336480692], [-0.10541483715246414, -1.0172058568179723, 0.698080657551001]], [[0.007706049046797947, -1.0963305735324838, 0.7417048088911469], [0.028486047319855823, -1.0541822234822635, 0.7667810046147914]], [[0.0697807057025821, -0.9266629828693523, 0.6797058809912204]], [[0.2868478477843691, -1.1188798955308596, 0.5867098260575567], [0.262533320296115, -1.050497927571398, 0.6059078988404507], [0.3031843353977357, -0.9550246134310637, 0.5947924691558422]], [[-0.06401550498803688, -1.0083000618002274, 0.5022266411656098], [-0.07712509444686211, -0.9861010366072229, 0.5551297049944479], [0.03535990628201224, -0.9690539377149002, 0.48152976200832553]], [[0.41989243438027757, -1.0696088091860383, 0.29428039784403337], [0.431490779593354, -1.0883788112382065, 0.36110825656866274], [0.43211633604959676, -0.9856879180518667, 0.2942194055197994]], [[-0.19214103979478192, -0.8277214660961927, 0.10744573481474418], [-0.1340903139082562, -0.8798534069256942, 0.28787168911866257], [-0.046624315012194106, -0.9180514919385782, 0.2303049622824187]], [[0.5181134311173001, -1.155938926729808, 0.08203301936649798], [0.5013713059987597, -1.172582395429701, 0.15326830119362778], [0.43729266887656193, -1.01404807622646, 0.16245556849985165]], [[-0.23686282412604154, -0.7959549941083528, 0.00959401536096638], [-0.22230317421239243, -0.7989706675842569, 0.07459512459138962], [-0.16500060013448903, -0.800864093506291, 0.019485005605726746]], [[0.31170806719168365, -1.1958689763052943, 0.09081179181417443], [0.26874213939940694, -1.208054715696835, 0.12303885766461797], [0.29878005459309454, -0.9572873611171229, 0.03800051267937854]], [[0.0959276913244963, -1.1785999951597705, 0.027073548798051128], [0.08754409937064722, -1.1203219689783146, 0.0750444926272893], [0.11571251536627525, -0.9554538356435336, 0.015643274940048246]], [[0.31447009014204075, -1.1703715494141547, -0.4395688712549657], [0.18883318330194854, -1.2875428298950722, -0.26957269081963675]], [[0.16386639246128454, -1.2891964462616181, -0.3547420605743099], [0.12234034884418521, -1.2849619764432396, -0.27378587902909235]], [[0.2849080579166246, -1.1543215501619288, -0.7584974272694069], [0.14543465495382857, -1.3135924190693906, -0.41814797130926284]], [[0.2073167891585424, -1.3875549304177577, -0.7361649722325928], [0.1954814422117539, -1.4417636705137569, -0.6348522970975548]], [[0.12462094774581367, -1.0947163758321725, 0.5747892854688725], [0.057544512091776134, -1.0491963623392706, 0.601847229657146], [0.14835469436198623, -0.9292170814027632, 0.5392929577176612]], [[0.11141617139816612, -1.0635899786655436, 0.5444682336115833], [0.09270411292462644, -1.0182994820893105, 0.5805188019174493], [0.16927212083987397, -0.962039275572982, 0.5381611155820838]], [[0.20381787925808997, -1.1872344857325325, 0.05894267030611278], [0.17814311938502708, -1.164188342337575, 0.09904167514595363], [0.2072462849796849, -0.9563705983803282, 0.026821893809713393]]]}