{"bodyId": "h0", "timestamp": 1642441363410000000, "continuousState": [[[-0.263155892731042, -0.8132392761567926, 0.688242460356789]], [[-0.3065336189100414, -0.9111275545238862, 0.742219373580725], [-0.2697406775014669, -0.909160929393896, 0.7371163517736044]], [[-0.14645903779335961, -0.847900391986659, 0.7531677258900396]], [[-0.3978974890497649, -0.9698705993874674, 0.5508784728324636], [-0.36023706857346083, -0.9880895404520347, 0.5851775775433922], [-0.2838675267316696, -0.9993790541453127, 0.5666065412759406]], [[-0.0264160884781105, -0.8753141042188142, 0.5406325961538654], [-0.030084536055179245, -0.8812705807784158, 0.5691727375238584], [-0.013167590446486077, -0.8068938041031353, 0.5383286595105465]], [[-0.5228663476333117, -1.0887907879300853, 0.31132650794708727], [-0.46095875389855334, -1.1739656010206325, 0.39079138745043207], [-0.3827820111104254, -1.2069750966704156, 0.36178731692011534]], [[-0.015224998750777763, -0.9811752123075055, 0.30923981868446737], [-0.07393247968083849, -0.6991596264355733, 0.30377818146590907]], [[-0.69389330745109, -1.254146038484615, 0.23309912963308044], [-0.6817506995433147, -1.293289419811439, 0.30267096055537157], [-0.5732505430438362, -1.254001329415619, 0.2846288059848323]], [[-0.004570359354578113, -1.0102252897247057, 0.28406429884624784], [-0.10763624348175638, -0.6668750249260724, 0.04733064044201979]], [[-0.31499156366712056, -1.070447818268496, 0.021260400298087623], [-0.2787144357407958, -1.1358931579758462, 0.13783015438915758], [-0.25594508433722707, -0.9717959688132156, 0.06013835608484808]], [[-0.11709941448830441, -0.9811424917746212, -0.007927156315689299], [-0.09590346032356034, -1.1360163021732077, 0.14568103677116584], [-0.15629871317674504, -0.7713542928199586, 0.13705674220264563]], [[-0.21447963920800528, -1.1236165223489505, -0.3481972620016405], [-0.21374343696431353, -1.0899584053298965, -0.29803313197727155], [-0.31350286386592585, -0.8186655735818007, -0.16582590020800458]], [[-0.08779329416183324, -1.0953959794554455, -0.34085573683124903], [-0.09113092828555602, -1.135384510943961, -0.2507804211403728], [-0.28782555830502676, -0.5357240571781203, -0.009368562383471946]], [[-0.1625953823043773, -1.1708809636050566, -0.709181050999673], [-0.19064508642110123, -1.1518220524614118, -0.669997583738002], [-0.3071438617914346, -0.8162821924339356, -0.4752425093137461]], [[-0.0748666191650923, -1.1282088250765265, -0.7790898051798131], [-0.0754282988963706, -1.1934414212410787, -0.7003701146354979], [-0.3511760351271511, -0.3718612083507209, -0.07996796047488658]], [[-0.20502694254316478, -0.9333645173731593, 0.5389274666590376], [-0.22188508496366388, -0.9670579058125854, 0.5997499863056057], [-0.15964165562574928, -0.8804583875842507, 0.5545979971367001]], [[-0.2121567887639377, -0.9225923518031408, 0.5457555344931645], [-0.19516080231432004, -0.9346800606152252, 0.5771751575336252], [-0.14851755858907784, -0.903136429124224, 0.5524676003932436]], [[-0.21604548907771248, -1.0257951550215587, 0.006666621991199162], [-0.18730894803217807, -1.135954730074527, 0.1417555955801617], [-0.20612189875698606, -0.8715751308165871, 0.09859754914374685]]]}