{"bodyId": "h0", "timestamp": 1642441418685000000, "continuousState": [[[-0.19003032202743486, -0.9516814311600704, 0.5836312000090069]], [[-0.26650068778220354, -1.109898003762043, 0.6910003499392403], [-0.2625717767172714, -1.067274037251901, 0.6941455036766117], [-0.23079109078390392, -1.0095448493450334, 0.674385347689596]], [[-0.13560785342621023, -1.051033626807466, 0.7092300086795347]], [[-0.16909466004467466, -1.3162445936435385, 0.5788971250961453], [-0.14414498704490852, -1.2920457646061456, 0.6196425911734597], [-0.19931806271468377, -1.0889569458152126, 0.5916516407563576]], [[-0.03364647587096131, -1.095219025034861, 0.54700547103621], [-0.1856684852755398, -1.1172228899084016, 0.592227442351895], [-0.04134315407528577, -0.9387188545969228, 0.5105035797720354]], [[-0.11938949559283002, -1.474520979460333, 0.35435201218944945], [-0.12093924570363723, -1.512222277666896, 0.4580938241612056], [-0.164910220556436, -1.2230591551198842, 0.39909706273413526]], [[-0.01648293768712894, -0.9949780057497073, 0.27105114956515575], [-0.2176921278860532, -1.112897178076627, 0.520383267607488], [-0.03754861334931592, -0.8757592866533941, 0.20298674903609415]], [[-0.16016675965392557, -1.529838342339968, 0.1557845173426713], [-0.17109406616870926, -1.4924764148798042, 0.1924422105640602], [-0.11265120427133635, -1.448222444647495, 0.1338961797843985]], [[0.023695101887735937, -1.1017387103932035, 0.35813820139515307], [-0.13602714761374413, -0.6711164862057255, 0.05724392914188092], [-0.1172755672586101, -0.6406063302402836, 0.052226244651195075]], [[-0.030164607522396025, -1.520435745209416, 0.24647809197222526], [-0.18851255591428195, -1.4793824169184802, 0.28800661430674523], [-0.12596449183223113, -1.2555192059473215, 0.07284970671120705]], [[0.02443895568029708, -1.3543587664160874, 0.16372885679327243], [-0.2544043398860967, -1.3482259100151879, 0.23487274996732443], [-0.08657360934839442, -1.0439946199789687, 0.10813010705800308]], [[-0.06539523366588373, -1.4115443205816378, -0.3224422403748697], [-0.1285969058483183, -1.4605982560085153, -0.1827794982288793], [-0.1290219610640746, -1.219947720912584, -0.12613173090916352]], [[-0.13443109786831342, -1.4671166645790668, -0.10127509307550508], [-0.254948916074786, -1.33231523655496, -0.1708026815349668], [-0.1590104784624886, -1.052833422859822, -0.05849764510767974]], [[-0.018959139211925713, -1.3965608672510548, -0.7394258992967991], [-0.0708016885803695, -1.5217344480478687, -0.5693164211851031], [-0.31907434153309455, -0.853234506548908, -0.18819099838221287]], [[-0.11460819480862527, -1.4456421981453675, -0.6324242968697193], [-0.0943232306059858, -1.4816683162937618, -0.5329247480988925]], [[-0.10768679124376657, -1.1701189246192745, 0.5442056974195983], [-0.17665862637255603, -1.2217368570716824, 0.6252894034708326], [-0.1456795231857193, -0.9645480824712579, 0.5666131570396445]], [[-0.10137056795781799, -1.2057318093391998, 0.5629512980661777], [-0.16490673616022417, -1.2046343272572737, 0.6059350167626774], [-0.12033060839498477, -1.0138379002060678, 0.5510776102641965]], [[-0.002862825921049472, -1.4373972558127517, 0.20510347438274884], [-0.22145844790018931, -1.4138041634668341, 0.26143968213703483], [-0.10626905059031277, -1.149756912963145, 0.09048990688460506]]]}