{"bodyId": "h0", "timestamp": 1642441490777000000, "continuousState": [[[-0.1980795771668451, -1.0312117745280458, 0.6654731852076399]], [[-0.2055171642400122, -1.1350792710944773, 0.7181679801061562], [-0.17837837607353663, -1.0962580687770402, 0.733078887488724]], [[-0.08044616641137586, -1.1022252988041656, 0.7220257742381799], [-0.07753800515052434, -0.9839108100379331, 0.6657605002582272]], [[-0.16327858582041427, -1.3059780321708274, 0.5686077038457681], [-0.12683457589577252, -1.2944113751360917, 0.6005900498997295], [-0.16049126658330326, -1.1380078052335025, 0.5873525382573864]], [[-0.03329675352363848, -1.079516330783821, 0.5453122424439136], [-0.19024882927072, -1.059029397860896, 0.5905257133468198], [-0.05027915705846331, -0.9224757962382159, 0.510502205294596]], [[-0.14998855551042967, -1.4245232556720941, 0.34681056308287395], [-0.15747516634809733, -1.257577007411556, 0.38560917305832965]], [[0.04568305109042736, -1.1915010836478963, 0.4151682084217365], [-0.19605788161066118, -1.0301143512460424, 0.47196240016508084], [-0.0437353415617554, -0.8665082111797453, 0.21648248577973872]], [[-0.19145218077443038, -1.5180088658341744, 0.14805139005343837], [-0.192779679714706, -1.4650588772382975, 0.13290853617969334], [-0.15150391018607978, -1.3785409354451599, 0.1528546065052393]], [[0.010856312415906122, -1.0409026986163188, 0.3305962335657344], [-0.13820638143755581, -0.6859270766772185, 0.08458028797353156], [-0.12679524204289105, -0.636821172120478, 0.05757490038556995]], [[-0.07673153375499897, -1.461606724064142, 0.1815417386541256], [-0.19479537840199723, -1.4615992715255417, 0.25754303226337005], [-0.13861610555968396, -1.2467925671769773, 0.07120731522758772]], [[0.033392857652312424, -1.3786853214302337, 0.18922960206814032], [-0.24608295409519187, -1.314979517892258, 0.20103185945570656], [-0.05421889567396998, -1.102949631434013, 0.06337491813318352]], [[-0.07236343461483496, -1.4119091823165697, -0.3255469058211997], [-0.10469797583944251, -1.4218352624701123, -0.25201276847390686], [-0.23996790915795707, -0.9855441897968862, -0.02254344839744571]], [[-0.12107469894025402, -1.425722900215462, -0.2550260240660648], [-0.21804040112586387, -1.2467664990805365, -0.29268736562018627], [-0.23938551319548296, -0.8761177419698676, 0.025758446402281754]], [[-0.024567090488411325, -1.3649817508755888, -0.8076599488759055], [-0.07165698770021911, -1.521636458279235, -0.5952645882875942], [-0.09962342766195587, -1.4027107205857394, -0.6788483806712504]], [[-0.11964481087734136, -1.465539240933085, -0.7654262666445489], [-0.08794616805951794, -1.4732827577603032, -0.5661601557500402], [-0.3219589497530222, -0.7544849013434427, -0.15492666964284196]], [[-0.10937151260088906, -1.1651132742449763, 0.5412114963220831], [-0.15494674738287362, -1.177715594487334, 0.5984654838773573], [-0.07836721400319946, -1.0889373331532657, 0.5177603589473565]], [[-0.09828766967202637, -1.192747181477324, 0.5569599731448409], [-0.15854170258324626, -1.1767203864984939, 0.5955578816232747], [-0.10538521182088328, -1.0302418007358591, 0.5489273717759913]], [[-0.021669338051343273, -1.4201460227471878, 0.18538567036113296], [-0.22043916624859455, -1.3882893947089, 0.2292874458595383], [-0.09641750061682697, -1.1748710993054952, 0.06729111668038562]]]}