{"bodyId": "h0", "timestamp": 1642440422328000000, "continuousState": [[[0.12478282302064159, -1.1853316747332816, 0.588819320113034]], [[0.11209543031558888, -1.2988600855365293, 0.710695073087331], [0.10880800472792462, -1.2557000394637803, 0.7325403804390043]], [[0.2131584741720013, -1.229528475837382, 0.7140987605299554], [0.2244657312150078, -1.0955163137442665, 0.6730860952127845]], [[0.21428867130764878, -1.4257537410144758, 0.5657629443575556], [0.30858976521069925, -1.3722539078444522, 0.5817189814591162], [0.1614872674249428, -1.1727478131504006, 0.5960892682570662]], [[0.32931305206017375, -1.2352543178800572, 0.6020623024048575], [0.11568132803625397, -1.231504187441835, 0.6355981705153531], [0.31760412947796723, -1.0635214661119448, 0.4976767246215512]], [[0.23157049504455857, -1.5813252324440192, 0.330591383499683], [0.26137627373213435, -1.5557652222729845, 0.36687035998486417], [0.19552410845609502, -1.3358391177626472, 0.39261500205956723]], [[0.33294590245683775, -1.394298324707152, 0.47991786290571425], [0.18009162725429562, -1.0499737607652693, 0.42483158918460795], [0.35413413795095483, -0.9765404040511478, 0.22011822963340255]], [[0.17120152911353959, -1.6542766545566083, 0.10316976122123878], [0.2066587366929381, -1.6421957604841726, 0.15929258309801098], [0.21267321593047916, -1.5060634440977456, 0.1558497864650651]], [[0.25580245968479876, -0.7809768184748336, 0.07735951108466321], [0.26326568246337834, -0.7409022829742873, 0.053915583757789154]], [[0.2914107672218098, -1.6009198397270852, 0.20144489439735602], [0.1695189083709696, -1.5287707154411985, 0.24871930570946388], [0.2364138971106169, -1.3731017937100725, 0.0161585680388604]], [[0.37505407159279014, -1.4914817356111216, 0.17897870158990914], [0.12779469486772088, -1.3599565624295589, 0.17639784693937233], [0.2999574381102681, -1.2135483454804645, 0.02003591138809635]], [[0.27601909197161445, -1.5547362185956037, -0.17758764088829182], [0.25334464235357623, -1.5170347306636471, -0.26313417480733037], [0.2650495527299539, -1.2541194012758785, -0.31516553666392033]], [[0.3209451372055186, -1.548106382679504, -0.08564926976490117], [0.14579807517224785, -1.3561603569801384, -0.23528381005940924], [0.20696080253426463, -1.2777791713010096, -0.28377417771180136]], [[0.33973476862658447, -1.4834978886966745, -0.7063978198043596], [0.3210384739765173, -1.49461978974414, -0.672746457037956], [-0.15836118298300916, -0.5456716394868082, -0.005985398951605603]], [[0.3676317606682182, -1.4554075289853723, -0.6163781691892916], [0.2947303662491152, -1.4420716257185935, -0.5517539407954921], [-0.2129017817179577, -0.5607313734093196, 0.001970756741879298]], [[0.27059944322525176, -1.3276123616976991, 0.5854754421412098], [0.21255674643266842, -1.2946888335945532, 0.6114222215571756], [0.2817962768552209, -1.179484024825641, 0.5239553163775852]], [[0.27180086168391127, -1.3305040294472665, 0.5839126233812065], [0.2121355466234766, -1.3018790476431437, 0.6086585759872346], [0.239545698451455, -1.1181346396311727, 0.5468829964393087]], [[0.3332324194073, -1.5462007876691035, 0.19021179799363258], [0.14865680161934525, -1.4443636389353787, 0.2125585763244181], [0.2681856676104425, -1.2933250695952685, 0.018097239713478375]]]}