{"bodyId": "h0", "timestamp": 1642441586319000000, "continuousState": [[[0.04790550360194018, -1.0892604812055486, 0.77352721923499], [0.055723079778659645, -1.0470820461161876, 0.785226677455596]], [[0.14397534549313507, -0.9663891233790249, 0.7491446370383954], [0.14547405650224032, -0.8409653601864538, 0.7435507163170033]], [[-0.002063360983108664, -0.9375757483205529, 0.7462266135938453], [0.02980708833754897, -0.8818629360217347, 0.7302399452557409]], [[0.3096794161817388, -1.1005442856100673, 0.5941112085122142], [0.29698852269156817, -1.0227554812105535, 0.612928242118105], [0.37560020494068236, -0.9954591270492301, 0.551290620608903]], [[-0.016382894175050344, -0.9650832511458658, 0.5376972409587468], [-0.012117132908411876, -0.8819751477632161, 0.5116711687614801], [0.05396858231255841, -0.9059470276132718, 0.47880491556528093]], [[0.42546073078763275, -1.069487067844396, 0.2958979182507899], [0.43679595226854384, -1.0754609044378294, 0.3676596436999273], [0.4111742662434732, -0.9579074944157161, 0.28389732361204123]], [[0.03266606014946177, -1.1093194852957342, 0.3506235387252947], [-0.07117845226279407, -0.7580351640112712, 0.261969708979483], [-0.014403259056531947, -0.8342953561000328, 0.2106737340610786]], [[0.5243607685866951, -1.1421292218071408, 0.07113789357377098], [0.507483923033473, -1.158795142793262, 0.15963662388013677], [0.2527658486397144, -0.9030435036197846, 0.22288727828823518]], [[0.036040561329101384, -1.117369833678642, 0.16263698503370305], [-0.13636555017189655, -0.6765130319565664, 0.06930470176268222], [-0.10175283316956452, -0.6750004244066936, 0.03342659546395488]], [[0.30592469875525563, -1.1708266375479723, 0.09137012196610694], [0.25702426520686816, -1.2027359794993675, 0.14436802738833632], [0.2321566527853809, -0.88033746463105, 0.059780212289851864]], [[0.09824139352894345, -1.1485600447583844, 0.0541884638203296], [0.09451086105383022, -1.0640926091513416, 0.0603557724703081], [-0.013651487119020755, -0.7527134586880984, 0.14054621271298395]], [[0.3078876628316387, -1.1754622805290065, -0.36688067015539316], [0.240495500268608, -1.179410684352634, -0.28357629774958015]], [[0.06236350824511894, -1.2540251575625327, -0.28909683901821115], [0.02490065638192629, -1.236627242400981, -0.2120559045349253]], [[0.26961519285960406, -1.127060376785799, -0.765161319162841], [0.25538976849329664, -1.1467222774694101, -0.6343470811619392]], [[0.39398763244338464, -1.17199117415016, -0.6098499925225999], [0.36422647754144843, -1.2003077948289973, -0.49114062609787323]], [[0.1625352421434622, -1.0918076936093846, 0.5939484713603196], [0.09107602185514874, -1.0086394873525424, 0.6013586765700769], [0.20383696512588112, -0.932491272870615, 0.5228989415385805]], [[0.14664826100334422, -1.0328137683779666, 0.5659042247354805], [0.14243569489157815, -0.9523653144868848, 0.5622997054397926], [0.21478439362662038, -0.950703077331251, 0.515047768087092]], [[0.20208304614209954, -1.1596933411531785, 0.07277929289321827], [0.1757675631303492, -1.1334142943253545, 0.10236189992932221], [0.10925258283318007, -0.8165254616595742, 0.10016321250141791]]]}