{"bodyId": "h0", "timestamp": 1642440497770000000, "continuousState": [[[-0.11105243291524514, -0.7898068529346778, 0.6182421203916743]], [[-0.25672179452724747, -0.9529619210666207, 0.7226585202239852], [-0.2722730981163308, -0.8832767093731915, 0.6874667056331412], [-0.198403589683939, -0.8716278283921663, 0.6764335847748684]], [[-0.12159716248630775, -0.913017458139578, 0.6944959542116309], [-0.12661205515588414, -0.9243348669556917, 0.7209019051738021]], [[-0.4429527841083762, -0.9252987194159452, 0.536315641591131], [-0.3889578484156405, -0.9735464033451595, 0.5937127272478954], [-0.3061705058088392, -0.997463394577203, 0.5699628496495164]], [[-0.0625536424204991, -0.9761717870081494, 0.4929516315103786], [-0.05854708107808493, -0.9989339543112166, 0.539668209847076], [0.011589353667380342, -0.9181226826520502, 0.48810712422674496]], [[-0.6625819423502031, -0.850734654407765, 0.4098440728602053], [-0.6274054234432814, -0.8686636641193064, 0.4466981486064654], [-0.5335446868356629, -0.9295785118872075, 0.4348207477434307]], [[0.12609043241263412, -0.8680546744596449, 0.26610848398902776], [0.2489472372280085, -0.788349283886594, 0.07669988999768118], [0.14218606030924952, -0.863882554327144, 0.2621469525223906]], [[-0.510424846630248, -0.889626072931927, 0.5506097873831886], [-0.766263823559388, -0.745641197371629, 0.36264945077957944], [-0.6895697903034774, -0.7543533499825161, 0.3576752291366928]], [[0.2802708005776421, -0.7860962915710203, 0.061841054582987276], [-0.1206466353450486, -1.0971179233695878, 0.44988948961869557], [0.24397593689004315, -0.7179435040819047, 0.06395116076023843]], [[-0.4205657370690396, -1.1526599125259298, -0.00011147070465500342], [-0.3670117078340367, -1.190185197159011, 0.12091025671621547], [-0.334013354748931, -1.0731714948500164, 0.0638542882159896]], [[-0.19159158569306978, -1.1283113641207883, 0.01497396590393385], [-0.19613607502007024, -1.2521434292150893, 0.1560748500740783], [-0.19876300477261233, -0.9302805856780414, 0.06821609144273288]], [[-0.3769331639311926, -1.1675606722596714, -0.37510377885182944], [-0.3822409437956038, -1.1576016415774069, -0.2930656844690367], [-0.37003299000112333, -0.9934482192234613, -0.27744980459449553]], [[-0.22568448746377134, -1.170853230547409, -0.3465272093130052], [-0.21951692057211802, -1.208820822968131, -0.25196147610273245], [-0.2932590092456795, -0.5888092125361453, 0.009053752572928564]], [[-0.3206650886971354, -1.2204136481357601, -0.7707143934935408], [-0.3507289092615202, -1.2483819284463773, -0.7037853533803812]], [[-0.2512575138455151, -1.199053246162993, -0.7942937338756554], [-0.24477034276794774, -1.282428096808961, -0.7151033244033953], [-0.3702744345501062, -0.33183079089500356, -0.0380523512774974]], [[-0.24902284540494712, -0.9427423012200693, 0.5136279888184023], [-0.22761582830677174, -0.9966751446920086, 0.5698768005209651], [-0.17550258022749654, -0.9185133682559036, 0.5367301649900863]], [[-0.25275321326443767, -0.9507352532120473, 0.5146336365507548], [-0.22375246474686272, -0.986240178828188, 0.5666904685474856], [-0.14729057607072943, -0.9577930386146266, 0.5290349869381307]], [[-0.30607866138105466, -1.140485638323359, 0.007431247599639423], [-0.28157389142705347, -1.22116431318705, 0.13849255339514688], [-0.26638817976077167, -1.001726040264029, 0.06603518982936124]]]}