{"bodyId": "h0", "timestamp": 1642440569929000000, "continuousState": [[[0.10771787685410583, -0.8606439244014494, 0.6798916347404758]], [[-0.05723913968166561, -0.9139225082504869, 0.7640288982095595], [-0.007799686151173324, -0.9011050798816566, 0.769856810681165]], [[0.08951591244522178, -0.95735440669378, 0.753619028619136], [0.05342421901222738, -0.9992133148131606, 0.7969836925390479]], [[-0.2046747652117537, -1.056402173137891, 0.5497808275503562], [-0.16914490944762184, -1.0042946085149365, 0.5727494849022421], [-0.09872642683467547, -1.0672875174389893, 0.534494460456762]], [[0.16851951304403234, -0.9554289903480664, 0.5388441301766553], [0.16386465251464077, -0.9965313946977152, 0.6023362614890049], [0.216491417039117, -0.9273393103733121, 0.5380928503320586]], [[-0.2402148637915122, -1.1346229150017988, 0.2962228982580113], [-0.2470562261116518, -1.106638415417484, 0.36274690726397885], [-0.166798794255404, -1.1066466777566488, 0.26305204482506306]], [[0.17204437522353533, -0.9856429895610688, 0.25097644692617505], [0.09094799552308441, -1.1132538394989506, 0.45858160976561324], [0.1514386751967336, -0.8072924151588567, 0.29323110998104496]], [[-0.27597067076401804, -1.0871282745649573, 0.03676370787458616], [-0.25603370908722056, -1.0597276387176426, 0.05995502647282347], [-0.2094884929199684, -1.0727969517115041, 0.04178158870622117]], [[0.17410601170392892, -0.9772783529521822, 0.2051447872025236], [0.12843961969509543, -0.7486943552851943, 0.06094255907861845]], [[-0.08511930247971344, -1.1218944786023406, 0.01626044642047697], [-0.10943649377153364, -1.132537083951589, 0.13733919178192], [-0.10679346106280008, -0.8971963574572672, 0.07059592535676984]], [[0.12299928030802837, -1.0647509232139962, 0.02524733334231244], [0.0723992676697236, -1.165995764229761, 0.15660200100320232], [0.09385049762136322, -0.8447323629627908, 0.04831473712964218]], [[-0.0324823669287756, -1.0926484105868632, -0.36683746321886734], [-0.04844699896711424, -1.115212206272743, -0.25619598353906037], [-0.25448958280215583, -0.5586074451585081, -0.016914182410956657]], [[0.11265033692393744, -1.1117138214420237, -0.3004063941220876], [0.09912854611021482, -1.1171699497537295, -0.2305706370682008], [-0.1304850992767801, -0.5020909584405888, 0.007760850409531617]], [[0.024187048614125906, -1.1358832410470208, -0.7488745423833654], [-0.008073562210304308, -1.1374881479729848, -0.6499878700637025]], [[0.11706446180768826, -1.1037315852772978, -0.7485339269710529], [0.07494126073730789, -1.1736680784205098, -0.6278452229036706]], [[-0.030976149733048353, -0.9592123299187132, 0.5252500113591267], [-0.015318536301825225, -1.0067045943648811, 0.5881959386401421], [-0.015728946259383925, -0.8822337309471009, 0.5827548034051959]], [[-0.01807762608386068, -1.0059155817429786, 0.5443124788635058], [-0.0026401284664905322, -1.0004130016063257, 0.5875428731956235], [0.05888249510222077, -0.9973134139061507, 0.5362936553944102]], [[0.018939988914157463, -1.0933227009081685, 0.020753889881394705], [-0.01851861305090502, -1.149266424090675, 0.14697059639256116], [-0.0064714817207184305, -0.870964360210029, 0.05945533124320601]]]}