{"bodyId": "h0", "timestamp": 1642440665404000000, "continuousState": [[[-0.08315036850049762, -1.2329575390744532, 0.6255124064424391], [-0.005480380241755123, -1.2345704009144587, 0.5886694979615076]], [[-0.005569441167202371, -1.3101035049248828, 0.7020787671311376], [0.0029444557024512763, -1.2634188388416776, 0.7334134291405547]], [[0.059932154387551284, -1.1273497343267471, 0.6645893437636962]], [[0.07820991052726967, -1.3907085291237307, 0.540992843951531], [0.1529341544338202, -1.3766691603931767, 0.582012712206128], [0.04613184881304311, -1.2010936965568577, 0.5765567590044028]], [[0.17384734436144078, -1.189572457312577, 0.5691076345336047], [-0.03227037358878304, -1.2667888162127585, 0.6368137702732998], [0.2285999379542223, -1.1361594889834374, 0.4698852416278052]], [[0.09065737595509804, -1.5291317414231655, 0.2323264518291489], [0.15154089890618216, -1.5634470624302472, 0.38243522323569246], [0.09571009218675042, -1.410571262960934, 0.34663373726511526]], [[0.04523759128069493, -1.0247775188013852, 0.38077738963712293], [0.18558749215407055, -0.9510121479848117, 0.23876239128661525]], [[-0.06705993325027759, -1.5212235483156105, 0.1887250631752062], [-0.06352480056941301, -1.5098631713006712, 0.28434351051574724], [0.06437784678567104, -1.5109957823711817, 0.1971231558403853]], [[0.09059870186340269, -0.7900080057060885, 0.0843344980894174], [0.11197756726424579, -0.7495251182041547, 0.06470205257399275]], [[0.14647729189995568, -1.5556420739726424, 0.11872689018230498], [0.05243846929425189, -1.552622147832321, 0.2581889260024557], [0.09835574365730637, -1.3391598661926343, 0.04034432634463514]], [[0.24338508237773748, -1.4997004816780606, 0.1590636771200049], [-0.042659777753709105, -1.4534230962421828, 0.26318530456265044], [0.14351219424732586, -1.1383084215540213, 0.07051333283664829]], [[0.1717208402287413, -1.4812438758972999, -0.37561310637411593], [0.1519817575976865, -1.5008784275362554, -0.32709605732973945], [-0.028318074192319687, -1.0128660977811106, -0.07064135232912094]], [[0.07999056321777653, -1.5115697047996375, -0.2889145283344513], [-0.019815753342226627, -1.3449579414740171, -0.23876706507290724], [-0.1463446129790198, -0.9227229091413518, 0.01991619481536533]], [[0.2396096898645262, -1.4489598337814713, -0.8367912874752992], [0.14599222899455278, -1.4947232785039324, -0.6640517281978111], [-0.20988863203842734, -0.5902974640879859, 0.008165615873830245]], [[0.1603560514168787, -1.5881635153603357, -0.6353815098247171], [0.1652470613402588, -1.6102650609467024, -0.5028449480766655]], [[0.13088219283213093, -1.316486333822918, 0.5613433464769011], [0.06638209619102164, -1.3070158820281383, 0.6000371165799796], [0.15643251962155236, -1.1862027061191693, 0.512487884826748]], [[0.12602862744435522, -1.290140493218154, 0.5550502392425678], [0.060331890422518575, -1.3217289883029677, 0.609413241239714], [0.1373658933836327, -1.1686265927701476, 0.523221000316104]], [[0.19493118713884658, -1.5276712778253514, 0.13889528365115494], [0.004889345770271392, -1.503022622037252, 0.26068711528255306], [0.12093396895231612, -1.238734143873328, 0.055428829590641715]]]}