{"bodyId": "h0", "timestamp": 1642440775284000000, "continuousState": [[[-0.26537489689356075, -0.7644490921342844, 0.6345899614498618]], [[-0.3964117597171229, -0.8678383450069045, 0.6947755039523003], [-0.4163440445198071, -0.8217919965811835, 0.6751367875262645]], [[-0.2772282972925051, -0.8331925945733711, 0.6831507484122732], [-0.2523772754902695, -0.8153103162616999, 0.6801443396147229]], [[-0.5846638476836177, -0.8673834410893597, 0.5207880679848882], [-0.5245643012121879, -0.8660207344883677, 0.5244921678273866]], [[-0.23192856636219594, -0.8529453012007535, 0.4750457974396809], [-0.1709643528138468, -0.9176150505312186, 0.5291284052835714]], [[-0.7243575366004489, -0.8836972142742072, 0.3427251120574877], [-0.73624404164211, -0.8792904548960063, 0.3803992155399103]], [[-0.03481704770917271, -0.8324119051071313, 0.2697981522835915], [0.1058798411646128, -0.7643281956383778, 0.06087244263890468]], [[-0.7358849381664359, -0.6647227490308218, 0.3675860027287223]], [[0.10055941307215421, -0.7573504945288911, 0.04661756637800307], [0.0349764100939608, -0.6852975218533213, 0.04348300922860071]], [[-0.49675182725087424, -1.1231763261178833, 0.017433714256783528], [-0.4683214008961683, -1.1381263773288741, 0.13164663578468572]], [[-0.28073617979034865, -1.0781991515718017, 0.028234227246108023], [-0.27530461158799624, -1.197176495776497, 0.149672272553955]], [[-0.5149773804201977, -1.079451522686671, -0.35885211847300025], [-0.5474586664010637, -1.1429156281047552, -0.16845390780779534]], [[-0.3343379744331112, -1.1225268899854555, -0.4175642710315812], [-0.2869599695273337, -1.1536517416089667, -0.332157358163925]], [[-0.4610342251332644, -1.1685570452611558, -0.6354954282254226], [-0.4825079232732039, -1.147533387998926, -0.6840366412810478]], [[-0.3517651332648519, -1.160948847809948, -0.8104131700519578], [-0.3370579302754043, -1.2496276227063712, -0.7234528575701041]], [[-0.37752337820072884, -0.9162002797656479, 0.5313837780753381], [-0.35997485671367724, -0.9162748816972637, 0.5439922880807944]], [[-0.4082962070229068, -0.8601643711450566, 0.49791693271228454], [-0.34776432701301735, -0.8918178925097932, 0.526810286555479]], [[-0.38874400352061145, -1.1006877388448424, 0.022833970751445776], [-0.37181300624208224, -1.1676514365526856, 0.14065945416932035]]]}