{"bodyId": "h0", "timestamp": 1642440783860000000, "continuousState": [[[-0.22812842262153382, -0.854166114188327, 0.6736238854538648]], [[-0.3931231332170805, -0.8749277205721684, 0.691360458671779], [-0.3441082678146191, -0.7954650435116689, 0.6780354423013913]], [[-0.2841844406060468, -0.8474246476018417, 0.6871984964208864], [-0.27264434609203936, -0.8460982165658706, 0.7002016664642312]], [[-0.5848681351243725, -0.8675111570879803, 0.5206942066106566], [-0.5275105234622194, -0.8902316443680525, 0.533714648589389], [-0.4414975172239126, -0.9507490963997363, 0.5375878073141733]], [[-0.23463792660346716, -0.8462016490705395, 0.47129111107574184], [-0.1762059759802591, -0.9181528662802636, 0.5319306074503851], [-0.1411261779416757, -0.8683037947120545, 0.49388520354791665]], [[-0.7148719508683359, -0.8879219233515365, 0.3392537899308321], [-0.7364398704703904, -0.8802651135298551, 0.38099830110827426], [-0.6165049692105253, -0.9294376312873789, 0.3451314418849755]], [[-0.035427217458976645, -0.8300773499889267, 0.26801450153060324], [0.10298564634183194, -0.7691199925836996, 0.06535864565548954], [-0.03306624399596614, -0.7998348084936674, 0.2899097658894476]], [[-0.7356275627237097, -0.6565307716223905, 0.362029948546573], [-0.6833182981209627, -0.6614453443152414, 0.36284893601889445]], [[0.09911905486371231, -0.7511154037865935, 0.04181254399436973], [-0.03353676587270482, -0.8286689546606336, 0.1663627067051321], [0.09891698701197527, -0.7305988395261727, 0.06374262128665686]], [[-0.48818040867533297, -1.1372567226722636, 0.021537749243217386], [-0.469793025451424, -1.1516402491881401, 0.13669078720692274]], [[-0.2878268171260792, -1.0672902579483672, -0.00979492226994605], [-0.27021378057789824, -1.197956393293358, 0.1457578901253993], [-0.28847305488030395, -0.8995176218143817, 0.04062348851301145]], [[-0.49541754700702056, -1.0976304573782467, -0.3454538028146297], [-0.5313995884039993, -1.1246365335209159, -0.22068630316249793], [-0.4371519016741383, -1.1220023222598758, -0.44841268234537857]], [[-0.33880717807257843, -1.0986878682189944, -0.4336751096837266], [-0.2887636204382057, -1.1476804790678674, -0.32466098661857967], [-0.33447106673818494, -1.0025079765620126, -0.3964545575869409]], [[-0.45685287769361316, -1.1651985486186092, -0.6637423117336131], [-0.4804906234076346, -1.139748411215662, -0.6989034472636552], [-0.6731280474318821, -0.4394286486487389, -0.00214158599191544]], [[-0.3470375102152139, -1.1726367608892037, -0.8200650901035771], [-0.3384843485456782, -1.252382233253562, -0.7177376371463788]], [[-0.37439118314125575, -0.923077173338952, 0.5282861376953207], [-0.3702803417447428, -0.9350875650652002, 0.5587627926758815], [-0.31771555691640185, -0.8603040273144034, 0.5377820369576725]], [[-0.40975303086391984, -0.8568564030792599, 0.4959926588431992], [-0.35185824972123925, -0.904192255324158, 0.5328226280198871], [-0.29131184758279416, -0.9095264455558953, 0.515736505431045]], [[-0.38800361290070606, -1.1022734903103153, 0.005871413486635668], [-0.3700034030146611, -1.1747983212407491, 0.14122433866616102]]]}