{"bodyId": "h0", "timestamp": 1642440825936000000, "continuousState": [[[-0.28120740387768695, -0.8525005593436306, 0.7003783104620498]], [[-0.27221459305045204, -0.9998924760853167, 0.7424752675158397], [-0.245637838070643, -0.9903484085193002, 0.741815766232871]], [[-0.1739425212030422, -0.7524343871567956, 0.6788878602943862]], [[-0.35607770074471984, -1.0659956632571226, 0.549285008075985], [-0.33974793211317594, -0.9787270787033777, 0.522382079935374]], [[-0.004637276415699165, -0.9416875545335219, 0.5288576655246089], [0.034396724054724936, -0.9493869630043072, 0.5552945500138085]], [[-0.3980540580449847, -1.121926265792319, 0.30122933423778964], [-0.4172059207978597, -1.0737265455165677, 0.31975485273698534]], [[0.008205254270583662, -0.8765437358467716, 0.1317006446074953]], [[-0.39041752026341997, -1.0801821097432613, 0.0777507290785655], [-0.4257231805326047, -1.0153435237304582, 0.036385300965201095]], [[0.00832598679489277, -0.8766581944453982, 0.13151781882524038]], [[-0.26082764932713687, -1.1084234402134994, -0.004694896192730669], [-0.2620649598929863, -1.1162399892854298, 0.09157807059877232]], [[-0.05103007407188409, -1.0381046567289125, 0.012091484371066441], [-0.08282716601002127, -1.1850554089631553, 0.1611393200637108]], [[-0.2097817568886996, -1.063472918210074, -0.44450945073059467], [-0.21633354879581335, -1.1300773243480244, -0.1931979962598276]], [[-0.01740920664908563, -0.945778318020144, -0.4133691216825408], [-0.07531434078418375, -1.1279287175458408, -0.13850588301839628]], [[-0.1028168734077286, -1.124895073406476, -0.7969534431465438], [-0.10915793411643415, -1.1492144768669321, -0.6527267622026424]], [[0.004817475008645489, -1.104050735839829, -0.7877654206091041], [0.029731359363199372, -1.1579367886182133, -0.7003048381087943]], [[-0.21011357789060203, -0.9393203797109966, 0.4921841733038075], [-0.1754938052608861, -1.000985690374798, 0.5626459928356866]], [[-0.1803574885802095, -1.0038416088953221, 0.539071336800297], [-0.1526756040292255, -0.9640570208538425, 0.5388383149745912]], [[-0.15592886169951048, -1.073264048471206, 0.003698294089167886], [-0.17244606295150378, -1.1506476991242924, 0.12635869533124156]]]}