{"bodyId": "h0", "timestamp": 1642440299450000000, "continuousState": [[[0.19886378494140056, -0.8346941150952081, 0.6557424639760869]], [[0.05992433016834531, -0.8956329971808767, 0.7489574242465862], [0.11337201296192023, -0.8985205650052033, 0.7249456142076408]], [[0.20886281442633814, -0.9489634275892249, 0.7579452920567245]], [[-0.028269041450201038, -1.0178438275066808, 0.5693416982048909], [0.03163395763578536, -1.0650898071972748, 0.5258921706262154]], [[0.2885170838977441, -1.0489196319386307, 0.6251497756141318], [0.3558355335708405, -0.9347050908751487, 0.5560943568718517]], [[-0.10365593625018632, -1.1176549985002122, 0.39159509602569065], [-0.04034842439695829, -1.1447093189908142, 0.2639039780857362]], [[0.2228738850671046, -1.1357176731995384, 0.4874186933903135], [0.39348066468403875, -0.9286870087808132, 0.23310225822815733]], [[-0.10995565343669067, -1.086197913280457, 0.20302638539948825], [-0.054768879585159747, -0.9656825412087227, 0.12368519500495623]], [[0.2771034286024352, -0.7475996704129579, 0.054900921229852795]], [[-0.002406975668176492, -1.1671291443227254, 0.19352638126119515], [0.00949516613438095, -0.8564612250807317, 0.03972307758369442]], [[0.19719225931036477, -1.177152958199489, 0.1762403139948563], [0.2845951977861334, -0.8774625958808202, -0.034604863680168574]], [[0.15788796620234036, -1.064819607669786, -0.3224608081094875], [-0.1659113147249982, -0.49106263738358846, 0.007172271215552528]], [[0.2776009443038555, -1.1165332685068925, -0.22268133280139502], [-0.0041803580418300346, -0.4715337064635665, -0.013190257144448658]], [[0.18527121902900623, -1.1593124900583465, -0.642465054847811]], [[0.33323295242483053, -1.159983877368609, -0.6870787175753472]], [[0.11568210006703794, -1.0448833588634585, 0.6044760872708528], [0.15995519962461957, -0.9489093980537379, 0.5609772822864599]], [[0.13012402122377154, -1.0333817297226557, 0.5972457369095113], [0.19373474560331294, -0.9998974490362118, 0.5409932637490336]], [[0.09739264182109414, -1.1721410512611072, 0.18488334762802572], [0.14704518196025718, -0.866961910480776, 0.002559106951762924]]]}