{"bodyId": "h0", "timestamp": 1642440897023000000, "continuousState": [[[-0.11919587406145404, -1.162954359836447, 0.6656095997738048]], [[-0.12851334546261828, -1.2549266456858876, 0.7326743767248106], [-0.11098833608291814, -1.2314180220313131, 0.7695179773861515]], [[-0.028627710090738168, -1.0602127827170595, 0.6901940848727652]], [[-0.041508797024065736, -1.4400965239955974, 0.5948627964859056], [-0.01988464246863786, -1.3735720410909191, 0.6351445931316323], [-0.05904102309880832, -1.2456670743832141, 0.5678035342233853]], [[0.04238510292950676, -1.2478559501455992, 0.5894415146121019], [-0.09983342953902785, -1.1133580295791026, 0.5454246564967176], [0.054851920368893525, -1.099991778989339, 0.4572491863775334]], [[0.02130181673179532, -1.577746879901333, 0.3673831426381512], [0.07779331295509873, -1.6107739960207352, 0.5032148397499241], [-0.016005135253218228, -1.445913977280959, 0.2796659701751174]], [[0.08576217239767148, -1.216329251897304, 0.3726340976819129], [-0.13579328806296964, -1.1058771621141086, 0.4116760600997438], [0.03914408189345853, -0.9636627255042903, 0.21488744333012644]], [[0.006841635122191492, -1.6607188647692777, 0.1599455854862385], [0.028705992253676427, -1.6634375785757731, 0.2570286742049561]], [[-0.0009279424125639979, -0.8149492701266914, 0.07771517265834715], [-0.0531917463319308, -0.790646166939236, 0.06429286482596686], [-0.029051562210179238, -0.7454559588533625, 0.05922085551772349]], [[0.04854853010886495, -1.625164121953108, 0.24993249486444336], [-0.029681644702513332, -1.4859751843724351, 0.16132538114015604], [-0.032396965190750304, -1.4166075164926901, 0.013732772004025562]], [[0.12837262109683473, -1.6158477787983918, 0.32735540400066776], [-0.1165760039749757, -1.3136735160879243, 0.09379460203237322], [0.0003379160814849236, -1.3084862887127864, -0.0243049634700212]], [[-0.02589960398509361, -1.5140373467422006, -0.2526964681286147], [-0.03935465933276805, -1.5279064411973413, -0.24901261700584576], [-0.21364617467971048, -1.0727181077790264, -0.11307568761204445]], [[0.01217228199678666, -1.4907719089786002, -0.19331626077653663], [-0.19764857489819265, -1.3240974628569655, -0.25680539131576996], [-0.22114426608082827, -1.164725474723244, -0.17408375719653757]], [[0.02918893893923158, -1.4577206809944863, -0.7335836481904482], [0.03161363240251758, -1.4999410868612537, -0.644353688994358], [-0.3052336117610439, -0.7590782906073463, -0.16403358146441605]], [[0.05618728606805068, -1.2969517983568175, -0.7452719304949426], [-0.08034029601163639, -1.4704038565099584, -0.329875194182639], [-0.29503000638889043, -0.7630214243347293, -0.2009151318703778]], [[0.006146345334553716, -1.3542043751805786, 0.6003825574825552], [-0.09899487186315281, -1.3036108718423618, 0.6385656119099977], [-0.010639416653675182, -1.1407916045219229, 0.5305101495728902]], [[0.0004381529527205108, -1.3439762370705983, 0.5921521555490037], [-0.059859036003832855, -1.243465035335011, 0.5902846248141749], [-0.0020945513649573977, -1.1728294266862767, 0.5125263603004593]], [[0.08846057560284984, -1.62050595037575, 0.28864394943255556], [-0.07312882433874451, -1.3998243502301797, 0.12755999158626463], [-0.01602952455463269, -1.3625469026027384, -0.00528609573299782]]]}