{"bodyId": "h0", "timestamp": 1642436685066000000, "continuousState": [[[-0.09854206334941135, -1.0560649379126743, 0.8021875583592895], [-0.07470553939245361, -1.0284088825168198, 0.8292516472116535]], [[-0.03094180261316526, -0.949459524279681, 0.765010291652851]], [[-0.17325232325653556, -0.9484305486591791, 0.7425159939282626], [-0.13885324650146935, -0.8933046326771554, 0.7500252367270969]], [[0.06314911116998961, -0.8850516421599759, 0.5156860373303318], [0.060207105818954276, -0.9616347737419313, 0.5967865890217352], [0.0937909741512637, -0.8395569808039466, 0.560853040567778]], [[-0.3007940069826097, -0.9283426745953895, 0.5648834767446278], [-0.25777671368079774, -0.9035120817693805, 0.5722510483422767], [-0.1989165516690803, -0.9340592886831363, 0.5830236512828789]], [[0.16351540545919124, -0.8585278798714924, 0.28554504037594053], [0.03870812399417589, -1.081699399679321, 0.41168937578223264], [0.21843290710080243, -0.8588784782593792, 0.24922306692729368]], [[-0.5275415845965994, -0.8630622915473201, 0.38160584339485015], [-0.4631962623830034, -0.8517345184142808, 0.4090932175859816], [-0.41474462975716797, -0.8819043529310703, 0.42615271986075154]], [[0.2544844337950558, -0.7776576856382429, 0.07589519207167394], [0.030819657695779323, -1.0859389494421334, 0.38423798202037873], [0.24334417416045695, -0.717209261107215, 0.06427857443776752]], [[-0.7236517831322546, -0.7742655406043935, 0.29808842761404986], [-0.6999996253106424, -0.8374918047092494, 0.3547307303387718], [-0.5862625651050468, -0.8482293034443183, 0.3180613753937511]], [[-0.005339579837242148, -1.088290145458225, 0.0668765134167204], [-0.01906824965687648, -1.119923150306029, 0.11865979939005089], [0.010983052626134526, -0.9535446914066901, 0.0019682553502649025]], [[-0.2217442581473879, -1.1375003045446233, 0.07544585864092546], [-0.2235393832632544, -1.0695778194431094, 0.10865977367123603], [-0.20277349032629166, -0.9853742024944117, 0.05476437237677845]], [[-0.010413898094099427, -1.0882816626523677, -0.3521593796040716], [-0.013227854026388375, -1.1098065130214356, -0.2951397868182921], [-0.2680873218085308, -0.5485622240013739, 0.008344737010719028]], [[-0.24816118691083977, -1.1077910368666215, -0.4008838139346098], [-0.23695391745937266, -1.135831361365524, -0.2723238095056717], [-0.3181418004635851, -0.8106366816092434, -0.12820788255131477]], [[-0.0073511922505397065, -1.093734045690918, -0.7937857514311344], [0.0009555824453688633, -1.1117547920724455, -0.6874109494832269]], [[-0.20367183346596573, -1.0340212032667127, -0.7811310046278997], [-0.21512531167594018, -1.1132190637882005, -0.6697505528577786], [-0.3195664350769456, -0.7906976021569729, -0.44835412757918247]], [[-0.07163235532922285, -1.0277530958229522, 0.6079772196126711], [-0.13060438831652932, -0.9673506255480633, 0.6019107573090121], [-0.07855217701317918, -0.8664809459804845, 0.582197831486263]], [[-0.11882244790631005, -0.9066971583776827, 0.5402847570374798], [-0.09878480393092173, -0.9325734277556559, 0.584518818682006], [-0.052562788758908296, -0.8868081347435415, 0.5719383459253284]], [[-0.11354191899231503, -1.1128952250014241, 0.07116118602882293], [-0.12130381646006544, -1.0947504848745693, 0.11365978653064346], [-0.09589521885007857, -0.9694594469505509, 0.028366313863521675]]]}