{"bodyId": "h0", "timestamp": 1642436777392000000, "continuousState": [[[0.13983602745946955, -1.2475573372000495, 0.7447667383708529], [0.1424507892838417, -1.2098508749006882, 0.7599578285828372]], [[0.12237090898558578, -1.093901529654882, 0.7283920633405894]], [[-0.010654272557312883, -1.270314606714737, 0.7307329446344235], [0.014248491963570808, -1.2356559108505736, 0.7678953067431444], [-0.005684150573449287, -1.1212988944384152, 0.747221720087223]], [[0.0949389553583242, -1.1869304358756874, 0.5800528299891144], [0.13432598690014053, -1.0761713317080968, 0.5011281430709434]], [[-0.07616056883081346, -1.3991165969625392, 0.5724134314579471], [-0.02879237949611413, -1.3273765886171707, 0.607514760558802], [0.01009024217291743, -1.383853735741085, 0.5547142642057445]], [[0.15515811412946656, -1.2533024197323417, 0.4706694808628453], [0.13901969864765484, -0.9589156032828506, 0.22880708653225823]], [[-0.25095394838722684, -1.4899612940542077, 0.2909669328149891], [-0.1375376226803683, -1.5075117194681225, 0.49736430775640283], [-0.037490866660770505, -1.6097895730487568, 0.3535656457469005]], [[0.1361137657632231, -0.8985223183083832, 0.16406006301650056], [0.10792436702750374, -0.711780804312375, 0.03943223086614567], [0.12369711736300193, -0.7757463583074189, 0.047037721583253256]], [[-0.09236009386767396, -1.5723135340038081, 0.14594271598540098], [-0.11037625448892985, -1.5892681929660095, 0.3342565864221405], [-0.005799736988991944, -1.5027317901190769, 0.1750712402360034]], [[0.17124211149993634, -1.3858254075720897, 0.09947231884877983], [-0.1988014716872285, -1.4777138889134758, 0.3986376611686778], [0.0689250720592407, -1.0915281100555867, 0.09141007679389113]], [[0.053656340495871035, -1.4776743327825932, 0.10101450140451362], [-0.16328643289107192, -1.5899281440880602, 0.43843204331551555], [0.01989193986883131, -1.3675614982262108, -0.0020257688658388284]], [[0.14641234592810926, -1.4807515848053245, -0.20471521636554224], [0.008159066405522664, -1.3298220544126456, -0.19729664391229673], [-0.125782904941367, -0.8130387416380662, -0.014340880700220549]], [[0.10727327301503564, -1.548078298989863, -0.3075696179584253], [0.08503177878518553, -1.5311065391340697, -0.1939253958607785], [-0.19521776014143843, -0.8454486844152207, 0.046465208968666016]], [[0.1474693152928795, -1.5452211038720107, -0.3923439614418548], [0.03801380549579947, -1.386748541928883, -0.6494793388065775]], [[0.04121994750547875, -1.5831619419588105, -0.7508205531775686], [0.04348551567182146, -1.6098043703561857, -0.6189539078899735], [-0.30534109034554413, -0.7508039758190794, -0.04722487898446465]], [[0.0161918611275067, -1.3103652372724088, 0.5833679307785574], [-0.05649836448140855, -1.2444984791130445, 0.6279879452194405], [0.05061571228309303, -1.1905012733422695, 0.5395555927703416]], [[0.009389193263755369, -1.2930235164191133, 0.5762331307235308], [0.07220811453652898, -1.2300125337245909, 0.527921203638344]], [[0.11244922599790369, -1.4317498701773415, 0.10024341012664673], [-0.1810439522891502, -1.533821016500768, 0.4185348522420967], [0.044408505964036005, -1.2295448041408987, 0.04469215396402615]]]}