{"bodyId": "h0", "timestamp": 1642436871996000000, "continuousState": [[[0.010236553138821658, -1.2412450729376066, 0.6998494327906459]], [[-0.016776509691275532, -1.099306638369705, 0.7309394677120102]], [[-0.13819777562436353, -1.283418018037734, 0.7115339725661718], [-0.10180493927566014, -1.1851302448596464, 0.7326571808686587]], [[-0.03714782987767451, -1.2281000211536734, 0.6089652625122536], [-0.024508499839962505, -1.0664919233423467, 0.49482936755325857]], [[-0.22741684584792893, -1.395920834497626, 0.5453548368041132], [-0.13522685911012988, -1.3733999057083075, 0.572466812452499]], [[-0.020437917153853125, -1.1430768386557104, 0.4368368919871781], [0.005002659965557266, -0.976962724685682, 0.22359731121633097]], [[-0.29802409320423695, -1.5875046567430955, 0.33775421794654514], [-0.17548491751202389, -1.4990250654106387, 0.3983809366428326]], [[-0.026255518593388594, -0.806662169954212, 0.06523903354699478], [-0.05677975173190242, -0.739303597863094, 0.07026132935385043]], [[-0.19109486755877714, -1.5918871121829898, 0.1207250571506131], [-0.15291762422672373, -1.3408827761754316, 0.29676493498381273]], [[0.003622865181892365, -1.332718005196623, 0.06996072197729819], [-0.05004791469129488, -1.1628504585452404, 0.09153425514414826]], [[-0.1080209173697626, -1.4929503418202297, 0.12128162316920776], [-0.12596878810836643, -1.3925570461612025, 0.04407681145386033]], [[0.0010235704649582678, -1.4303300022751817, -0.2055323110788576], [-0.21662801934714193, -0.8616393444876222, 0.027937135268830682]], [[-0.05696539508456622, -1.5703744546958598, -0.30509950257559015], [-0.09240342094044873, -1.316291413026162, -0.1888521955644129]], [[-0.03845696912613983, -1.4055271189011282, -0.6674038052385675], [-0.29623884120595834, -0.7500999780701736, -0.12365884451225595]], [[-0.12385434781116089, -1.6055154933904352, -0.7432401176968781], [-0.31955769692256797, -0.987395944146771, -0.2490093425316725]], [[-0.13410147789382243, -1.3070087927410947, 0.5758414289758564], [-0.10234557108045439, -1.1732379223838643, 0.5472975976450947]], [[-0.13228233786280172, -1.3120104278256497, 0.5771600496581835], [-0.0798676794750462, -1.219945914525327, 0.5336480900028788]], [[-0.05219902609393512, -1.4128341735084264, 0.09562117257325298], [-0.08800835139983065, -1.2777037523532213, 0.0678055332990043]]]}