{"bodyId": "h0", "timestamp": 1642436968074000000, "continuousState": [[[-0.1617590845848189, -0.8487396648581107, 0.7181558605583321]], [[-0.3335781496068366, -1.038771734835434, 0.7512835645326292], [-0.36898184252889693, -0.9829203929654227, 0.7816369586145377], [-0.269359421056411, -0.9463540513253024, 0.7419892698597428]], [[-0.22408074829066066, -0.9957276369277686, 0.754979320619154]], [[-0.4471037899712067, -0.9841944438409624, 0.5341620368617919], [-0.4214528204083564, -0.90342860263612, 0.5247329334216346], [-0.3418339799598228, -0.9307841972204967, 0.5431643052752604]], [[-0.09928429763659774, -1.0514318966775715, 0.5626994287312033], [-0.07294061904134252, -1.0152137367759673, 0.5828315322670454], [-0.01836294923999704, -0.9827376370332338, 0.5656715513034404]], [[-0.33167320437185155, -1.044880249272972, 0.39105746270266173], [-0.38362956929485764, -0.9881580268105556, 0.4037821334396001], [-0.30679928308373927, -0.8566803639602396, 0.2999016150923488]], [[0.006356206439810996, -1.0636663892499387, 0.29858799305913664], [0.019475382712563438, -1.1091741379939912, 0.347165726517521], [0.042093612754571685, -0.9509059695588096, 0.3135132802531011]], [[-0.21815836400305344, -0.7857193288902331, 0.03606058658058331]], [[0.07089922353267403, -1.0641873557138595, 0.07070949805465387], [0.043966895493881664, -1.0940595259260901, 0.12356675021908847], [0.09059629570020755, -0.9772196233436419, 0.06805535017760178]], [[-0.2992526836058702, -1.1209909599168204, 0.011665256998145024], [-0.31251100878659344, -1.1277014865299646, 0.13599372895577222], [-0.29299507989151397, -0.8622483970534889, 0.12957781026379012]], [[-0.07585556252542563, -1.1452396801759688, 0.09200012264085355], [-0.11807972558337909, -1.1658436574614908, 0.15895460353097635], [-0.11067388712437598, -0.8522892202830961, 0.13376215168102945]], [[-0.22507428154275988, -1.1032726255315572, -0.3961680137579815], [-0.23405630754237983, -1.1238334163108767, -0.2654328490543665], [-0.32392794091859156, -0.7537268438488924, -0.09461878881307739]], [[-0.08686652032794295, -1.0777928213867363, -0.3812757661861894], [-0.08322197199577819, -1.1323514968437727, -0.2718978048161991], [-0.2497182131678738, -0.6041935497048401, -0.009012241702547497]], [[-0.1742786678219016, -1.1664031746445631, -0.7472387918598585], [-0.18992826907036287, -1.1584072372955403, -0.6907548210330805], [-0.3174658308110586, -0.7790686900200849, -0.4393981530578863]], [[-0.06865422343361727, -1.121503421519004, -0.7988866774820845], [-0.0678066787428957, -1.196685344342724, -0.692167341051868], [-0.046618098467604785, -1.0222558164457145, -0.7593407469436613]], [[-0.25358699906782534, -1.0451382138416185, 0.5732561927004383], [-0.24854068740324292, -0.9711390085779001, 0.5572241712018191], [-0.22204746136443598, -0.9162313838163438, 0.5785366842447074]], [[-0.2731940438039022, -1.017813170259267, 0.5484307327964976], [-0.24719671972484947, -0.9593211697060436, 0.55378223284434], [-0.1800984645999099, -0.9567609171268652, 0.5544179282893504]], [[-0.18755412306564792, -1.1331153200463946, 0.05183268981949929], [-0.21529536718498626, -1.1467725719957276, 0.14747416624337428], [-0.20183448350794497, -0.8572688086682925, 0.13166998097240978]]]}