{"bodyId": "h0", "timestamp": 1645881596987000000, "continuousState": [[[-0.039828666769481824, -0.9289581095153213, 0.5721010052690534]], [[0.05023199705987513, -1.1326904201384123, 0.6645519612821138]], [[0.06720080819695584, -0.9164718932045487, 0.6232281264208052]], [[0.06325561007075864, -0.9170690817964643, 0.6507064633774337]], [[0.17180246251334308, -0.8505889045926951, 0.5164077267583992]], [[0.23157933410512976, -1.4525240897595424, 0.34008954308756545], [0.08245081393419096, -1.0983127644005428, 0.46041743322902584]], [[0.31135542850398673, -1.324908034192039, 0.503135074272398], [0.07703510383870449, -0.7546838316854466, 0.23443511066419176]], [[0.06068321204044225, -1.3116152761935134, 0.2477901375031495], [0.07642849031933174, -1.1764122282547758, 0.23347878702860947]], [[0.19531752782078404, -1.3996944086568919, 0.5174422375157919], [-0.03974643410298295, -0.6681886094443084, 0.026440554463266097]], [[0.3218022476605248, -1.373002485554856, 0.15385928756007483], [0.17856445576297864, -1.0601296074078235, 0.04819716696622911]], [[0.4074741344374033, -1.2969707988586983, 0.19084427583809815]], [[0.32389398926707613, -1.2988448491653126, -0.28613689396542064], [0.019922397649203116, -0.6583104250155696, 0.02931514644560773]], [[0.40761732871336576, -1.2730003222988047, -0.08712084539284559], [0.03188568642951006, -0.6439027966538411, -0.002840995411271363]], [[0.34877083878055304, -1.2058371678527338, -0.7102848619866845]], [[0.42329241217902525, -0.9165396679091407, -0.7714790114213289]], [[0.1588450247515587, -0.9497809068149232, 0.5436627398000734]], [[0.11752903629205086, -0.8838289931945797, 0.5835570950679164]], [[0.36463819104896406, -1.334986642206777, 0.1723517816990865]]]}