{"bodyId": "h0", "timestamp": 1645881627606000000, "continuousState": [[[0.2610745229602113, -0.7785468136728162, 0.541822900292599]], [[0.37299613402411524, -0.7849776232363523, 0.6695613842214831], [0.2923524600005578, -0.9029247251758705, 0.6630753028560896]], [[0.3830852112932154, -0.8286185509179218, 0.6867731187742481], [0.39418355946773764, -0.7637106239594084, 0.597752983991364]], [[0.42526480580131976, -1.0014970031251051, 0.6270425499142653], [0.18083115492287427, -0.7959523699775374, 0.6641277515989139]], [[0.4337570852574868, -0.8617225951682166, 0.6137661249447235], [0.5298916231104115, -0.8792296430579858, 0.5577747919829501], [0.4505125420805378, -0.7135945647889714, 0.5025804439824529]], [[0.4188626935949724, -1.186781583207974, 0.40941331253751323], [0.35863379251120586, -1.2801461172856843, 0.34814750283769635], [0.3340493671227025, -1.1590344999204514, 0.3400497645217042]], [[0.4274029195514596, -0.6731344359553357, 0.31038568166191527], [0.5214868813743352, -1.1140674755686062, 0.4246859632369946], [0.4820214900590156, -0.5834165508365551, 0.21736198266217632]], [[0.27372196717687025, -1.221992899272901, 0.1640187885498503], [0.21375221158516267, -1.2696773719054912, 0.1267786596400946], [0.24070238148580614, -1.196510639209034, 0.11926018652697712]], [[0.4089464026670049, -0.38455050488016207, 0.048086189696088466], [0.3968510643271268, -0.382480697899678, 0.06498380349022714]], [[0.3600250925326921, -1.204211163533116, 0.2581976376569983], [0.40696896946496874, -1.2424880442427058, 0.15743170106612037], [0.29782945177795783, -1.0195789519463816, 0.08200956501249523]], [[0.3429198537651672, -1.054013451023183, 0.17292934132970683], [0.5358011692895336, -1.1466421062941323, 0.1381881279425472], [0.40537328627790203, -0.8066512782757335, 0.0996029231836989]], [[0.32457958934560327, -1.206768583229138, -0.19998932191977437], [0.3372906288728579, -1.2161223553227876, -0.25877023947226385], [0.09997673166371746, -0.8010304925097189, -0.027478105127539676]], [[0.190591499578459, -1.2489777419329595, 0.07527120212064431], [0.48041018315732187, -1.2708970806713804, -0.03754879718664683], [0.19540513175144048, -0.5654619020752397, 0.017513579306279392]], [[0.3054501525542963, -1.2876158700497946, -0.6473404665848199], [0.3400872914040214, -1.2053726635416884, -0.7042973436014773]], [[0.3252916156269743, -1.0591880887176703, -0.5825258921615295], [0.4290574109083023, -0.9571215272368323, -0.6730849443651488]], [[0.4370416066227927, -0.9465581324143117, 0.6293335444336581], [0.29152421650327076, -0.7170986210927948, 0.6021199185517976]], [[0.4295109455294033, -0.9316097991466609, 0.6204043374294944], [0.31567184850170604, -0.7547734673832545, 0.5833540977906835]], [[0.35147247314892965, -1.1291123072781495, 0.21556348949335258], [0.47138506937725116, -1.194565075268419, 0.14780991450433378], [0.35160136902792993, -0.9131151151110575, 0.09080624409809707]]]}