{"bodyId": "h0", "timestamp": 1645881661910000000, "continuousState": [[[0.005494147805609639, -0.9409966590919809, 0.5971851136136047]], [[0.17675715853383744, -1.044176032974961, 0.7199607138110518], [0.11974339848899346, -1.139628805778241, 0.6708846757199474]], [[0.12767199197349632, -0.9279466329523962, 0.6063138179277059]], [[0.3430499283384407, -1.1763824066034316, 0.6088593036090082], [0.10920566624907002, -0.9015034455908473, 0.6669240200406896]], [[0.1684253619204068, -1.0367026433070814, 0.6015298769833997], [0.23731596380233155, -0.8846361864041481, 0.48494942444396805]], [[0.3142316510263482, -1.3913272660732194, 0.39462353977077536], [0.27790106814652066, -1.4630637504180248, 0.32614727518980957], [0.14461932290034274, -1.123596491505913, 0.45047001028186684]], [[0.11098101441822039, -0.8304283188829376, 0.3087332575144768], [0.34570426346804084, -1.3400978116589684, 0.5235169315673466], [0.10494736251299719, -0.7929828942112638, 0.2429732651517318]], [[0.17123729537134835, -1.2642394075031023, 0.2199297129271176], [0.11531853720637453, -1.334136523543278, 0.2003926737755266], [0.1254749513401412, -1.2002932564464475, 0.20503694886511248]], [[-0.04892121942283678, -0.7250306176021604, 0.09634496706959861], [0.23098480673719185, -1.4075631121260794, 0.5278279875079283], [-0.010831575434055996, -0.7077737543424909, 0.02018144240058628]], [[0.27437904941859725, -1.3364365949281358, 0.23030609235864596], [0.35007526451143184, -1.3984917523754667, 0.14942799851881583], [0.18830736410721272, -1.0836194908249495, 0.0677570911050629]], [[0.20754378213317115, -1.1488157319822023, 0.15551414797440732], [0.43007810575318794, -1.3499114658174467, 0.19721340921509145], [0.21945151844495414, -0.8608470793149108, 0.13004965247365574]], [[0.3372791699860561, -1.2481534563400882, -0.3280250162099425], [0.33884841915400365, -1.285166296501458, -0.2805099591029818], [-0.010625186380368357, -0.7077592821500908, 0.020298072584563953]], [[0.053890282996228334, -1.2695419421970082, 0.15741380086943924], [0.3348859348333433, -1.3020979281716465, -0.14946427025580267], [0.0518711254081734, -0.656157432081642, 0.007232982683903377]], [[0.3013669259094629, -1.2245337288492795, -0.7258985293716412], [0.3548681312952704, -1.2080434525767871, -0.6897910184115718]], [[0.23514954703574698, -0.9960398640408221, -0.6376699778656894], [0.3234975832548277, -1.099273541945569, -0.6542245109437096]], [[0.26555090697150063, -1.0993087230256051, 0.5979697192017241], [0.21652533717225553, -0.9562518301177708, 0.5422730713950717]], [[0.25573764512942376, -1.1065425249552565, 0.6051945902962039], [0.1732608150257008, -0.8930698159974977, 0.5759367222423288]], [[0.2409614157758842, -1.242626163455169, 0.19291012016652664], [0.39007668513230986, -1.3742016090964566, 0.17332070386695364], [0.20387944127608343, -0.9722332850699301, 0.09890337178935932]]]}