{"bodyId": "h0", "timestamp": 1645881727168000000, "continuousState": [[[0.1642701239348483, -0.7072698688851982, 0.5329719006177702], [0.11274893823817611, -0.7152981479500118, 0.5010363002125987]], [[0.2075313201797241, -0.7721053684563479, 0.6391400791837911], [0.14130015288088948, -0.8675912078057952, 0.6172208710581013]], [[0.25478920453437004, -0.7896246537147364, 0.6528202104141758], [0.196461787184404, -0.6851338524145766, 0.5743607346275008]], [[0.3002403782098815, -0.9600866085381294, 0.5749643056436087], [0.04710409395902437, -0.710364651729283, 0.6497703178101952]], [[0.28992031392097617, -0.8654369432121907, 0.604452446530674], [0.33784256147845304, -0.6864700369065202, 0.4738817214539779]], [[0.27721365949811905, -1.1342092528617793, 0.3371811779069982], [0.23481587009544835, -1.1968068756829748, 0.28925063645739457], [0.20439076531335854, -1.0635959964655206, 0.32793789673235474]], [[0.3340792506839563, -0.6297934697440539, 0.24368995489695622], [0.37801881151619554, -0.5926758304838056, 0.16676127934776308]], [[0.1974204847713965, -0.9470737144299952, 0.14492186688548148], [0.17045350675041127, -1.171623846583696, 0.2563231627038518], [0.17612969158534064, -0.9604404609057798, 0.1480953674765677]], [[0.2814211199669834, -0.3163604849654855, 0.026571976343929826], [-0.02838787203149673, -0.10906380723575126, 0.37687397099227926]], [[0.37946225232207076, -1.1616919203809268, 0.18741037192749976], [0.39581542725688845, -1.2265895928263653, 0.1556424591138319], [0.2758679725257145, -0.9757404624476815, 0.06049768019277191]], [[0.2741613513816009, -1.1204820142839704, 0.252027008254049], [0.5353667715955799, -1.1269521255841821, 0.1707553279950489], [0.37778323438492345, -0.798253925737185, 0.08475767985414517]], [[0.34398630750906956, -1.2001477918708388, -0.2559205166571199], [0.3425684741347246, -1.209230984104074, -0.26199481314616735], [0.15559021887699065, -0.8730775061087325, -0.023573984731945496]], [[0.3864804525688633, -0.8824610596230624, -0.39450537754067216], [0.4263279113057996, -1.2539797181311698, 0.029137852153808597], [0.1950634335356649, -0.5522539059516856, 0.012619990389502123]], [[0.3567260354099664, -1.2410123984430421, -0.7318677399590562], [0.38941279724001054, -1.193228994350366, -0.6937663959267758], [0.036286814744020734, -0.6270881642144154, 0.002230058482817654]], [[0.3085085061795718, -0.9535911988521708, -0.7034702961961354]], [[0.15743414818387635, -0.6634954330665145, 0.5893674488730829]], [[0.2950803460654288, -0.91276177587516, 0.5897083760871413], [0.1924733277187387, -0.6984173443179016, 0.5618260196320866]], [[0.32681180185183584, -1.1410869673324486, 0.21971869009077438], [0.46559109942623417, -1.1767708592052737, 0.1631988935544404], [0.32682560345531897, -0.8869971940924333, 0.07262768002345854]]]}