{"bodyId": "h0", "timestamp": 1645881730250000000, "continuousState": [[[0.03228769837523304, -1.0992343087029268, 0.6580039402908548], [0.004796154239773642, -1.0042423386697794, 0.5699502517060803]], [[0.13829617219919443, -1.093850758836155, 0.7273411825495444], [0.06609799309226794, -1.1829564784980393, 0.6691205274979493]], [[0.0971469291776913, -0.9731045712488132, 0.6317929347970506]], [[0.2891290946663537, -1.239674956603734, 0.600812154544919], [0.026748360617236955, -0.9412032092350721, 0.6504441443736151]], [[0.15355845336948926, -1.0856669492897992, 0.6343672433123544], [0.21548693469263913, -0.9203880711980124, 0.5144948968934139]], [[0.26807422373160683, -1.4033520075484893, 0.35441365479271547], [0.22051830589454613, -1.4730420882937305, 0.30726141221660463], [0.1418869970846145, -1.2295947397126508, 0.38568725099954615]], [[0.10674571497931229, -0.8213304305910174, 0.27517458568485265], [0.3385289000917651, -1.3381014377397837, 0.463173900760226], [0.0921905138001724, -0.81163238566291, 0.24895944828643124]], [[0.15402047756865112, -1.2045901544466566, 0.1479007483531085], [0.08481313909433452, -1.370626215155764, 0.2280736561855441], [0.08998556542292735, -1.1905449743833358, 0.17991146594458285]], [[-0.015650571184068984, -0.7268851879468623, 0.07176674910451442], [-0.009826248454885222, -0.7106263733143767, 0.026239382942410794]], [[0.2749549250343887, -1.371276817159416, 0.22133305222618604], [0.34576595986783726, -1.427364962631878, 0.17853840846953117], [0.13386401061100328, -1.00974628326429, 0.11497226965680296]], [[0.17807723973556677, -1.2395556264943854, 0.23474736926801132], [0.42303786864976733, -1.3118380333715796, 0.16379607291863807], [0.18437961918009727, -0.8554273633365315, 0.13125568107597096]], [[0.3423739196623313, -1.2747542352594943, -0.2646119505300297], [0.3309119174604931, -1.3100426648528465, -0.25068518176291477], [-0.028430543837844935, -0.6605074037743588, 0.02213837658292883]], [[0.3170245640026169, -0.9707216802436718, -0.36476460664466015], [0.37018477785309434, -1.2821899126836986, -0.16561587827373137], [0.01936724164393855, -0.6127083602516266, 0.010451253678383177]], [[0.34199503536801235, -1.2595830264725543, -0.711627644603582], [0.3861453221751642, -1.1771366741131741, -0.7159448337773455]], [[0.26061851080933907, -0.9745915639497555, -0.6940912901905223], [0.3527230706893171, -1.1056929818271768, -0.6138904802598308]], [[0.22272158611545223, -1.1604955700936268, 0.6313309589909855], [0.18133192212010285, -1.0028129011970424, 0.546984377984517]], [[0.2213437740179215, -1.1626709529467667, 0.6175896989286367], [0.12111764765493804, -0.9307956402165423, 0.5824695206335144]], [[0.22651608238497772, -1.3054162218269008, 0.22804021074709868], [0.3844019142588023, -1.3696014980017288, 0.17116724069408462], [0.15912181489555027, -0.9325868233004108, 0.12311397536638696]]]}