{"bodyId": "h0", "timestamp": 1645881737151000000, "continuousState": [[[0.10010566017109679, -1.0769901435922578, 0.5893969247587604]], [[0.13301279644427055, -1.2540065889477097, 0.6665400021623555]], [[0.2335724115611738, -1.186522908346309, 0.7215202265891489], [0.19645521501172714, -1.045102216791482, 0.6884395272476621]], [[0.11437120920089472, -1.0552781454974285, 0.619010637445408]], [[0.3287232596310399, -0.9905909538046984, 0.5237420288970671]], [[0.24986190330995617, -1.5366498866896032, 0.3041689114691424], [0.1746517435203636, -1.274671609074914, 0.37003554860786236]], [[0.4343443052078363, -0.8324100361313382, 0.09753363979803487], [0.3877952723667002, -0.8515634152626137, 0.27469273900198865]], [[0.16320185601210035, -1.2529400478480661, 0.18019288337421546]], [[0.4244321268498943, -0.7327393079775821, 0.04571552068613227]], [[0.34231642156423414, -1.441570877386836, 0.1574689523231343], [0.1958350477411358, -1.109691071884234, 0.05032182321469025]], [[0.44682317361968993, -1.3448212809925812, 0.155936590889719], [0.2980986308516176, -1.0087222676670702, 0.04389620865783006]], [[0.3411513227958537, -1.2962150217860693, -0.31843873471317796], [0.036982069523649796, -0.7694056098081138, -0.03225441962222486]], [[0.4077619716981491, -1.367634083280329, 0.00802044508439237], [0.1089543993980544, -0.6863593358146046, -0.005976689083606823]], [[0.388727033937714, -1.1839574611684043, -0.7173889173719061]], [[0.39631747690537555, -1.2386307571915123, -0.3626086776845159]], [[0.2458839072438248, -1.0589672603207583, 0.5474192736898207]], [[0.2215472344159673, -1.0229345496510636, 0.5713763331712376]], [[0.39456979759196203, -1.3931960791897087, 0.15670277160642665], [0.2469668392963767, -1.0592066697756521, 0.04710901593626016]]]}