{"bodyId": "h0", "timestamp": 1645881768976000000, "continuousState": [[[0.06359246729990653, -0.8221962158042503, 0.5421686717644791]], [[0.073939697324654, -0.9719234777449623, 0.6405773010573099]], [[0.18320194939346346, -0.8819448699116879, 0.664027742607733], [0.18751832656978396, -0.8286335324479682, 0.6294143738225589]], [[0.000683131457172359, -0.7820565607428642, 0.6602724546007788]], [[0.26648903300589977, -0.802046713676945, 0.48674072306127125]], [[0.23859413921089445, -1.4086358960565297, 0.36883821872000133], [0.16786649898854378, -1.1906283613440942, 0.35971343711252923]], [[0.3220052912133202, -1.2665076445748276, 0.5126704647049826], [0.13505801655309058, -0.7154868063871755, 0.23483349799765574]], [[0.14251259492291302, -1.297080803113205, 0.1550017525205687], [0.1712408762592742, -1.2039633362268167, 0.13411264449720095]], [[0.20864250100433113, -1.3202467087207277, 0.5040037895854358], [-0.056119877436227705, -0.616386638154938, 0.04983892975005333]], [[0.3298535546739279, -1.3469033958419323, 0.19933660698445554], [0.22296442746595058, -1.0781915295976392, -0.007844455240981318]], [[0.43574166055725805, -1.2341862871166782, 0.18042786415214263], [0.18321376210545015, -0.7191422081528065, 0.19241367945699261]], [[0.3496901806703977, -1.2306629640665936, -0.30745603030024293], [0.021178275779929923, -0.6415711579647116, 0.009947121131343217]], [[0.3885644262114225, -1.2425308436649352, -0.163636017656267], [0.14817307182115047, -0.5373715661903928, 0.01244742663077314]], [[0.3949356742121608, -1.1776510885785285, -0.7203196174166113]], [[0.3506664292548103, -1.05579159883392, -0.7324491106317487]], [[0.12188287873329884, -0.7920946533154355, 0.5911800817497703]], [[0.13358608223153606, -0.7920516372099047, 0.573506588831025]], [[0.382797607615593, -1.2905448414793053, 0.18988223556829908], [0.20308909478570036, -0.8986668688752228, 0.09228461210800565]]]}