{"bodyId": "h0", "timestamp": 1645881770450000000, "continuousState": [[[0.17058937651928252, -1.006072173062055, 0.6195040572311536]], [[0.2885500163177921, -1.0842540586077236, 0.7686648586861493], [0.2098035999372307, -1.177932738411963, 0.71269532795104]], [[0.2995579886675288, -1.0971251009849785, 0.7308472840667601], [0.2731694026237711, -0.9697914787956545, 0.6900100999589767]], [[0.3390228353999617, -1.2783888718295682, 0.6229810657318064], [0.16859639481140443, -1.062746450283374, 0.5969364914448646]], [[0.34737242253335676, -1.0701503767459128, 0.6610206310054205], [0.44707277299105896, -1.107622683118401, 0.5890833147131642], [0.38178222308885845, -0.9082124315745594, 0.5403340854276402]], [[0.3291281278900601, -1.3987767231267245, 0.3667285341117177], [0.2629362471522531, -1.4262073288418464, 0.271441838459314], [0.2390511045779815, -1.2677410253318495, 0.3235306518696395]], [[0.24894054405628363, -1.1586302094976093, 0.4985807457349398], [0.4659040513459387, -1.202551209144721, 0.4430361361933445], [0.4527705905950441, -0.8615567640226465, 0.2424623785919653]], [[0.19865198697518271, -1.240368116810248, 0.17626325109004704], [0.12509144297601948, -1.3002100762546172, 0.1410709176456968], [0.17480213916046472, -1.2117055431552897, 0.1377011372948007]], [[0.3397481982576659, -0.808795530654228, 0.10190986624278575], [0.40298574400261367, -0.7664860431850542, 0.024744811662989252]], [[0.2710705222202898, -1.3312831463539778, 0.20821995633563417], [0.3427189322513711, -1.3620673749432417, 0.1477632582135695], [0.19259764899691567, -1.0828541457591288, 0.04020339678722107]], [[0.2158037054725236, -1.123891799334263, 0.14107783898161297], [0.44944144664126273, -1.2689072724836836, 0.1665366083969817], [0.30317661953261443, -0.9145755422828723, 0.07883778279670706]], [[0.3302614097724519, -1.2273366299259192, -0.3077242871649475], [0.3444110364873344, -1.229401820238703, -0.32270902836452287], [0.0026762818818388823, -0.7043289400884107, -0.03060972014363006]], [[0.3160243359726358, -0.9595228336388799, -0.4291683428570363], [0.3914156876900672, -1.3351517215221727, 0.03728900806625912], [0.07152192820173853, -0.5651784354771375, 0.047083483912383706]], [[0.34420056833416623, -1.2409604315617173, -0.7072751323548647], [0.390832739337309, -1.1644137016519824, -0.7275935394866617]], [[0.27126617612449433, -0.9580359467935338, -0.7044313204794925], [0.3891949791912548, -1.1671521407800984, -0.44251879960112994]], [[0.3518862688269877, -1.172736549599895, 0.6282287615048208], [0.3042882455598467, -1.0346608423975927, 0.544704485520707]], [[0.34319762896665923, -1.1742696242877404, 0.6420008483686135], [0.27518930895013144, -0.9854794409289667, 0.5686352884362524]], [[0.2434371138464067, -1.2275874728441205, 0.17464889765862357], [0.39608018944631695, -1.3154873237134628, 0.1571499333052756], [0.24788713426476505, -0.9987148440210005, 0.05952058979196406]]]}