{"bodyId": "h0", "timestamp": 1645881804955000000, "continuousState": [[[-0.12052967735187692, -0.7474217494959171, 0.5533047752418606]], [[-0.17696881976251222, -0.7911140562798136, 0.6836169339781819], [-0.1905167765701763, -0.972118287295318, 0.6992861018372516], [-0.23153662632747707, -0.8168760924674825, 0.6287857419950212]], [[-0.00017388163855502903, -0.7853030953172802, 0.6539517043368315], [-0.07026312347510189, -0.8873250055400619, 0.6405630059269647]], [[-0.31091773635051023, -0.9909627079014611, 0.6044478416721017], [-0.3413067473328897, -0.9640059740470303, 0.5241291845335202]], [[-0.016991899412564848, -0.9995876281454985, 0.4717802870259793], [-0.05570642904788725, -0.8507385487514129, 0.44995763835275204]], [[-0.40079161697718735, -1.1360123757927623, 0.3699102889765584], [-0.436033808769561, -1.2180940871547774, 0.3251535497175868], [-0.44045652436888005, -1.0970540054998486, 0.2817640882486653]], [[-0.04484947702405995, -1.1140282133793233, 0.4551736659737853], [-0.02218897061104963, -0.7600237174637767, 0.09006688505904847], [-0.04483867948178033, -0.7807407381204412, 0.16710675082952664]], [[-0.4785893828406696, -1.0987294157501661, 0.07677081724600554], [-0.4314059808930615, -1.2254300620498284, 0.1294995912477186], [-0.46145373260082834, -1.081209368675205, 0.04035243386672027]], [[-0.015804304750759113, -0.6122532197120987, 0.077323452664674], [-0.06263078015258383, -0.5590431683061261, 0.029401806921957485]], [[-0.21735374162474574, -1.3323712579038005, 0.14894643725852985], [-0.29862564487413457, -1.0316408890575954, 0.04504387031160917]], [[-0.08333413182724303, -1.273854798618129, 0.21701988989105359], [-0.028592001999288796, -1.2513794901955266, 0.16449656164515103], [-0.09064840765054438, -0.9910563209148698, 0.0353780038969671]], [[-0.27913455560820233, -1.1441818373842547, -0.20545731533688172], [-0.23759182488984698, -1.141195378361648, -0.3323964062110598], [-0.33308191578737545, -0.8003420574937039, -0.11110990833711809]], [[-0.15660058221210504, -1.2922202223285788, 0.058919905579601695], [-0.07187554549164421, -0.9907863603008522, -0.35784237091106963], [-0.22611745670920913, -0.6110418279111202, 0.01538211312888138]], [[-0.20931344960110898, -1.2138178543930143, -0.6525835931522752], [-0.18358298560754094, -1.1358256914917684, -0.7440106706786702], [-0.29079425387921876, -0.7659626094198804, -0.3835352919725178]], [[-0.026571848616563587, -1.025417429475528, -0.7451904599027286], [0.0083619018775688, -0.9483812512589611, -0.7172403895664143]], [[-0.21264742014467397, -0.8781371600443688, 0.49728771754122025]], [[-0.19850658819038847, -0.9073722613992216, 0.4870434114431361]], [[-0.12297287181201727, -1.2918753740496636, 0.15672149945184044], [-0.19463702626233947, -1.0113486049862326, 0.040210937104288136]]]}