{"bodyId": "h0", "timestamp": 1645881832827000000, "continuousState": [[[0.14588991215858316, -0.6999669281117309, 0.5556200843659318], [0.11752575952265742, -0.5333900308880232, 0.5478187931395695]], [[0.1955374622015481, -0.7244648200503754, 0.6244433226254005], [0.10720364012526817, -0.6081573279311755, 0.6474616008777135]], [[0.29920784020156654, -0.7071631279342767, 0.6260000075121435], [0.185687392060097, -0.4965224455755529, 0.5842845607592744]], [[0.1531562803596066, -0.81874677520976, 0.5891420172356648]], [[0.3765328246130192, -0.6188970330506116, 0.41423373302080935]], [[0.17273842680843787, -1.1641777150608772, 0.3724356893002121], [0.14347673416372198, -1.051565155237983, 0.3658882703803932]], [[0.3982435553204686, -0.43919084554746113, 0.21723816986075617]], [[0.10171687358802473, -1.0570040515004238, 0.19248364633318782], [0.08048923556122922, -0.9289039831284671, 0.19238270636844768]], [[-0.022527829984590908, 0.0875513136869076, 0.4773908985170504]], [[0.31084154779279444, -1.2462837222578036, 0.19384718644665977], [0.15958342633789302, -0.9268837498040181, 0.08697741762814015]], [[0.4434296395501043, -1.1142580654016896, 0.1352704012289394], [0.31883082791525785, -0.8197415543895736, 0.03701859898010995]], [[0.25718970096884153, -1.1781412111249427, -0.26168237318129717], [-0.01871310064574172, -0.7075071589457402, -0.02835019485424739]], [[0.4160354264802233, -1.2569235948081343, -0.01688857620853379], [0.12750718411478457, -0.5382205635259314, 0.00859771592580627]], [[0.254421981810266, -1.1777940495123032, -0.7026392687870484]], [[0.3776289410013288, -0.9374995763477068, -0.7550309532323894]], [[0.1193094751954441, -0.5488766620700615, 0.6139692152871303]], [[0.2648445524863129, -0.7188219041301858, 0.5016878751282371]], [[0.37713559367144933, -1.1802708938297466, 0.1645587938377996], [0.23920712712657544, -0.8733126520967959, 0.06199800830412505]]]}