{"bodyId": "h0", "timestamp": 1645881042763000000, "continuousState": [[[0.018975815474767455, -1.0137187282600828, 0.5573276327888018]], [[0.16877710260467027, -1.0703013767666376, 0.690724087438505], [0.0995422844317504, -1.1747737671306742, 0.6616953667463126]], [[0.09551988563121128, -0.9467050969010418, 0.6012291191182896]], [[0.08973675584302931, -0.9276197287756767, 0.6576285637735729]], [[0.17093495726226726, -1.0599406831665488, 0.5733395643607566], [0.20804131455326136, -0.9054643282818442, 0.4633676879127171]], [[0.29273759178157277, -1.4375456773962036, 0.4052010932159362], [0.24120908013470765, -1.5137146094014102, 0.34564356112488803], [0.1361025603312015, -1.2105406787187207, 0.419755543572236]], [[0.10149095192301394, -0.8310057715550918, 0.27369126694717005], [0.3238090305154551, -1.4078675748193747, 0.48047337636432697], [0.07202320710553656, -0.8028684284156105, 0.2497923158648614]], [[0.149806861668757, -1.2963817989577726, 0.21951777908759396], [0.1027311992587967, -1.4216586525903367, 0.240594156150427], [0.09517517851486768, -1.2420534304246784, 0.19518603321759986]], [[-0.04980523416268701, -0.6836234970441328, 0.06502132891854151], [0.20182226452373653, -1.4161596445352935, 0.5224101861976237], [-0.03290306939588561, -0.6970281966402583, 0.03387712207786475]], [[0.30101686907583414, -1.4008901703853067, 0.1849276570245304], [0.35213679670911646, -1.4951829591344943, 0.20004215114248425], [0.1443991426127068, -1.0742365880009737, 0.16059136034755883]], [[0.1602631951915956, -1.2928004308884882, 0.22133599184442643], [0.4129885092871279, -1.4489742973618847, 0.2379914810290772], [0.12938027977346322, -0.8261201452994517, 0.25730399768794987]], [[0.37332838920651135, -1.3274430802976296, -0.34252089901572425], [0.35311445474240954, -1.3541752119335095, -0.34090830983070897], [0.02054018783666378, -0.8505018448542659, 0.05486028872185744]], [[0.17780146412317033, -1.1048233382682626, -0.26530304211498956], [0.25655746082785136, -1.4742477434983385, 0.075258336588657], [-0.0028328422060635017, -0.7172215595451839, 0.05245420858116534]], [[0.3756687086611774, -1.3277719563069796, -0.757676066739944], [0.39357811122608455, -1.3267595116925923, -0.6834027493708068]], [[0.14008441423001328, -1.1354479930731305, -0.6860330850479062], [0.2515286653722604, -1.3065965789440117, -0.38855204088225503]], [[0.24166897820639088, -1.1472813370206683, 0.6013267440891714], [0.1871389000432735, -0.9804380132228818, 0.526920101442648]], [[0.14888903519814534, -0.9165420285287604, 0.560498125843145]], [[0.23064003213371487, -1.3468453006368974, 0.20313182443447841], [0.3825626529981222, -1.4720786282481895, 0.21901681608578072], [0.13688971119308502, -0.9501783666502126, 0.20894767901775435]]]}