{"bodyId": "h0", "timestamp": 1645881059446000000, "continuousState": [[[0.22687601959520176, -0.8886834285987851, 0.5502042070450094]], [[0.3765406369973756, -0.9248554438770396, 0.7003214112440233], [0.3030279069425541, -0.9869493968048499, 0.6476633517461248]], [[0.28065166547132625, -0.7949890215205837, 0.6355996949357094]], [[0.4701220926239078, -1.0362759399747203, 0.5564117580497954], [0.17745110734989344, -0.8273032872186884, 0.6378125523738855]], [[0.3904007943320901, -0.9245295082416505, 0.6312668185368009], [0.4176197279732943, -0.7485680697054403, 0.49608806506292313]], [[0.39367412430745286, -1.2526070210897948, 0.3555753964012196], [0.33427765226469563, -1.3196466146772765, 0.30025230701252204], [0.3045349578616815, -1.192852934065749, 0.31806978965529065]], [[0.4167915643758622, -0.778610353732059, 0.38355209062513484], [0.4664557147116918, -1.2397154540645268, 0.4388969806248957], [0.4416310660701426, -0.6179056797992921, 0.26294714038292677]], [[0.2582243556024152, -1.140064709356444, 0.15457984861513263], [0.18110604861008994, -1.2188145252723794, 0.16499408125567605], [0.1862426377597407, -1.107611668552181, 0.1695890611833497]], [[0.41311167841768126, -0.43723850828887034, 0.06723527720228994], [-0.018101410509140603, -0.11303758300095557, 0.5415111014548102]], [[0.36896749468856294, -1.2181379491728188, 0.16565577707517432], [0.388423699022322, -1.303113886106188, 0.13946989796334153], [0.27132148878003737, -1.050043106138727, 0.08493061014942116]], [[0.30784636368581575, -1.0894950013224562, 0.19407065387272948], [0.49668507550967755, -1.2263609257152008, 0.12514178208194848], [0.3895822190745186, -0.8877733205635596, 0.07303548445190278]], [[0.2936435973353584, -1.2559594812481851, -0.24076945844349695], [0.3129997520333352, -1.2757184558573282, -0.27602843239657815], [0.18317416903789208, -1.0159246466217997, -0.1950511193908826]], [[0.15902165721802664, -1.1186530984064589, 0.05995441882825969], [0.46395776629320507, -1.2905978142097325, -0.012120670332560923], [0.18714152400918826, -0.6357334254559268, -0.01523128463548895]], [[0.35571346237467294, -1.3484626031392346, -0.7132174533113952], [0.3787518765777448, -1.3047811737802526, -0.6995696032458654]], [[0.32775285889629424, -0.9922778597422324, -0.6585399030084678], [0.37373840270997416, -0.8999726097848293, -0.7089612684159587]], [[0.4378435940962331, -0.9747861446276715, 0.6009221336907726], [0.3276989990207002, -0.8357203577806522, 0.556810516403942]], [[0.43026144347799894, -0.9804027241081854, 0.5938392882932981], [0.29753541766159386, -0.7879356784620644, 0.5669503087184042]], [[0.33840692918718934, -1.1538164752476376, 0.1798632154739519], [0.44255438726599977, -1.2647374059106944, 0.132305840022645], [0.330451853927278, -0.9689082133511433, 0.07898304730066197]]]}