{"bodyId": "h0", "timestamp": 1645881074253000000, "continuousState": [[[0.3198135689756263, -0.7641325823227008, 0.507757078232242], [0.3059551384052106, -0.6418925257130054, 0.49556037575108436]], [[0.45571570187936006, -0.6874358019196127, 0.6044022862111564], [0.3899903507856979, -0.7778741263523816, 0.5987619668733595], [0.27039559661549684, -0.6459229125263356, 0.6440310622076014]], [[0.35095005127392964, -0.552529375239415, 0.5449105933052466]], [[0.3793566509320101, -0.8829622178486223, 0.5449558196843802]], [[0.43683107299091517, -0.8353549618483325, 0.5562619548612671], [0.5928175928129844, -0.9526050014818823, 0.5134822440667479], [0.51684518246423, -0.6474413223944298, 0.3842593024517944]], [[0.3684151401120995, -1.0878383316991291, 0.38118702640204827], [0.3059159975146576, -1.1846396416046703, 0.32401884636381006], [0.3068898662585887, -1.04552895494594, 0.34975474772948245]], [[0.4882185305960347, -0.5648209397525175, 0.15262492819147333], [0.520121368351375, -1.094633881327133, 0.3855367295053693], [0.481809511247288, -0.4937726032517402, 0.1496067314243711]], [[0.2520891450864001, -0.9475260412980859, 0.18403896628063943], [0.21618080589226313, -1.070657579298783, 0.2116815427090366], [0.21672387909488533, -0.9424141584627915, 0.1873043358867741]], [[0.44177661359024156, -0.17612737627212427, -0.03966793269986746], [-0.026740493343507588, 0.027725117855821213, 0.461435127263078]], [[0.386034774982845, -1.175626144242101, 0.2052807043621736], [0.40237880989899855, -1.241605627963294, 0.14643928094478653], [0.29687465138885916, -0.9798911601950213, 0.09860260506928409]], [[0.3293805748981349, -1.018671450949756, 0.16247543783827223], [0.5215631432244769, -1.1816055178125253, 0.11018853092475656], [0.37185042747896224, -0.7970125324287897, 0.06933670487087251]], [[0.30832306256393116, -1.2436404681183497, -0.19001929451161925], [0.3335387527433049, -1.2549188094173294, -0.22431129008981898], [0.24255973590841662, -1.0772482834715331, -0.25567495350156866]], [[0.2792382830306762, -0.9061042076083068, -0.24941882461063636], [0.39519371743087695, -1.2149813817960755, -0.22441152684969445], [0.10507377081929148, -0.5837438273840596, 0.006817574400850068]], [[0.3307421057309827, -1.317249065668832, -0.6741497122643577], [0.36787478856922173, -1.311906021937511, -0.6497288914956288]], [[0.27946738434231944, -0.9631894105056948, -0.6888468383080051], [0.3665335255128901, -0.9601392838630112, -0.6882396033683122]], [[0.506428464057511, -0.793996884087826, 0.5067672218918762], [0.2644096633556945, -0.5665228868414964, 0.5937303465350666]], [[0.44810091669812, -0.765201770121526, 0.4646075610680873]], [[0.35770767494048994, -1.0971487975959286, 0.18387807110022292], [0.46197097656173775, -1.2116055728879096, 0.12831390593477154], [0.3343625394339107, -0.8884518463119055, 0.0839696549700783]]]}