{"bodyId": "h0", "timestamp": 1645881079010000000, "continuousState": [[[0.020347534089819486, -1.0308925953230583, 0.5569537179601383]], [[0.060891434747624595, -1.1713571042358628, 0.6696169911639915]], [[0.09053915654134759, -0.9543737784510076, 0.6121609640542053]], [[0.04512182430775247, -0.9649813453144794, 0.6116309120967076]], [[0.2318054214397669, -0.9367958008157455, 0.4827966238722382]], [[0.18334295809398393, -1.495023683647152, 0.3066581980945413], [0.13955460281248855, -1.3291990692434275, 0.31365269775980664]], [[0.29564840136870696, -1.40804684348308, 0.4507796411838607], [0.11509243611573738, -0.7979645553215226, 0.24596478209199946]], [[0.07949708304412384, -1.427601007185706, 0.24222124891165242], [0.07492593298324868, -1.212966488289998, 0.17794381445623242]], [[0.17361160435930112, -1.4806017267312879, 0.40933002353759407], [-0.006769806598431405, -0.6927955808081657, 0.039659563800488296]], [[0.284553500833423, -1.4572739643320687, 0.14793854454771127], [0.14698316116119625, -1.15052876948889, 0.05043941922601647]], [[0.3879377565859363, -1.362192822998796, 0.16295886314267882], [0.09396141332730124, -0.8179439277775618, 0.21279107148813214]], [[0.282259118465063, -1.345127990976758, -0.3172121468737953], [-0.02187307786610604, -0.7801021390281769, -0.01063609053290604]], [[0.3835424779458265, -1.41073370043099, 0.033198929278250855], [0.022992479618769268, -0.6679450264186615, 0.045071066335872434]], [[0.37471633293122497, -1.323017769611627, -0.666845746406668]], [[0.34923646000853437, -0.9242058986208028, -0.7121798423536897]], [[0.17716714391476218, -0.9887177854227966, 0.5243273986246908]], [[0.13846362287375968, -0.9508885730651124, 0.5472137679844729]], [[0.33624562870967967, -1.4097333936654324, 0.15544870384519505], [0.12047228724424874, -0.9842363486332258, 0.1316152453570743]]]}