{"bodyId": "h0", "timestamp": 1645881081087000000, "continuousState": [[[0.2729319308004574, -1.0374356483504155, 0.5459782114559639]], [[0.34480120462737407, -1.145114744350102, 0.6545935237582357], [0.27676502862082675, -1.2610647215048778, 0.6129684239761783], [0.19965831314075766, -1.0497238751300064, 0.6433786506815743]], [[0.3197547433435788, -0.979678888636398, 0.6470057077812179]], [[0.26340913942644206, -1.2349222777100137, 0.5520132575579821]], [[0.40400342269611755, -1.1878498072838344, 0.5958734155765146], [0.5042798255764144, -1.236316444824396, 0.4767338008458186], [0.4376208384201029, -1.0408710776339873, 0.44329360447848454]], [[0.3075733305317132, -1.5050394967081273, 0.3304052570513638], [0.23463419070136537, -1.5872435408688035, 0.28657974746607917], [0.236700624933174, -1.4170051085231181, 0.30668696349410673]], [[0.32168023486923325, -1.1732691048128567, 0.4194564438654056], [0.5120011456254181, -1.3557577257918672, 0.3477283020889912], [0.4761039575562108, -0.9166290388855919, 0.1628883822677405]], [[0.19468598010470373, -1.3190994745826505, 0.19675898263617553], [0.08803398753616098, -1.3668774972642026, 0.15591661350783337], [0.1354512438113552, -1.282644837292217, 0.16738849301175907]], [[0.4138813657708471, -0.6917932744710005, 0.035605548502516404], [0.39436683547466433, -0.7430652231073616, 0.02624792168236456]], [[0.26841729765275857, -1.4434389219070587, 0.11141332807136428], [0.3237605968944744, -1.5520469866495048, 0.157726657845779], [0.17311818320631767, -1.2080409294892585, 0.06695603757750179]], [[0.19448979038274816, -1.3454755644050869, 0.18162098561351558], [0.44135943272676337, -1.4439503357550192, 0.1517903747514], [0.3247160534863254, -1.1242701969693638, 0.019738033902431562]], [[0.24183421583013598, -1.3405691190269429, -0.3278078244421019], [0.21511279068453493, -1.4474932078810143, -0.2547231090437131], [0.20641216888116376, -1.2947876565188108, -0.37382107029089884]], [[0.20043429470732255, -1.14969635757607, -0.10080115355072694], [0.3989169490071064, -1.536513448617988, 0.17905031470671273], [0.10417198301466701, -0.7415453557275714, -0.015371739033046672]], [[0.3141655220728772, -1.3582348344801445, -0.696349316548215], [0.3521175273605446, -1.2977303141392469, -0.6937650122873582], [-0.12118343916520768, -0.5818438747749068, -0.00887596085955844]], [[0.2801314793944212, -0.9958279689318073, -0.6527198894987649], [0.31822063157680713, -0.9716207994935018, -0.6107942282784433], [-0.0016169000032655312, -0.49457299450815495, -0.01558064035689799]], [[0.4219371141837984, -1.266854527270601, 0.5714073693057835], [0.2722048888704067, -1.0241568267497803, 0.5518776220488847]], [[0.3505149889232725, -1.1378966776720005, 0.49765343101823334]], [[0.23145354401775337, -1.3944572431560727, 0.14651715684243993], [0.38256001481061885, -1.497998661202262, 0.1547585162985895], [0.24891711834632152, -1.166155563229311, 0.04334703573996668]]]}