{"bodyId": "h0", "timestamp": 1645881130935000000, "continuousState": [[[0.09802208521654987, -0.8643825617001704, 0.567026489221808]], [[0.11183360859319114, -0.9300306508078073, 0.688046249354288], [0.07255277062333099, -1.1234289696359825, 0.7028383280143049], [0.02055850978038043, -0.9394078958910244, 0.6382815667863547]], [[0.19395563219367995, -1.0521070427053787, 0.7028546714640367], [0.14929247781615018, -0.8514862336671072, 0.6367424523985161]], [[0.17554920533371954, -1.1406191741334055, 0.5793848267746455], [0.05083794031201316, -1.167584643576748, 0.5416209257963913]], [[0.22256015485081104, -1.0739036213215165, 0.6609467553848027], [0.2402419894773269, -0.9203027751845207, 0.5047169620388816]], [[0.13640084362390947, -1.3835297865138032, 0.36602574411154665], [0.08968075126882091, -1.5075566521999417, 0.344729802791802], [0.08055926531358781, -1.3482605299171693, 0.29267182712027107]], [[0.1611267001216451, -0.852107675738639, 0.29454951678658814], [0.33862222371781314, -1.213722979337954, 0.4031912699388802], [0.15028283055157843, -0.8143190215359049, 0.22955515906729174]], [[0.04246085384798437, -1.2876795869992705, 0.17044642499966578], [0.019532121635049693, -1.3308357760020968, 0.047777085061102786], [0.040874912827803644, -1.2381491650793335, 0.1231507302461774]], [[0.0074386516168261085, -0.694204135148625, 0.048548686818646436], [0.00597779894119288, -0.6893803336416736, 0.03988898255960549]], [[0.20479236339123807, -1.3888890608720892, 0.19565960223500944], [0.24587620489148332, -1.4698610056737482, 0.1615073269987004], [0.13645339160511094, -1.1715835295938395, 0.010999902008477669]], [[0.10931754252667836, -1.3836902321225975, 0.30795868574823837], [0.37876262649535347, -1.336258846297539, 0.16089539423694266], [0.13004386594765394, -0.8113415753389999, 0.20314424269801545]], [[0.254252479237136, -1.3483483907298017, -0.31375046631924586], [0.2744295417877787, -1.3564625535079498, -0.3312388995524851], [-0.04434295806136701, -0.6989422468024388, 0.01830612245322083]], [[0.07508300431464021, -1.2805763400032906, 0.06385500697331947], [0.35121112305742713, -1.3542317467675349, 0.023278757929663385], [0.1221451086906642, -0.6864480276478186, 0.007858858655852452]], [[0.3260130648948629, -1.3831648950312745, -0.6735169006577787], [0.36188626640025323, -1.3347726577594805, -0.7124396271996326]], [[0.23674207730034613, -1.0489281553792782, -0.6819031619181403], [0.29106835499480277, -1.0505339962328941, -0.6803325881779579]], [[0.04068936874186413, -0.8651650372541821, 0.6136254537109228]], [[0.1990546800922653, -1.107261397727461, 0.6201657910797241], [0.14553996489467003, -1.0439437093806343, 0.5231689439176365]], [[0.15705495295895822, -1.3862896464973433, 0.2518091439916239], [0.31231941569341837, -1.4030599259856436, 0.16120136061782153], [0.13324862877638244, -0.9914625524664197, 0.10707207235324656]]]}