{"bodyId": "h0", "timestamp": 1645881137099000000, "continuousState": [[[0.273896397511611, -0.6112193432344556, 0.5297996315919602]], [[0.2504822687497701, -0.6650615840124843, 0.6619351729786027], [0.2199292388541605, -0.8747619423951698, 0.7195951940399063], [0.1760936247279976, -0.6874211227298158, 0.6405867791908726]], [[0.38161754579169105, -0.7123658932336083, 0.693163104604571], [0.3382057310699611, -0.7053198765673212, 0.6134795525157146]], [[0.15750652719046931, -0.8907859365200683, 0.5976320619329742], [0.10600678735669855, -0.8624325040502836, 0.5532554741907941]], [[0.38270433138962345, -0.899913920926493, 0.5874093265524751], [0.41355817525589844, -0.891448063259703, 0.48472565132360623], [0.34693013203110223, -0.7068085677510304, 0.440049548723604]], [[0.0722412356027704, -1.1231758873920874, 0.4141907734009118], [0.02672092872758869, -1.175408650125549, 0.3586099397970992], [0.019563204373097998, -1.0742198805923384, 0.36911071085991054]], [[0.2869775261372014, -1.082619564291025, 0.44461627595422093], [0.47363043023974294, -0.7146019397657066, 0.11698118301858829], [0.44443735341272417, -0.663341715485614, 0.15097245852603525]], [[0.0678291060271865, -1.001597247858876, 0.1730378540096098], [0.11642191600600493, -1.1808778525220462, 0.23376062732460023], [0.057159235124333296, -0.9816599586576832, 0.1543055340422832]], [[0.46162546097115864, -0.49427348610121413, 0.08952513324878075], [0.44562807303956253, -0.41783187336166194, 0.05341822331827806]], [[0.1645566004965502, -1.1854433394317445, 0.19655855421957757], [0.19995463824895066, -1.2706434174790413, 0.193402440378172], [0.07549575736071268, -0.9060219402263536, 0.14145125270548342]], [[0.3024655881055349, -1.215507972245293, 0.2051016806717625], [0.37788639647090305, -1.1657835273726547, 0.14242444023186396], [0.3425455641479416, -0.9256550771783287, 0.001699317827390523]], [[0.07826301555065318, -1.1419694033117145, -0.26421393219163436], [0.003705805977788912, -0.9354266379908642, -0.511363308307385], [-0.09132393155509466, -0.771968440038924, -0.022809755845156654]], [[0.20976551445615177, -1.1713567725560203, -0.17982813538130227], [0.33792542712527407, -1.0732313678000889, -0.2795910955757406], [0.058370835718623004, -0.5650591014572075, 0.0018733383979384621]], [[0.027094153515120345, -1.2037507055189969, -0.7036938249840572], [0.04104714529296327, -1.1542254009624577, -0.6791417550219324]], [[0.24628080823009846, -1.1193634850627505, -0.6790727846533854], [0.29219150164051433, -1.0678009411943563, -0.6982664436958701]], [[0.20980164234419307, -0.7574443479638205, 0.5090035307648998]], [[0.2701054292900464, -0.8953499287232807, 0.5925206942427247], [0.2264684596939004, -0.7846205359006571, 0.4966525114571991]], [[0.23351109430104255, -1.2004756558385188, 0.20083011744567003], [0.28892051735992685, -1.218213472425848, 0.16791344030501798], [0.20902066075432713, -0.9158385087023412, 0.07157528526643697]]]}