{"bodyId": "h0", "timestamp": 1645881153380000000, "continuousState": [[[0.1833284059362119, -0.6668946282299579, 0.44243397180473343]], [[0.2274563790145162, -0.7354641889991806, 0.5466693921641197], [0.1877931933134117, -0.7987383044128287, 0.5038436734944773]], [[0.3358571485088696, -0.8134756779306065, 0.525599532967854]], [], [[0.41879517797327337, -0.9453320560126617, 0.3864072606387434]], [[0.05508712600161869, -1.1416591306145412, 0.3085850091566451], [0.04833737294377183, -1.2071021829880015, 0.2783763576411795]], [[0.18316205301993804, -1.0452506270187145, 0.4583395882540997], [0.44347382210449504, -0.7985339360901063, 0.262277337788811]], [[0.042182605717507204, -0.9529083373907012, 0.15685607752195807], [0.15469570178695768, -1.2585829649136857, 0.3191874415669227]], [[0.3985597180656838, -0.2895341390076194, 0.05064130136138112]], [[0.15290003489114568, -1.2817648075568555, 0.18593742419188386], [0.19492172756495607, -1.376996900315218, 0.1891147659697956]], [[0.2933835198502923, -1.3144014636266645, 0.20197435609333314], [0.38027702108138856, -1.316579934426782, 0.14605972879596818]], [[0.07968093154825873, -1.2323716030083236, -0.2649518574533114], [0.043744642934799294, -1.1356250779013306, -0.3705348312177643]], [[0.15371479486836326, -1.251361141454943, -0.09986600271070345], [0.3717945863804262, -1.223680570301298, -0.09740312200729728]], [[0.0007121723880547659, -1.2495285278914379, -0.7235092724181313], [0.006175787317114323, -1.2205789331777135, -0.7326361331959939]], [[0.16352608019248271, -1.2342350917316838, -0.47912502544873603], [0.2744353228267523, -1.0309935969322885, -0.7383930740338108]], [], [], [[0.223141777370719, -1.2980831355917601, 0.1939558901426085], [0.2875993743231723, -1.346788417371, 0.1675872473828819]]]}