{"bodyId": "h0", "timestamp": 1645881154318000000, "continuousState": [[[0.07451176349840416, -0.6213071467313018, 0.44141194354412794], [0.05102603796433747, -0.6552246970591873, 0.41237288767315083]], [[0.10493237418551682, -0.7244225595327782, 0.5330131355239933], [0.06968979391109298, -0.8203827951117453, 0.526691105255664], [-0.012703893675630185, -0.692428404133766, 0.5161994881094675]], [[0.19721058170387185, -0.7056350756719312, 0.4676213294287477], [0.09798225936529337, -0.5961622500431287, 0.4685019877216672]], [[0.08290897374282169, -0.873519301554196, 0.45734440345645555], [-0.019971928656120852, -0.9074937887624829, 0.4515913999608525]], [[0.3168187979652428, -0.9659286162686727, 0.407699440663029]], [[-0.023757356627164605, -1.1685701234527182, 0.3200739581570988], [-0.051636407335312606, -1.217303575495436, 0.26282982659209186], [-0.06681318360631916, -1.0762181126198431, 0.24103231495908983]], [[0.11463225436310676, -1.0791545516141596, 0.41009011470754864], [0.31551406927088665, -0.5595097278468271, -0.027148393202892196], [0.2952246916013086, -0.5577869281000664, 0.14653660524716527]], [[-0.028722682972985858, -0.9416890047848163, 0.1501308521117699], [-0.021142442324437738, -0.9370717982014793, 0.10332287547510122]], [[0.03247432194950994, -0.8776714699646848, 0.4688467408460131], [0.3372005206165769, -0.46257920600479974, 0.11234981979989889], [-0.03953856400668776, -0.04051360342179022, 0.39260718084805857]], [[0.100172545636387, -1.2955337336529744, 0.22546640474094048], [0.11100499024779742, -1.3583824765773926, 0.15226006757907062], [-0.00157166109726381, -0.9877234364616326, 0.14268127132374042]], [[0.2913179050798095, -1.2915605930031053, 0.2130423305243314], [0.3204891165310951, -1.3250563590034972, 0.16264244321760346], [0.2079372617722839, -0.9479759538744278, 0.06400985742590981]], [[0.023448779520924834, -1.2038174367526595, -0.29678055163413086], [8.823515885691968e-05, -1.1706532820645859, -0.3425425452855253], [-0.037673645634919484, -1.0159206830878678, -0.06460258324490109]], [[0.15214521715292473, -1.237535982988025, -0.07837466583953101], [0.3186895403053871, -1.1998798065718506, -0.12017561150972211], [0.07012642335798502, -0.6378097859575211, 0.01012276693474179]], [[-0.002784597946746681, -1.254877857404452, -0.7135945705421113], [0.0030057729395607247, -1.2127682337919028, -0.7559363958060318], [-0.13949101681880816, -0.7009461753922843, -0.01960073175773347]], [[0.23517545443273669, -1.1050602278324941, -0.7033471101597605], [0.27831339550671996, -1.0475308033237147, -0.7172494427305982], [-0.020045317752350522, -0.47081622174952154, -0.028260366402708015]], [[0.0024234555000230973, -0.6586956409406479, 0.505926544377811]], [], [[0.19574522535809824, -1.2935471633280398, 0.21925436763263595], [0.21574705338944625, -1.3417194177904448, 0.15745125539833704], [0.10318280033751004, -0.9678496951680302, 0.10334556437482512]]]}