{"bodyId": "h0", "timestamp": 1645881158874000000, "continuousState": [[[0.2084620813493393, -0.7358110261524352, 0.5816251931042471]], [[0.22336486078456008, -0.7600642167988658, 0.6955443460823749], [0.1856948512504516, -0.9802349538798723, 0.7423135833563352], [0.1503910442024753, -0.8510927890400812, 0.670352562435475]], [[0.31185370266702617, -0.8616448337318339, 0.781809686251961]], [[0.11378267539072429, -1.0191823009049974, 0.546331975547381]], [[0.4149475909688429, -0.9723477727650198, 0.5229770264408651], [0.3894492096257429, -0.8312742243781825, 0.4795421456816099]], [[0.0914459639483357, -1.1336298965081246, 0.3418978324418789], [0.05018427439181583, -1.2193130181337557, 0.3239513925272175], [0.009374610286875473, -1.06633992102151, 0.35840673821589597]], [[0.22576034131140232, -1.1289858170957376, 0.5303999980361691], [0.4886060517931671, -0.9008244694231282, 0.2036421090049625], [0.47593448735901467, -0.7694213916806447, 0.21318299060426615]], [[0.06541226322444604, -0.9930648584818533, 0.3238254817213475], [0.14757974696608034, -1.2029204595102136, 0.34195135899031404], [0.07318985511957943, -0.9145418270069181, 0.24316277275453246]], [[0.0952867164479575, -1.0956459503636042, 0.5227394446470859], [0.5225364725936114, -0.8720133828407777, 0.21505219150778498]], [[0.18057729223499486, -1.2013282282687048, 0.18192850661661475], [0.20831582510246527, -1.2993091983300362, 0.17000588834831332], [0.1065156684347559, -0.9998426228510294, 0.09970538948430274]], [[0.31544945104485256, -1.244709332283369, 0.22218777821651536], [0.38664933251324163, -1.2005789385502843, 0.12373298985739134], [0.30785841148649395, -0.9199794240770345, 0.07433768840862731]], [[0.10513139461813847, -1.2069647232455116, -0.27263596927348455], [0.10025666938886069, -1.1222208624847718, -0.3292495707356593], [-0.10554564075233164, -0.7265265230122256, -0.02402876631875317]], [[0.2074125062554052, -1.2062450610950246, -0.2029723463983908], [0.35061120639457555, -1.1410274709110475, -0.20167457136568245], [0.10567841721240967, -0.596284964096208, 0.003925258507432194]], [[0.05841119068529732, -1.2199077468016826, -0.6917686275680369], [0.07622543428293649, -1.1423637784466343, -0.7434902540167689]], [[0.13494146411279884, -1.2330475022919172, -0.4874735676067703], [0.27610372220099133, -1.0330945706890295, -0.7475546714156007]], [[0.26153504956133544, -1.0452886146065397, 0.5598863991570648], [0.19273585507456015, -0.8385861303089103, 0.5621854906279057]], [[0.2516159425082336, -0.92522826264159, 0.5129370606144954]], [[0.2480133716399237, -1.2230187802760368, 0.20205814241656506], [0.29748257880785345, -1.2499440684401604, 0.14686943910285233], [0.20718703996062493, -0.959911023464032, 0.08702153894646503]]]}