{"bodyId": "h0", "timestamp": 1645881169058000000, "continuousState": [[[0.14148066196844544, -0.8566394783532436, 0.5805270331599435]], [[0.1776428491342364, -1.0156259061008877, 0.685792122170211], [0.0923211349425449, -0.8738000681170892, 0.6725359760842808]], [[0.2913650405423943, -0.9482668118098259, 0.7103503344637356], [0.23971696683196841, -0.8226968117983202, 0.6412028855708951]], [[0.1716967385164211, -1.0560378545819635, 0.5551528714894237]], [[0.2989043111739417, -0.784317135577691, 0.49170222048246903]], [[0.2546331943274352, -1.3924417964113467, 0.3712747233878859], [0.19791099185786554, -1.2084936865851275, 0.38957268561579084]], [[0.3437367528209962, -1.2534556880895755, 0.4872885999678732], [0.16322779394634512, -0.7237183113123016, 0.23185998350765746]], [[0.12068932648357433, -1.235179776329144, 0.2994817749903067], [0.14619229539458445, -1.121685587323463, 0.2621481984308349]], [[0.21765189258353984, -1.3045615240980795, 0.4729282818903726], [-0.025449133838454152, -0.6452349283772493, 0.042549895823794315]], [[0.338401038370979, -1.3585574560997762, 0.21185166622980645], [0.20246844310703738, -1.0801321548807559, 0.02181903639049132]], [[0.45495259694532786, -1.2091318011556347, 0.16259862611212128], [0.1766389893012661, -0.7087691206993915, 0.192978923097184]], [[0.2844191326024732, -1.2087193835948957, -0.31883308768685725], [-0.06735827787294901, -0.6047908336127159, 0.0381415305703493]], [[0.3673865952415407, -1.1512345304033944, -0.24179324844422623], [0.09987587598014058, -0.596098055276966, -0.0027078340477196816]], [[0.39815851041703165, -1.2469664870294421, -0.6099586431064395]], [[0.35182080687537676, -1.1279744972755346, -0.6625149604382375]], [[0.17801032033604358, -0.8228551689567303, 0.5850702220573609]], [[0.23530052484518138, -0.9201774950798273, 0.5234275459859463]], [[0.39667681765815344, -1.2838446286277054, 0.18722514617096386], [0.18955371620415173, -0.8944506377900736, 0.10739897974383766]]]}