{"bodyId": "h0", "timestamp": 1645881193714000000, "continuousState": [[[-0.3002255265014041, -0.7529103825408211, 0.4742248280314184]], [[-0.30388796519140643, -0.7843830425952141, 0.5936791961754877], [-0.3755913471513309, -0.8340093590150427, 0.5650650809985573]], [[-0.17478436740034786, -0.8490974314797186, 0.6594828004004156], [-0.1995702810558112, -0.8676699891075927, 0.5932638193899238]], [[-0.41033504469016446, -0.88961786867954, 0.4790448959484368], [-0.4485370935496986, -1.0296391199118173, 0.4802952100969049], [-0.46156516231222355, -0.8969305532272821, 0.4352621966281368]], [[-0.14434831090349787, -0.8776587289368859, 0.42531749977959254]], [[-0.5287695947020045, -0.9873069066751208, 0.222896424364029], [-0.5411207260480033, -0.9168450366428404, 0.20901145189909032]], [[0.08925652537906259, -0.9943895979324415, 0.2281208444893288], [0.059595630210174555, -1.0197109656206673, 0.16256203147160142], [0.05378709048826835, -0.9472192488764837, 0.16787409365817074]], [[-0.4616160711051466, -1.0061110168833705, 0.3506891326222181], [-0.40502138237695084, -0.8107162205499724, 0.13587085935263032]], [[0.216648031447485, -0.7800297147756079, 0.023295372193281372], [0.19596236665408595, -0.7953325179845364, 0.044374932254559685]], [[-0.423026785917111, -1.3045278956245143, 0.18507031581319744], [-0.35796556874032937, -1.357684468043154, 0.09981771311664178], [-0.4521722694347816, -0.8759687290897413, 0.15168193326548907]], [[-0.22507254994565395, -1.3460598429738355, 0.1799408986608706], [-0.15238982767534093, -1.3103156705625045, 0.10196158443495063], [-0.2149155489083141, -0.9729975625411771, 0.053686059248586604]], [[-0.44821601078625384, -1.0550636522599905, -0.33977065928527983], [-0.4020559489221116, -1.1507411687251003, -0.27611557260944775], [-0.3852682507940204, -1.0975349527978158, -0.35278801511833546]], [[-0.24036708015359476, -1.3476553047096695, 0.17164448690187828], [-0.10306169268344822, -1.0715392231069427, -0.35228076275934006], [-0.2824340831870715, -0.6497886059243267, 0.010849244293316351]], [[-0.3793345101681529, -1.1861345282261029, -0.705144419283254], [-0.3505620297543647, -1.1301284153525286, -0.7238653447129524], [-0.323174987464253, -1.0420585988854771, -0.6890960057277647]], [[-0.04801826032462064, -1.0660552405387933, -0.7366688494940216], [-0.022898149851513838, -1.0152598499789436, -0.7479430136793096], [-0.3435214759903319, -0.41771410806939646, -0.02874449073372276]], [[-0.346282001353744, -0.7847358084775566, 0.5019036771168095]], [[-0.3029567366078607, -0.887294641082084, 0.4302898482038647]], [[-0.32404966793138246, -1.325293869299175, 0.18250560723703402], [-0.25517769820783515, -1.3340000693028293, 0.1008896487757962], [-0.33354390917154786, -0.9244831458154592, 0.10268399625703784]]]}