{"bodyId": "h0", "timestamp": 1645881210129000000, "continuousState": [[[-0.19688616023809835, -0.7021237940812364, 0.4217439226837636]], [[-0.26827018930189084, -0.6817393228960915, 0.5888743028854482], [-0.30460555588596505, -0.7659513485248913, 0.5135760289682397]], [[-0.12294298988950647, -0.7747807453618918, 0.6514150998691726]], [[-0.3973836065134919, -0.8633044231903837, 0.5054558023163072], [-0.4224012174256615, -0.839171278696544, 0.42795876091965845]], [[-0.10621820786140312, -0.7745032180300049, 0.3924864771756459]], [[-0.49016516135390886, -0.8608295233754366, 0.2154177447243224], [-0.4729777767330563, -0.8276004176375509, 0.16052953152249116]], [[-0.15546125251819742, -1.0948220509483106, 0.3935936271888725], [-0.045884279864168764, -0.6707056314888309, 0.1768974770154388]], [[-0.41384764517361927, -0.9587734927166829, 0.3867666037226718], [-0.3118511893922016, -0.6912859402078984, 0.1623208077369548]], [[-0.0005484235205135413, -0.46533109462649147, 0.035473811724909265]], [[-0.41909208293126055, -1.2723628764994506, 0.22328490502632503], [-0.462458258062177, -0.8064260241168713, 0.22660407158696583]], [[-0.21382565205921966, -1.297641537570291, 0.19984561385248711], [-0.23501059412550662, -0.8815337451584052, 0.13881530069889791]], [[-0.4030721530978689, -1.1044131612147217, -0.33680802512730557], [-0.37941680350224816, -1.069357521216947, -0.28968496632388063]], [[-0.15153881338667197, -1.1579957865015889, -0.16904750012298098], [-0.25972642360860343, -0.5517406493585298, 0.14478216795206755]], [[-0.3777681907388286, -1.2128242068213226, -0.6496019874536915], [-0.31324744357855205, -1.0477704104977983, -0.6871236867037683]], [[-0.07197352268472046, -1.093234218825979, -0.7264889337406771]], [[-0.28195112805218614, -0.7766363943008202, 0.44420028993116933]], [[-0.2643097126435323, -0.8068372483632744, 0.41022261904765217]], [[-0.3164588674952401, -1.2850022070348708, 0.21156525943940607], [-0.3487344260938418, -0.8439798846376383, 0.18270968614293187]]]}