{"bodyId": "h0", "timestamp": 1645881245840000000, "continuousState": [[[0.1998743639350138, -0.7394556736297023, 0.5332303903459269]], [[0.18394119666305098, -0.8374308621213786, 0.6811150916740338], [0.08572641545225679, -0.6935605464294232, 0.703334110646987]], [[0.30429439395611024, -0.7918480793321594, 0.6830968205446464], [0.19623203682087487, -0.6040003695859344, 0.6770607732406685]], [[0.13693207585567246, -0.903977597932507, 0.6013340315805462]], [[0.4309542042736173, -0.8873065301983938, 0.5350918811608736], [0.36646149805128636, -0.7045415730336554, 0.5031349347828852]], [[0.08257970412452442, -1.0911681079435602, 0.30857893025365835], [0.08429962180210815, -1.013707201577467, 0.3610214202726417]], [[0.44499468965717537, -0.5606360241444008, 0.13886233848887564], [0.3854607112573758, -0.5567747711521052, 0.26124505234343287]], [[0.17894881032192966, -1.1456568215330862, 0.46324782112459983], [0.0814695730979631, -0.8456607066485476, 0.2919635690118779]], [[-0.029390869177559065, -0.10211941156071025, 0.5310507723703203]], [[0.27621601883578034, -1.220461763104053, 0.19161420645146454], [0.1364716970594657, -0.9679579308711532, 0.06293548908963564]], [[0.43318634156378377, -1.066398580910868, 0.11261840208108143], [0.2995915509792306, -0.802429517083201, 0.035877581661964864]], [[0.1117989778153693, -0.95565000374385, -0.4348359247410929], [-0.07162803082796376, -0.6922891262519992, -0.019917658763470514]], [[0.355073762400989, -1.0453068262652003, -0.26413051779845587]], [[0.10785423207515976, -1.1455728295529102, -0.6678810181578123]], [[0.38863233495139815, -0.9800497763309455, -0.726697987042599]], [[0.15252256704354117, -0.67515742201757, 0.6168028289930184]], [[0.2516967869534794, -0.8042595854830812, 0.5522344831817156]], [[0.35470118019978203, -1.1434301720074607, 0.15211630426627298], [0.21803162401934817, -0.8851937239771771, 0.04940653537580025]]]}