{"bodyId": "h0", "timestamp": 1645881265806000000, "continuousState": [[[-0.17988508410641935, -0.7204298842308192, 0.6179769248235263]], [[-0.23468371178686553, -0.9604030622666726, 0.733966855813506], [-0.2784044003921342, -0.7863966057155329, 0.6597866811148141]], [[-0.05723301588646912, -0.7946068803642907, 0.7514396764437561], [-0.12734989992203272, -0.8854282003288108, 0.7165333078512333]], [[-0.26949009333511265, -0.9826073784416041, 0.5994630529378169], [-0.33444131069220595, -0.9636393046239379, 0.5237465191943409]], [[-0.021863110678840836, -0.8436512223256112, 0.5341126481272802]], [[-0.3629605091169565, -1.0428844747967112, 0.2793419683158438], [-0.36333153876168833, -1.1403711876596725, 0.2763047552690654], [-0.39272504987668966, -1.0406738942044431, 0.2606315675406504]], [[-0.03593131346550649, -1.098659664840549, 0.4829672351434573], [0.035217048889836455, -0.9207529105058945, 0.1982772515067026], [0.01920548462018512, -0.8235675977486417, 0.2294749839944078]], [[-0.25673393829275415, -1.0411613968123208, 0.34464028520659973], [-0.1805239368115742, -1.207211996404348, 0.3904355785290463], [-0.2969248222415669, -0.8657529994965361, 0.23171544540131495]], [[-0.06991795800832823, -0.7111092059828917, 0.03900849898259384]], [[-0.20686479230823918, -1.192389182373789, 0.17976853687310324], [-0.15494640930496228, -1.2540612368950208, 0.13221420141468188], [-0.24928761854793346, -0.9203684912527477, 0.04731746604921805]], [[0.00432434662286707, -1.201980203921088, 0.18222431012941942], [0.0446805443644952, -1.177492659416596, 0.15462966402317257], [-0.06616758258514488, -0.8341667412820054, 0.07570969235165292]], [[-0.2092674764653013, -1.0976950523285522, -0.36107078985529917], [-0.26253058568506515, -1.0489696102786148, -0.38520539117387886], [-0.301230053569417, -0.7707279717667535, -0.20722264756409692]], [[0.13333523099899947, -1.0163982318748348, -0.3418907348539719], [0.07961896968718096, -0.9823385811205312, -0.3413001367680879], [-0.19331578696343388, -0.515534817736083, -0.015752858330935204]], [[-0.26133675993933014, -1.1630410297777227, -0.7271165028893755], [-0.21606519866770002, -1.116675039533587, -0.7066536993575799], [-0.3122925690383235, -0.8107557224189383, -0.5046970493355891]], [[0.19494659608482623, -1.0488998489375658, -0.7593787708147651], [0.16935249206731007, -0.9928003650474317, -0.7361960064541038]], [[-0.23121497429810345, -0.7938784682314127, 0.5880574651727223]], [[-0.1781522106855234, -0.9036452634747745, 0.5289295836608106]], [[-0.10127022284268605, -1.1971846931474386, 0.18099642350126133], [-0.05513293247023354, -1.2157769481558085, 0.14342193271892723], [-0.15772760056653917, -0.8772676162673765, 0.061513579200435486]]]}