{"bodyId": "h0", "timestamp": 1645881275253000000, "continuousState": [[[-0.021911161275118163, -0.8479161344315802, 0.6003004998149787]], [[0.013873936080403548, -0.8923879951903533, 0.7643182048580048], [-0.007813463813199473, -1.0682433143226666, 0.7646102906930283], [-0.1021778828693315, -0.8434092503342203, 0.7262139093888831]], [[0.10579097612218286, -0.972844364628686, 0.7363276619588377]], [[-0.06280074814497116, -1.1183724720857815, 0.6712375084890987], [-0.09914077351084083, -1.0624900853768038, 0.5688602940327145]], [[0.2104343885962423, -1.0494229157305384, 0.5480228147851052], [0.18097622838416616, -0.8865122034146019, 0.505188294061306]], [[-0.18043902283464275, -1.1293958672940856, 0.3707051672784947], [-0.22595229509631154, -1.2178458322477854, 0.336216133073336], [-0.2345331492761148, -1.0814717970072678, 0.3646404419562643]], [[0.016746416877370773, -1.1904603304615142, 0.5414849739846752], [0.29865523194466725, -0.8566446264923449, 0.24455175987574052], [0.2675809599389576, -0.805315716229106, 0.2406448698737098]], [[-0.16058303350854097, -0.9644138779273179, 0.39667082475164595], [-0.04238967452560127, -1.2708449861315905, 0.4784980584837444], [-0.17782318129272034, -0.9036092017428556, 0.31863415891155134]], [[-0.15433780195006574, -1.1236720822803195, 0.5313297590662389], [0.33116509984860754, -0.6522754587420249, 0.0579787821798875]], [[-0.09663394432324324, -1.184210951436241, 0.17049837526819056], [-0.06332112406592671, -1.2801312397079998, 0.13621320483549226], [-0.13908685624887251, -1.0272767181432523, 0.04502326592262684]], [[0.040611731799740536, -1.2224797505847282, 0.20142159994543407], [0.12481950675381803, -1.186666896520249, 0.11076531401717693], [0.04268136964975833, -0.9092869375005663, 0.05083456496634087]], [[-0.16679260147704655, -1.1644390050558722, -0.2610893043867226], [-0.1428375200370876, -1.1316175191744826, -0.33439253046060347], [-0.28396760022535716, -0.6882911372367393, -0.023137066724033373]], [[0.07539569674409408, -1.1152933159944158, -0.30375377995664254], [0.08097352760649079, -1.055198842341175, -0.36564711851921383], [-0.135833854185623, -0.6204247344944499, -0.0160324422267496]], [[-0.20643855989342685, -1.2044975147752461, -0.6992126593339745], [-0.18994379463589994, -1.1416503956472372, -0.7421419057331888]], [[0.053167152983981225, -1.1607876638521342, -0.7366501889673086], [0.09078144795374099, -1.1172881033787267, -0.7345494413382306]], [[0.06597749804628461, -1.153228685361806, 0.6006826377727543], [-0.02950769495844574, -0.8591857211491446, 0.5960223169571507]], [[0.040917727436662665, -0.9745011443957028, 0.5370242940470102]], [[-0.02801110626175135, -1.2033453510104848, 0.18595998760681232], [0.03074919134394566, -1.2333990681141245, 0.1234892594263346], [-0.048202743299557094, -0.9682818278219093, 0.047928915444483855]]]}