{"bodyId": "h0", "timestamp": 1645881324900000000, "continuousState": [[[-0.27342365050804207, -0.9240465873581022, 0.5702665574477973]], [[-0.2773238647327106, -0.9463550284879927, 0.7439856583347557], [-0.37484074537943446, -0.8926569423769137, 0.6846883759646893]], [[-0.14710697057934852, -0.9680281908132597, 0.7733515703239005], [-0.2557283668033363, -0.8064583537871395, 0.7043090299757525]], [[-0.3111594638512039, -1.1446744770132953, 0.6385600010174524], [-0.35543592170276883, -1.109556354030706, 0.5503150859641431]], [[-0.05525725928426406, -1.1181339586545045, 0.6908168425525771], [-0.07945351967402625, -0.9419962010111852, 0.5421104481942763]], [[-0.3965777938583126, -1.2520616629028714, 0.360534389373359], [-0.41150645954273957, -1.2288678500372265, 0.27634649319853644]], [[-0.09296594473257158, -1.2072162822633499, 0.5174934851423916], [-0.0904614226433883, -0.8356117411400372, 0.2786694539210812]], [[-0.4022065071983834, -1.165872183164981, 0.4552618592717388], [-0.36113745519521856, -1.006388897715155, 0.2607908412088451]], [[-0.09651998473272982, -0.7042477307873718, 0.05012523711397321]], [[-0.26371387384171163, -1.3029259035879972, 0.24446470485366234], [-0.3464435886195897, -0.891976114337655, 0.1837709215956116]], [[-0.09310530793460847, -1.291739667837081, 0.2298964791010536], [-0.06417431607074509, -0.9974988084262624, 0.03457974992681123]], [[-0.2074092231400977, -1.242979081948657, -0.27148701087836047], [-0.32485901188650523, -0.7855051330209941, -0.09966158741987485]], [[-0.12479381705378967, -1.2395266141829084, -0.08434020564254663], [-0.12613545396825898, -0.6053158827600698, 0.011605618247895522]], [[-0.22179857472372, -1.2569373076881063, -0.6673391539434623], [-0.2990599202578321, -0.7712917519589741, -0.3479415423254195]], [[-0.14816046094037583, -1.2875920588567527, -0.34933051977206]], [[-0.2695982839054655, -0.8911859035963826, 0.6052511128408515]], [[-0.18320836156773398, -1.1314042178338999, 0.6646884217850147], [-0.21744472068839754, -1.0257762775209456, 0.5462127670792097]], [[-0.17840959088816005, -1.297332785712539, 0.23718059197735797], [-0.20530895234516738, -0.9447374613819587, 0.10917533576121141]]]}