{"bodyId": "h0", "timestamp": 1645880927657000000, "continuousState": [[[0.383850943616155, -0.5591610489619083, 0.4117466921254307], [0.28365342035441565, -0.5884165014185816, 0.4803393272979434]], [[0.4155084885418384, -0.6472223278649258, 0.5861792536083898], [0.3555175510375813, -0.7350241942158147, 0.5673467192908983], [0.3199893311756853, -0.6852409823858175, 0.5397340281255947]], [[0.45565914245453765, -0.6989691861136407, 0.5694707366368266], [0.04068310926051988, -0.23823577942914387, 0.7302862165926225]], [[0.44219931678746394, -0.8423316091364268, 0.5404074477334002], [0.39166629226485716, -0.9112650704478347, 0.5081762307988983]], [[0.5569697955249631, -0.8357117698362164, 0.43741440968194456], [0.04935227207198345, -0.20989279071565092, 0.6942910220131063]], [[0.3719238205594192, -1.1169389983467422, 0.40822618998379157], [0.3068909710133949, -1.2279983457920878, 0.37906747316578726], [0.30645103395100515, -1.127236564250114, 0.3417010623445653]], [[0.3205151485848057, -0.8580855003699772, 0.34699624194515755], [0.5512506324695833, -1.001394548232059, 0.29803299181293075], [0.007071337117135368, -0.08605476916623744, 0.5733036648228615]], [[0.2526177943887754, -1.1065974994715255, 0.16157258348546288], [0.1996865653438733, -1.1626162595415297, 0.1512553444971645], [0.22184751848816642, -1.1273496782370802, 0.11728362977546958]], [[0.4452029623796988, -0.2996138326199085, 0.04383110938457002], [0.015054522352137223, 0.03322915711302721, 0.44439805542823396]], [[0.3302442836402839, -1.1553360508890607, 0.1642951649031419], [0.38884547627471666, -1.2373120923397944, 0.18388450048772298], [0.29009415347770173, -1.0059339309408322, 0.028604241102304195]], [[0.39633653229288324, -1.1784406251205264, 0.1826348614047788], [0.47538227785268883, -0.8678593411511011, -0.018763870988907527]], [[0.2451879384576372, -1.108259854665369, -0.2642017475573175], [0.3104941953369207, -1.1586203957284023, -0.16997554411672144], [0.015917500694120568, -0.6308342744500393, 0.0040279982680540005]], [[0.5213737774760745, -0.9714694514419357, -0.5664484029354293], [0.49662326887097097, -1.2994009804187285, -0.010921534118755849], [0.16483727799282732, -0.5066840630860032, 0.011203487546506352]], [[0.21103792572315316, -1.0550670765354895, -0.7015883314225012], [0.2527455484749158, -0.9883174849390581, -0.7101853601528229]], [[0.5105076506000179, -0.9827740988884441, -0.8222738665937911], [0.44683289418679983, -0.9777330654151379, -0.6876671157072959]], [[0.44279105468216384, -0.8424766161314625, 0.5406883481455536], [0.3042102638019428, -0.613850047569548, 0.5312347887433851]], [[0.2205092821684203, -0.5605789305817428, 0.6012336264060023]], [[0.3632904079665836, -1.1668883380047936, 0.17346501315396035], [0.3827382156651953, -0.9368966360459666, 0.004920185056698334]]]}