{"bodyId": "h0", "timestamp": 1645881384061000000, "continuousState": [[[0.1048921238584759, -0.7376669472193532, 0.5039885067088573]], [[0.11537530844794186, -0.8058362425273482, 0.6480332439788004], [0.06537248697727083, -0.9170959949529691, 0.6389033612018635], [0.009767431506610191, -0.7757744884592461, 0.6234594464145391]], [[0.19653345217223317, -0.8336243667582612, 0.6364721074736792], [0.179825238451514, -0.723875575679839, 0.5773169661951255]], [[0.11733366330625128, -1.0301930434653588, 0.5737740474878075], [0.04851050717238403, -0.9783596053631417, 0.5338890351104614]], [[0.2719368202458339, -0.7752123717512843, 0.4490953530847984]], [[0.06666684184699412, -1.2146827549058534, 0.34228978842006486], [0.03926373488602508, -1.293391386632338, 0.31889215474768595], [-0.003582516813571357, -1.1267570236043196, 0.3038841120944151]], [[0.06360434450977892, -1.0282315859192799, 0.47419325454330075], [0.3509428968453058, -1.082087294732279, 0.3522656419800183], [0.21095827790293264, -0.6752870394643782, 0.17863832265411217]], [[-0.06028576111249351, -1.1138233738266952, 0.14790360694204008], [-0.08724713461986744, -1.1460411697593231, 0.0900730909701688], [-0.07344867052566639, -1.0511538289119846, 0.12216900014928722]], [[0.018467230760549347, -0.5700952179985084, 0.041301647886909265], [0.029644039609948436, -0.5786138662187991, 0.045375015238995786]], [[0.10737718773480842, -1.2358809805531161, 0.17870809278296984], [0.15407705410050143, -1.2690733321050502, 0.11532888752249537], [0.08324887893595112, -1.0353092030509021, 0.03591816097151823]], [[0.20322566506116457, -1.2450919732923784, 0.18789802549262768], [0.33326325719835026, -1.1726112643969206, 0.07797727239893182], [0.2093228388899544, -0.8412500550009961, 0.07723174532192367]], [[-0.014722230521772572, -1.1751971801332377, -0.2910740352992154], [-0.03126393309752851, -1.0658877857140179, -0.4068217619393071], [-0.14226159181571107, -0.8064345604309915, -0.022678396853252902]], [[0.10697346419581732, -1.1970655513017403, -0.11535817749838939], [0.26906112305639107, -0.9789264913606841, -0.3604297494241391], [0.1578125178365981, -0.5744643786391128, 0.010465623765081533]], [[-0.12333404326671416, -1.2068842131968769, -0.7547286611930532], [-0.10291554400870395, -1.1594231569066928, -0.719189221214963]], [[0.2590169181348696, -1.0857186756980175, -0.7141129330753403], [0.29346462721339694, -1.0414782242725122, -0.7261318678737089]], [[0.014466156041522127, -0.6693154992723194, 0.6215799522379106]], [[0.16022366370910895, -0.876785988557213, 0.4914921940976299]], [[0.1553014263979865, -1.2404864769227473, 0.18330305913779876], [0.24367015564942585, -1.2208422982509854, 0.0966530799607136], [0.14628585891295276, -0.9382796290259492, 0.05657495314672095]]]}