{"bodyId": "h0", "timestamp": 1645881404563000000, "continuousState": [[[0.25951878375767445, -0.804125210027526, 0.5858900945385892], [0.25146602557482056, -0.7010697501839428, 0.539626465656408]], [[0.36386421085544984, -0.7399821498903383, 0.709230504272718], [0.30797565298151686, -0.7978129502921196, 0.672956094627426], [0.1971490813057687, -0.6849203042239563, 0.6908615759179201]], [[0.3258477558935172, -0.6098515283102065, 0.5970135764963864]], [[0.24456030154344732, -0.8200564900553228, 0.641857855296658]], [[0.40133799028583184, -0.8277971877552832, 0.6231137361702641], [0.5225710143511828, -0.8758899951647177, 0.5414024299619873], [0.4485043545224966, -0.6401298042816019, 0.4348536163556387]], [[0.32650322219986894, -1.1362395481419416, 0.46392932783005314], [0.2879513139789115, -1.2012870721466735, 0.3983436607570996], [0.24724538050549172, -1.0645483061196708, 0.42003752968772323]], [[0.5170793809320899, -1.0344487015790178, 0.38389192790218307], [0.4593502659324995, -0.4929406174457456, 0.21747314071151147]], [[0.2148956426609806, -0.9860368789541107, 0.3157113736121615], [0.18480273893516197, -1.1603345098294724, 0.367006335668393], [0.1752379138457052, -0.9533906888739857, 0.2775238182051094]], [[0.44466976708717765, -0.301036297759782, 0.04519471003599662], [-0.025194253812422907, 0.02629370039632828, 0.4920676916043839]], [[0.33901662109830233, -1.1366698544466698, 0.21616792916494432], [0.3786076063442162, -1.2338422349532698, 0.20001406726790405], [0.22934268113843181, -0.9625095942510657, 0.08607012328173758]], [[0.302077423157904, -1.0573660504964064, 0.1926029285763684], [0.4918275360345893, -1.133766365049124, 0.16352472786385785], [0.33530415537050007, -0.78290634998968, 0.07782949462955746]], [[0.29543984942041535, -1.2222325728005514, -0.21597962113448066], [0.2986142186296329, -1.2301958912180049, -0.24872967196193074], [0.017314239398385833, -0.7496700317733535, -0.020334413808586804]], [[0.2775392485015349, -1.1528951088235881, -0.12948256583451467], [0.4335833801249622, -1.2680433748138666, -0.023521009669813964], [0.1296301462379561, -0.5297543001004159, 0.007610107289077295]], [[0.311989318465812, -1.2689892177504745, -0.6924124482321982], [0.32913021700419076, -1.1907004082410304, -0.7305942903774172]], [[0.3482799145682913, -1.2286546402405336, -0.4095264341734184], [0.4194221763514784, -0.9522151614763894, -0.7226488595975907]], [[0.21151840026466118, -0.6001894310439928, 0.6335379601282722]], [[0.34653232803297196, -0.7300931471684624, 0.5383557358261484]], [[0.32054702212810315, -1.0970179524715382, 0.20438542887065636], [0.43521757118940274, -1.183804300001197, 0.18176939756588095], [0.28232341825446594, -0.8727079721203729, 0.08194980895564752]]]}