{"bodyId": "h0", "timestamp": 1645881404630000000, "continuousState": [[[0.26116202255713594, -0.8061803992598806, 0.5803249048494223], [0.23770922409368456, -0.7011469429563318, 0.5682471872405229]], [[0.35939924403507595, -0.7468958483164387, 0.7132161516615922], [0.3112581668697828, -0.8151468758611018, 0.6795616994649769], [0.19706080786437108, -0.6867126052108468, 0.6964050505590242]], [[0.29639153350686287, -0.58556054830478, 0.6316190876514346]], [[0.2527421057584983, -0.8414468425802893, 0.6384757046620463]], [[0.4102479494419262, -0.8011166776309944, 0.6162868422555603], [0.5225303742959523, -0.8759302981079244, 0.5413882020524994], [0.44595877641181125, -0.6496918632582771, 0.44432144970119536]], [[0.3226953405958264, -1.1421517253923323, 0.46106104621576094], [0.28653643200445805, -1.2033885216366806, 0.41286339319663434], [0.24500629955390307, -1.06152700751888, 0.4217587423933564]], [[0.31600347598704315, -0.8450286746537916, 0.4537905692230988], [0.5098428188435138, -1.0555612829812198, 0.41408934066708025], [0.4597588283046883, -0.4956030229922028, 0.22275802551131374]], [[0.22234481090445546, -0.974108391915544, 0.3044396379784722], [0.16825853211164077, -0.9549995762255319, 0.2779211644440709]], [[0.4502083854343839, -0.310480660319326, 0.036836156133423614], [-0.028489438618208962, 0.02332152823782241, 0.49535360351692703]], [[0.33905253553086534, -1.1466639055060441, 0.23362077393835023], [0.37877520522019503, -1.2389789506508273, 0.21137513260117125], [0.17544063744584149, -0.8904931788086824, 0.1595387185668381]], [[0.29675699626398777, -1.0770111874408097, 0.2102236955871648], [0.4947853974826555, -1.1267556632176634, 0.16764624363419722], [0.370533177561726, -0.825970447025795, 0.04892021751096198]], [[0.29392674137221186, -1.2253037659755992, -0.2240511996971115], [0.2945727783168377, -1.2432532836631627, -0.22921094643281048], [0.03028136085503519, -0.7616264204835157, -0.015710867735031386]], [[0.2877929889615275, -1.1360143356334853, -0.11594434366392292], [0.4238252952863274, -1.2670722199193185, -0.0037168315111266725], [0.1352657383253173, -0.5380884809049344, 0.007039035210741784]], [[0.32553502179721505, -1.266363821604421, -0.7063580602032007], [0.3343915556205538, -1.1829114102010996, -0.7362593622429529]], [[0.35802538906090087, -1.2300930671574095, -0.4140106630798557], [0.4268127677698298, -0.9542502792584178, -0.7153472770711334]], [[0.4284904556399056, -0.8554515052226135, 0.6203862144503345], [0.21904532685089728, -0.6091537788548317, 0.6287515437218382]], [[0.3493504410851548, -0.7455693529192833, 0.5413985771816208]], [[0.31790476589742656, -1.111837546473427, 0.22192223476275752], [0.43678030135142526, -1.1828673069342455, 0.18951068811768423], [0.27298690750378374, -0.8582318129172387, 0.10422946803890004]]]}