{"bodyId": "h0", "timestamp": 1645881420308000000, "continuousState": [[[0.2580228094468803, -0.581552221157964, 0.5238153042623404], [0.2115377268967117, -0.7010743977462128, 0.5703248248407227], [0.2627649550265352, -0.6321936542187938, 0.4651618418949459]], [[0.32800811958757425, -0.6529084342022478, 0.629100268534579], [0.2805684586773074, -0.7461554021468719, 0.6162251267486365], [0.17525621240045408, -0.6163885160682683, 0.6364550095384303]], [[0.3799683004709913, -0.6913668082999207, 0.6306679824155885], [0.239503858626672, -0.4899047242993002, 0.5869657726832009]], [[0.2530200142204192, -0.8242049453226313, 0.5838987026664786]], [[0.3725940821378273, -0.8038727847247462, 0.6016522164979243], [0.43587929368126754, -0.6258517625569369, 0.4373026916931608]], [[0.2994254493221252, -1.0673755206102578, 0.4120287175593995], [0.22605174061092487, -1.0945762909925234, 0.3000711009934305], [0.21598189438389515, -1.0118328060429687, 0.37761128455658244]], [[0.2963175419663975, -0.8214073765811034, 0.3521201846907167], [0.48883232476372473, -1.0315956233411574, 0.40717009783437486], [0.44906818824879613, -0.515814815673872, 0.13908408423325158]], [[0.2125964399733411, -0.8879837115148947, 0.22935885575649473], [0.19459510291167875, -1.0923354575388209, 0.33232354494054617], [0.19315248498172666, -0.8975936635430539, 0.21879899146382908]], [[0.39645414267603096, -0.2641282413523163, 0.027321331659906134], [-0.007068785003441658, 0.032478258532879, 0.46621543688031064]], [[0.3587123401981549, -1.1479987582807087, 0.21634973790641165], [0.40970419860033036, -1.2212003857885383, 0.20511644960213649], [0.15484355830931062, -0.8048176883332292, 0.12981045364425559]], [[0.33962891494101133, -1.0458722264320823, 0.167889325467381], [0.538029484956262, -1.0755555103101264, 0.15041549490801454], [0.41480055946313255, -0.8186306546451431, -0.016858797792886904]], [[0.34584286678800524, -1.1979389397652243, -0.2587807437598564], [0.3469168690890466, -1.2049450676946423, -0.25346157694543114], [0.00953930733016417, -0.6603055190591012, -0.036862067549934485]], [[0.38893723615977527, -0.9100384335590037, -0.35631102330054887], [0.5341849881331651, -1.285830990835671, -0.010073499654725149], [0.09024160161620687, -0.4794012236895753, 0.006498379488728778]], [[0.3450561935778331, -1.2547329731767385, -0.7054431952598679], [0.37893333725340017, -1.1781066273114176, -0.7199241136100798]], [[0.3497609126712711, -0.9782939463404541, -0.7040480322576899], [0.47529799378485915, -0.9702657311909957, -0.5914640329104305]], [[0.18523304653808792, -0.5561918447196651, 0.6087144416345364]], [[0.34444965395084337, -0.7250283539397842, 0.5106006971798197]], [[0.3491706275695831, -1.0969354923563954, 0.19211953168689633], [0.4738668417782962, -1.1483779480493324, 0.1777659722550755], [0.2848220588862216, -0.8117241714891861, 0.05647582792568434]]]}