{"bodyId": "h0", "timestamp": 1645881436723000000, "continuousState": [[[0.12404816595440404, -0.852112167952025, 0.5419663560271009]], [[0.17979912222449335, -0.9075036477669183, 0.7041012133145801], [0.034821019400596676, -0.8554801438451758, 0.6585145816115212]], [[0.23907443721440924, -0.9234053805365476, 0.6652762984553897], [0.18530107390316886, -0.8158973350740122, 0.6352945086939812]], [[0.20350683130439884, -1.1185212583467299, 0.6208020763227826], [0.12585267503333075, -1.1198205667640906, 0.5623974264998093]], [[0.336379894883418, -0.9898585509258409, 0.6463080965037866], [0.3212987763058571, -0.8841551302787992, 0.49106965865605434]], [[0.1459011533811041, -1.3194645081193999, 0.40597981492710433], [0.10437676888688163, -1.4280076572733589, 0.34788126931040675], [0.09421111429128548, -1.2752795812071138, 0.33527718044544486]], [[0.1862463898153447, -1.2412877063936956, 0.590874904681914], [0.4232005705376092, -0.9280544930023078, 0.2818142473743177], [0.4145904704114106, -0.7593683673782787, 0.22992030360097715]], [[0.06855761987534548, -1.14755791369724, 0.21168475232814288], [0.11713227326083375, -1.3848393402119397, 0.3181999776169089], [0.04582134273673, -1.1354782441526297, 0.19124742625642965]], [[0.13898392182396446, -1.0764507374641556, 0.4860145250288077], [0.3730726718576556, -1.1857995304470323, 0.4465661175467932], [0.4059580760243313, -0.5785422823833566, 0.04997893434281453]], [[0.2143186044759292, -1.3024035190031271, 0.20187490467023084], [0.24359994385495864, -1.3821123365720815, 0.169103773035449], [0.1046544171188526, -1.0729020727532217, 0.07889647509048747]], [[0.25147742181658694, -1.3155414670546048, 0.26248912377509814], [0.39091616734665025, -1.2565382111429602, 0.13642814600029962], [0.27285961474349807, -0.9792848561424452, 0.0404301841910375]], [[0.24543916577457958, -1.236797381978166, -0.34532204862761984], [0.2446290041542809, -1.2757439825556447, -0.30918968636340605], [-0.04994898127524949, -0.7396189442767411, -0.005479008453689649]], [[0.26439850881747395, -1.2936592397861992, -0.10045532683902647], [0.3659029261609503, -1.1879602605071786, -0.14161156801214592], [0.08491335650831888, -0.64669418564608, -0.0009496089176974642]], [[0.24415691572574683, -1.289540662210825, -0.7026975662032969], [0.3074240284574338, -1.2722688016969048, -0.673998680412246]], [[0.4242231871409329, -1.1978583867262962, -0.5224588089631421], [0.38789370596029393, -0.9651135123366652, -0.755867325970824]], [[0.09327835446063182, -0.8220674215631617, 0.6141064395206444]], [[0.26994336309390843, -1.0541899046362855, 0.6335550864132846], [0.22357572566959394, -1.0019878485214448, 0.5267335425779318]], [[0.23289801314625808, -1.308972493028866, 0.2321820142226645], [0.31725805560080445, -1.3193252738575207, 0.1527659595178743], [0.18875701593117533, -1.0260934644478334, 0.059663329640762486]]]}