{"bodyId": "h0", "timestamp": 1645881452468000000, "continuousState": [[[-0.05763634340169843, -0.5567694118416036, 0.5363218515822572], [-0.08490076928717705, -0.522384131479854, 0.5137173679452512]], [[-0.032587594329282266, -0.606718256996883, 0.5982100671492878], [-0.11139326867001331, -0.6036920173938944, 0.5830318717762153]], [[0.08561330502630571, -0.6704493227847852, 0.6228952308943836]], [[-0.10310903094735224, -0.8296202294261525, 0.5541267272418318], [-0.16886575927463288, -0.8152143438946873, 0.5170878956965056]], [[-0.028051744829670544, -0.47872442729014875, 0.5564113352885185]], [[-0.20276474102841957, -0.9272710721711517, 0.23911315532467903], [-0.23867090118643797, -0.8803985885984305, 0.2662282475185288]], [[0.022319282521243045, -1.0598400732272357, 0.45938174421002453], [0.1844905030492432, -0.5042811294494975, 0.2039749040467571]], [[-0.13818028132574678, -0.7474251570251851, 0.15368202184977298]], [[-0.05082361163715121, -0.07718903332704163, 0.40660615284181334]], [[-0.0886758653771097, -1.1855898240607792, 0.22593794840748505], [-0.1528059017568706, -0.8421800907051823, 0.08636315766429647]], [[0.0779649201744369, -1.2134295633167287, 0.25196051740992065], [0.01816331654523018, -0.7452694398496198, 0.10856570142916111]], [[-0.08406476480668745, -1.1379104873682933, -0.26158021197400316], [-0.24425993610863372, -0.5635532521223756, -0.008084964852820287]], [[0.13123641841208622, -1.0685087765259094, -0.2486061154461885], [-0.06754647484365817, -0.48723975881877646, -0.014841762603845288]], [[-0.07952792729320479, -1.1267174306943621, -0.7213489853380948]], [[0.18920968157315166, -1.0740347241825787, -0.7228746821997653]], [[-0.10556437708014421, -0.6178730229709808, 0.5555149095423156]], [[-0.09845875205215171, -0.646969385592418, 0.536749615492512]], [[-0.005355472601336397, -1.199509693688754, 0.23894923290870285], [-0.0673212926058202, -0.7937247652774011, 0.09746442954672879]]]}