{"bodyId": "h0", "timestamp": 1645881502651000000, "continuousState": [[[0.20911617535466553, -0.751811856692304, 0.5606369601929269]], [[0.2348547838097037, -0.8280072037433142, 0.6755093182201204], [0.16348883493543043, -0.9267578390295121, 0.6499844851473073], [0.11130137186268974, -0.7954906359946916, 0.6573520131955034]], [[0.24401877884743506, -0.7310294492419878, 0.6601099257674627]], [[0.27163170908317047, -1.0891215738972024, 0.6142669513403145], [0.20344814906971254, -1.0661895209709205, 0.5403699872650826]], [[0.3805549561132424, -0.7895715795320264, 0.48681899590552813]], [[0.21988221106962702, -1.2723798607894616, 0.3901790318514151], [0.19766067278860056, -1.3461391820319846, 0.33267909219598457], [0.1765547026398543, -1.182807055880406, 0.3286892497323144]], [[0.24692443208967652, -1.2129865487182894, 0.5672462381030481], [0.532831559486909, -0.9546810008192772, 0.25438553286125076], [0.5293787490011356, -0.7877938647449435, 0.1931323384675402]], [[0.13942850527379802, -1.0719340366170478, 0.20590557988237945], [0.12145433630398861, -1.062440812931741, 0.16275051934899554]], [[0.44585576406676564, -1.1011777202872057, 0.37592104109086266], [0.45767901195089244, -0.579941886367715, 0.0707349594370753]], [[0.2725601463050409, -1.2583278360477117, 0.19452003050858346], [0.3285578844673932, -1.343314480562368, 0.19587341730552454], [0.15891896371253522, -1.0172601387818019, 0.08833043760545767]], [[0.22641429342858976, -1.1939940804128901, 0.22331000576572224], [0.46780651981914334, -1.2499234705797972, 0.19148834724667751], [0.36407060507388334, -0.9305676822395362, 0.03935744942419572]], [[0.23108661875951086, -1.279282349027917, -0.2757513531009341], [0.2538008391403548, -1.2640540809706748, -0.30465571582440454], [-0.014684940300756733, -0.7605073847720449, -0.022277778661932257]], [[0.23455446002785674, -1.1180516075923417, -0.17467502342844843], [0.39439474117707785, -1.2867659138656107, -0.011539702589791423], [0.11492963253674171, -0.6115250837444612, 0.00540998132461612]], [[0.25214851831401286, -1.3099997384176953, -0.7116499335882729], [0.29522142239787863, -1.25479766440385, -0.7047394345309979]], [[0.21095587046920472, -1.1744226688392316, -0.4323773080589799], [0.3319144272529565, -0.9508509732565793, -0.7594264393286482]], [[0.16067832674193272, -0.7605839187088844, 0.6150054241629898]], [[0.2920015525914775, -0.9278805502514734, 0.5135944915853053]], [[0.24948721986681532, -1.226160958230301, 0.20891501813715285], [0.39818220214326827, -1.2966189755710826, 0.19368088227610103], [0.2614947843932093, -0.9739139105106691, 0.0638439435148267]]]}