{"bodyId": "h0", "timestamp": 1645881503053000000, "continuousState": [[[0.24465371301592687, -0.7051558624848555, 0.5264724967378522], [0.19276190150455086, -0.7434128626109042, 0.511078451666374]], [[0.2867527422294883, -0.7827860720230599, 0.673174293885715], [0.23263399990531664, -0.8683411717770506, 0.6374733577799865], [0.1543368650796363, -0.7703187601217708, 0.6445418566017268]], [[0.35074636220847055, -0.8203096704004893, 0.6389409919836015], [0.24081733059641441, -0.6360026624179007, 0.593595676140964]], [[0.1658900483680732, -0.8815113713692911, 0.6084241423780786]], [[0.39149346533946316, -0.9240385508526323, 0.6139547452440164], [0.47435935587915756, -0.9616054847283979, 0.5217232955866669], [0.4170090528104281, -0.7350336281260983, 0.4299435615212699]], [[0.24106418475233315, -1.1827791606199636, 0.3781817323135428], [0.21047906882590045, -1.2782090851753038, 0.3447026026696256], [0.1778158042054797, -1.1335520655357856, 0.31990276139077967]], [[0.2479645950837801, -1.1183766291913968, 0.5491722333220734], [0.5051306083840482, -0.9928420013087855, 0.3411363570828245], [0.4793585800663951, -0.5918983382936169, 0.1956134771089566]], [[0.15794225135401774, -0.9823159258775367, 0.19871150960283068], [0.16450558229105627, -1.2772027153453684, 0.36286970329895607], [0.1183361624405751, -0.9878592712337462, 0.19962024745704476]], [[0.4872574970200776, -0.36594219766836167, 0.02155820826695143], [0.43534456417291834, -0.3696142970951971, 0.07435835729673934]], [[0.31781551814123365, -1.2515802714603215, 0.23648827655920623], [0.36236782567019177, -1.3399380989973708, 0.20179847851478283]], [[0.2759028486347834, -1.1983872585782904, 0.2335821181920119], [0.48354367519591723, -1.2110029114446148, 0.13844201151027358], [0.36972705105261117, -0.9059728094533841, 0.01949678925530396]], [[0.28736366417179493, -1.2669966653706033, -0.2632940513498707], [0.2913249905159391, -1.2526231924783904, -0.29223463560065477], [0.024119328831578635, -0.7605592945007742, -0.030964277334589507]], [[0.2570217805992735, -1.0646193300309406, -0.1303267763039515], [0.3755210867216341, -1.2398120538437643, -0.1267080950206696], [0.10884552024648242, -0.6036655787134066, 0.01327671762627236]], [[0.2755247408258179, -1.2825775649578974, -0.7678935717975551], [0.2846081839666108, -1.2453319086714272, -0.7128620380024923]], [[0.2579428390918842, -1.0950432474044174, -0.5692161255014518], [0.35311845869532776, -1.0415609234486198, -0.6717911037854235], [-0.051888613994470534, -0.38840454815389913, -0.008200408654329583]], [[0.37300826115562935, -0.9399436879394283, 0.5936127124230683], [0.16309700805714744, -0.6583764248997473, 0.6105662354497505]], [[0.29144955058925065, -0.8082724997476947, 0.5191838519496743]], [[0.29685918338800854, -1.224983765019306, 0.23503519737560907], [0.4229557504330545, -1.275470505220993, 0.1701202450125282]]]}