{"bodyId": "h0", "timestamp": 1645881575748000000, "continuousState": [[[0.03576439891985772, -0.9804011859179238, 0.5386764068276326], [-0.011148709446236804, -0.9900057718577383, 0.5276248374239609]], [[0.08683375136130822, -1.055487739746486, 0.6848810444216287], [0.0025723460753637184, -1.1492948216459873, 0.6473383155538108]], [[0.04669839156918443, -0.9398407628667828, 0.608052678479675]], [[0.20810230483938852, -1.2503245103412048, 0.6276260994373903], [0.034215759052749095, -0.9437344731683145, 0.6559234621669644]], [[0.10593101787264603, -1.0875979763809724, 0.6505430583106939], [0.15619560371674412, -0.8928774270385115, 0.49763684834186395]], [[0.19141241329135805, -1.4038151403152854, 0.3826250690726982], [0.15421060434860623, -1.4621617684168149, 0.32056506497631654], [-0.010785306603739664, -1.0452321603448378, 0.5017410294893563]], [[0.07807601057767155, -0.8618710290926792, 0.35145433152354943], [0.2836842945086095, -1.3193816529294293, 0.4903810950685853], [0.0751749006723309, -0.8093269283471682, 0.2529234278670509]], [[0.038140155952368526, -1.1975603712042122, 0.27747676620508366], [0.009379667760025856, -1.3243935128591926, 0.2962428351465427], [-0.0011484465659601373, -1.1573892501940382, 0.2623591517769117]], [[-0.056615493581070875, -0.7007048995389988, 0.08105949813543023], [0.14589416798661314, -1.43403847238143, 0.4753223079188098], [-0.020491996244634825, -0.6936490610517543, 0.033939868353220826]], [[0.23190944644000944, -1.3708154409146756, 0.22331866332763206], [0.3044856424900205, -1.437452075808959, 0.21132035345600975], [0.1634006382738722, -1.1429905009289323, 0.03428810193856102]], [[0.12048765776771186, -1.2606664564023342, 0.2706691803376411], [0.38665796330996105, -1.2584738846899342, 0.16758569901932607], [0.14071995074141497, -0.8110105220754694, 0.1853335585415774]], [[0.2970147275560262, -1.266112605054, -0.3603931859902525], [0.2713387653621461, -1.3192577656070235, -0.24924299696056795], [-0.026586770843769036, -0.6972253917274441, 0.04088751460550477]], [[0.2515512656855441, -1.082350381382399, -0.2687391471088927], [0.400202498768942, -1.3207516844419303, -0.012735312336324744], [0.07776628153487031, -0.6825550392937791, -0.01246401716284029]], [[0.22191068822842985, -1.2918514101568042, -0.7119712712950166], [0.2723739265586814, -1.2389358205265728, -0.7039238165139943]], [[0.2947800241784416, -1.067049937591871, -0.5109138550127132], [0.4131620741353591, -0.9223907724992677, -0.6960951436348116]], [[0.17185735982086303, -1.1537831019238503, 0.6362837609931646], [0.12612332409061422, -0.97598355509108, 0.5566397104360745]], [[0.15701666135601727, -1.1689612433610885, 0.6390845788740421], [0.09520568138474661, -0.918305950103413, 0.5767801552544142]], [[0.17619855210386065, -1.315740948658505, 0.24699392183263658], [0.3455718028999908, -1.3479629802494466, 0.1894530262376679], [0.15206029450764358, -0.9770005115022009, 0.10981083024006921]]]}