{"bodyId": "h0", "timestamp": 1645881589751000000, "continuousState": [[[0.07398460029526543, -0.8965233646629411, 0.5613843937333812]], [[0.12926548976450924, -0.9953511660073227, 0.6466126184773968], [0.06223772604429634, -1.109450657840126, 0.6329308557398106]], [[0.1772695735456692, -1.0119458327056579, 0.6781517733125242], [0.10447808590974783, -0.8374285741589266, 0.6798654884442744]], [[0.3206318305723046, -1.208930401370083, 0.5953334085128938], [0.013505392567082719, -0.8614522932168788, 0.6839839462313841]], [[0.20184234336761553, -0.9975185286766892, 0.5595855109784562], [0.24713467476463014, -0.8874457448274026, 0.5194566208254051]], [[0.28595588552043083, -1.3987618784398428, 0.37830663248572516], [0.24883607505101124, -1.4898555175701063, 0.332471768274179], [0.14644734372690904, -1.196735423083849, 0.416708693865502]], [[0.1570218213866975, -0.7584025651666677, 0.21373952656372208], [0.3556636476195283, -1.3245981139865084, 0.4615040427491557], [0.24093145942722516, -0.7968078001628569, 0.22624734765610666]], [[0.1472596173903219, -1.2074923368685364, 0.2618694872191192], [0.09958431991981997, -1.3396803159913486, 0.26670115309798637], [0.09463158835215713, -1.1950790747441307, 0.22972552816390213]], [[-0.018380118945855672, -0.6564943891403079, 0.08593522158689715], [0.23244837858916484, -1.4493011961315272, 0.42594694329846705], [0.046888486102674376, -0.7172111377626793, 0.06692988414873546]], [[0.29720950102626087, -1.3270577420726595, 0.16142905197674318], [0.34166974743738293, -1.3945012724540966, 0.1576156786266869], [0.21074787842680043, -1.132936197321337, 0.032724159896084126]], [[0.16357883139027063, -1.211556173632034, 0.21853613924381188], [0.4454473995022351, -1.2954481600911931, 0.16998898243077942], [0.18623142389807446, -0.7971622234057713, 0.18655957536050594]], [[0.3326062467290114, -1.2338862626538856, -0.3933821742125394], [0.28910054425470777, -1.3242513030852092, -0.2628552463867828], [-0.06091701617096312, -0.6164916548247174, 0.08251601690291377]], [[0.31718202327488176, -0.8651569376146082, -0.3063177857169279], [0.4004049844521491, -1.301931864166555, -0.055674055366925046]], [[0.3380564650338156, -1.2527014477107765, -0.7339057135542555], [0.34784484410128225, -1.202651103810997, -0.7145332442882509]], [[0.330083184112961, -1.0760399844915314, -0.4826431739684891], [0.4179661296797694, -0.9326604943604688, -0.7070015500111207]], [[0.2490984752615566, -1.13422755967315, 0.6151351532851312], [0.11977861786789701, -0.8875297323462861, 0.6032693753922861]], [[0.26123708696996006, -1.103224465023386, 0.577459459745675], [0.13032003366585643, -0.8744490190221407, 0.6017202835283946]], [[0.23039416620826575, -1.2693069578523466, 0.18998259561027753], [0.39355857346980905, -1.3449747162726449, 0.16380233052873316], [0.19848965116243744, -0.9650492103635542, 0.10964186762829503]]]}