{"bodyId": "h0", "timestamp": 1642439494084000000, "continuousState": [[[0.23328066882208054, -1.0195014673359937, 0.6223927825206612]], [[0.1595768181415469, -0.9692676734712242, 0.6365344088984622]], [[0.1546275268519686, -1.1348409318879527, 0.6849422003883124], [0.15600900678800034, -1.0938543263539888, 0.7016455865377047]], [[-0.05087666939132551, -1.1779266930657326, 0.5421438625223043], [-0.01054199329010197, -0.9557241525943354, 0.4322035491564151], [0.049357252872501256, -1.1208992376244067, 0.4744377127534556]], [[0.19440038707008805, -1.2010966899340314, 0.49886330783752075], [0.2418677862733496, -1.2070063564096016, 0.5639580428254742], [0.15442763903175472, -0.9925096551550892, 0.5706957873493685]], [[-0.14631502190539736, -0.9271907743108576, 0.2617760317273998], [-0.0318554040317649, -1.0149062665084645, 0.21388533110753927]], [[0.4151941150153313, -1.2752874801360374, 0.28494003306743787], [0.5331100742275869, -1.2277856364752067, 0.2671115136308957], [0.41093512909901353, -1.1494178100463364, 0.35566340787613815]], [[-0.22698697129918166, -0.7909881986943428, 0.03806205664380058], [-0.19758238600057765, -0.7571002574901866, 0.05489442903552888]], [[0.6415745806805756, -1.206745803238588, 0.19916627885341098], [0.7613534729856551, -1.0955387388880355, 0.2398579091459636], [0.6350072365365778, -1.1209999815571714, 0.19742821425019896]], [[0.001494076465348937, -1.466512782077607, 0.1270542473993126], [-0.015964093196337625, -1.3312693513768796, 0.12179774010061695], [-0.007883902997855685, -1.1975908154547958, 0.1434954602179963]], [[0.15224727661621873, -1.4558800923229862, 0.11596937943712171], [0.10771063233348477, -1.4904495432343088, 0.24684387551418085], [0.06207152198651267, -0.9902389701698132, 0.24578402201485228]], [[0.1163726074088256, -1.4675455358046063, -0.2373171410927173], [0.09956450635036629, -1.3618303430310286, -0.28144372228957026], [0.03302596066813934, -1.0718948796221086, -0.12038637645531769]], [[0.2775493477893447, -1.4508481938820215, -0.27691873434604874], [0.2726999149170898, -1.4416265083375464, -0.283182074204261], [0.21168924706523629, -1.1771601387117376, -0.20023149907566518]], [[0.2274468308100857, -1.4873545872718328, -0.6452896855492545], [0.18602720902500902, -1.4407281817619286, -0.6789772616452581], [-0.2564101470778055, -0.7255507013238758, 0.018835179276556313]], [[0.2676733915762624, -1.5281179626107584, -0.7520616498483437], [0.2897864174255893, -1.5580303139948826, -0.67715452260088], [-0.25693279069618036, -0.7795044853292028, -0.00010305228868778826]], [[0.06401706627987885, -1.1290059762710962, 0.48270748278002285], [0.09029485228183376, -1.1255153713259793, 0.5337676434696543], [0.11081927007061387, -1.067404069750111, 0.5070914573628009]], [[0.07176185883938127, -1.189511691499882, 0.5205035851799125], [0.11566289649162381, -1.0813652545019685, 0.4980807959909447], [0.10189244595212799, -1.056704446389748, 0.5225667500514121]], [[0.07687067654078383, -1.4611964372002966, 0.12151181341821715], [0.04587326956857357, -1.4108594473055942, 0.1843208078073989], [0.02709380949432849, -1.0939148928123046, 0.1946397411164243]]]}