{"bodyId": "h0", "timestamp": 1642439091079000000, "continuousState": [[[-0.2999265915479929, -1.1414469977696848, 0.7490368329508277], [-0.2677294688735094, -1.1192004054815157, 0.7850501859663782]], [[-0.1970587049410124, -1.0460499332559445, 0.7370845743384575]], [[-0.33055314250347484, -1.0121738835000613, 0.7281891336878404], [-0.26805001369798953, -0.9942115747344767, 0.7301707856518508]], [[-0.11958322955919232, -0.981202025286199, 0.49698453700597267], [-0.11756835122746001, -1.0183578917907523, 0.5592390403362402], [-0.030934057033985773, -0.9686140850182962, 0.49907691612327665]], [[-0.4662698773667237, -1.0479059207562658, 0.5455773938697939], [-0.43328739198837596, -1.0282366491977089, 0.5793097901815186], [-0.351634167014771, -1.0414853972792375, 0.5689083961246209]], [[-0.015350170628770088, -0.9149696482922511, 0.2761192072177301], [-0.14496021454761365, -1.160033196164368, 0.4142217270465587], [0.03950017361339242, -0.8751440370660016, 0.2699170064334454]], [[-0.6894423938735065, -1.101213185746426, 0.3629565151078211], [-0.6442544983843963, -1.1615269655881812, 0.45735999845762076], [-0.5440195047097228, -1.1053333622678876, 0.413753782383243]], [[0.09892191807707984, -0.7894147947264423, 0.07731020058361548], [0.2528490084239947, -0.555715538238094, -0.44115768650578646], [0.10054676506937321, -0.7559289167148284, 0.056368792396486955]], [[-0.8309634101630142, -1.2864074696852632, 0.26498516145560913], [-0.7999811014220354, -1.3341180410287103, 0.3684815291107415], [-0.7809694938535022, -0.9693727606632951, 0.4950868227555283]], [[-0.16924429052732293, -1.1776639385191439, 0.04564913032631135], [-0.21793906397348783, -1.23966957219292, 0.13289658269910753], [-0.19425557325673926, -0.9697043282832021, 0.045400491271466725]], [[-0.39583874563894483, -1.2065676656802795, 0.033897265623601625], [-0.40642410905675663, -1.1932793129796133, 0.11945713447515227], [-0.3310300519836553, -1.1382426229185578, 0.02853716769507353]], [[-0.22312161009575338, -1.1661850435598713, -0.42989822972654124], [-0.2308369789408823, -1.2238575172902133, -0.290303762115135], [-0.33454885349050145, -0.7766574865730944, -0.08460503269616837]], [[-0.431467212143013, -1.3195599971733978, -0.3418300112557209], [-0.42297111143631794, -1.3761773433600795, -0.2161200647978765], [-0.4157417797857683, -1.1590401185847923, -0.1409599900899693]], [[-0.25678642036233623, -1.1874682845882192, -0.7992431598719215], [-0.2319117869956685, -1.2625736411584225, -0.397742438142759], [-0.3102807647066661, -0.8205068400927911, -0.25326046278650616]], [[-0.1871095250511723, -1.1505383449698243, -0.6544142688167017], [-0.2959197006515317, -1.303413395832545, -0.4251194096723606], [-0.30437079875225437, -0.9831159094717834, -0.3344133574539867]], [[-0.25980239218139817, -1.0630090173597793, 0.5479438850428064], [-0.28999335196732495, -1.0350201126856622, 0.5695336885995415], [-0.2069755840573051, -0.9760155016660029, 0.5568133036116658]], [[-0.29292655346295804, -1.0145539730212323, 0.5212809654378833], [-0.275427871607918, -1.0232972704942305, 0.5692744152588793], [-0.1912841120243784, -1.0050497411487669, 0.5339926561239488]], [[-0.2825415180831339, -1.1921158020997118, 0.03977319797495649], [-0.31218158651512223, -1.2164744425862666, 0.1261768585871299], [-0.2626428126201973, -1.05397347560088, 0.03696882948327013]]]}