{"bodyId": "h0", "timestamp": 1642439247725000000, "continuousState": [[[0.3017023547707576, -0.9325032322107344, 0.5329703092038957]], [[0.1567305600342016, -1.1485396639510723, 0.7030852400745224], [0.21626796798756964, -1.0125328268605784, 0.626244076609931]], [[0.31162566058594776, -1.114229255212915, 0.6728894610980247], [0.2577071814447991, -1.1139331680371864, 0.719722686801719]], [[0.08697482975394633, -1.2271306822144328, 0.5453004311677397], [0.052879540072871545, -1.1112765833997127, 0.5216255401869394], [0.19291724393509213, -1.16448075187379, 0.4493181345869335]], [[0.3551550362473156, -1.216124739936168, 0.5423669430306418], [0.35384968813271234, -1.2497097871028537, 0.6269996384290581], [0.30196593273925587, -0.9480902874264424, 0.5510859085110165]], [[0.006033901155118704, -0.941068836149451, 0.25101991374439403], [0.2766081477109579, -1.2001780737888685, 0.08526224054614406]], [[0.5229798945499236, -1.036271397250333, 0.17165746799107073], [0.8231684025233132, -1.0999124814112544, 0.12718963783695658], [0.47057484729690624, -1.0242680620780864, 0.31480975663098865]], [[-0.05855070873210555, -0.7740011512848937, 0.057561453511519645], [-0.02671162063239252, -0.7604327990798043, 0.05002318571159703]], [[0.5894828600860131, -0.9331422598844512, 0.0715452890961874], [0.5175607080292657, -0.9296268662035598, 0.09773545552600427]], [[0.16056724307840498, -1.5040029082751332, 0.17075121641722169], [0.18057986235752244, -1.372210970630519, 0.08774696746448085], [0.11547610823881227, -1.1480971705292065, 0.18341171874745876]], [[0.31771280396314727, -1.4498950207076393, 0.10900614195274927], [0.3155702322703441, -1.5288829176136542, 0.19701932598381267], [0.26055684915414346, -1.123495298562506, 0.16642499994454263]], [[0.15021080319776825, -1.4254520467842937, -0.3002647965431037], [0.12600862110579802, -1.4187796439575517, -0.24620706436516704], [0.1098298578071275, -1.0956420385218288, -0.10978470640380888]], [[0.3953662214593254, -1.517034889577736, -0.20343843121211513], [0.3104385599575743, -1.5361237763513529, -0.11652814707469772], [0.2123552494632619, -1.0639220596445171, -0.119276458883121]], [[0.006446182050494409, -1.4987826144617962, -0.7597047894235203], [0.028575332495916372, -1.568285552798102, -0.6370775688986858], [-0.2580631152096492, -0.7217642758297296, 0.014686976123050477]], [[0.4224300550700672, -1.4905049146022036, -0.7240497183244222], [0.429544528780069, -1.5245084486479479, -0.6580186950781004], [-0.16200293670721044, -0.5879612572483275, 0.015370993670322686]], [[0.22146464792052292, -1.2141290965665608, 0.5391975863468688], [0.1997605789976219, -1.190868784742669, 0.5822233622506874], [0.3019224227411652, -1.1317994824592723, 0.46180842185977566]], [[0.22106493300063096, -1.2216277110753004, 0.5438336870991908], [0.20336461410279194, -1.1804931852512832, 0.5743125893079988], [0.247441588337174, -1.0562855196501162, 0.500202021548975]], [[0.23914002352077612, -1.4769489644913862, 0.13987867918498548], [0.24807504731393326, -1.4505469441220866, 0.14238314672414676], [0.18801647869647786, -1.135796234545856, 0.1749183593460007]]]}