{"bodyId": "h0", "timestamp": 1642439331073000000, "continuousState": [[[-0.12353401839014211, -0.8847593993879855, 0.6372294977633504]], [[-0.22981754952322042, -0.9226480233881049, 0.6987555140531634]], [[-0.18621354716069738, -0.9860890441652621, 0.7285779706701152], [-0.19145757242965972, -0.9938855936097957, 0.7606717550530895]], [[-0.4522669144544119, -0.9910385681986231, 0.5157942058240867], [-0.4125760623414142, -0.9424625140400971, 0.5219596178935446], [-0.33440749374038903, -0.9477245711489569, 0.5426439029700942]], [[-0.11329032115254101, -1.138383001479985, 0.5956640091641587], [-0.09018606297914344, -1.0887138691091043, 0.5881416529385373], [-0.12375792732885271, -0.8848414476108443, 0.6370763357914547]], [[-0.2807036335421939, -1.1325840618263017, 0.41669998895912563], [-0.4193756557326528, -0.8960870085538817, 0.5200111817685424], [-0.2968570418774985, -0.8773071654965896, 0.2881612546241976]], [[0.043140845713779075, -1.1742359013813901, 0.3165211446228824], [0.07420955060610368, -1.1633224352521592, 0.34334163885443436], [-0.01155035448019337, -0.9701891788633875, 0.45109792757094724]], [[-0.2415247812146466, -0.7431127081399524, 0.06875087044168665]], [[-0.01291976614444762, -1.0572217137596707, 0.4226115705301918], [-0.00456147583884059, -1.117363711500596, 0.2872833845402645], [0.0010137799836102968, -0.9304028376402965, 0.3894001164782154]], [[-0.30024431982792354, -1.133513339727884, 0.012646243023704207], [-0.2819792976700961, -1.1119625994781672, 0.08015974897000167], [-0.28020575273614257, -0.8900432754644199, 0.14051439770523588]], [[-0.08958581141162703, -1.110415205048749, 0.05011996338948577], [-0.06393797357052933, -1.141759312370528, 0.100196126262726], [-0.12856443766929448, -0.8517041813937296, 0.17566544918574745]], [[-0.2659111662425955, -1.1039994067832068, -0.38872299421045975], [-0.24631842984775576, -1.134224132597582, -0.28614729447795306], [-0.3232926044308664, -0.783205334886439, -0.1227149934879691]], [[-0.07162871326001163, -1.1162955595458885, -0.3346784984025204], [-0.07957882995810595, -1.1552267819981168, -0.23398771661418016], [-0.25027571378334346, -0.6170379201228762, 0.010301983742158127]], [[-0.2141976469377752, -1.13980029941015, -0.7876513509559123], [-0.22437452223313936, -1.182594792772541, -0.657847786123044], [-0.3157376844421611, -0.8143008053227172, -0.4700301756131581]], [[-0.059817851531184796, -1.1201299640187359, -0.79676052648911], [-0.04868135611747926, -1.1650293113567511, -0.6961071185959764], [-0.0584463124344905, -1.0335058647017616, -0.7638354015624786]], [[-0.27056927452721, -1.0530659600763157, 0.5540949288912798], [-0.25924203270437424, -1.00913411716913, 0.563220773431409], [-0.21202971783832092, -0.9514562118925185, 0.5726730601339863]], [[-0.28277861780347646, -1.064710784839304, 0.5557291074941227], [-0.2513810626602788, -1.0155881915746008, 0.5550506354160409], [-0.22908271053462087, -0.9162830093799006, 0.5898601193807744]], [[-0.19491506561977529, -1.1219642723883165, 0.03138310320659499], [-0.17295863562031272, -1.1268609559243477, 0.09017793761636383], [-0.20438509520271853, -0.8708737284290747, 0.15808992344549166]]]}