{"bodyId": "h0", "timestamp": 1642439347421000000, "continuousState": [[[-0.11552340349930734, -0.8994607970257772, 0.6382967292781541]], [[-0.3274759772337389, -0.9457858215011703, 0.7403339522856264], [-0.22992565632070516, -0.9233174008759255, 0.7050937546549179]], [[-0.18865105363513368, -0.995035000188917, 0.7312418224649149], [-0.1911111501738198, -0.9907115173768233, 0.7543973705040368]], [[-0.4419480010114478, -1.0099389951903004, 0.519831034766916], [-0.4251323277646751, -0.9830410579474806, 0.5334531520236275], [-0.31230678295107916, -0.9984019350483142, 0.5151328306361265]], [[-0.11276108812506569, -1.14000469441805, 0.5967313708394153], [-0.0961705169114605, -1.0897654090094682, 0.5914464360252039], [-0.12787431525849713, -0.8903537531501703, 0.6359026924558205]], [[-0.33313893325074556, -1.126343201838876, 0.37936180045905776], [-0.4338384497115725, -0.9346441525331213, 0.547869655918878], [-0.3053043091119997, -0.8599707533500209, 0.29779821728736955]], [[0.042999481562782216, -1.1741499624382956, 0.3166748925785461], [0.07426093184641669, -1.1556380496764738, 0.3461771972892902]], [[-0.23469954688699257, -0.7554996601330086, 0.05926865547741478]], [[-0.03312790420809547, -0.9769970029686224, 0.38577622677892176], [0.012384507752600915, -1.1182597363685636, 0.3062890888878458], [-0.016308920115398307, -0.8780157150238781, 0.42032504601494214]], [[-0.27711955171188707, -1.1638863581127477, 0.03577869858152738], [-0.3031835272956267, -1.1394327918420906, 0.12877055303105078], [-0.2864156270600581, -0.8468742141812365, 0.15086728155011053]], [[-0.07852407067249867, -1.1213298912506457, 0.06229746370696798], [-0.12043784303718319, -1.2079749370002444, 0.18200753630147992], [-0.1182144690007878, -0.8555504765770076, 0.16381717457490563]], [[-0.2614682591217943, -1.1305467049491245, -0.38091227006967787], [-0.2392453418594489, -1.1196409712220934, -0.30820261580175234], [-0.3273963503688143, -0.7459754711289899, -0.09550765702380509]], [[-0.0740707363382953, -1.1093901718030104, -0.34322796506768327], [-0.05345468012521104, -1.1334181122318128, -0.3007489571622666], [-0.23177584318803335, -0.6366364634162265, -0.009023074349892857]], [[-0.21691726576422088, -1.1333869417938938, -0.7836323632063148], [-0.22842851790168606, -1.1870759174579406, -0.6600269506406583], [-0.3279064842599242, -0.7885858586736303, -0.443100580742275]], [[-0.062415668945956515, -1.1133275915106755, -0.8070255660736547], [-0.047659880605738, -1.1736257523660583, -0.7017393393195789], [-0.059049940433180126, -1.032885251332734, -0.7630496458640779]], [[-0.2534231138558928, -1.1007959649821017, 0.5737630839055994], [-0.2745568270923263, -1.048958485800638, 0.5790075825682939], [-0.22429074352088296, -0.9408209173240648, 0.5775859658558872]], [[-0.27735454456825676, -1.0749718448041752, 0.5582812028031656], [-0.2606514223380678, -1.0364032334784743, 0.5624497940244158], [-0.22009054910478815, -0.9443778440992423, 0.5755177615459734]], [[-0.17782181119219287, -1.1426081246816966, 0.04903808114424768], [-0.21181068516640494, -1.1737038644211675, 0.15538904466626535], [-0.20231504803042294, -0.851212345379122, 0.15734222806250808]]]}