{"bodyId": "h0", "timestamp": 1609488758321000000, "continuousState": [[[-1.13867949267045, -2.33001540420462, 1.88733596350958], [0.18101777446257805, -0.9553954646829177, 0.7789822229534566]], [[-0.10145060333230649, -0.9386048306374932, 0.8520551594336352], [0.10068626922366519, -0.9278038663112618, 0.869491291607585]], [[-1.13867949267045, -2.33001540420462, 1.88733596350958], [1.66027482299516, 1.38843386113612, 1.58287607042858]], [[-0.23182256430610493, -1.0633052207152667, 0.6867004741559537], [-0.08229530323265188, -1.0331155693668308, 0.7208530301245379]], [[0.06503900631691306, -1.220424839959882, 0.7353035154970595], [0.19777972200068827, -1.237923141158518, 0.6639890389946181]], [[-0.3139654463718369, -1.1302584408641427, 0.3922142798502337], [-0.22109629368155437, -1.049865349106149, 0.4487192528821986]], [[0.08995077643663452, -1.3235684275448476, 0.46907506945377797], [0.2256013363132936, -1.202836595794949, 0.4139738288755479]], [[-0.23883172037031075, -1.1479777974466088, 0.37229039482444115], [-0.0534826676085669, -0.9764259252557892, 0.26620616794575724]], [[0.009886023990149262, -1.3088612686331416, 0.4278031716292401], [0.2641378449284455, -1.052055856618454, 0.211398299403174]], [[-0.17882694232156937, -1.2439851078512285, 0.23206471794226058], [-0.01890338923076129, -0.9236259911517721, 0.20855198089951577]], [[0.00031514844618341087, -1.3314232084537747, 0.24598674581848057], [0.36258130490052953, -0.7410883317544361, 0.3579930054731506]], [[-0.06271340528298741, -1.2301909541607634, -0.2496190356536907]], [[0.13694149054643678, -1.2637378469283902, -0.10810057450286603]], [[-0.05560269121166872, -1.344061348935713, -0.5947061371419937]], [[0.26666376736030095, -1.2525628931439234, -0.6117760499374412]], [[-0.09932177078963533, -1.1661502221089202, 0.7284385976215417], [0.1281175783831845, -1.0018795316158557, 0.7437365731355445]], [[-0.08339177899459593, -1.1418650303375744, 0.7110019948265066], [0.057742209384018195, -1.1355193552626743, 0.692421034559578]], [[-0.08925589693769298, -1.2877041581525015, 0.23902573188037057], [0.17183895783488412, -0.8323571614531041, 0.2832724931863332]]]}