{"bodyId": "h0", "timestamp": 1609488761202000000, "continuousState": [[[1.42604589871181, -2.80473854757645, 1.69753131829218], [-1.13867949267045, -2.33001540420462, 1.88733596350958], [0.3646773644971468, -0.8306462316838428, 0.7024119294387119]], [[0.18724539848170374, -0.9279005359587962, 0.8168329237277001], [0.12315656238985073, -0.85536979295297, 0.8322910176139839], [0.35382823100361493, -0.7433485958414325, 0.8107019080368278]], [[0.37725009751595695, -0.9467081349236124, 0.8106427665189571], [0.2796876720593464, -0.8685212918697174, 0.8495607938292811], [0.49687589391544273, -0.7945883860145762, 0.8197210144624849]], [[0.07053280075462576, -1.063275813044015, 0.59184545147976], [0.07617402645707849, -0.9698737309511518, 0.6267106665505298], [0.20772647424165602, -0.9464857579761645, 0.6623982889313715]], [[0.49587397082497253, -1.1046917848552815, 0.6476441244361628], [0.34789366817599543, -1.0475024362135454, 0.7249704233557204], [0.5016304398806593, -1.019740783122283, 0.6086825026891496]], [[-0.6702771725185965, -0.42453974331224975, -0.1565408991204551], [0.11361283636575403, -0.8590691601967737, 0.187554420392547], [1.66027482299516, 1.38843386113612, 1.58287607042858]], [[0.5168964868764423, -1.02513240420742, 0.25441271151639167], [0.2468085240919511, -1.1277480086021676, 0.6072529308589993], [0.5264132505672052, -1.0013230264220552, 0.30764593662129913]], [[1.42604589871181, -2.80473854757645, 1.69753131829218], [0.1678827146347388, -0.8007430272770917, 0.050416595660355945], [0.20190612673691266, -0.8063230041403098, 0.12976340031248457]], [[0.4686584130225665, -1.170574023612492, 0.4096438429826077], [-1.13867949267045, -2.33001540420462, 1.88733596350958], [0.35930527206838736, -0.8778172549668397, 0.11540453748343205]], [[0.14878478776326376, -1.1912881400835116, 0.07129375431966789], [0.10962780179843312, -1.1528798687642465, 0.1618248603374799], [1.66027482299516, 1.38843386113612, 1.58287607042858]], [[0.3732573112036077, -1.159987466448512, 0.09995577947621315], [0.2446111269339153, -1.2135672138093918, 0.209786410709506], [0.3949170897514913, -0.8861933174419951, 0.11705213832548056]], [[0.025923384460313725, -1.1351597737387467, -0.37554778246788767], [0.08715744890826849, -1.169297037725451, -0.2725847454390222]], [[0.359766560613618, -1.145013886328404, -0.2418072128949451], [0.2598802819669075, -1.1906628167600337, -0.17681510574788262]], [[-0.0005983914019183079, -1.2277225547437, -0.7693629796249852], [0.018633936670774176, -1.295834276346178, -0.5877740084946204]], [[0.2675244918981263, -1.1005310536229818, -0.7946586219534473], [0.28066533552849937, -1.227475581656294, -0.6368839389789205]], [[0.2764151644728099, -1.0684718202166488, 0.6100252523362562], [0.17207362545871285, -1.0448223816829254, 0.7169314494154622], [0.38404718180202924, -0.9244873228746555, 0.6498235978465197]], [[0.28320338578979914, -1.0839837989496481, 0.6197447879579614], [0.21203384731653696, -1.0086880835823486, 0.6758405449531251], [0.35467845706115764, -0.9831132705492237, 0.6355403958102606]], [[0.26102104948343574, -1.1756378032660117, 0.08562476689794052], [0.1771194643661742, -1.1832235412868193, 0.18580563552349294], [1.0275959563733257, 0.2511202718470624, 0.8499641043770303]]]}