{"bodyId": "h0", "timestamp": 1609488765624000000, "continuousState": [[[-0.9305705529342094, -0.5174355554408767, 0.0045163173859594785], [-1.13867949267045, -2.33001540420462, 1.88733596350958], [0.10545000686980499, -1.5490086376546848, 0.8206865568492392]], [[0.06394636881718418, -1.748903437015691, 0.7835036883774851], [-0.10403087527558474, -1.5460761351385062, 0.9211436767117351], [-0.12269777292086559, -1.8170936273930682, 0.8431224914127025]], [[0.18314370804323254, -1.7218065034438566, 0.795081334898724], [-0.017377762252062334, -1.633452601890319, 1.0095431257324494], [0.21339774877897022, -1.5509275961072542, 0.9053703720795043]], [[-0.06530700715028281, -1.8497943359168203, 0.5947938179074339], [-0.17464069792312364, -1.6982754696022675, 0.736922408020996], [-0.10765101678025313, -1.7045742981829732, 0.7063672948126347]], [[0.2942967701826913, -1.7687614061276582, 0.5927013373082892], [0.1531609997860126, -1.6916675794226606, 0.8017119823265135], [0.27480119667308567, -1.6758123564355758, 0.6858831489747912]], [[-0.13097108180142691, -1.8455915737490922, 0.24781949895136202], [-0.22240376610803736, -1.7642871807726455, 0.4831049831101948], [-0.1714974104346756, -1.705889296993722, 0.45088630099506966]], [[0.39652543321414147, -1.7649426381958868, 0.29767763614187737], [-0.017714580512574685, -1.6720797083861398, 0.8427951546360577], [0.2931129188984798, -1.6535543111066247, 0.41252296550046585]], [[0.08226009406457346, -1.8988233000851955, 0.2483656248278756], [-0.22473303924890375, -1.7108069750414436, 0.1758489764970952], [-0.23552375743113885, -1.6349527724043007, 0.2049334869494508]], [[0.3797983064148127, -1.6778567839961207, 0.09063764685709597], [-1.13867949267045, -2.33001540420462, 1.88733596350958], [0.24475300949291245, -1.6215930884065788, 0.11159046397576478]], [[0.12372659759478899, -1.8792945588272951, 0.04791932269215238], [-0.1227329373529924, -1.8163342217679206, 0.4001209977177067], [-0.1037066222827363, -1.6205765167800086, 0.15705655236969696]], [[0.27188812117507655, -1.7765793369039, 0.07242950062067988], [0.005302759418825298, -1.8315583708058396, 0.41634812361459383], [0.1698563271018909, -1.5481376065861316, 0.19681473237108404]], [[0.03649849269009109, -1.7784529306123023, -0.40908962915221125], [-0.08865249995957614, -1.7661820665485488, 0.05185392815007828]], [[0.2501251119215977, -1.6515862545792428, -0.2676435772394974], [-0.13653682871103423, -1.780808118745571, 0.21290411637867357]], [[0.08710004692614692, -1.7674284211152256, -0.826486968258681], [0.08163735023731244, -1.8503635522304709, -0.5361596046798685]], [[0.22105945526023452, -1.513834081783157, -0.7653215391353017], [-0.06291841616862737, -1.773728018767706, -0.0024612626419835415]], [[0.15142046711854418, -1.8295970673848423, 0.6290704545064119], [-0.045538839138330456, -1.705294641936894, 0.7912319174579707], [0.1616009240187879, -1.5494130968994146, 0.7362622058140318]], [[0.11449488151620424, -1.8092778710222392, 0.5937475776078616], [-0.010739849068555518, -1.694971524512464, 0.7693171951737547], [0.08357508994641627, -1.6901933273092746, 0.696125221893713]], [[0.19780735938493277, -1.8279369478655976, 0.06017441165641613], [-0.05871508896708355, -1.8239462962868802, 0.40823456066615027], [0.033074852409577304, -1.58435706168307, 0.1769356423703905]]]}