{"bodyId": "h0", "timestamp": 1609488767232000000, "continuousState": [[[1.42604589871181, -2.80473854757645, 1.69753131829218], [-1.13867949267045, -2.33001540420462, 1.88733596350958], [0.28951732124180873, -1.2382619787378009, 0.8168696140998462]], [[0.2503552633372679, -1.504485699199954, 0.8659394659110622], [0.07701670191526255, -1.30737710689873, 0.9308274542104087], [1.66027482299516, 1.38843386113612, 1.58287607042858]], [[0.3627765951806434, -1.398012437200606, 0.8221402489593479], [-1.13867949267045, -2.33001540420462, 1.88733596350958], [0.39031416651950246, -1.2874816804544171, 0.864778893299158]], [[0.10787977551994099, -1.5821987369289268, 0.622387970154846], [0.014759897181133352, -1.4434733169912484, 0.7281143493866999], [0.14958682051875916, -1.3908581138321177, 0.7234913778997227]], [[0.4501582837499063, -1.452618250984535, 0.5952973071366152], [0.2709890460550495, -1.4344481859977185, 0.7941141437098675], [0.40042504555570035, -1.41467438682451, 0.6157790592335124]], [[-0.001802771644628276, -1.5838723046469227, 0.31020260372781583], [-0.06041501606890676, -1.5226911943602044, 0.49419208623764854], [0.03569266455562037, -1.3916442090259085, 0.4689310349180893]], [[0.4955669956206583, -1.4517721074428565, 0.2674604551181041], [0.15082809693098276, -1.5447279610764877, 0.6729341910469004], [0.42894488297171085, -1.404514399923585, 0.31108584960639263]], [[0.03316922988595916, -1.55536635060398, 0.11841274156796722], [-0.1000015852919478, -1.4644360584157816, 0.19118352035362984], [-0.1635039625344572, -1.4892477178252412, 0.14758800722573762]], [[0.4155536475014572, -1.4202512242986713, 0.21899801068622415], [-1.13867949267045, -2.33001540420462, 1.88733596350958], [0.29495017580119365, -1.3040664069319239, 0.12469703664735965]], [[0.21373730013466163, -1.623853143567447, 0.12515154960426877], [-0.06891902365502789, -1.5694629708410717, 0.40539755180896186], [0.017792705055564406, -1.3445724411245672, 0.16896116474864487]], [[0.3675526433450784, -1.5281477120573403, 0.09549752468017636], [0.08646017795879346, -1.5792220610985837, 0.3662881947660215], [0.3102519122687093, -1.1960477647876993, 0.20090250936707976]], [[0.029171298286943204, -1.4529174524945196, -0.36956816982787855], [-0.05000487324287417, -1.468177026135121, -0.08113096805608566]], [[0.2879338290839695, -1.4869691408255385, -0.3302792462909332], [0.24526646277623154, -1.5196575307488231, -0.2667503171333754]], [[-0.03953646860713311, -1.5224686963610372, -0.816590853601278], [0.00429035964241975, -1.6227261822272594, -0.5779157771743046]], [[0.2050547184191016, -1.4796343090137483, -0.8060307337259485], [0.20144086410848105, -1.616141999056581, -0.576839642044735]], [[0.3005771197489995, -1.5386969809341944, 0.6308580292923809], [0.1233608834726938, -1.4485012250559426, 0.7804989408881067], [0.34144586977179125, -1.2967186964295423, 0.7222695770868608]], [[0.27901902963492364, -1.5174084939567307, 0.6088426386457306], [0.14287447161809141, -1.4389607514944833, 0.7611142465482837], [0.27500593303722976, -1.4027662503283138, 0.6696352185666176]], [[0.29064497173987003, -1.5760004278123936, 0.11032453714222257], [0.008770577151882786, -1.5743425159698277, 0.38584287328749167], [0.16402230866213685, -1.2703101029561332, 0.1849318370578623]]]}