{"bodyId": "h0", "timestamp": 1609488775004000000, "continuousState": [[[1.42604589871181, -2.80473854757645, 1.69753131829218], [-1.13867949267045, -2.33001540420462, 1.88733596350958], [0.12693671017187924, -1.5506748553923564, 0.8191784708262202]], [[0.11250222102000174, -1.7699941853964147, 0.7933287405828915], [-1.13867949267045, -2.33001540420462, 1.88733596350958], [-0.11646231175880506, -1.8280675338152474, 0.8404684550468002]], [[0.1982417246074062, -1.7316193471775456, 0.7977350667576828], [-1.13867949267045, -2.33001540420462, 1.88733596350958], [0.20516895599467744, -1.6313781346986322, 0.8752844026988906]], [[-0.05221429330829097, -1.8347696312997526, 0.5931378232319477], [-0.13545219735409253, -1.6431375413067237, 0.6876065042022417], [-0.07407927033929629, -1.6426341859958202, 0.7137078895576427]], [[0.279281504351667, -1.7667887534064008, 0.5726911107137145], [0.14473846802242463, -1.7022226157996716, 0.7915409063262446], [0.2600238965703976, -1.685841533762292, 0.6828058702821682]], [[0.027583057589802618, -1.9017210458079117, 0.4543133993720032], [-0.21890493370183295, -1.706606431812355, 0.4436211597232893], [-0.17243205404102757, -1.6367727905280476, 0.45206554334090043]], [[0.3755359102299034, -1.7435343560545533, 0.268875247584633], [-1.13867949267045, -2.33001540420462, 1.88733596350958], [0.26088917480998663, -1.6670843130343123, 0.361895405983373]], [[1.42604589871181, -2.80473854757645, 1.69753131829218], [-0.22155886414243797, -1.66998459025222, 0.22176107263789557], [-0.22629287410345822, -1.612259318858345, 0.18939998010827175]], [[0.3675269219087067, -1.6427270831460699, 0.02578475915532019], [-1.13867949267045, -2.33001540420462, 1.88733596350958], [0.24624120921063808, -1.6152149312180444, 0.09097996526807917]], [[0.10197042027059866, -1.8500623013512791, 0.06809267536277774], [-0.13297983595385876, -1.7685460871058427, 0.34363131770712463], [-0.12196024838639463, -1.6074717422577023, 0.16134335459307114]], [[0.2216575021406122, -1.7390714083111076, 0.0641774251486158], [-0.019534789384065165, -1.8106523437601594, 0.37425632655670804], [0.07833449904344958, -1.6327391432225593, 0.15281443487544832]], [[0.00841554889554641, -1.7459310978950446, -0.3983421828074236], [-0.03773752348430648, -1.7440892939332415, -0.1368886274886214]], [[0.21516069759333867, -1.6497217356624962, -0.2963298616569956], [-0.18107734523919983, -1.719915979930499, 0.21226838329664255]], [[0.04039759437793533, -1.7639013076240317, -0.839163835888251], [0.05257942536689475, -1.8549599207817435, -0.5766460456372953]], [[0.17955874732331778, -1.501537925974905, -0.7852843596922978], [-0.04903368202234981, -1.734634979493158, -0.13769827906624998]], [[0.09315860673483489, -1.790575841793122, 0.5846137537057687], [-0.03932168716421636, -1.6979197762563403, 0.774988010184797], [0.13309959077307743, -1.6047666132379614, 0.7200177673933077]], [[0.11353360552168801, -1.8007791923530767, 0.5829144669728311], [0.004643135334166049, -1.6726800785531977, 0.7395737052642432], [0.09297231311555065, -1.6642378598790561, 0.6982568799199055]], [[0.16181396120560543, -1.7945668548311935, 0.06613505025569677], [-0.07625731266896196, -1.7895992154330012, 0.35894382213191633], [-0.021812874671472526, -1.620105442740131, 0.15707889473425973]]]}