{"bodyId": "h0", "timestamp": 1609488888301000000, "continuousState": [[[1.42604589871181, -2.80473854757645, 1.69753131829218], [-1.13867949267045, -2.33001540420462, 1.88733596350958], [0.2487415261418997, -1.379370057932249, 0.7856324863181428]], [[0.17791452882385772, -1.5835852306589646, 0.8019068054307406], [-1.13867949267045, -2.33001540420462, 1.88733596350958], [0.17172647061181046, -1.3836759514340182, 0.8642971758976801]], [[0.28855205927098404, -1.519085684792974, 0.7902560979861726], [0.10515761481244867, -1.455143123807854, 0.9835450412687194], [0.3494922489255414, -1.3783325333228644, 0.8683844263382166]], [[0.03173423621849114, -1.6469895897115168, 0.6136869278149344], [-0.09428509097335303, -1.5175570192773702, 0.7450604169749422], [0.024339997391736423, -1.4802804690340836, 0.7176195207393463]], [[0.39786139887641014, -1.6187297160534484, 0.6041385327274511], [0.23188476045904038, -1.5571135281048545, 0.7909850006392236], [0.36230664618232455, -1.490241651556934, 0.660901693769179]], [[0.08981140779365293, -1.7361478344378387, 0.4117915794740832], [-0.15676581505991982, -1.5222093547573925, 0.4306595515702667], [-0.11256955628300047, -1.5053651587702037, 0.45458593173023765]], [[0.4424357452690859, -1.6244299804944726, 0.2621139606348477], [0.0613543328667272, -1.636514459397443, 0.7092242820377954], [0.357515654424857, -1.5861176704881066, 0.33033891473931787]], [[1.42604589871181, -2.80473854757645, 1.69753131829218], [-0.18925373877983565, -1.507858581092266, 0.1784761057569102], [-0.21499119704330094, -1.518930343695973, 0.1803894118927798]], [[0.407064595673972, -1.5667399317339001, -0.04656462294347974], [-1.13867949267045, -2.33001540420462, 1.88733596350958], [0.27436304404104006, -1.569166161930313, 0.054462172605918235]], [[0.15903517700258685, -1.7314982427282342, 0.10879239504954197], [-0.019224829367678664, -1.5628844719352157, 0.21021610302800564], [-0.03156499641191424, -1.442249080970996, 0.17955243445468527]], [[0.3470980963345396, -1.7224755312529392, 0.12988590409318101], [0.06495942339828886, -1.685506375879009, 0.2841069271075036], [0.20065486037417446, -1.493348525441764, 0.14129786868294913]], [[0.21415704705784688, -1.6883590390932854, -0.04095682563066516], [-0.07076158328581461, -1.5159452858948168, -0.09452224221256689]], [[0.2102207672575096, -1.613863301265965, -0.37323060192680124], [0.1908627873301385, -1.6547053398399512, -0.2379962229675876]], [[0.16463417376147715, -1.6277905905183145, -0.5888774910986612], [-0.015621986810196109, -1.5154215297399334, -0.629829621984187]], [[0.15928590859006442, -1.6322683228124035, -0.7445302104710083], [0.11869962395486366, -1.7105611855108307, -0.5310379902091278]], [[0.21364584609183956, -1.6347022818764683, 0.6133031996223957], [0.03475782580088649, -1.5578289185132377, 0.7986898223863359], [0.22179888206612208, -1.4365203913974283, 0.6983601985688852]], [[0.21479781754745064, -1.6328596528824826, 0.6089127302711927], [0.06879983474284368, -1.5373352736911123, 0.7680227088070829], [0.1933233217870305, -1.485261060295509, 0.6892606072542626]], [[0.2530666366685632, -1.7269868869905867, 0.11933914957136149], [0.0228672970153051, -1.6241954239071124, 0.24716151506775463], [0.08454493198113011, -1.46779880320638, 0.1604251515688172]]]}