{"bodyId": "h0", "timestamp": 1609488895470000000, "continuousState": [[[1.42604589871181, -2.80473854757645, 1.69753131829218], [0.1719477189679035, -1.1568966866617485, 0.7778906265165253]], [[0.062094943069191055, -1.3585894708229995, 0.8588720656653668], [0.10363367401141144, -1.0792155139079294, 0.8684375459016196]], [[0.14629065175772515, -1.295521889033473, 0.8078005001531088], [0.229645326078167, -1.1514766380545631, 0.8718743023246971]], [[-0.14013489568893145, -1.3913043538834275, 0.6330649909635053], [-0.08057425170914079, -1.1944148535858776, 0.7163485737378099]], [[0.20086846987330098, -1.4570846694230972, 0.6181487805087322], [0.24154403287218384, -1.305275051527673, 0.6908532043615787]], [[-0.035921869764824255, -1.5112545163191693, 0.5062372403367645], [-0.19991859812071944, -1.2586056693736916, 0.4205348834337619]], [[0.281262455924429, -1.4653446900461418, 0.2903308863179048], [0.2444767342101677, -1.3367736799562107, 0.39156790966934074]], [[1.42604589871181, -2.80473854757645, 1.69753131829218], [-0.22618031381280734, -1.2062335485597693, 0.173277293078975]], [[0.27820661742731145, -1.330309343369843, -0.01512247719344817], [0.19820977592222833, -1.363268936760122, 0.09662997697699183]], [[0.026418397994074194, -1.4735965377028588, 0.08203462038290654], [-0.06285936618605725, -1.1505164430723458, 0.1935687912299131]], [[0.17675703353625072, -1.463518989591829, 0.11336190178784888], [0.20001695205415482, -1.160113155095219, 0.21702023884592725]], [[-0.024085053442614468, -1.3729514405329186, -0.3839729080974301]], [[0.21321602172972365, -1.337061515004964, -0.34556017412774365]], [[-0.02262189154524674, -1.3679744770106659, -0.7770896806332246]], [[0.23728932143432457, -1.429813574828381, -0.832106703136184]], [[0.06461678299374518, -1.4439490922827911, 0.6384528247702368], [0.11268731213221206, -1.1911135544732345, 0.718485461635777]], [[0.030366787092184766, -1.4241945116532624, 0.6256068857361188], [0.08048489058152153, -1.2498449525567752, 0.7036008890496943]], [[0.10158771576516246, -1.468557763647344, 0.09769826108537771], [0.06857879293404878, -1.1553147990837824, 0.20529451503792018]]]}