{"bodyId": "h0", "timestamp": 1609488898552000000, "continuousState": [[[-1.13867949267045, -2.33001540420462, 1.88733596350958], [0.30659774968180264, -0.7971921964948132, 0.695577764343617]], [[0.08543198806224428, -0.8275933572871599, 0.8292674497913548], [1.66027482299516, 1.38843386113612, 1.58287607042858]], [[0.22820565966757356, -0.8431115784069665, 0.8513816742449589], [0.4703353927684022, -0.7618759983404997, 0.8222360675518223]], [[0.0633568385941432, -0.8996059862386308, 0.5979809757312398], [0.19301425679028594, -0.8590860359940657, 0.6944610029186911]], [[0.3353241689759503, -1.0010207426022264, 0.7116684887260047], [0.47374427707971334, -1.017648081876715, 0.5990595821079054]], [[0.01688104686912073, -0.9479277095348135, 0.3210617485947793], [0.43137934131479705, -0.42788279736183044, 0.6137172775016464]], [[0.2515714862956011, -1.125747626728895, 0.5428038027242006], [0.5081906734508606, -0.9177062479996247, 0.3167168778414835]], [[-0.023456596070410285, -1.0096835044787456, 0.486377807804965], [0.1495966262063202, -0.7868986400738911, 0.13117891623404154]], [[-1.13867949267045, -2.33001540420462, 1.88733596350958], [0.3778011677188835, -0.809386775280418, 0.074306132495088]], [[0.10426062904951561, -1.0882602946744893, 0.15434838700490894], [0.25193259339863316, -0.6922213108490347, 0.2310700430246697]], [[0.18487297346418785, -1.201625032196072, 0.2543914719863878], [0.3905806026597476, -0.7697437976765291, 0.1704821066594533]], [[0.0379299607403929, -1.1266015143841372, -0.19831254001649246]], [[0.2835374253040459, -1.1105090580807553, -0.24274940487840468]], [[0.11828753871035769, -1.2785832825233727, -0.6080473390454315]], [[0.1488536580184201, -1.2281476945098815, -0.43021151332463514]], [[0.18668188410510178, -0.9820376510898992, 0.6769033534669435], [0.3464433372403566, -0.921417325683278, 0.6404351226919323]], [[0.19934050378504675, -0.9503133644204286, 0.6548247322286223], [0.33337926693499964, -0.9383670589353904, 0.6467602925132983]], [[0.14456680125685173, -1.1449426634352806, 0.20436992949564836], [0.3212565980291904, -0.7309825542627819, 0.2007760748420615]]]}