{"bodyId": "h0", "timestamp": 1609488922605000000, "continuousState": [[[1.42604589871181, -2.80473854757645, 1.69753131829218], [0.16116477703156296, -1.7964086184347439, 0.8454329658999373]], [[1.42604589871181, -2.80473854757645, 1.69753131829218], [-0.19707331470607192, -2.3770546852937224, 0.8027979892759645]], [[0.26170338122921133, -2.004679092715201, 0.7931257845179538], [0.22487855323612904, -1.8679732886565725, 0.8972543167681961]], [[0.021456721170141746, -2.1237450455122797, 0.6206573072032371], [-0.06271321267843022, -1.916365700669954, 0.7351600912559044]], [[0.34426947757271353, -2.092917999154757, 0.5798657623483452], [0.2704856983683388, -1.9356630017566636, 0.7064993139491595]], [[1.42604589871181, -2.80473854757645, 1.69753131829218], [-0.1959419422334534, -1.9842014963935921, 0.466062039317678]], [[0.4356078512416919, -2.070280729899954, 0.2605128312528775], [0.30685573732473137, -1.989929926197569, 0.4071370950542681]], [[1.42604589871181, -2.80473854757645, 1.69753131829218], [-0.1408788354329209, -1.8499965488294845, 0.2627683392661959]], [[0.3413213699722111, -1.9845349642903025, -0.020317425778552778], [0.18230625137046919, -1.9330498166803882, 0.1952225120065123]], [[0.2092996671335703, -2.1759704066469796, 0.15766728928024376], [-0.06301839139280663, -1.8620717195387442, 0.19869931831878662]], [[0.30877670734073237, -2.0742732283631264, 0.04560933189223704], [0.18105332566867882, -1.8202086625617295, 0.20327039413962034]], [[0.15964385642769918, -2.1183438456829373, -0.08366215998037463]], [[0.27680888590063235, -2.037502145375433, -0.33581971063117666]], [[-0.03523795218503456, -2.05706256501246, -0.8220646478721005]], [[0.2497898171217645, -2.034866257623843, -0.8344977870107456]], [[0.20379528883046505, -2.121940087371797, 0.6239283343703115], [0.10799841737845117, -1.9120538689166706, 0.7192077394802645]], [[0.18286309937142764, -2.1083315223335184, 0.6002615347757911], [0.10388624284495429, -1.9260143512133088, 0.720829702602532]], [[0.25903818723715133, -2.125121817505053, 0.1016383105862404], [0.0590174671379361, -1.8411401910502367, 0.20098485622920348]]]}