{"bodyId": "h0", "timestamp": 1609488948065000000, "continuousState": [[[-0.8311982809831484, -0.604420265914386, 0.09389220512889196]], [[-0.8852197657456353, -0.49827218518132455, 0.061251926291012726]], [[-0.841578536225636, -0.6674040608908705, 0.12735723401259458]], [[-0.8320500134536801, -0.49548963562396997, 0.008262425722692424]], [[-0.8481021490549188, -0.6749296722368614, 0.03765255924710065]], [[-0.7762371816125353, -0.45227857082919654, -0.10722265363713568]], [[-0.8161772719516454, -0.7232775108142491, -0.03457535046063143]], [[1.42604589871181, -2.80473854757645, 1.69753131829218]], [[1.42604589871181, -2.80473854757645, 1.69753131829218]], [[-0.7868054164175562, -0.5382669140652834, -0.2373413746627029]], [[-0.8521917406378636, -0.5791443147691535, -0.2494474039684711]], [[-0.8464388114026156, -0.5097862910698452, -0.4362101223124193]], [[-0.8740744850491426, -0.5698100403022237, -0.4419293749459636]], [[-0.6830657393247188, -0.655078800446971, -0.47886172244231817]], [[-0.7127316408803266, -0.6399093221495122, -0.4980636102303093]], [[-0.8237608089170843, -0.597016280760716, 0.03207269927813039]], [[-0.8400760812542994, -0.5852096539304157, 0.022957492484896536]], [[-0.8194985785277099, -0.5587056144172184, -0.243394389315587]]]}