{"bodyId": "h0", "timestamp": 1609488965686000000, "continuousState": [[[-0.8410080716925452, -0.5773469723292342, 0.08848410526861628], [8.56681630928015, -1.137784405772711, 0.5533527217337681]], [[1.42604589871181, -2.80473854757645, 1.69753131829218], [8.58687862492815, -1.2586168794002293, 0.5672433756271991]], [[-0.8484227192404843, -0.6123414705816232, 0.09546602732460618], [-1.13867949267045, -2.33001540420462, 1.88733596350958]], [[1.42604589871181, -2.80473854757645, 1.69753131829218], [8.160127900128138, -1.391428384173788, 0.4968377649701332]], [[-0.870522053475445, -0.5784551287134043, -0.022912820612094986], [8.307400343637013, -1.2348417625496169, 0.4914558701313272]], [[1.42604589871181, -2.80473854757645, 1.69753131829218], [8.546349559173903, -1.3377669306644553, 0.2280068622468443]], [[-0.8645167596487762, -0.6233924517470961, -0.09366423218014042], [8.956738285077403, -1.0705154852036443, 0.28119093735620826]], [[1.42604589871181, -2.80473854757645, 1.69753131829218], [8.746971445637758, -1.1434021628820312, 0.17957159825784874]], [[-0.8509055447305212, -0.6154325237891212, -0.10899820871939037], [8.921161823415527, -1.005668952311339, 0.20017866945403995]], [[-0.7443159715604641, -0.5680752858058395, -0.20942582328585946], [8.498315880566075, -1.2969273903916847, 0.09395093670819499]], [[-0.7793492908126682, -0.5921547677712946, -0.21337113429339727], [8.723465838554691, -1.1475669924088083, 0.11868908495182495]], [[-0.8130849044011452, -0.5629805694391012, -0.40484836711173955], [8.028607150689034, -1.1025907489621025, 0.07398915677554552]], [[-0.8182267266762906, -0.632559703631776, -0.36961870562655963], [8.142562227794041, -1.0427977983984087, 0.12186529936299362]], [[-0.7646572227465691, -0.571231394368684, -0.5189383586381808], [8.266780262329764, -1.208914488581676, -0.25645545531402814]], [[-0.7981410827740583, -0.5576238023678162, -0.5520440975963943], [8.045078795929133, -1.0615204099364857, -0.16016882380501407]], [[-0.7887989493561229, -0.5929399457124176, 0.03567258178896404], [8.029894562597985, -1.333787938347137, 0.5143904356140045]], [[0.27776192261818256, -1.6915968381449271, 0.8373092488400425], [8.233764121882576, -1.3131350733617024, 0.4941468175507302]], [[-0.7618326311865662, -0.5801150267885671, -0.21139847878962836], [8.610890859560383, -1.2222471914002466, 0.10632001083000997]]]}