{"bodyId": "h0", "timestamp": 1609488022526000000, "continuousState": [[[1.42604589871181, -2.80473854757645, 1.69753131829218], [-1.13867949267045, -2.33001540420462, 1.88733596350958], [0.17088499754057684, -1.28630901831556, 0.881063158934666]], [[1.42604589871181, -2.80473854757645, 1.69753131829218], [-0.127939212480088, -1.2751861962750772, 0.9236003078316579], [0.04044378898529288, -1.323244577741364, 0.9335848571410177]], [[0.12874165871996923, -1.495994408576157, 0.8242372990341897], [-0.03000012271138397, -1.4051007135541416, 0.982587131301444], [0.21567677576401967, -1.3497693325732187, 0.909617438798433]], [[-0.1283481663970243, -1.4935763976508822, 0.6340142925758983], [-0.19727903962002402, -1.3136053433124038, 0.6679382031051275], [-0.0857362582065051, -1.3234350713583014, 0.7258035897515767]], [[0.16218861169539212, -1.5369327177779841, 0.6023302304939486], [0.05814607461001331, -1.499169730124612, 0.7910307338301668], [0.20774890045376115, -1.464221608919792, 0.6899847491979183]], [[-0.19330338365999444, -1.519232552522997, 0.34924964947986226], [-0.2942476811182769, -1.442358059118729, 0.4318488071065463], [-0.18990575245981178, -1.3365885755996159, 0.4584240519094005]], [[0.2882299273216644, -1.5808030652495235, 0.3446026978796002], [0.16089214549434816, -1.5302843359825942, 0.4852988655206216], [0.25212578913837436, -1.4455931816497105, 0.42414511108649156]], [[-0.28115912674858734, -1.458311210650358, -0.0049753166259327575], [-0.2768828428761487, -1.4459283727877343, 0.11665405427921915], [0.4292710963976494, -0.3841775113161696, 0.6975602958102612]], [[0.2467545633958914, -1.3636450356950058, 0.1150381717000688], [-1.13867949267045, -2.33001540420462, 1.88733596350958], [0.1840579236645843, -1.3455077832499434, 0.19583968222922876]], [[0.06490249566367723, -1.6294774936490937, 0.15792881353132793], [-0.1674362322490639, -1.4812282601204942, 0.2500055821022291], [0.3053577149430584, -0.741470919084483, 0.49241300125231935]], [[0.11326734811486738, -1.522836476903109, 0.003204954824838513], [0.11518904829592014, -1.5335257549203805, 0.09801132307736915], [0.18081652711350737, -1.2518638078991442, 0.2497982579765683]], [[0.1774342967527225, -1.586563150263823, -0.1615785434381174], [-0.01508074197555187, -1.3830345116358196, -0.22480093016668468]], [[0.09426853607850161, -1.631758840449965, -0.39549400695098647], [0.08987291303364886, -1.6456353421467955, -0.25000402962219503]], [[0.06905259798379992, -1.3795734535187898, -0.6468112819427365], [0.009603222476090911, -1.4095012823303583, -0.5582394942937092]], [[-0.05440019927453821, -1.7829028022010507, -0.8200222022699], [-0.03389495186827407, -1.851570464724751, -0.4977824753757998]], [[-0.01966148403661694, -1.485875631990488, 0.5953842046043656], [-0.09337172460570176, -1.4390684113093355, 0.7677448620340923], [0.08658209648291759, -1.3601092239089947, 0.7137057408345888]], [[0.016920222649183914, -1.5152545577144332, 0.6181722615349234], [-0.06956648250500536, -1.406387536718508, 0.7294844684676471], [0.06100632112362803, -1.3938283401390468, 0.7078941694747475]], [[0.0890849218892723, -1.5761569852761013, 0.08056688417808322], [-0.02612359197657188, -1.5073770075204374, 0.17400845258979913], [0.2430871210282829, -0.9966673634918136, 0.3711056296144438]]]}