{"bodyId": "h0", "timestamp": 1609488145940000000, "continuousState": [[[0.17362642642409676, -1.5643113436252145, 0.8036774471502488]], [[0.1406423721559542, -1.4809263266091548, 0.916611183532684]], [[0.2728514702619078, -1.557307519200625, 0.8907794845048678]], [[-0.016449161955088387, -1.6737479422188464, 0.7246020314402262]], [[0.27979157780147057, -1.7173692623479306, 0.6832643069304578]], [[-0.13178087181590903, -1.7122962835231812, 0.4852067983985666]], [[0.29729808204975927, -1.8266421726415818, 0.3603043533749193]], [[-0.10079367373480785, -1.6112445610509445, 0.23576570945894715]], [[0.24146691886132543, -1.5950317363697282, 0.19450634441120962]], [[-0.01856569017753107, -1.5840495165173547, 0.179343543483671]], [[0.16284004418898146, -1.6327384475015463, 0.1597106569011777]], [], [], [], [], [[0.1633998005689763, -1.6353557396617178, 0.710787612985416]], [[0.1316712079231911, -1.6955586022833886, 0.703933169185342]], [[0.0721371770057252, -1.6083939820094506, 0.16952710019242434]]]}