{"bodyId": "h0", "timestamp": 1609488147749000000, "continuousState": [[[-0.8851030876015493, -0.5343573302197395, -0.17920102638834345], [-1.13867949267045, -2.33001540420462, 1.88733596350958]], [[0.14747138881741262, -1.775394220552239, 0.803285914527992], [-1.13867949267045, -2.33001540420462, 1.88733596350958]], [[0.2443718257238856, -1.7350212353120738, 0.7957684340693265], [0.05921104513317399, -1.6336846041432103, 0.9917560076228544]], [[-0.04088342983099147, -1.845867744040138, 0.5821661378194758], [-0.13354197025220316, -1.7216113106898214, 0.7682408383814736]], [[0.33139549818470315, -1.8027397970330046, 0.5924702162833555], [0.18365119285652054, -1.7202290869753067, 0.814585839411959]], [[-0.03827747428106987, -1.909067920926781, 0.32249627033790884], [-0.19120444294870653, -1.7652521185006371, 0.42026078454119253]], [[0.43173062408227914, -1.7988266073558907, 0.2712256012565679], [0.08879774498760429, -1.825490491535965, 0.7237105472428869]], [[0.15573631558332246, -1.9246608997695474, 0.37230306604440355], [-1.13867949267045, -2.33001540420462, 1.88733596350958]], [[0.43142531789813376, -1.795990815130303, 0.277337152363478], [-1.13867949267045, -2.33001540420462, 1.88733596350958]], [[0.1670511738594027, -1.9258511929775397, 0.11157983106233038], [-0.10600736715691994, -1.8249511748683105, 0.3450846726579573]], [[0.28965153350340134, -1.833367827428282, 0.08401835227194043], [0.08482955437633444, -1.8539807039516454, 0.3148723314317998]], [[0.07030828667900502, -1.807577807076047, -0.3656929572423142], [-0.029107417596425655, -1.7745467782246054, 0.014171692730249985]], [[0.28590992887405187, -1.7219757671052363, -0.22396583964578531], [-0.20121430803464913, -1.7644935949175, 0.49284332499025596]], [[0.09606173723734224, -1.8142853419044114, -0.8254294158177996], [0.11124660578717682, -1.8933689178448951, -0.5910441875945418]], [[0.2406015281118512, -1.5700688457685168, -0.7701698843285547], [-0.04965323735867844, -1.7802485542343982, 0.03033064555819842]], [[0.18300485565479696, -1.844542038632793, 0.5985263285396152], [-0.015084882152550438, -1.7365235105927987, 0.8065750829257661]], [[0.14525603417685584, -1.8243037705365714, 0.5873181770514156], [0.02505461130215869, -1.7209201988325642, 0.7914133388967163]], [[0.22835135368140203, -1.879609510202911, 0.09779909166713541], [-0.010588906390292752, -1.839465939409978, 0.32997850204487855]]]}