{"bodyId": "h0", "timestamp": 1609488210394000000, "continuousState": [[[1.42604589871181, -2.80473854757645, 1.69753131829218], [-1.13867949267045, -2.33001540420462, 1.88733596350958], [0.28740462766983654, -1.3161407487784147, 0.8600416161313706]], [[1.42604589871181, -2.80473854757645, 1.69753131829218], [0.022592071180706164, -1.433032270233812, 0.9352642803348088], [0.14958543901273402, -1.4565976961863045, 0.8937301377196778]], [[0.31949188302624343, -1.5986583665933845, 0.8212153973779239], [-1.13867949267045, -2.33001540420462, 1.88733596350958], [0.3339356368905917, -1.4373916073577078, 0.8716717300242305]], [[0.02591694374211384, -1.6949522329450097, 0.5943705908689509], [-0.09218880056644596, -1.5989084727038794, 0.7836324086710122], [0.046454234302748754, -1.5437371859541382, 0.6978078268038568]], [[0.41043908546091223, -1.6323301874542138, 0.5945887950130393], [-1.13867949267045, -2.33001540420462, 1.88733596350958], [0.4194750248257806, -1.4316860454132736, 0.6888812947314871]], [[-0.01766697358238445, -1.7608156501198702, 0.2718781178608618], [-0.1178585921131774, -1.6727085401555404, 0.4678907339263547], [-0.04614977122223474, -1.566258736839766, 0.45679264473075176]], [[0.5241782223040434, -1.6857551843819167, 0.28275372750917493], [0.10638606906782555, -1.5513303801120624, 0.8337724181919983], [0.408457482855614, -1.5736725079758287, 0.3701471872991138]], [[0.0999640252265861, -1.7232309653377165, 0.18292878857572492], [-0.11903830368774315, -1.5897600523824886, 0.21141505016543016], [-0.12145160021650425, -1.5408981523708212, 0.18954856944047083]], [[0.5032921364372911, -1.6173444610560421, -0.023637085493505516], [-1.13867949267045, -2.33001540420462, 1.88733596350958], [0.3558076989405057, -1.591222973153206, 0.06423813815830925]], [[1.42604589871181, -2.80473854757645, 1.69753131829218], [-0.01842857796304953, -1.708361033119264, 0.35217923671626195], [0.04834944690898424, -1.4612635674294807, 0.2135844389847792]], [[0.35597777922068774, -1.762002103336712, 0.07444985119649172], [0.11865258241767362, -1.778237931797065, 0.35946579921592026], [0.2566668636635667, -1.4783057112946298, 0.17659866138499147]], [[0.3152012683679981, -1.7761889825124642, -0.021836354968278293], [-0.04807618489420684, -1.5565035149463993, 0.008628048262921961]], [[0.2735571672097745, -1.7691564618535982, -0.34657225145570925], [0.2327623017977516, -1.7716738117887605, -0.18708671353112205]], [[1.42604589871181, -2.80473854757645, 1.69753131829218], [0.027975438767577243, -1.584489410919237, -0.5780362333712035]], [[0.22791171141854139, -1.813783612796132, -0.7729409682785988], [0.18151544369095718, -1.897393417396478, -0.5543959169832202]], [[0.22408377059899176, -1.6681702753932155, 0.5952397299742891], [0.07304157028681635, -1.5916444511317853, 0.7977396081682377], [0.288809350397756, -1.4081826654573686, 0.7069506369113769]], [[0.21817801460151304, -1.6636412101996116, 0.5944796929409951], [-0.615434146618448, -1.9644619384542497, 1.3354841860902962], [0.23296462956426467, -1.4877116156837058, 0.6933445607676719]], [[0.8910118389662489, -2.283370325456581, 0.8859905847443359], [0.05011200222731205, -1.7432994824581645, 0.3558225179660911], [0.15250815528627548, -1.4697846393620553, 0.19509155018488533]]]}