{"bodyId": "h0", "timestamp": 1609488212605000000, "continuousState": [[[-0.8110440457647443, -0.5232699845876541, -0.2794129337462232], [-1.13867949267045, -2.33001540420462, 1.88733596350958], [0.31677086473912985, -1.6313453078097304, 0.8199521955587206]], [[1.42604589871181, -2.80473854757645, 1.69753131829218], [-1.13867949267045, -2.33001540420462, 1.88733596350958], [0.22013659682138154, -1.648419866097484, 0.8900479707115634]], [[0.31893450738341445, -1.838369492919434, 0.7859048699460609], [0.17684960842035147, -1.7097064458773241, 0.9801307426805628], [1.66027482299516, 1.38843386113612, 1.58287607042858]], [[0.06370330095479693, -1.9211883063599586, 0.6254471897893494], [-0.06537244433287404, -1.7562969771529955, 0.7717663503648773], [-0.011022915035653558, -1.7616078459294764, 0.7317683668001496]], [[0.38723967284334004, -1.8942796047883825, 0.5847367222109794], [0.23608273278384795, -1.8050724024097609, 0.8144949027996957], [0.3370699111699791, -1.7857751787833316, 0.6623316266209072]], [[0.09679602275493293, -1.9890560867195186, 0.49464503729646325], [-0.13955697530664302, -1.8067016125908286, 0.48849862221374507], [-0.09867647544633895, -1.7649445130515686, 0.45536546752688345]], [[0.48400903120198, -1.8969458837517985, 0.27109014790526653], [0.07289438328355091, -1.8901366820981613, 0.743490956866043], [0.3917775379973556, -1.7624904968392887, 0.3980331178018066]], [[1.42604589871181, -2.80473854757645, 1.69753131829218], [-0.14974836420818471, -1.7597604736605204, 0.21012314653627806], [-0.18122536063259043, -1.7065113315169487, 0.2037262474684789]], [[0.44840143339270533, -1.7634943448256246, -0.0555292003303367], [-1.13867949267045, -2.33001540420462, 1.88733596350958], [0.34839429278574463, -1.7651268557475859, 0.11718751162992835]], [[0.19022942634053797, -1.9739080699215548, 0.09931789817511505], [-0.06279916703289357, -1.8565361921976118, 0.32305985558346406], [-0.005821414553011994, -1.718541198599078, 0.20902415041923095]], [[0.30626345016036916, -1.885641230715565, 0.0274807425419501], [0.054162407319988226, -1.9259432680392299, 0.3617787523658982], [0.23074244536227706, -1.698067299822, 0.18471531974564837]], [[0.11661141906243966, -1.915902743209781, -0.19825120803646845], [-0.011223127078323625, -1.8743943853474476, -0.130616291135494]], [[0.3150601233090138, -1.8655369941846816, -0.34439043325920515], [0.21756162160578763, -1.8994679970386195, -0.1135471383959803]], [[-0.008847232747735134, -1.8981905802601298, -0.7644823796707017], [-0.0284994746276932, -1.953143506626127, -0.5337330602269901]], [[0.3065785432719781, -1.8648340427470238, -0.8076893055120069], [0.28174267154138244, -1.9823451379161507, -0.5466984723807815]], [[0.2606512741849236, -1.9355879960269076, 0.6381827908245243], [0.033721435977442704, -1.7919268716560275, 0.8236356693338283], [0.20035685335954345, -1.7001662610373374, 0.7011850748959878]], [[0.22547148689906849, -1.9077339555741706, 0.6050919560001644], [0.08535514422548696, -1.7806846897813782, 0.7931306265822865], [0.16302349806716276, -1.7736915123564039, 0.6970499967105284]], [[0.24824643825045356, -1.92977465031856, 0.06339932035853257], [-0.00431837985645267, -1.891239730118421, 0.3424193039746811], [0.11246051540463253, -1.708304249210539, 0.19686973508243966]]]}