{"bodyId": "h0", "timestamp": 1609488266942000000, "continuousState": [[[0.20753469034223482, -0.9475978593532448, 0.7909177570986898]], [[1.66027482299516, 1.38843386113612, 1.58287607042858]], [[0.3299691796747375, -0.9470120965963404, 0.887117262190926]], [[0.02938349629012471, -1.0428334275216369, 0.6896386013395401]], [[0.3026048905700487, -1.2318503251462687, 0.6478543276043507]], [[-0.11442527407192027, -0.9820185690035026, 0.4522300158959174]], [[0.36040459890118126, -1.2167005748191289, 0.3657754722626656]], [[0.41290102049217126, -0.14074703001775601, 0.708435684211317]], [[0.258868527842514, -1.05669054277082, 0.18750917864114625]], [[0.43555960795212667, -0.47796244674566957, 0.4981774097150482]], [[0.25335162192438454, -1.0824782262417243, 0.16327753873437145]], [], [], [], [], [[0.16856750697406486, -1.1489094291967659, 0.6551671299317587]], [[0.1659941934300867, -1.1373418763339527, 0.6687464644719454]], [[0.3444556149382556, -0.7802203364936969, 0.3307274742247098]]]}