{"bodyId": "h0", "timestamp": 1609488299504000000, "continuousState": [[[0.2028694668012856, -1.8398428475718944, 0.7108607642030518], [-1.13867949267045, -2.33001540420462, 1.88733596350958], [0.20627776308572132, -1.674713450893564, 0.864104551820833]], [[0.2132869902683694, -2.0336052758902268, 0.8227189029746328], [-0.07374329907892618, -1.770349369719657, 0.986322517000497], [0.11301315959317648, -1.7229858768884296, 0.9285028328185962]], [[0.26358152750256614, -1.9550776363153783, 0.7795466474713683], [-1.13867949267045, -2.33001540420462, 1.88733596350958], [0.2799362790222155, -1.7391706917477325, 0.9138118136221585]], [[0.013029167213822967, -2.074802811924538, 0.627634493269263], [-0.17281491741202348, -1.9071233478735037, 0.8035268424493136], [-0.05587807433445646, -1.8538575978363108, 0.7412435278259424]], [[0.3307435699753176, -2.013337114534308, 0.5433288121106443], [0.17575033261605033, -1.937035604315547, 0.8109610688872704], [0.2757504814894214, -1.885281827684956, 0.6664358333740488]], [[0.03504942186654714, -2.1318540872566096, 0.5074210830299979], [-0.20511823635826176, -1.9378078312152947, 0.4694380455614209], [-0.17642801389332075, -1.898080301214868, 0.4821522132976046]], [[0.38179889574686965, -2.004423110076191, 0.21629251501964997], [0.03505999148518879, -2.0221241478037526, 0.7152512614068778], [0.2582086724375732, -1.8992615727537605, 0.37948506302588014]], [[1.42604589871181, -2.80473854757645, 1.69753131829218], [-0.23545801175922354, -1.9043739184140018, 0.20330493597708843], [-0.2923376401089366, -1.8948181032363547, 0.22606002012154458]], [[0.3377735828580919, -1.8882841660287413, -0.1051280300803159], [-0.046275782567576806, -2.031522947105141, 0.6344604936637097], [0.23177779022877987, -1.8535628722199267, 0.11920583317530609]], [[0.1596861437910544, -2.1477513320219286, 0.2051464532995242], [-0.20227150216056722, -1.9927210505459945, 0.44187300190291046], [-0.1288376813429304, -1.8393985355788984, 0.2168780963565784]], [[0.27639201703331495, -2.0599272974336027, 0.1386061800744478], [-0.07120424311958917, -2.0517866948204055, 0.4046472843684128], [0.06292346923010395, -1.911059890471752, 0.14727851288340776]], [[0.24760338601285525, -2.0952357407045294, 0.15659854062594092], [-0.19211456322360654, -1.897224666522304, -0.06497148370706007]], [[0.2855222563918951, -2.0018778719437353, -0.06577731258888808], [0.08402480525976519, -2.0140610713105183, -0.13148385886181835]], [[-0.15861072811012145, -1.9528535786115673, -0.7627125100726823], [-0.20098862573740606, -1.994264978558639, -0.5385095281358192]], [[0.08326087748867517, -1.984344631015631, -0.8080319746097445], [0.054695338386829384, -2.0726287344942036, -0.525188024808777]], [[0.2066618132142446, -2.072787827218195, 0.6245140491692911], [-0.04379837258351893, -1.9302533203245003, 0.8444612186643177], [0.13358611843981305, -1.8305688060087326, 0.7293926062876384]], [[0.1718863685945703, -2.044069963229423, 0.5854816526899537], [0.0014677076020134239, -1.9220794760945252, 0.807243955668292], [0.10993620357748246, -1.8695697127606334, 0.7038396805999956]], [[0.21803908041218467, -2.1038393147277654, 0.171876316686986], [-0.1367378726400782, -2.0222538726832, 0.4232601431356616], [-0.03295710605641322, -1.8752292130253252, 0.18207830461999308]]]}