{"bodyId": "h0", "timestamp": 1609488333004000000, "continuousState": [[[1.42604589871181, -2.80473854757645, 1.69753131829218], [-1.13867949267045, -2.33001540420462, 1.88733596350958], [0.1342344923341252, -1.2986156221575642, 0.8893345583085026]], [[0.028551537518137104, -1.5967610681543245, 0.8103509052538951], [-1.13867949267045, -2.33001540420462, 1.88733596350958], [-0.35101611635591645, -2.0071191496311, 0.7932361546743669]], [[0.13903976587276712, -1.5758664391737764, 0.8360666036588598], [-0.07023469779625158, -1.4923325243224437, 1.0045310465056911], [0.19377741712944285, -1.3982404888799003, 0.9262892716799624]], [[-0.12452380807716046, -1.676732331097048, 0.6171635088323575], [-0.22769656106886094, -1.5420815260367415, 0.7398365015098445], [-0.08797502911464283, -1.4985110377321735, 0.7459105692262378]], [[0.2371712447865999, -1.6031743663619662, 0.6034435564818266], [0.09919868168415502, -1.5097322759395324, 0.7871239311167784], [0.2538934791335705, -1.4136644326108998, 0.6959560902680193]], [[-0.16378458781049088, -1.7065713635384623, 0.31072295428111296], [-0.27393596277042354, -1.6134584963269991, 0.45213656627673715], [-0.2490482989453071, -1.6092952844861708, 0.4481351698329721]], [[0.3053171388660987, -1.5959799971524724, 0.29003710037052444], [-0.021115835768548363, -1.6426210136415609, 0.6819074245239083], [0.23045038370482596, -1.5105159218101147, 0.3870960222994104]], [[-0.06108807003057248, -1.7161980200826683, 0.15681281652959966], [-0.2958614622269393, -1.5655164042368817, 0.16342090734065984], [-0.2772013181972903, -1.5008386599928283, 0.22096505450211823]], [[0.26861992594422057, -1.460054503274785, -0.024620408505220404], [-1.13867949267045, -2.33001540420462, 1.88733596350958], [0.17558517478931446, -1.4363872311657164, 0.09491383515054586]], [[-0.0024701474533228573, -1.7205567162417506, 0.06604161213095994], [-0.1942811959354307, -1.6534253183150245, 0.33492277686754224], [1.66027482299516, 1.38843386113612, 1.58287607042858]], [[0.1779815279182435, -1.6201126280705451, 0.06879691027363433], [-0.028431873412033903, -1.680169446595134, 0.3305260163086039], [0.08613138302073375, -1.4285653335901032, 0.19575898894706234]], [[-0.09837379911635669, -1.654074365096341, -0.33203827486373294], [-0.11056916993054045, -1.6523978482372403, -0.18557710250968618]], [[0.18118198081781856, -1.5690655016821227, -0.34760057704199276], [0.05422001503881213, -1.6356381184838735, -0.026730745006940282]], [[-0.09869507113481957, -1.6740050489784184, -0.764585872399616], [-0.1231168447231128, -1.7233555017787487, -0.5791131266089939]], [[0.17586767197276654, -1.5509005888560488, -0.8292152968316018], [0.1749432080079112, -1.6487639560797147, -0.5526186977535814]], [[0.08759797618618026, -1.6573573286580179, 0.6251125717297825], [-0.0893075830805039, -1.5556317044029602, 0.7924880127962777], [0.1047683551290719, -1.460196738616379, 0.7330671083940532]], [[0.05632371835471972, -1.639953348729507, 0.610303532657092], [-0.06424893969235296, -1.525906900988137, 0.7634802163133114], [0.08295922500946384, -1.4560877351715367, 0.7209333297471285]], [[0.08775569023246033, -1.6703346721561478, 0.06741926120229713], [-0.1113565346737323, -1.6667973824550792, 0.33272439658807307], [0.8732031030079469, -0.020065736226991593, 0.8893175296878212]]]}