{"bodyId": "h0", "timestamp": 1609488378365000000, "continuousState": [[[1.42604589871181, -2.80473854757645, 1.69753131829218], [0.43790897133508633, -0.6981638092940514, 0.787432582503061]], [[0.24233782079765076, -0.9174021943293686, 0.876171469014325], [0.412881303914826, -0.642330933055244, 0.8791595488436872]], [[0.3870966646813898, -0.8486807412093065, 0.8236637861678733], [0.49457177849954914, -0.7990269209902365, 0.8183753876757041]], [[-0.0024207234823030443, -0.8394434637806256, 0.5545288178079271], [0.3034093082045657, -0.8014467290207095, 0.754661882200085]], [[0.48110343589630056, -0.9550840447339723, 0.6307652089072218], [0.5172180090350282, -0.9231850063431495, 0.6026654156479245]], [[0.01701641022013245, -1.0104421498668548, 0.3406634898657446], [0.07675648225393839, -0.9679699372788608, 0.45129492721954634]], [[0.5917092492353635, -1.018961316394541, 0.3506880473184528], [0.5522443853514032, -0.9467966057380295, 0.3267686319378229]], [[0.23768470727934798, -1.1047555496239831, 0.4117439599648298], [0.19617320108075575, -0.7738018172088592, 0.300133454570485]], [[0.4683951260694591, -1.0146542938430505, 0.3888521286199824], [0.3581834711277654, -0.8165517753880545, 0.17992412583894213]], [[0.17528650542054325, -1.077954279018231, 0.09528064620943377], [0.2582311558803687, -0.7062890068563321, 0.19402355331925158]], [[0.3820229445768246, -1.0242801797784247, 0.10110914159280449], [0.36734753888649285, -0.819776029843164, 0.10759259291877399]], [[0.13673004327320992, -1.0328957432154027, -0.3350467276319651]], [[0.4878258629961245, -1.217065044024659, -0.02903043227819002]], [[0.10472102674690698, -1.0767172840663513, -0.7514671685131582]], [[0.30040749985592496, -0.966194679929766, -0.7787659543174121]], [[0.2987085321924392, -0.9738817682445864, 0.6453119626397277], [0.4264187447515786, -0.8312384628337899, 0.6868663108741586]], [[0.23934135620699876, -0.897263754257299, 0.5926470133575744], [0.41031365861979696, -0.8623158676819295, 0.6786636489240048]], [[0.27865472499868393, -1.051117229398328, 0.09819489390111913], [0.3127893473834308, -0.7630325183497481, 0.1508080731190128]]]}