{"bodyId": "h0", "timestamp": 1609488392502000000, "continuousState": [[[0.3400829791624862, -1.1205431921863913, 0.8228575564342036], [-1.13867949267045, -2.33001540420462, 1.88733596350958], [0.38600765760973554, -0.9451546864315186, 0.8187763001237496]], [[0.21261726135581038, -1.1994511629619402, 0.8679403121016795], [0.06636498692303383, -0.9614432720931083, 0.8922338739593076], [0.2570213267712518, -0.9917551039167181, 0.8833322076678294]], [[0.314994355105504, -1.165269008194736, 0.8326209671075369], [0.16369108239571828, -1.0850107909247808, 0.9256703886607185], [0.4225691789990422, -1.0351450924741177, 0.8754324653971854]], [[-0.0020362309083210572, -1.18302569248491, 0.6506034680481643], [-0.048929791995881655, -1.0469426055314583, 0.6803286201568566], [0.07953188326701088, -1.058234423651401, 0.714194261445545]], [[0.36506556878654217, -1.2662307204310168, 0.6386701294159087], [0.2353521441953732, -1.198461314111535, 0.7435548897488], [0.39537216249877205, -1.1997531530390626, 0.6318728422844007]], [[0.012486700507987836, -1.2593330707050958, 0.45842013058976194], [-0.12797524214138534, -1.0752312827057797, 0.392976142574778], [-0.041892525359638944, -1.0296197609903395, 0.43739821480221375]], [[0.4648217261910288, -1.288164887155411, 0.3304646603299852], [0.33562607374211617, -1.2639794068246126, 0.47145904241308556], [0.4309449815558415, -1.2153677575196302, 0.36120814520725086]], [[1.42604589871181, -2.80473854757645, 1.69753131829218], [-0.05056447362661709, -1.1399668224086594, 0.4206246357664154], [0.1138358765395191, -0.9642133362339433, 0.26888066783053577]], [[0.45232338532505345, -1.247786948373684, 0.42387398934661547], [0.12003007789122355, -1.2601188514308124, 0.5238693944584698], [0.33496510658528034, -0.996453458538306, 0.2268396304232072]], [[0.09464746104245769, -1.228419268066553, 0.06705091789129347], [-0.01200021445368682, -1.1819898243428408, 0.23713130483928935], [0.13987094238957543, -0.942745065187327, 0.21834089366581066]], [[0.3148996447856147, -1.2582851344995594, 0.13512234600836504], [0.16835166415773473, -1.279321566833893, 0.23290085282046702], [0.3211276979500963, -1.035842475504923, 0.1837977922904095]], [[0.08615346720980077, -1.1931423990332437, -0.2486979190846086], [0.04322626834726773, -1.153309996785339, -0.2551681222489579]], [[0.2843335400395983, -1.2390592939490783, -0.2714348203472121], [0.24523738659010408, -1.2704328707714279, -0.1804683511711631]], [[0.025072257384982644, -1.1514159875582648, -0.7710971188515137], [0.009161442430814182, -1.227648461545352, -0.6316361403665005]], [[0.2500829816654462, -1.2364036473006792, -0.7617877645139015], [0.25614256777385913, -1.3565021848218022, -0.5926608873184045]], [[0.218322555515718, -1.2691793270811937, 0.6766194247064821], [0.08526760814843648, -1.121824547453597, 0.7291160647394008], [0.28631056901461016, -1.0521748068631613, 0.6916837623901608]], [[0.18151466893911056, -1.2246282064579634, 0.6446367987320365], [0.09321117609974577, -1.1227019598214967, 0.7119417549528283], [0.23745202288289147, -1.1289937883452317, 0.6730335518649728]], [[0.2047735529140362, -1.2433522012830562, 0.10108663194982925], [0.07817572485202395, -1.230655695588367, 0.23501607882987818], [0.23049932016983588, -0.989293770346125, 0.20106934297811008]]]}