{"bodyId": "h0", "timestamp": 1609488439402000000, "continuousState": [[[0.2803892206022893, -0.9734863525251622, 0.8027115382523791], [-1.13867949267045, -2.33001540420462, 1.88733596350958], [0.3402834709456475, -0.865512401688523, 0.7934356502860316]], [[1.42604589871181, -2.80473854757645, 1.69753131829218], [0.03988324054901604, -0.8103176091016058, 0.840366470512357], [0.21804356408855674, -0.866163414055277, 0.8704440253261212]], [[0.23726270540926264, -1.0514188348565927, 0.8367381537716299], [-1.13867949267045, -2.33001540420462, 1.88733596350958], [0.3883555790049724, -0.9146448554887632, 0.8543972373088804]], [[-0.08105088531579785, -1.0400511364002825, 0.6233296559276142], [-0.108141684295185, -0.9442798538804578, 0.6641874650663653], [0.07612780034965683, -0.8998889255061928, 0.7039732275402784]], [[0.3245055266660517, -1.170764377449423, 0.6561565183751128], [0.18846683315065094, -1.0753753973803641, 0.7287063571855221], [0.36543956378823084, -1.0244889570732496, 0.6662228348748678]], [[-0.11159471393157361, -1.093035432182731, 0.38667519974339126], [-0.17865466691204235, -0.9585833832335928, 0.349509389144562], [1.66027482299516, 1.38843386113612, 1.58287607042858]], [[0.4066877717213895, -1.1571852241714957, 0.3151290298206699], [0.32888468947061344, -1.104029355515784, 0.4124919444296249], [0.41816239714384706, -1.0661628068841948, 0.36567836556596367]], [[0.12460030121770527, -1.1970972544445746, 0.49175764167112357], [-0.08672233840840238, -1.0072478751561542, 0.40527192757088937], [0.4115583887293288, -0.24772722388025836, 0.6024649639798484]], [[0.38056805361334334, -1.0972473241523466, 0.43374899744129314], [0.08009062958679203, -1.1455796013492323, 0.5589268272220351], [0.2749513850014549, -0.9006810787387372, 0.2566608350367279]], [[0.04038587859480658, -1.0998722618537518, 0.11370742592747551], [-0.035915188045684276, -1.0633284458339223, 0.1932492262100527], [0.4149186263027267, -0.38342232365456774, 0.4672182106620597]], [[0.27060480096370254, -1.1205290058830197, 0.13902395416253022], [0.1417578295446158, -1.1334229908095679, 0.20235696364731082], [0.3215317367066417, -0.8554797322916241, 0.20434296081200287]], [[0.028492839000808345, -1.0698584056768399, -0.20207050961568185], [0.006693240071973916, -1.049930364166407, -0.25224987361073037]], [[0.24784238513774248, -1.1007307059850175, -0.2529700995824691], [0.20779732821648844, -1.1271074076220262, -0.22770494021757082]], [[-0.022792680530668186, -1.05113993255187, -0.7431505207872613], [0.02695899560982995, -1.0947951034903496, -0.6978564233321709]], [[0.21084170963556814, -1.1219270831893768, -0.7244692830847734], [0.21484107492633564, -1.1878731259643618, -0.6423120406590068]], [[0.14877472738939135, -1.145107573980817, 0.6695535065537501], [0.01570721530377872, -1.0351777066119578, 0.71207639642477], [0.24093091406119171, -0.9172942884811133, 0.7019361249603218]], [[0.12172732067512693, -1.1054077569248526, 0.6397430871513635], [0.04016257442773297, -1.009827625630411, 0.6964469111259437], [0.22078368206894383, -0.9621889412897212, 0.6850980312075731]], [[0.15549533977925456, -1.1102006338683856, 0.12636569004500287], [0.05292132074946576, -1.098375718321745, 0.19780309492868176], [0.3682251815046842, -0.6194510279730959, 0.3357805857370313]]]}