{"bodyId": "h0", "timestamp": 1609488483488000000, "continuousState": [[[1.42604589871181, -2.80473854757645, 1.69753131829218], [-1.13867949267045, -2.33001540420462, 1.88733596350958], [0.25366163819543885, -0.8337056766026802, 0.7942956859707586]], [[1.42604589871181, -2.80473854757645, 1.69753131829218], [-0.03393242814233233, -0.9080933754030551, 0.8657494608608554], [0.2037959236429625, -0.7895850299098737, 0.8610227760063662]], [[0.23586714504241346, -1.0237789396041992, 0.8322265800780035], [-1.13867949267045, -2.33001540420462, 1.88733596350958], [1.66027482299516, 1.38843386113612, 1.58287607042858]], [[-0.06786899999380958, -1.1422858210343834, 0.6358396262007213], [-0.09731130488915196, -1.0161807765333608, 0.6722716845770398], [0.07313624781978745, -0.9259236784782066, 0.7136036588034558]], [[0.3236633243322258, -1.1602434382278086, 0.6422037144300352], [0.21612105443850693, -1.0768752633387844, 0.7204993037758043], [0.34876969141065817, -1.0762365076096843, 0.6560741244347355]], [[-0.05062507570429098, -1.2206299490770307, 0.4750224965248393], [-0.1717991097238828, -1.042689553311333, 0.391434941613511], [1.66027482299516, 1.38843386113612, 1.58287607042858]], [[0.3964599656205594, -1.1709879321742702, 0.3126798221449336], [0.28396363155098303, -1.1542354923530176, 0.44737376881282587], [0.3697015280162388, -1.1019963012533733, 0.3451781466919761]], [[1.42604589871181, -2.80473854757645, 1.69753131829218], [-0.14050034027107672, -0.9999636545786534, 0.6711546995638427], [0.24320467127214584, -0.6056039148752108, 0.6197747357752124]], [[0.40027234289333147, -1.042056526797025, 0.0434010696225664], [0.32235809448046093, -1.0915936016534293, 0.16972230745952444], [0.32788942250765074, -1.0569150116598942, 0.06649416231953653]], [[0.0595362023913133, -1.2048187062254618, 0.09298835241344428], [-0.02925707836174829, -1.1337687481144831, 0.23761324517118965], [0.4295629053754484, -0.38581252661464505, 0.4596902102599034]], [[0.24163317892465086, -1.1739025108388186, 0.07948082549330215], [0.12034283730043471, -1.2027757299347972, 0.27062152762483205], [0.26691425095299004, -0.9808981295089838, 0.11938448917122124]], [[0.13168226905966374, -1.109486460479046, -0.2010981792120643], [0.07568037757444657, -1.1116940587009954, -0.2411873041947057]], [[0.3914809087353788, -1.1517913327853377, -0.11558131811662165], [0.24709940617992876, -1.0774223834686265, -0.1962665795387466]], [[0.11939322443659606, -1.1260922557754682, -0.6890981384445822], [0.11785670893362221, -1.1800167600364775, -0.6133191032273835]], [[0.2645979299266099, -1.0598464847257043, -0.7638353603614658], [0.25235276189458333, -1.190559535855631, -0.5750101800105858]], [[0.16267120523604173, -1.1975791290752242, 0.6600535468215591], [0.023569074337786766, -1.0932042897871028, 0.7353404810868545], [0.23336564778889834, -0.9485080506465455, 0.6999759076591845]], [[0.1278971621692081, -1.151264629631096, 0.6390216703153783], [0.059404874774677485, -1.0465280199360727, 0.696385494176422], [0.2109529696152228, -1.0010800930439454, 0.6848388916190956]], [[0.15058469065798208, -1.1893606085321402, 0.08623458895337321], [0.04554287946934321, -1.16827223902464, 0.25411738639801085], [0.3482385781642192, -0.6833553280618144, 0.28953734971556233]]]}