{"bodyId": "h0", "timestamp": 1609488490791000000, "continuousState": [[[0.31629265589174005, -1.0913218585464095, 0.7853257306350829], [-1.13867949267045, -2.33001540420462, 1.88733596350958]], [[1.42604589871181, -2.80473854757645, 1.69753131829218], [0.08893366000145941, -0.9846932951115916, 0.8832221753764182]], [[0.30573219590467837, -1.1782378098589852, 0.8232702279187152], [0.2260341711962527, -1.0776682657506846, 0.9047693473650478]], [[0.007243290555764892, -1.2493621680069529, 0.6397801587627703], [-0.051671247057886505, -1.1299421628901007, 0.7018555701195528]], [[0.3913464778022612, -1.2776980225076162, 0.6269972582051113], [0.27040375522017124, -1.2118506470062074, 0.7386112537941354]], [[-0.008335383185895218, -1.3142887668536591, 0.41103341252651737], [-0.12214398111826763, -1.1882257677830024, 0.4039581520502282]], [[0.5021952850057434, -1.2790530486491754, 0.29527057807330603], [0.4030410537053679, -1.2195661480157645, 0.3898121180669787]], [[0.1529340868713318, -1.3410305951161754, 0.3921432216002392], [-1.13867949267045, -2.33001540420462, 1.88733596350958]], [[0.47861647734372825, -1.273447280538014, 0.4120352495485329], [0.16939875778618818, -1.285346600975911, 0.3496454460817753]], [[0.18359585052814698, -1.3594639922424872, 0.11581750128204171], [-0.005293360335823616, -1.2238851874527656, 0.2059333890903443]], [[0.2998645969720506, -1.2198284236463246, 0.0238351047790768], [0.18629663209891145, -1.3276555387084132, 0.22101600860720394]], [[0.02354654825923852, -1.1727831407617875, -0.3385737842487315], [0.01766164456577335, -1.2061927778602328, -0.21979947604066696]], [[0.2857098115669783, -1.2438548507807883, -0.33084386795184706], [0.21658235703540862, -1.32101972352133, -0.21426456577161868]], [[-0.03514372404944943, -1.1945447268483662, -0.7408829048617378], [-0.008577730254627935, -1.2230689684642992, -0.6531700452090199]], [[0.2574762925623757, -1.2316010110695603, -0.765026606970886], [0.2706527240018073, -1.3492275471896622, -0.631907190137581]], [[0.23921557020478335, -1.3017273837949237, 0.6531900320448412], [0.07232569756315788, -1.1999428131163299, 0.7503442668132962]], [[0.19929488417901303, -1.2635300952572845, 0.6333887084839408], [0.10936625408114237, -1.170896404948154, 0.7202334119568441]], [[0.24173022375009878, -1.289646207944406, 0.06982630303055926], [0.09050163588154392, -1.2757703630805894, 0.21347469884877412]]]}