{"bodyId": "h0", "timestamp": 1609488654873000000, "continuousState": [[[1.42604589871181, -2.80473854757645, 1.69753131829218], [0.23762469004134323, -0.8021130999944608, 0.8229108988878178]], [[0.013140460052649683, -0.9934795276146213, 0.8372214875775918], [0.2054587396221479, -0.7132599985805521, 0.9276959778339875]], [[0.15466463057608149, -1.0154898730292832, 0.8686043283771152], [1.66027482299516, 1.38843386113612, 1.58287607042858]], [[-0.14339534182155145, -1.0525843639026742, 0.6449363197641453], [-0.015103676218004791, -0.9055963054969798, 0.6994707566726139]], [[0.17601841054420597, -1.1153100000308942, 0.6581534326167333], [0.2629591640719626, -1.077994395924888, 0.6912794802479263]], [[-0.13226190932184112, -1.1602964105442641, 0.4323474803810565], [-0.13745412326823625, -0.989927765496472, 0.42544539257960845]], [[0.27607357750425776, -1.2016940937189948, 0.3470078072763887], [0.3015701865854097, -1.1723103662367547, 0.4006545642656667]], [[0.12212218101201233, -1.2492556613331198, 0.51477328115239], [0.005674968678870185, -0.9030775769726354, 0.27567776987475345]], [[0.25634409732840013, -1.0179802510298224, 0.19451712332871218], [0.261412651249771, -0.9046530760229494, 0.25370858188524203]], [[0.010330240310520988, -1.242700551157907, 0.13274131726836602], [0.39531768781280774, -0.439038012971553, 0.495293987050307]], [[0.1655771927343852, -1.1843611670052097, 0.12265712012215091], [0.25866355049462686, -0.9802695146478315, 0.21465902485836708]], [[-0.019146337607166775, -1.1688165842044862, -0.2892344461274685]], [[0.20391597342389756, -1.1276632681320953, -0.2915116596176104]], [[-0.03150499938822904, -1.1940696949090133, -0.7250874778443106]], [[0.2663303137197004, -1.1084703187099638, -0.7533649455672984]], [[0.03883136248109409, -1.1049232324976916, 0.6563800206010997], [0.15443483218238874, -0.9275462065857176, 0.7057248078674667]], [[0.016311534361327262, -1.083947181966784, 0.6515448761904393], [0.12392774392697892, -0.9917953507109339, 0.6953751184602701]], [[0.0879537165224531, -1.2135308590815583, 0.12769921869525847], [0.3269906191537173, -0.7096537638096923, 0.35497650595433705]]]}