{"bodyId": "h0", "timestamp": 1609488667871000000, "continuousState": [[[1.42604589871181, -2.80473854757645, 1.69753131829218], [-1.13867949267045, -2.33001540420462, 1.88733596350958], [0.2648655330224534, -1.3096343393353065, 0.8151289175115815]], [[1.42604589871181, -2.80473854757645, 1.69753131829218], [-1.13867949267045, -2.33001540420462, 1.88733596350958], [1.66027482299516, 1.38843386113612, 1.58287607042858]], [[0.2053741154230564, -1.5386090090371332, 0.8006259153129323], [0.08252924786239468, -1.422959819245837, 0.9277676825907011], [1.66027482299516, 1.38843386113612, 1.58287607042858]], [[0.009792224660443827, -1.5110055406085807, 0.7117573151178298], [-0.16648401339363383, -1.322851046132942, 0.7279093287143998], [0.014930933634924148, -1.273340472257753, 0.74149198614277]], [[0.16504304687254456, -1.6752824408834426, 0.5721928574283859], [0.0417250724773186, -1.5798083940995162, 0.7526105135814405], [0.1797477253158648, -1.5439131965238966, 0.6753081942092898]], [[1.42604589871181, -2.80473854757645, 1.69753131829218], [-0.2225746695333527, -1.309063949966995, 0.47087688694112817], [-0.0891733089896698, -1.2213434320722418, 0.49551461924741225]], [[0.1841746862971967, -1.7154854077559527, 0.23896945688630833], [0.08670664359403024, -1.6731047979173885, 0.46247839227971244], [0.16529211674819577, -1.55882212550133, 0.41018488220434857]], [[1.42604589871181, -2.80473854757645, 1.69753131829218], [-0.1717547642570254, -1.253053215503371, 0.16138202003325408], [-0.1755283443330269, -1.2361862884114654, 0.19987227214741]], [[0.2072056577636121, -1.6173753972201128, -0.057346011575892364], [0.13747281972945635, -1.64875973976684, 0.21139877285978348], [0.14570577383720673, -1.626905812970682, 0.0881888374075801]], [[0.2041730616618136, -1.5358089614218726, 0.3117929646273241], [-0.09970947224854654, -1.4036240194004315, 0.18256778557222786], [-0.030292820069850013, -1.2675606684040543, 0.2110735340088028]], [[0.21272566990921193, -1.6939083816364269, 0.30067406203544134], [-0.015269176393561512, -1.6038169816758943, 0.26065310914158424], [0.07596714055981679, -1.5008164425597184, 0.11476402140611142]], [[0.13081189487205824, -1.380899008576391, -0.1474093647401531], [-0.04173441024893143, -1.3495801290151719, -0.12103752650437749]], [[0.16290749573270102, -1.6323795001082455, -0.12494819225599829], [0.04664617722472131, -1.5685018983563823, -0.20794425822429008]], [[-0.0352384876057652, -1.1985703775955758, -0.7526220539964517], [-0.00954881761548343, -1.2966508558260297, -0.6559634127896614]], [[-0.021891140211369065, -1.5142029274395645, -0.771554904084695], [0.009105254144713193, -1.5955317355450067, -0.5911615699405823]], [[0.10340660103027322, -1.610684919731516, 0.6473292253408856], [-0.0675011472882614, -1.4682875687921944, 0.768934509123131], [0.13147995175956928, -1.3424928738680495, 0.7287309654779335]], [[0.0874176357664942, -1.5931439907460117, 0.6419750862731078], [-0.062379470458157615, -1.4513297201162292, 0.7402599211479202], [0.09733932947539448, -1.4086268343908248, 0.7084000901760299]], [[0.20844936578551276, -1.6148586715291497, 0.3062335133313827], [-0.057489324321054025, -1.5037205005381629, 0.22161044735690605], [0.02283716024498339, -1.3841885554818862, 0.1629187777074571]]]}